return_date,Group-1,Group-2,Group-3,Group-4,Group-5,Group-6,Group-7,Group-8,Group-9,Group-10,Long-Short
2016-01-04,1,1,1,1,1,1,1,1,1,1,1
2016-01-05,1.02690090053,1.00748171052,1.00674118893,1.0070940936,1.00213403744,1.00068394688,0.9969830513,0.990587830544,0.97370758839,0.971155051142,0.944254150614
2016-01-06,1.05652998724,1.04038467079,1.03286666441,1.03756439613,1.03163991234,1.02519732179,1.02237037832,1.0111354457,0.994824043039,0.987954541572,0.933343809918
2016-01-07,0.966496947541,0.947116745481,0.943455288961,0.948847002776,0.942604568023,0.932316362853,0.937590368735,0.925189624997,0.921490098175,0.92205464256,0.950622262864
2016-01-08,1.00680022845,0.979444909212,0.974910604585,0.976161613538,0.96761968675,0.965025366211,0.955258111262,0.947200753001,0.928406201139,0.928645049425,0.917775556784
2016-01-11,0.950631519152,0.915200036491,0.903454963092,0.925708280686,0.897885799043,0.907880643286,0.896578274698,0.892255718496,0.874581777481,0.884235162309,0.92508755575
2016-01-12,0.957296338364,0.924155003983,0.906097772408,0.930368671766,0.911667611022,0.922600813782,0.90137680025,0.903637021068,0.878873896291,0.896397388093,0.931325954339
2016-01-13,0.923534224455,0.892248081222,0.882266337694,0.902723241772,0.885484990315,0.900323486668,0.884468095211,0.88205891023,0.860689552019,0.880225162443,0.947369755284
2016-01-14,0.961000234571,0.920256938562,0.910232300755,0.929997713651,0.910912974609,0.918643660856,0.902465032378,0.906487392248,0.881135787798,0.908794123608,0.939685017997
2016-01-15,0.926246324341,0.882496313515,0.876174893083,0.88803236003,0.874114032902,0.873678314273,0.86378611616,0.86902735532,0.844822452578,0.881866051183,0.945824691422
2016-01-18,0.929887540019,0.889757780245,0.884126110019,0.895800833639,0.885539149722,0.881133520375,0.873188653482,0.868659751851,0.849398785809,0.888188490454,0.948887493729
2016-01-19,0.963630205014,0.925965015077,0.913992523367,0.92698149746,0.917128097037,0.91157411659,0.903232690553,0.899351411228,0.87512043654,0.914393925639,0.942451701349
2016-01-20,0.949781054846,0.910051789944,0.903524035077,0.922186608039,0.901693998689,0.902958568113,0.890057205843,0.885793592379,0.864546464262,0.902228379402,0.943457636533
2016-01-21,0.90392721706,0.868109991924,0.872757430354,0.888118065664,0.8719105693,0.874672898708,0.861685638221,0.849758371752,0.833299688586,0.87313967972,0.958588220196
2016-01-22,0.914599145967,0.877873867312,0.885819604823,0.904237145443,0.886185533686,0.889153322057,0.872122481426,0.857593396699,0.838494415959,0.887890306003,0.963465128355
2016-01-25,0.921817991663,0.883122138122,0.894356839078,0.915843494644,0.894956081514,0.896566306265,0.87946806013,0.864291205403,0.844242107994,0.897841330412,0.966658616724
2016-01-26,0.856216784157,0.813389062579,0.827684446626,0.845852931819,0.833078602757,0.822508281646,0.814007604416,0.796472438926,0.787270670962,0.83718886086,0.970149579543
2016-01-27,0.848189496314,0.812773828967,0.822054368504,0.840527826207,0.832069440991,0.82575780738,0.810165405442,0.787360339864,0.769711667205,0.82797960645,0.968573170923
2016-01-28,0.810168085521,0.773157255757,0.794283120171,0.807430462039,0.793671960358,0.792463149798,0.787048185908,0.757977407733,0.751883684514,0.805669285295,0.985892282317
2016-01-29,0.840485807384,0.797302606068,0.830466808441,0.841568591655,0.82908853314,0.821932659091,0.817176762077,0.784395747914,0.78061246889,0.834983643077,0.98487048338
2016-02-01,0.822879582881,0.784146236935,0.810961504745,0.830380224521,0.813984598641,0.808653325906,0.805151340815,0.772250315666,0.771051983826,0.819984485368,0.987809594091
2016-02-02,0.846293881407,0.808722007495,0.836822373217,0.858053602692,0.838873819546,0.833855663567,0.827276897169,0.790227713502,0.790171209799,0.833979681624,0.976561934444
2016-02-03,0.846187603315,0.809505792657,0.83404391279,0.855347945494,0.838149502934,0.833197208749,0.826927070598,0.788052261861,0.785374509868,0.828247014263,0.969971812539
2016-02-04,0.858915568316,0.82569578903,0.847685878922,0.87317989569,0.859753894891,0.848235006151,0.841024045339,0.799807953931,0.79683591205,0.837682200718,0.966431622886
2016-02-05,0.849764107018,0.815108722751,0.841382837805,0.865097698925,0.850470690476,0.839495437078,0.833250167679,0.791922787084,0.788537298006,0.839061861325,0.978320342787
2016-02-15,0.861330506677,0.814670622816,0.83866279348,0.855962350742,0.845447996485,0.835246437052,0.824253134516,0.782867354133,0.781346809756,0.837367085486,0.963028068267
2016-02-16,0.884027434235,0.844386579734,0.870288495469,0.894482424601,0.885908570961,0.870035453871,0.857015819838,0.813208710957,0.811895836131,0.860905974404,0.964722601591
2016-02-17,0.89167477477,0.859936050066,0.887060678793,0.912441770794,0.896254472782,0.881955154323,0.865388727417,0.819446904632,0.820051472245,0.860941674283,0.956417206851
2016-02-18,0.883098598507,0.858492505672,0.884007597157,0.914495332767,0.894504702686,0.878123483608,0.86719689487,0.819913067676,0.817992571761,0.86179437044,0.966563336619
2016-02-19,0.883182374476,0.854934751717,0.883567678438,0.91879969514,0.892353338348,0.877936177753,0.869021912214,0.821443816177,0.819860284329,0.862875571342,0.967684285971
2016-02-22,0.89906055744,0.87329469553,0.905702603469,0.943943582354,0.92610583173,0.900061672286,0.894919836477,0.84256220313,0.840247971498,0.886022317491,0.976245149197
2016-02-23,0.898391900707,0.865070352153,0.897390143809,0.930308842708,0.921018700776,0.892631630286,0.886049290175,0.833025512042,0.837821785817,0.874156422349,0.96389702204
2016-02-24,0.897245654356,0.873350001726,0.901722011276,0.9396036757,0.929141079654,0.904963897988,0.891580910164,0.843348964914,0.845831771865,0.87794409383,0.969303358051
2016-02-25,0.83007281834,0.795393865701,0.826552138563,0.860308260778,0.84642509277,0.830475875832,0.820142341772,0.77619593123,0.789951361454,0.838131189914,0.997914984512
2016-02-26,0.849375269522,0.809746295239,0.841740488271,0.881710324564,0.864240261928,0.840440917402,0.828913751279,0.779831734752,0.78429029147,0.830551463219,0.96568479608
2016-02-29,0.82104853612,0.776108661425,0.799970949386,0.836704044638,0.826734764448,0.79775003843,0.792714214995,0.749196573457,0.763336656326,0.815419290521,0.980296236782
2016-03-01,0.850737886429,0.789022540014,0.81382962275,0.856765225519,0.850377065633,0.816018342114,0.812485030886,0.766665494991,0.787195974316,0.83539487701,0.968863073629
2016-03-02,0.896778341189,0.84074051569,0.86016953361,0.910278636022,0.895600581923,0.85985566003,0.857212895256,0.803015653795,0.821301629545,0.864278854395,0.949928561347
2016-03-03,0.891861058262,0.839692474252,0.862549387286,0.909257898269,0.898829868004,0.862863602377,0.861996536891,0.807812506852,0.826656896176,0.863197264963,0.953948507051
2016-03-04,0.886479579573,0.832178846434,0.869476793266,0.911550874675,0.911900585308,0.86378792337,0.85513311768,0.800710585014,0.822448142347,0.843005564159,0.937390088825
2016-03-07,0.883686596134,0.836879375173,0.872685001627,0.921233487212,0.923454584913,0.877669605798,0.873232994707,0.815979801352,0.842416356394,0.865449134801,0.965299869247
2016-03-08,0.868242943617,0.834977978743,0.874469795838,0.923186513001,0.928419369993,0.873690376401,0.874314337117,0.816073189776,0.848279888377,0.865655514481,0.982400017866
2016-03-09,0.848758754074,0.814261102464,0.85477913031,0.906496004302,0.910630390844,0.84501272609,0.856843078908,0.801190421703,0.832212704245,0.850608077923,0.987369227586
2016-03-10,0.823145154881,0.792309420593,0.833504816144,0.885358600506,0.891727079759,0.82743613553,0.839678616583,0.793827231286,0.819225766253,0.84328506018,1.00866535822
2016-03-11,0.822703932255,0.794900240473,0.833048303196,0.883793005158,0.890940216024,0.826341104953,0.843696826658,0.799063416197,0.818766873827,0.842885566033,1.00872818278
2016-03-14,0.843843712688,0.817119668468,0.851509771715,0.909823640439,0.920688494513,0.84680483885,0.869719658499,0.819402601964,0.842059576749,0.867226820159,1.01193895498
2016-03-15,0.833414009474,0.808960638105,0.846655541027,0.908602102554,0.920431153983,0.847601314304,0.871254733688,0.820706691135,0.842286647955,0.871340382692,1.02924625774
2016-03-16,0.825645875114,0.805943477489,0.845802522174,0.913385772291,0.918269338765,0.845908083886,0.868993554435,0.818715425615,0.835678866536,0.861906237325,1.02769589865
2016-03-17,0.831598622279,0.817834628108,0.86067232503,0.932796674779,0.944479831567,0.87039139409,0.895509031523,0.839946446308,0.859135686649,0.883715969655,1.04629129474
2016-03-18,0.87320635808,0.849528632809,0.890560530296,0.959654277362,0.966885859177,0.885670823418,0.910537890026,0.856487432088,0.872034045135,0.889982398135,1.00136099686
2016-03-21,0.921271388309,0.892325222918,0.914493225257,0.986072506413,0.992046597268,0.905193176224,0.930941093497,0.874806706271,0.883378951319,0.900007232057,0.957521196105
2016-03-22,0.892769556175,0.886230571138,0.912066192645,0.976656237104,0.990598052113,0.896823425355,0.927064799969,0.872146451166,0.879833146926,0.899277471824,0.98636811186
2016-03-23,0.893868550252,0.890558638503,0.919914163438,0.984519493462,1.00032870791,0.902002462005,0.928393198969,0.877712872533,0.886699915288,0.899615151175,0.985524280462
2016-03-24,0.862906985564,0.864521330559,0.91128785767,0.96177479002,0.982429187665,0.888753229808,0.914329769226,0.862019864854,0.875266121228,0.88603831566,1.00478722911
2016-03-25,0.855938730564,0.867055427332,0.920786698139,0.970518771979,0.993662947242,0.894015309364,0.918803546259,0.868424854086,0.880601220859,0.893774345186,1.02167404347
2016-03-28,0.840406859295,0.8615164429,0.914601655831,0.961179854497,0.985676209093,0.884575852091,0.913644939554,0.865303145044,0.876857808438,0.889616176028,1.03546014318
2016-03-29,0.826207596916,0.8478750632,0.897623344372,0.945541703071,0.972257506195,0.868121187447,0.899515927961,0.853170325995,0.863404102977,0.880566150915,1.04242127819
2016-03-30,0.850876568456,0.882244057257,0.929731631479,0.977460006721,1.00426488897,0.893819008884,0.924433153733,0.876154207981,0.890205240447,0.90198093977,1.03664758047
2016-03-31,0.853388038028,0.879414587612,0.932685046395,0.982190400703,1.00525434515,0.897010318538,0.924365189225,0.877140901094,0.891604893341,0.906504217308,1.03878639163
2016-04-01,0.849159124956,0.883908465181,0.926308165681,0.976312058677,1.00768465931,0.894254000165,0.923938558352,0.887349115631,0.889275657777,0.908912069983,1.04669325511
2016-04-05,0.868662666928,0.900763217796,0.943279373367,0.995938289079,1.02879110579,0.917538178053,0.948670198782,0.905308960481,0.908141592162,0.92211701692,1.03785940969
2016-04-06,0.868616990958,0.909419630396,0.938497177152,0.993528697634,1.03359681798,0.916641935638,0.945013056374,0.900077779047,0.90511443907,0.922788442377,1.03866968387
2016-04-07,0.85099900194,0.885909535706,0.917464586854,0.973081951744,1.01714903938,0.897413355271,0.925867552462,0.887401060009,0.89400995117,0.913130810054,1.04886640719
2016-04-08,0.846133142412,0.877461013961,0.90897552978,0.963377546099,1.00654658261,0.88566023734,0.918120414966,0.876831644886,0.885435350888,0.908197085687,1.04919652154
2016-04-11,0.865816780216,0.902833596079,0.926327178964,0.984378722826,1.03007256996,0.904298821196,0.936728308961,0.893891860406,0.898268720575,0.917509609478,1.0355473221
2016-04-12,0.868546214517,0.895351257015,0.921257124601,0.979122585393,1.0229888559,0.89851375167,0.932998754487,0.885621917865,0.893560855644,0.919953424437,1.0350410347
2016-04-13,0.889346991455,0.911742397799,0.937195959451,0.999456554419,1.04169061985,0.911078048596,0.950161458736,0.899080193291,0.905796206521,0.933334276514,1.02530769785
2016-04-14,0.884735884971,0.914764303421,0.939064078853,1.00705321044,1.05218447035,0.917265227796,0.959922490623,0.905651341001,0.914752852566,0.940121438569,1.03807972486
2016-04-15,0.873033320361,0.908776979572,0.932630586476,1.00169494174,1.04481126252,0.913909009714,0.955856085398,0.902747809549,0.91521831399,0.939981795763,1.05165640346
2016-04-18,0.863518667759,0.893441817698,0.917677694802,0.988007612528,1.02659707091,0.899593784056,0.935427221362,0.883610859711,0.896798451163,0.926110839911,1.04759886326
2016-04-19,0.86079883547,0.896546417482,0.924391234927,0.993410623561,1.02853942576,0.9072146904,0.937631429193,0.885424611026,0.901527528613,0.929938642349,1.05522843143
2016-04-20,0.837377729763,0.864737287848,0.899522196596,0.965117988453,0.997780901789,0.873144863035,0.903977289148,0.857221773229,0.877088760308,0.909680122711,1.06095175689
2016-04-21,0.8352209307,0.850919269478,0.886702174814,0.957241861911,0.990219313928,0.869092855345,0.901591756581,0.847747513608,0.865876206654,0.902978338973,1.05586817611
2016-04-22,0.818295758872,0.852270684789,0.894160021609,0.963879042841,0.998509786413,0.875622225462,0.910776628698,0.849275421376,0.871041853771,0.909453026367,1.08483557492
2016-04-25,0.815152850311,0.850393576558,0.887417579006,0.963095295378,0.995440383247,0.873968330779,0.903873196343,0.842020683455,0.867636928686,0.90458888728,1.08320004995
2016-04-26,0.816718741727,0.853257706509,0.893320376506,0.977112379388,1.00496072983,0.879747621925,0.913422837743,0.849349129729,0.873166119332,0.912332971012,1.09039239933
2016-04-27,0.809549191923,0.844775543543,0.887589373786,0.968296873991,0.998655899349,0.87607163353,0.90804510161,0.846269303251,0.87287252185,0.910827453382,1.09816503957
2016-04-28,0.81023319217,0.847223941412,0.886903067046,0.966621205794,0.993460844827,0.873460863478,0.905279219779,0.844545600927,0.870838456706,0.906066411544,1.09149689789
2016-04-29,0.805449808367,0.849823967608,0.883937224086,0.961889784697,0.991860801616,0.877779743635,0.905422867858,0.846312238997,0.870671975571,0.903743957261,1.09514302694
2016-05-03,0.827605261971,0.87006786337,0.905570924828,0.984669568646,1.01763243185,0.898564609538,0.925340993678,0.869731512849,0.893457082059,0.924363988583,1.0900060383
2016-05-04,0.823178631897,0.871419644622,0.904574558245,0.984506616456,1.0160309914,0.901366029788,0.930028581058,0.870864139917,0.894024619576,0.919484424401,1.09008221596
2016-05-05,0.830408407856,0.870364599999,0.906947453978,0.991431876231,1.01856075183,0.903274833271,0.933637609241,0.873721848721,0.896758142833,0.92473592488,1.08673413606
2016-05-06,0.804257258603,0.836553640927,0.876977884332,0.953280733133,0.986835817093,0.871059460759,0.90069288128,0.845909930089,0.87455748094,0.900686610169,1.09269512187
2016-05-09,0.783980233868,0.810561788782,0.853863116267,0.923323932988,0.949948777819,0.841983147196,0.872263437123,0.825094953008,0.851448509601,0.872295114648,1.0858002756
2016-05-10,0.785460032195,0.81171982109,0.852577155918,0.926131683558,0.953781208689,0.843755488559,0.876221224404,0.827986378609,0.85378069181,0.869790669688,1.08063333897
2016-05-11,0.802572812522,0.820125504461,0.858214681572,0.924374856274,0.95267017492,0.845668562224,0.876031221244,0.82961789202,0.855975803333,0.875609763437,1.06431931014
2016-05-12,0.795733579884,0.818337940336,0.862460494755,0.927137673417,0.953847330766,0.847071549554,0.883377293587,0.83164892122,0.857204395456,0.87456348182,1.07211727692
2016-05-13,0.790300477874,0.810965689378,0.852837872434,0.919263678207,0.950319544523,0.846036834213,0.87899434027,0.827648646282,0.855964653311,0.873010619004,1.07753383225
2016-05-16,0.798865184852,0.816911514927,0.86434949381,0.930195115163,0.963992019604,0.850396620694,0.884319902797,0.83712478401,0.865102103909,0.87953134209,1.07390465261
2016-05-17,0.791312514898,0.813661930297,0.860028755088,0.926445246811,0.971133189949,0.849395955331,0.885708449936,0.834444540499,0.864396799072,0.877398229508,1.08145309112
2016-05-18,0.77600986689,0.799329002767,0.843042037811,0.911035058131,0.956699891012,0.835954443406,0.876573272923,0.825548122819,0.857370584642,0.869152440671,1.09220307152
2016-05-19,0.771905528667,0.796332444032,0.84108212445,0.914696852176,0.952798684173,0.836079679422,0.876424669266,0.825808537687,0.860034306015,0.872955049396,1.10275823696
2016-05-20,0.780165000125,0.801967405398,0.84580122916,0.919857936956,0.95909164906,0.843966311096,0.880338178654,0.829570011738,0.865401203643,0.878731273324,1.09825540637
2016-05-23,0.78156414879,0.806206591075,0.854905682514,0.927740606808,0.971734849183,0.848622488842,0.88568807857,0.834063040012,0.869425289837,0.882662314053,1.10119888509
2016-05-24,0.775108566103,0.797660896817,0.847823061242,0.922009465551,0.957665368968,0.838488039805,0.877281840333,0.825694058042,0.863392617804,0.879113365944,1.10586696963
2016-05-25,0.76932549607,0.790991638005,0.840818515254,0.915040108444,0.95791778046,0.836660672887,0.874661597874,0.826598025841,0.863715590967,0.878110030928,1.11285569206
2016-05-26,0.771312447352,0.795637030064,0.842383217013,0.917803507364,0.960320076783,0.839796192987,0.877910703105,0.827658306679,0.863657758898,0.878014767544,1.10986076874
2016-05-27,0.766487937278,0.796935749941,0.841922097783,0.914341679178,0.96094243612,0.840932058152,0.877481138996,0.826822339505,0.864354570624,0.87689780998,1.11539097884
2016-05-30,0.760594085932,0.793777064458,0.835430416545,0.910747131339,0.959489323813,0.837458723857,0.876071379526,0.827713304632,0.867066659002,0.874434498708,1.12083442665
2016-05-31,0.790175550999,0.833981610049,0.869697057114,0.952132630736,1.0011636523,0.87211530794,0.90685559792,0.857370123132,0.899510843842,0.90364516423,1.11468399206
2016-06-01,0.781417339666,0.835372503713,0.870129393039,0.952484034225,1.00389928556,0.873583424729,0.90983568387,0.860093214059,0.900530400129,0.901878558777,1.12485983466
2016-06-02,0.787949973598,0.83677624207,0.871736902883,0.957768619549,1.01155157887,0.877485382842,0.915062979432,0.863486429581,0.902434430479,0.9036870692,1.11771167626
2016-06-03,0.788444350018,0.838513349199,0.878308243711,0.965718193518,1.0195415698,0.885681667036,0.917501215797,0.869470882023,0.910613078453,0.911112290847,1.12619417343
2016-06-06,0.787797033517,0.832305683549,0.873721200116,0.96140393302,1.01796747643,0.884035808243,0.918604291368,0.872384898725,0.914036984257,0.90961716477,1.12527071084
2016-06-07,0.784836189084,0.831081618925,0.87164197784,0.961467489236,1.0178985364,0.886111847432,0.916399492318,0.870497124067,0.913845613701,0.909326419234,1.12914023526
2016-06-08,0.775639335133,0.829827067094,0.86480052212,0.95917695649,1.00965972189,0.888011000737,0.912668804351,0.8673236014,0.912520945035,0.905701061961,1.13786998275
2016-06-13,0.736033524558,0.794273785209,0.827768211663,0.929112349358,0.969969530976,0.854221669737,0.877192042537,0.840273782716,0.881702635742,0.870075565971,1.15121427324
2016-06-14,0.733460913054,0.796443944863,0.830860750846,0.931713682563,0.973300665903,0.854402813321,0.878161927669,0.839264960427,0.886073469142,0.871497880719,1.15711993271
2016-06-15,0.753493732576,0.813864004797,0.852818379011,0.950025460229,0.993293547784,0.871966960799,0.8932918385,0.851644839328,0.902476869979,0.879304753655,1.13588130259
2016-06-16,0.757936002649,0.803325078845,0.843751872496,0.939843639334,0.981094110772,0.864708259501,0.888020749652,0.843915489857,0.89677254698,0.872646920597,1.12058408827
2016-06-17,0.753709472612,0.808344147762,0.854340136629,0.952887019534,0.989093925806,0.87024483557,0.899649064462,0.85120415598,0.904052624083,0.876542937806,1.13183583433
2016-06-20,0.745881101783,0.810912145494,0.851924312067,0.956466171855,0.987753233094,0.872524004495,0.898602865386,0.851246544802,0.904214543285,0.877264796973,1.14452369871
2016-06-21,0.738286533633,0.802610460289,0.84666767331,0.952646185679,0.984827364541,0.867876559688,0.897186801164,0.850500619076,0.903610976271,0.875955430486,1.15446898414
2016-06-22,0.750735689871,0.818331036565,0.860660558522,0.964232220623,0.995734621379,0.877836870272,0.905415462597,0.859216554005,0.910896272901,0.88513212203,1.14709652187
2016-06-23,0.748455749923,0.814189949711,0.85713935956,0.959279378403,0.988177281639,0.876527122477,0.901042048313,0.854309855585,0.906185046298,0.881207796339,1.14549441404
2016-06-24,0.736433282152,0.803837708224,0.846647867569,0.945893609513,0.982045451118,0.863407665833,0.889540736958,0.843459916071,0.892834385985,0.86843313227,1.14728856053
2016-06-27,0.753230022872,0.823566616324,0.867543971006,0.967835190762,0.999552633753,0.875381792842,0.9094193133,0.856934879784,0.902841694228,0.877345915421,1.13289563126
2016-06-28,0.757453681463,0.828989458942,0.877982564161,0.978645541026,1.01221092878,0.882071706697,0.914331704793,0.862095312688,0.907994518607,0.879612920991,1.12947036712
2016-06-29,0.753157498798,0.827170298462,0.878618228173,0.978498243127,1.01651854903,0.885413136211,0.92396790276,0.875125408295,0.913607989375,0.885603257981,1.14356849729
2016-06-30,0.746547517308,0.82538008936,0.878879238895,0.978131656677,1.01547747251,0.88519762603,0.929203633962,0.876736163855,0.917972371579,0.891064259575,1.16065658992
2016-07-01,0.744267228174,0.82150824627,0.876194491205,0.981200542952,1.01596297977,0.881221358915,0.927562699231,0.876808309903,0.918820658674,0.891828862898,1.16519768766
2016-07-04,0.774913523978,0.851316178675,0.8940255174,0.997722941818,1.03723325184,0.898911092188,0.944128543177,0.895000868186,0.933757180935,0.908302018852,1.13874157044
2016-07-05,0.780750654791,0.855998297119,0.899561054986,1.010783603,1.04435804077,0.904965691478,0.950601057226,0.898739703498,0.937548138295,0.903925629484,1.12467716501
2016-07-06,0.776159406426,0.860590792648,0.903727099099,1.01833238399,1.04966502924,0.915636275241,0.953662874916,0.8977122803,0.947768189345,0.906153738732,1.13406313798
2016-07-07,0.775307308016,0.859978025397,0.903488439656,1.01798137756,1.04997223374,0.918138630595,0.954145771618,0.89484545851,0.947444273584,0.905719849318,1.134765139
2016-07-08,0.765300327578,0.854564848393,0.897683861929,1.0167619573,1.04870448541,0.918819436322,0.953057713588,0.89212478133,0.940573833641,0.904835594411,1.14830381096
2016-07-11,0.769991614394,0.862072138569,0.897027786407,1.02614332556,1.05435031482,0.920403441963,0.952112863949,0.893495183395,0.942537742233,0.907917697322,1.1451761332
2016-07-12,0.791617344396,0.890261803047,0.926892212912,1.05547346885,1.0833863646,0.944583632124,0.97022706993,0.911609505537,0.959769610471,0.922021923742,1.13080305916
2016-07-13,0.783811039237,0.890918230771,0.927420571232,1.06084281803,1.09507227915,0.956186506371,0.980948456615,0.921492966215,0.972759299667,0.936137248752,1.15926572211
2016-07-14,0.778296249863,0.889357770111,0.928339312571,1.05869068229,1.09366182283,0.95702223833,0.978723722118,0.921991130768,0.971342846478,0.93664355699,1.16804914718
2016-07-15,0.774244709544,0.889995235554,0.920404942037,1.06243726358,1.09229355885,0.95999070728,0.981004644296,0.920463989488,0.971071151956,0.93855124686,1.17650860643
2016-07-18,0.76833637127,0.886690206346,0.916542770914,1.0570431689,1.08941122546,0.955751784291,0.970304578201,0.91925514982,0.963980487444,0.925862531764,1.16958088806
2016-07-19,0.760296182803,0.883644147331,0.912944450799,1.05661542144,1.08878094947,0.953501220487,0.971340779885,0.924742157743,0.967384611263,0.927370034019,1.1837241924
2016-07-20,0.759217665071,0.879189636314,0.907577787459,1.05444667877,1.0866293004,0.949553024923,0.967094600198,0.922665076952,0.965419004556,0.927275678635,1.18528292553
2016-07-21,0.763193516211,0.881653617091,0.909352136886,1.06335949758,1.09046663487,0.954709608905,0.970984918825,0.925637430651,0.967808312057,0.932471230222,1.18571704043
2016-07-22,0.760078193773,0.876305743881,0.899470063582,1.0544444039,1.08317354153,0.945305287104,0.962092137616,0.916594945728,0.960116738552,0.922159768039,1.17744517795
2016-07-25,0.773608556501,0.876610560203,0.900159149965,1.05506600846,1.08187948632,0.945924504363,0.962844622879,0.916262409698,0.959446834407,0.92536602989,1.16057901474
2016-07-26,0.775541246763,0.890634623541,0.912302118159,1.07043728515,1.09828821722,0.956875637886,0.979415581653,0.929577108209,0.970253351129,0.939095552575,1.17489890809
2016-07-27,0.766200153109,0.865894334744,0.878094033022,1.05560927758,1.05616439107,0.927816931698,0.955375797988,0.908557555764,0.945984171144,0.916730886635,1.16106976065
2016-07-28,0.76691934674,0.869927508934,0.876317654077,1.06366665143,1.05963252789,0.932109906147,0.962798461145,0.91144684558,0.950055280594,0.917716018696,1.16122762483
2016-07-29,0.763496091978,0.863646043292,0.871615534826,1.05026306969,1.0540347898,0.922665121118,0.956166305592,0.906381058016,0.944586893297,0.916445275854,1.16480300283
2016-08-01,0.747198230622,0.852205333762,0.858654693748,1.04242504809,1.04565832848,0.912474340234,0.94337945121,0.898940387359,0.935943036197,0.906859131505,1.17748330488
2016-08-02,0.750273769626,0.856952939357,0.865517318233,1.04856135716,1.05307753654,0.919693571809,0.952070196858,0.903627799203,0.945852345678,0.916218493218,1.18478904649
2016-08-03,0.755200667898,0.860148816345,0.869579602203,1.05306041933,1.05599215272,0.920024079032,0.953256687853,0.904218139058,0.946630072966,0.916895400701,1.17788410197
2016-08-04,0.754488823384,0.866036435431,0.867320137793,1.05585933843,1.05916600495,0.92241192471,0.957164644338,0.907147621397,0.948914456176,0.918942807002,1.18162455167
2016-08-05,0.755171891603,0.865321641927,0.862890029887,1.05439910629,1.05493766566,0.919355859458,0.954689079257,0.908085657514,0.947006114137,0.917926832894,1.17924838833
2016-08-08,0.766719693942,0.872953822417,0.871389669488,1.07017183508,1.06431073857,0.928936581134,0.966188538371,0.926020532751,0.962778880145,0.927664888691,1.17372611964
2016-08-09,0.767788570922,0.871734561375,0.874311582015,1.08210792744,1.07996350208,0.938800640811,0.974663979071,0.933381238182,0.968567106462,0.934616421685,1.18088525172
2016-08-10,0.760688043189,0.867326292985,0.868277786244,1.07558482688,1.07979355197,0.932756948617,0.971225149335,0.930541212356,0.965214018648,0.935731570208,1.19321509486
2016-08-11,0.750527071474,0.856843171639,0.858576276268,1.06743868856,1.07292709626,0.92375159926,0.964862385361,0.925798658115,0.957998361245,0.928112823659,1.19943840988
2016-08-12,0.76446521218,0.869698157857,0.871385415496,1.08697934861,1.09630944286,0.939354407794,0.978396406194,0.940034536449,0.969582485338,0.950474324985,1.20606216415
2016-08-15,0.801695403593,0.899856038384,0.903711401156,1.11985788419,1.13262743161,0.961632632879,0.998887928897,0.965304254451,0.991979997749,0.973204994841,1.17616884983
2016-08-16,0.79691890222,0.896501499751,0.904151130404,1.12289219626,1.12564022219,0.959667643319,1.0018587412,0.970016925933,0.994460905724,0.968241797832,1.17717818237
2016-08-17,0.789444765023,0.89088829977,0.903789809468,1.1217181566,1.12412315517,0.958758125405,1.00873759908,0.972713269652,0.997620421917,0.975756212596,1.19735463887
2016-08-18,0.787408007753,0.893682493361,0.903476462129,1.11698332497,1.12892873005,0.957745319094,1.00910788684,0.971319618994,0.997475461833,0.972723776832,1.19672268339
2016-08-19,0.782832324263,0.892179644629,0.90714169021,1.11681967315,1.13029244481,0.959130327487,1.01319831225,0.971193106096,0.998399478057,0.973271257176,1.2043504775
2016-08-22,0.769527864576,0.877795703117,0.894621383673,1.10496624186,1.11935679609,0.952587286194,1.00437842338,0.96377483562,0.986457422875,0.969874616598,1.22061567001
2016-08-23,0.765624544423,0.877019004098,0.897431970734,1.10672108864,1.12208985148,0.954251426603,1.00708333773,0.965423161642,0.986822946317,0.970674598645,1.22781386949
2016-08-24,0.759871396,0.872281279099,0.896376159473,1.10350773699,1.12032651134,0.951374058254,1.00712884429,0.96398341613,0.988528113761,0.972356838446,1.23916793501
2016-08-25,0.752590085474,0.861397878172,0.884496712795,1.09546208432,1.11348608259,0.943056128204,0.998295170437,0.9591753081,0.981860577808,0.969056780231,1.24683642361
2016-08-26,0.752105939184,0.863216104184,0.883195096879,1.09909069607,1.11175801383,0.943755119648,0.999366664027,0.959816937675,0.983322061774,0.971571991107,1.25087471673
2016-08-29,0.757293460854,0.864107914505,0.885473957457,1.09772516631,1.11507576263,0.943841253387,0.999428549922,0.961990113407,0.984378579775,0.97376136914,1.24506579263
2016-08-30,0.75258579158,0.863222700729,0.888137794093,1.09884677713,1.11647310456,0.944631499998,1.00138836861,0.958502938542,0.985394435149,0.977188467322,1.25718760807
2016-08-31,0.751869124782,0.863464465196,0.890297691348,1.10240266087,1.11971321295,0.950223480858,1.00256257197,0.965277850919,0.986013755679,0.980688950519,1.26288828907
2016-09-01,0.740036989134,0.855669215108,0.878702950478,1.09207613858,1.1118400852,0.940500582999,0.995396175865,0.961830610924,0.983005793013,0.973224751577,1.27315024519
2016-09-02,0.743359169184,0.857727755752,0.884514280631,1.09442015636,1.11477552665,0.940256575162,0.996801340415,0.962841770094,0.983514478181,0.973226740447,1.26743741058
2016-09-05,0.745300545965,0.857137478643,0.884308697198,1.09532531612,1.11776219888,0.942801529328,0.997850632438,0.965850226748,0.987933920286,0.982351346062,1.2760103505
2016-09-06,0.752933157043,0.871967771051,0.895077084644,1.10279055232,1.12823359565,0.949070893773,1.00597534052,0.974774464751,0.997342046854,0.993958129448,1.2780192036
2016-09-07,0.751184837147,0.866887998143,0.891404956158,1.10137452715,1.12585260272,0.950794909205,1.00662467052,0.976804452684,0.997938298578,0.992383632703,1.27896231099
2016-09-08,0.749118749871,0.866983424745,0.888433266479,1.10134907421,1.13120928243,0.953060874169,1.00748909377,0.976824420851,0.998439081654,0.99124068468,1.28100701105
2016-09-09,0.741126950661,0.859496337879,0.879963647476,1.09028698654,1.12676549086,0.945227187582,0.999353632688,0.970196157043,0.989347003444,0.98594969472,1.2878354478
2016-09-12,0.73068098372,0.841077414038,0.860814065084,1.0700912654,1.10345162605,0.925134921045,0.978790020022,0.947186496242,0.96702338182,0.957777154258,1.2691884824
2016-09-13,0.724323147203,0.83985169926,0.857715258966,1.07062960433,1.10510889018,0.924388784357,0.980579502115,0.951791172048,0.972597130888,0.96071013219,1.28411861161
2016-09-14,0.719311957518,0.835619816428,0.852928696884,1.06301940197,1.09903550666,0.919362297378,0.973898416752,0.946196124652,0.966663138136,0.958808948414,1.29046152687
2016-09-19,0.722417818466,0.844893968927,0.857103776319,1.07734975315,1.10910607,0.925533118661,0.980620525689,0.954513262051,0.975054499768,0.967361896536,1.29640096168
2016-09-20,0.719414637952,0.845923308432,0.855674415275,1.07630108239,1.10751339911,0.923453927049,0.977819230887,0.95957249155,0.972387176443,0.963947871124,1.29721498725
2016-09-21,0.719407500574,0.846123907341,0.858430639857,1.08096391931,1.11053573568,0.92706653642,0.980968859105,0.963376709131,0.974478605423,0.967083181121,1.30144714237
2016-09-22,0.723016082774,0.850586589113,0.862546047642,1.08629559208,1.11669853455,0.933141632208,0.984608234006,0.969351275586,0.979213804776,0.971193069155,1.30044988204
2016-09-23,0.713696280971,0.845868967863,0.860288488581,1.08487107478,1.11306654124,0.930915038727,0.981846723414,0.964451675164,0.975352878295,0.967708542537,1.31254704358
2016-09-26,0.69490157658,0.827950776673,0.843689567108,1.06486595439,1.09693399632,0.912568148877,0.962309394893,0.94346119177,0.957178339111,0.951127595824,1.32462258299
2016-09-27,0.703286282399,0.834151642773,0.849736387941,1.072576255,1.1024593243,0.918255264617,0.96943865974,0.950318065551,0.963011123898,0.960183667073,1.32125191068
2016-09-28,0.699729249114,0.83240064046,0.847148294562,1.06783818786,1.09965081538,0.913795572919,0.965433696894,0.948701926965,0.959611856192,0.959031110383,1.32634848323
2016-09-29,0.700931606215,0.836000591137,0.852132091529,1.06971083813,1.10486281128,0.917938737,0.966705434848,0.95165627198,0.964237346571,0.965215646101,1.3326226627
2016-09-30,0.7022654658,0.838114345092,0.856778910542,1.07177499577,1.10660597317,0.919360221587,0.970604906229,0.955121928286,0.967034958965,0.969310412402,1.33574013624
2016-10-10,0.708791947249,0.852556321609,0.866444965526,1.09414958787,1.12232264215,0.930158103346,0.986143749674,0.972241592034,0.982637997482,0.987122767691,1.34787246238
2016-10-11,0.714010538082,0.856112427601,0.870203852701,1.09977530819,1.12923621585,0.933323800036,0.991375629033,0.975308583973,0.984938219322,0.996697775161,1.35102279101
2016-10-12,0.707621045687,0.856442795232,0.868292246856,1.09762562543,1.12544984143,0.93259845399,0.989837077128,0.977802781066,0.981953896857,0.995288916696,1.36120303223
2016-10-13,0.708197481228,0.856482667216,0.866748099848,1.10457478987,1.12802347264,0.933842418867,0.99161733191,0.982542313973,0.985950419291,0.996753281251,1.36209691445
2016-10-14,0.70955512815,0.860472100133,0.865204253026,1.10863586446,1.12424729273,0.933838157895,0.992021524504,0.982941432249,0.985182120931,0.997724150301,1.36081243768
2016-10-17,0.703819512646,0.849805671672,0.855981273062,1.09711130995,1.11946430103,0.924104715838,0.982699877884,0.975274525903,0.976810386439,0.98971281271,1.36088562872
2016-10-18,0.717599337166,0.863292129828,0.868193737571,1.11324367322,1.13853458603,0.936522100341,0.996486996285,0.991191666889,0.990969833633,1.00577639014,1.35632926149
2016-10-19,0.717049069158,0.861943357561,0.863928573887,1.10971728879,1.14308344037,0.934682153365,0.995402539303,0.991692313765,0.987607240191,1.00509661834,1.35645261987
2016-10-20,0.71635280512,0.857901840752,0.861785644595,1.106630154,1.14267997975,0.94623420591,0.995193861262,0.993812847692,0.990376793202,1.00670974049,1.35994678141
2016-10-21,0.71367682574,0.853747510039,0.86567819245,1.10776513283,1.14048488197,0.946347941278,0.996244310515,0.998894949578,0.994724831773,1.00764952362,1.36629648192
2016-10-24,0.725355548165,0.863915638015,0.878704568014,1.1234898164,1.15691801505,0.959969832352,1.01076080429,1.00887024866,1.00449745072,1.01677797438,1.3563156747
2016-10-25,0.726010064639,0.86119783487,0.876124867141,1.12360301532,1.15763345819,0.959492234113,1.012150402,1.00977594198,1.00567826447,1.02586031633,1.36720707173
2016-10-26,0.719828067053,0.856438558329,0.87368716587,1.11825526989,1.15715580697,0.954361155394,1.00748747373,1.00666600824,0.999381856212,1.02242257634,1.37426726089
2016-10-27,0.716490679729,0.850573631596,0.871607417781,1.1153207934,1.15475219232,0.95370378798,1.00761258052,1.00449921499,1.00017802303,1.02183370847,1.37984735465
2016-10-28,0.708625825598,0.843511964631,0.865852625253,1.10855386652,1.14758221549,0.949894437778,1.00583494954,1.00186438156,0.996245605612,1.0203429325,1.39298072564
2016-10-31,0.707977969568,0.841747970698,0.865435296608,1.10754042021,1.1506824943,0.947390487685,1.00149827564,1.00188857469,0.99307836548,1.01804697071,1.39111978189
2016-11-01,0.712767323866,0.847164609766,0.871300441207,1.1140836961,1.15953911815,0.953756854656,1.0071522146,1.00722576977,1.00165139998,1.02264149078,1.38798731063
2016-11-02,0.714472210735,0.836548529516,0.86713620117,1.10488667554,1.14848371535,0.948251642012,0.996127433086,0.996763609069,0.993118165284,1.01466184633,1.37383691915
2016-11-03,0.720447476995,0.842141552876,0.873784417676,1.1154601938,1.16536383557,0.956213295837,1.00318250473,1.00913743994,1.00347609064,1.02305389936,1.37370997501
2016-11-04,0.716307042037,0.839064759696,0.86923325196,1.11094539779,1.16067415764,0.952766374908,1.00165178209,1.00754533,0.9954622476,1.01897424328,1.37612675514
2016-11-07,0.715589678337,0.839210186428,0.87338562924,1.1141950881,1.16106839956,0.953605636596,1.00861261394,1.00533632904,0.99232130713,1.0220484866,1.38165668363
2016-11-08,0.713087571234,0.840923611884,0.878317195738,1.1211942908,1.16883807921,0.960247617704,1.01612712116,1.01035675521,1.00269463111,1.02637320717,1.39233411385
2016-11-09,0.715402759904,0.838788197865,0.868211257983,1.11235210261,1.15783546542,0.95020612526,1.00619298175,0.999703061257,0.992113653617,1.02290016869,1.38310223267
2016-11-10,0.723141184736,0.850024808082,0.876588986728,1.13143371457,1.17425463224,0.963330457153,1.0208736642,1.01243967596,1.00548547481,1.03513008005,1.38467791209
2016-11-11,0.738495683167,0.863454942907,0.886705594591,1.1399378564,1.18936739732,0.973587211299,1.02584580318,1.02097183292,1.01108304126,1.04657498183,1.37058663889
2016-11-14,0.749294050989,0.874299976145,0.896705417413,1.15130692249,1.19130974281,0.976236957764,1.0297335567,1.02522258583,1.0137951581,1.04510474551,1.34862035496
2016-11-15,0.744717033241,0.863956902208,0.893641179009,1.14595749966,1.18862131708,0.980997032223,1.03583213072,1.03074107711,1.02075266136,1.04806931707,1.36068385338
2016-11-16,0.743069484677,0.863175340878,0.891485602073,1.14716016801,1.18913641153,0.981463537808,1.03902478452,1.03376979616,1.02025328818,1.04809541436,1.363727996
2016-11-17,0.742743411172,0.865232665533,0.896742775249,1.15124958529,1.19093406129,0.985712464067,1.0386141861,1.03541831026,1.02108149293,1.04539305314,1.36081025285
2016-11-18,0.730394936605,0.853335262775,0.889972530378,1.13836133195,1.18128223558,0.97698516981,1.03491001839,1.03267665646,1.01560498394,1.04195834564,1.37896336127
2016-11-21,0.734676178359,0.860082412557,0.89778363611,1.14861393479,1.18457614475,0.980092033149,1.03929598551,1.0380523966,1.02005842939,1.0450886188,1.37502321814
2016-11-22,0.739421524021,0.869065972273,0.904996449229,1.15706141839,1.19527774946,0.986587385497,1.05183652012,1.05106791713,1.02758424314,1.05281993181,1.37631389743
2016-11-23,0.738997060425,0.863600495556,0.902373480892,1.14794339248,1.19247892727,0.986735631358,1.04657550921,1.04303580981,1.03231466692,1.0566480461,1.38210832504
2016-11-24,0.745795811508,0.862894723736,0.902804719402,1.14977215119,1.19760231275,0.989178595562,1.05195301254,1.04754402996,1.03718065844,1.05360267443,1.36540958667
2016-11-25,0.752910425024,0.869704604133,0.909076345757,1.16031952967,1.20521671118,0.99980400687,1.06071722484,1.05358795723,1.04350556418,1.06206964797,1.36335680886
2016-11-28,0.757717861483,0.879146036122,0.909321825147,1.16403404119,1.21420598065,1.00518621094,1.06719340895,1.05975241951,1.0458156198,1.06449632942,1.35776666912
2016-11-29,0.764063355667,0.88108980576,0.916958229519,1.17433196858,1.21356003702,1.00607988053,1.06500780878,1.06570848615,1.04624872018,1.06769009454,1.35046972954
2016-11-30,0.754245858429,0.867976826463,0.910648307734,1.16515663059,1.20949475936,0.997921363699,1.05746065965,1.05711976812,1.03786175314,1.06948113146,1.37008739474
2016-12-01,0.753112878835,0.881727003338,0.922607475082,1.18109684667,1.22114729013,1.00691739659,1.06172377717,1.06687056645,1.04675465724,1.0757424182,1.38016664063
2016-12-02,0.741194441338,0.868571958359,0.916217292819,1.16612374546,1.21071160038,0.991704286963,1.0527831109,1.0583311005,1.03216787014,1.06085109431,1.38290314084
2016-12-05,0.724537883773,0.846474326131,0.899407799941,1.14981489715,1.18650723509,0.985546528574,1.0402880534,1.04948271095,1.03026939245,1.05546172075,1.40695508
2016-12-06,0.717383623811,0.842899783872,0.895778455566,1.1406759649,1.18181113574,0.980631027466,1.03349696834,1.04397673526,1.03259603359,1.05315630547,1.41777451788
2016-12-07,0.724958701367,0.854167068667,0.90131426383,1.14568842646,1.18547818301,0.990610449555,1.04265655187,1.05302387105,1.0407149006,1.06095876372,1.41330757845
2016-12-08,0.721526669092,0.847661995768,0.892146270437,1.13788861576,1.17993122129,0.983541700321,1.03682396876,1.05132780971,1.03546444401,1.06046043417,1.4193345013
2016-12-09,0.722050475949,0.851025862326,0.896156909949,1.14079841224,1.18716850913,0.988378748061,1.03722466837,1.05342624417,1.03364790924,1.05888374663,1.41619384695
2016-12-12,0.709187167294,0.829106575827,0.870670956472,1.10036568852,1.14372947531,0.950343427672,1.00206355952,1.01562834186,0.997703242098,1.01505526052,1.38280531425
2016-12-13,0.706303242901,0.824671564694,0.871784267778,1.10551377899,1.15028233297,0.956104383919,1.00746634101,1.02681261618,1.00177414159,1.02413543217,1.40079839875
2016-12-14,0.695994802932,0.819621571671,0.869823189257,1.09132682345,1.13750376289,0.947740169487,0.999614643078,1.01741961571,0.998496584531,1.0147561544,1.40841409308
2016-12-15,0.696819543851,0.81377779788,0.861017790476,1.08562730678,1.14036858621,0.943104452146,1.00054808662,1.01777961308,0.991817409383,1.01255620868,1.4036917701
2016-12-16,0.695968419914,0.809738044154,0.866065260337,1.09263922549,1.14779646741,0.946258280029,1.00861220964,1.02208233131,0.996752084724,1.01741696578,1.41214469276
2016-12-19,0.693200746167,0.805068234778,0.863053333842,1.08826168663,1.14374136675,0.942946966179,1.00962049536,1.01845632635,0.992390788877,1.01410387985,1.4131619359
2016-12-20,0.68447952553,0.797299966325,0.858976712275,1.08389725731,1.1432119783,0.937312354326,1.00595900012,1.01350300696,0.985213902216,1.01349849855,1.43009744898
2016-12-21,0.687535308912,0.806514698957,0.869413665592,1.0963086684,1.15522141176,0.950940144328,1.01841501937,1.02559635285,0.99500443291,1.024977242,1.43991002197
2016-12-22,0.689710637729,0.807249378695,0.871946721696,1.09503961496,1.15079429633,0.9477637974,1.01620850885,1.02564438651,0.994674741849,1.02030954219,1.42879693072
2016-12-23,0.689299847201,0.799186136105,0.864678912676,1.081658953,1.1371933818,0.939528608659,1.00590362846,1.01507542534,0.984372425947,1.00938095602,1.41434400496
2016-12-26,0.689815634223,0.801655931091,0.867217445889,1.08558237245,1.14054452902,0.942693570173,1.00870430118,1.01852609665,0.992237833751,1.01357307043,1.41915967254
2016-12-27,0.686015903228,0.799126583592,0.86293362319,1.08471517257,1.13664964814,0.939712759845,1.00689248067,1.0181655089,0.991577882622,1.01259107224,1.42560192002
2016-12-28,0.682795884576,0.794802844566,0.859478015247,1.07926566247,1.12858710929,0.93595706276,1.0037008911,1.01618395669,0.985951100492,1.00775981468,1.42549159651
2016-12-29,0.678682593872,0.793230315627,0.855947841808,1.07908366616,1.13234045702,0.935585057065,1.00148611136,1.01963990421,0.985316539655,1.00801744061,1.43444344154
2016-12-30,0.675319491379,0.798600550503,0.858163012629,1.08009707351,1.13661174261,0.93614353992,1.00092295517,1.0228893675,0.99037679596,1.00963478488,1.44385313186
2017-01-03,0.676665246548,0.806109060092,0.866286770448,1.08661558467,1.14856880712,0.945938832884,1.00848489269,1.03635633751,1.00225307356,1.01971697635,1.45539415398
2017-01-04,0.681518822927,0.808365479572,0.872246340766,1.09779486201,1.15541217872,0.956611305721,1.01532847021,1.05127575877,1.01694914924,1.02966141749,1.45914815407
2017-01-05,0.678998243101,0.808528804403,0.872182997309,1.09940682054,1.15670944155,0.958116137368,1.01929268978,1.05187613897,1.01551341021,1.02933102905,1.4640765777
2017-01-06,0.673409807556,0.804087542758,0.870035726934,1.10013795404,1.15352660592,0.954050325077,1.01299899719,1.04297232539,1.00825703474,1.01634664997,1.45765810438
2017-01-09,0.679015998965,0.806275381836,0.87919010148,1.10959730779,1.1637231046,0.957515366059,1.01859852044,1.04676835467,1.01255202268,1.02108833767,1.45232357472
2017-01-10,0.669161469552,0.800352962662,0.879618865876,1.10860221044,1.16090121959,0.959813189917,1.01864257939,1.04710623241,1.01425267935,1.01936558686,1.4709507646
2017-01-11,0.660073576236,0.793415819323,0.872629491811,1.10208944421,1.14764333912,0.951483028711,1.00958238312,1.03793516589,1.00762784023,1.01375526212,1.48283203913
2017-01-12,0.653901652271,0.785945881261,0.864900383493,1.09333895778,1.13887244165,0.945634514633,1.00176914088,1.02990785339,1.00223678519,1.00499808905,1.48388782634
2017-01-13,0.647802782199,0.780218040468,0.863764401389,1.09541339485,1.13015721584,0.938375784239,0.997078947999,1.02646433758,0.995312847655,1.00055800691,1.49117207052
2017-01-16,0.650019046267,0.784271860835,0.866713617377,1.09659443432,1.12611571129,0.927429936047,0.989396403403,1.00212708289,0.975286542758,0.970015883529,1.44055230798
2017-01-17,0.647681592669,0.783967336458,0.866315142984,1.09895155583,1.13072499279,0.934807869897,0.996607065959,1.0092147811,0.983558265462,0.983623472944,1.46594087567
2017-01-18,0.640821576887,0.781805048639,0.865677896328,1.09831866955,1.13802108519,0.936287682894,1.00028036667,1.01214856496,0.988166730173,0.989356513909,1.49001182998
2017-01-19,0.639489104869,0.778518914061,0.862126072892,1.0966987768,1.13822909,0.93104882283,1.00072612676,1.01031153067,0.981843647689,0.988142388234,1.49128151533
2017-01-20,0.647235384864,0.786013577495,0.870742698988,1.10767941405,1.14801575099,0.939063984244,1.01106351111,1.02062755188,0.991433405676,0.998293798839,1.48853754895
2017-01-23,0.648778908041,0.789414736666,0.876835934778,1.11521867333,1.15352898372,0.943772702058,1.01224616252,1.02747605625,0.994690420328,1.00419338636,1.49378445987
2017-01-24,0.650339001326,0.787058099585,0.874614817314,1.11689026383,1.15297198656,0.94030647452,1.00880542535,1.02070377005,0.996272766327,1.00347201668,1.48911934374
2017-01-25,0.650661898991,0.789475976604,0.877481704537,1.11816547851,1.15889590027,0.943042644015,1.01453965059,1.02716730766,1.00151632366,1.00633606911,1.49263014529
2017-01-26,0.652360647438,0.795218958276,0.881737120321,1.12408532177,1.16660458264,0.946053637868,1.02044643281,1.03029478927,1.00597299798,1.0105549268,1.4949907316
2017-02-03,0.64361759213,0.789975568553,0.878259383859,1.11889723462,1.15878379773,0.940852637223,1.01685775981,1.02666851213,1.00506049178,1.00949601929,1.51346034521
2017-02-06,0.645489185498,0.792929225086,0.883169101,1.12590335093,1.16406576282,0.945322852502,1.02230209323,1.03110461394,1.00970956166,1.01492143067,1.51719321733
2017-02-07,0.646159977031,0.792562820294,0.87977181189,1.12761839266,1.15902567961,0.94327952677,1.01643759726,1.0272380303,1.01001466857,1.01372620909,1.51382983046
2017-02-08,0.648560575007,0.797284842933,0.88611829031,1.14042137749,1.16859180909,0.948033498955,1.02361119135,1.0355727793,1.01644607424,1.01864089739,1.51554494786
2017-02-09,0.64852215506,0.797962563925,0.889074325861,1.14826730265,1.17833284122,0.953249191648,1.03079953864,1.04104540575,1.02124428388,1.02094287566,1.51905963511
2017-02-10,0.655433623805,0.804037934487,0.893388192051,1.15217019428,1.18299006014,0.955555581535,1.03558048618,1.04678262764,1.02430915261,1.02253008976,1.50523223662
2017-02-13,0.659969566974,0.810260665636,0.901443090413,1.15801409697,1.18708572989,0.964013102639,1.04066033817,1.05225785429,1.02989273222,1.03256557692,1.50958814693
2017-02-14,0.659446320486,0.809760735102,0.899846677428,1.1636689755,1.19474188641,0.96160004455,1.04144492166,1.053886326,1.03166988357,1.03653616511,1.51658991267
2017-02-15,0.649274588621,0.801322524325,0.893987003045,1.15172316657,1.18484467942,0.95692592839,1.03839017677,1.04471837365,1.02871662378,1.02880336012,1.52866866908
2017-02-16,0.652426229265,0.804804516054,0.899399015525,1.16066901524,1.19397114099,0.963772930141,1.05252735331,1.0496945348,1.03225314445,1.03749895761,1.53416889856
2017-02-17,0.642579459347,0.798934279307,0.890317502386,1.14863410197,1.18493053172,0.956135801552,1.04736205327,1.04788994805,1.02662973403,1.04090524601,1.56236034794
2017-02-20,0.649141845537,0.818190473491,0.902721720839,1.16479542073,1.20166599337,0.971484197659,1.06553661691,1.06151515753,1.03676174934,1.05292107266,1.56443994943
2017-02-21,0.650809651905,0.824952014474,0.906442040038,1.1714597659,1.20229408981,0.978600044485,1.07575402734,1.07085927974,1.04420238027,1.06295334573,1.57532656016
2017-02-22,0.651154767223,0.826620385546,0.909599661575,1.1757444032,1.20394325977,0.981270264468,1.0785199966,1.07508986683,1.04806543213,1.06625242611,1.57938051567
2017-02-23,0.647271719395,0.818884196811,0.904810584797,1.17324145973,1.19633772943,0.979397917206,1.07480031502,1.07264721076,1.04308366029,1.0599268914,1.57942921244
2017-02-24,0.645581352435,0.824235359222,0.90418635949,1.17061080399,1.19703134556,0.978784657856,1.07778825638,1.0789624462,1.0437035658,1.06547972804,1.5918283833
2017-02-27,0.637515015509,0.816225281136,0.893775846888,1.16384212815,1.18917607063,0.97562005888,1.06780993491,1.07110566973,1.03705020453,1.05565162354,1.59703457716
2017-02-28,0.636204690418,0.819975927386,0.896372726662,1.16568938255,1.19442945859,0.978883853114,1.07580920941,1.07692506182,1.04191716239,1.06104068869,1.6084698702
2017-03-01,0.638129485114,0.822846834263,0.898614516824,1.16474247004,1.19998656463,0.982402595179,1.07737567569,1.07885027711,1.04612566791,1.06271292267,1.60613855214
2017-03-02,0.631171111329,0.81759309865,0.888546650171,1.15704320552,1.19417663527,0.976759647258,1.07289754302,1.07296808842,1.04005066735,1.05367307676,1.6099899813
2017-03-03,0.632237367167,0.816225991011,0.887487673452,1.15439371724,1.19254198087,0.971552518985,1.06942081366,1.06933100593,1.04239518582,1.052024405,1.60475104282
2017-03-06,0.636738420993,0.831282521575,0.894158864327,1.16219352016,1.19851862975,0.978263735939,1.07542285284,1.07867399759,1.05048769061,1.05610072419,1.59954441438
2017-03-07,0.638000706336,0.832439290302,0.894834312392,1.16377258828,1.20033897226,0.97645960355,1.07668599367,1.07876477839,1.04932173261,1.05902903717,1.60080859107
2017-03-08,0.632252092895,0.828386113891,0.889128900794,1.15637299053,1.19664921591,0.977498548679,1.07245545287,1.0788711227,1.04913051482,1.05769962062,1.61322292491
2017-03-09,0.627641886329,0.822652508094,0.884592227529,1.14685251724,1.18683628105,0.969126490024,1.0647955826,1.07070987602,1.04123515865,1.04786346231,1.60998380853
2017-03-10,0.629779382131,0.825821790383,0.882087108142,1.14713228837,1.18793478702,0.969754983041,1.06350474575,1.06856641519,1.04109785212,1.04700689969,1.60318479055
2017-03-13,0.638143519546,0.842083265487,0.893025757528,1.15993793445,1.20305933607,0.977580768005,1.07109239361,1.07605648589,1.04727961828,1.05485470544,1.59390941686
2017-03-14,0.63578880522,0.837494867254,0.889945514621,1.1611572023,1.20313260364,0.975288997376,1.06851990661,1.07555536679,1.04479031125,1.05560025246,1.60091739302
2017-03-15,0.638095338003,0.8374939188,0.889624058829,1.16577728328,1.20381439033,0.975722169152,1.07163520995,1.07804069567,1.04640313702,1.05506538975,1.59429836941
2017-03-16,0.637657836637,0.840945258885,0.895073156839,1.16917249066,1.20983454573,0.980677874113,1.08104352913,1.09477578169,1.05683598194,1.0707121753,1.61903517372
2017-03-17,0.628562477892,0.828176295837,0.882072295922,1.15728750891,1.19613524063,0.970054376272,1.07054581026,1.08394045526,1.0465904,1.06058367155,1.62681318498
2017-03-20,0.628887571564,0.830374615058,0.883475292291,1.14932229128,1.19934047442,0.975275394132,1.07717135781,1.08418351935,1.04572248198,1.06075174632,1.62622960155
2017-03-21,0.632825716023,0.833824350787,0.890827616081,1.15627928654,1.20210297979,0.977368124672,1.07757157714,1.08264540299,1.04525713756,1.06355651212,1.62034598414
2017-03-22,0.640392134935,0.83327649742,0.885835897808,1.15121176985,1.19336178461,0.971030171126,1.06917948465,1.07392697642,1.03106426865,1.05363812606,1.58586139382
2017-03-23,0.642724441765,0.834261049327,0.884252429643,1.1569327398,1.19402130874,0.975873983229,1.07228155965,1.07818214755,1.03232142584,1.05755543083,1.58598173928
2017-03-24,0.644511348886,0.841611016229,0.891260504889,1.16766302222,1.20509343393,0.987176116904,1.08122734702,1.08805026985,1.03599733411,1.06713236624,1.5959346023
2017-03-27,0.642207465727,0.833916094203,0.884645954829,1.16475283827,1.19999804236,0.984009955818,1.0775004755,1.0896308188,1.03639599814,1.06854540635,1.60375271404
2017-03-28,0.638239090391,0.828979620494,0.882588421567,1.16474907694,1.19866141555,0.982992703094,1.07584270406,1.08492433181,1.02994738214,1.06778895248,1.61252739765
2017-03-29,0.63991880804,0.830762009541,0.882427730878,1.16456189373,1.19386458722,0.980426464722,1.07111056475,1.0829886864,1.02555105124,1.06316427334,1.60129956322
2017-03-30,0.633420656166,0.819027613964,0.870987502213,1.15006382776,1.18466230175,0.973734851347,1.05838328422,1.0690843785,1.01625660064,1.04411356911,1.58886671925
2017-03-31,0.628894041657,0.823911442448,0.875408885022,1.15769581815,1.19006021043,0.975662616634,1.05869596284,1.0793725901,1.02717222894,1.05292318824,1.61362716602
2017-04-05,0.639001150755,0.833607152665,0.890309573826,1.18757591651,1.21215024578,0.995246004101,1.08000864752,1.10823048718,1.04374698991,1.07276478961,1.61810184721
2017-04-06,0.638938535009,0.836685762822,0.891094165112,1.18626820339,1.21007264847,0.999403845447,1.08225628711,1.1112503949,1.04774603525,1.09025262833,1.64463813895
2017-04-07,0.637956230194,0.837777371478,0.894019208857,1.18723468604,1.21033895239,1.00310052997,1.08441951492,1.11177747956,1.05060367881,1.10812355596,1.67412477146
2017-04-10,0.652805206309,0.83285753741,0.891057449288,1.17905388459,1.20910138773,0.993779214464,1.08091802515,1.1028507087,1.03994361843,1.09878259615,1.62104600404
2017-04-11,0.672201260317,0.838112230949,0.900726442687,1.18563085646,1.21665096731,0.995280766131,1.08738303779,1.10776938636,1.04225794546,1.10775197127,1.58611433667
2017-04-12,0.659930825425,0.829953182355,0.897178287069,1.17836760169,1.20711001465,0.997687845155,1.09202260159,1.11050339724,1.04128722853,1.11244607594,1.62178860789
2017-04-13,0.66441874691,0.835478156093,0.899626895557,1.17963971188,1.20623595889,1.0035157854,1.09204534031,1.11466702447,1.04133575309,1.11668477641,1.61693890647
2017-04-14,0.656337293482,0.825696721197,0.892180255669,1.16882743701,1.19650689839,0.990739270933,1.08418646047,1.10647197266,1.03016848624,1.10531445724,1.6201420345
2017-04-17,0.641856302415,0.823731780464,0.8860761786,1.16265441962,1.19037943209,0.983753113075,1.08406704031,1.10272817266,1.02640500601,1.10491906717,1.65530822183
2017-04-18,0.635258383044,0.818313472441,0.881959809916,1.14997880637,1.18556075276,0.982331739909,1.07466942959,1.09641900929,1.02244993582,1.09288542572,1.65429593938
2017-04-19,0.63603778283,0.81451383439,0.878743606963,1.13684015,1.17379901944,0.971011727492,1.06660250509,1.08972282082,1.01321172012,1.07932511156,1.63174009151
2017-04-20,0.631329741705,0.814138170661,0.879277457846,1.14674816612,1.19471518952,0.976222595913,1.07261804797,1.10178471687,1.00861792003,1.07244879777,1.63342274558
2017-04-21,0.620863088021,0.80928532619,0.878512323559,1.14609589494,1.19843700519,0.978998199268,1.07756225745,1.10369985929,1.01198754723,1.07710061319,1.66758791775
2017-04-24,0.616478803415,0.797612471307,0.871483341004,1.13531752894,1.19323144239,0.96026292043,1.05569361948,1.07065505489,0.989511874874,1.05136313844,1.63951649655
2017-04-25,0.617897010855,0.792518266813,0.865882544993,1.13815243893,1.19021124087,0.965649853994,1.06039344251,1.0759478185,0.991329848616,1.05372753359,1.63943187891
2017-04-26,0.617878755246,0.800312181447,0.863780284104,1.14461659617,1.19036802042,0.964453697896,1.05754045359,1.07949258351,0.9907881754,1.05522057825,1.64180325472
2017-04-27,0.616197104056,0.803033926012,0.860053041183,1.14535829359,1.18865791791,0.967636951977,1.06371811666,1.07843632792,0.98597958748,1.05660869869,1.64843143007
2017-04-28,0.615571895455,0.805817646271,0.857730893506,1.14577239673,1.1932673531,0.961196912922,1.06838099756,1.07631005963,0.988960863515,1.05994470074,1.65530851671
2017-05-02,0.614893011802,0.803302235345,0.849213430271,1.1380858039,1.18477591184,0.954999307049,1.06326657773,1.0743408671,0.985735767583,1.05015636092,1.6418476897
2017-05-03,0.603254551234,0.803338376606,0.84829504868,1.13659652329,1.17791568157,0.948096808111,1.05849616509,1.07455057031,0.980711481168,1.04052925315,1.65787263203
2017-05-04,0.597850869595,0.802572521927,0.845574418153,1.13089448288,1.17664920701,0.949140170214,1.05394418042,1.07135595567,0.97578304124,1.0340575664,1.66241178368
2017-05-05,0.589491570174,0.793509569301,0.838200516018,1.12436954908,1.17078185188,0.941802875427,1.04511412025,1.06164784526,0.960810472262,1.0081041331,1.64393177195
2017-05-08,0.586976757204,0.791741763213,0.83594734269,1.12643891516,1.15912480697,0.927578339593,1.02594394262,1.04312210502,0.945050182777,0.98465507968,1.61270614983
2017-05-09,0.580220271185,0.789402900971,0.828869834338,1.12442280062,1.16066767793,0.929594347012,1.03343045279,1.04919413467,0.949941823974,0.986264892377,1.63390606485
2017-05-10,0.567664653095,0.782356450653,0.815703267028,1.10502629207,1.14153300972,0.916507048902,1.01955952573,1.0367910598,0.941029918142,0.974206139505,1.64928555123
2017-05-11,0.56547729157,0.788858048025,0.821348365195,1.1106483783,1.13941173487,0.91337949781,1.0235270808,1.0323255037,0.946743635023,0.96425071762,1.63878661829
2017-05-12,0.563616628288,0.795068445775,0.82310525726,1.10981897281,1.1428824625,0.916957392255,1.02812715871,1.04128161167,0.94583286782,0.973795791187,1.66040120393
2017-05-15,0.563597939133,0.797733130279,0.826706391836,1.1172328107,1.14856412281,0.923129148754,1.03393012733,1.04601287689,0.947747430022,0.975707420842,1.66371574613
2017-05-16,0.571298119769,0.807340316707,0.837536053938,1.13083442126,1.17067215931,0.930657030042,1.05168997468,1.06029933651,0.960280725475,0.98766129853,1.66136816995
2017-05-17,0.571786480493,0.808038327219,0.838816312816,1.13362565097,1.17743106127,0.928887200502,1.04877112686,1.05827535766,0.959741585898,0.979620744394,1.64642278438
2017-05-18,0.56743637597,0.802590697532,0.830492058205,1.12878303242,1.17135473384,0.930415454127,1.04120970002,1.05336790404,0.956679566827,0.977792239385,1.65587551332
2017-05-19,0.569572463336,0.798464506414,0.833443301206,1.12706272467,1.17016601451,0.928581478439,1.04102387407,1.05340117369,0.957972086737,0.978721846578,1.65121632328
2017-05-22,0.567299459101,0.793436955608,0.834462974941,1.12076017184,1.15979665395,0.925279873313,1.03542141224,1.04221947079,0.948464522116,0.971804551128,1.6461355923
2017-05-23,0.560394374873,0.800101430462,0.837895205772,1.12303865287,1.15994745944,0.919814891793,1.02796662651,1.03196497131,0.924677562733,0.940136523493,1.6125297715
2017-05-24,0.558907508887,0.799724175504,0.835139021269,1.12123601581,1.16207910545,0.920452127537,1.04082737724,1.03343221322,0.930655729861,0.950064856672,1.63383737239
2017-05-25,0.565863312716,0.814522031291,0.844694023206,1.13080266021,1.17684916163,0.937688368865,1.06046728752,1.0477660286,0.949561679319,0.964474735231,1.63828451453
2017-05-26,0.563168654528,0.812152477061,0.83966733883,1.12766696901,1.17928665374,0.9381460209,1.06047885698,1.04763812971,0.950244873201,0.966861376789,1.65014009285
2017-05-31,0.563358696746,0.816087701373,0.843344624547,1.13782840486,1.18735692,0.94236856813,1.06458786508,1.05080179313,0.954306694977,0.967201283687,1.65016336859
2017-06-01,0.562539829888,0.820384236137,0.847121634354,1.13801931776,1.18981188911,0.926121246752,1.0571539964,1.03587976559,0.934959811378,0.946616132704,1.61744117572
2017-06-02,0.559276613779,0.814610444052,0.843740465895,1.13888869377,1.19368553418,0.929432502152,1.05881896619,1.04851089678,0.942895252535,0.95754680366,1.64550048398
2017-06-05,0.566081803842,0.814170770317,0.849128601714,1.14661726456,1.2011338201,0.933609572414,1.05767837418,1.04131593141,0.933730069657,0.94766985099,1.60850519991
2017-06-06,0.568001990875,0.81445606314,0.857131857293,1.15412197895,1.20787913025,0.940576249653,1.06442617767,1.05079452039,0.935623943668,0.950972406939,1.60865455947
2017-06-07,0.577467250239,0.825549577737,0.868840954344,1.17229841584,1.23670095102,0.95274139153,1.07965438245,1.06763573706,0.946580700631,0.965278185753,1.60604722931
2017-06-08,0.582969247896,0.827533612983,0.869810515305,1.17530406966,1.23950451209,0.953632343612,1.07960835378,1.07160530382,0.952657651307,0.968872827281,1.59672594739
2017-06-09,0.582472919538,0.836494770079,0.869234164647,1.17938240501,1.2444256601,0.956097591027,1.08336258758,1.0726559063,0.951448212933,0.977003279249,1.61148455021
2017-06-12,0.581230877375,0.833338985101,0.869893666534,1.16756605554,1.2354153459,0.952255927818,1.07581212496,1.06072761606,0.942838665065,0.969516826225,1.60257254281
2017-06-13,0.582089681361,0.838809716945,0.875435090579,1.17649303618,1.24184191041,0.952710562205,1.09264622663,1.07453630542,0.95724165721,0.982040807221,1.62090628412
2017-06-14,0.580855119107,0.828919956726,0.868921863428,1.16906933653,1.22879022198,0.947543606373,1.08437320761,1.06984345867,0.947260239022,0.975814949892,1.61406800583
2017-06-15,0.582839922113,0.83123987084,0.874166185675,1.16731869168,1.23544025585,0.954070201855,1.09229984525,1.0727280658,0.950464701454,0.981109173225,1.61730970253
2017-06-16,0.581337636907,0.831630302028,0.87161356312,1.16252060896,1.23428549924,0.952588925726,1.08864342391,1.07170323772,0.950828668999,0.978311174982,1.61686599974
2017-06-19,0.585384727036,0.837066133886,0.878213407146,1.16968409871,1.24500886709,0.961905673887,1.0982778623,1.0818179995,0.958024497308,0.986639208054,1.61937372116
2017-06-20,0.58291661638,0.833574322268,0.87449857377,1.16599709264,1.2477873225,0.960859159689,1.10008639604,1.08039518919,0.957904895682,0.987598845923,1.62777641299
2017-06-21,0.586915436088,0.840037642829,0.880336291812,1.18256513781,1.25074051419,0.969351402752,1.11023163549,1.08593494349,0.964401612273,0.99812695421,1.63396243267
2017-06-22,0.577804632075,0.833638286695,0.878504553431,1.1795218079,1.24510704807,0.96361479299,1.10978010247,1.07978314725,0.96630432827,0.997809122749,1.6588064544
2017-06-23,0.589438425042,0.841562982077,0.882431423415,1.19100676655,1.25029764463,0.967141077199,1.1143371878,1.08092108658,0.968974458496,0.998436129113,1.62644962308
2017-06-26,0.598258092334,0.861892119585,0.897321042376,1.20719696495,1.27628353037,0.980746998035,1.12719249015,1.09266240306,0.982334026533,1.01219006974,1.6245184632
2017-06-27,0.596334952328,0.860291558581,0.897288961226,1.21231484786,1.27575473121,0.982108275415,1.12980246821,1.09689242044,0.98273407036,1.01721465768,1.63780481703
2017-06-28,0.594255749776,0.85261858318,0.888956150613,1.20611416613,1.27006730856,0.976609222491,1.12289099063,1.08891952809,0.975754377173,1.00939155899,1.63091937023
2017-06-29,0.598723947537,0.856658023808,0.896590611357,1.21784243545,1.27683475125,0.979248912268,1.13199130107,1.09435145044,0.979745551482,1.01551232429,1.62854611423
2017-06-30,0.597963079727,0.855280334188,0.896359887637,1.22065393643,1.27955696375,0.97983908768,1.1304659379,1.09644712101,0.981851819944,1.0150310988,1.62984396963
2017-07-03,0.599240783829,0.855517596261,0.894806811991,1.22222922322,1.27525209171,0.983550796141,1.13063595414,1.10370957895,0.984587066655,1.02072031935,1.6354966121
2017-07-04,0.594381302262,0.850941494799,0.889199401885,1.21154345043,1.2686211193,0.978800978149,1.12331188559,1.09139702126,0.982939466629,1.01219360413,1.63509717776
2017-07-05,0.599116264741,0.859620947784,0.898162369885,1.21330674701,1.27754022992,0.989100324529,1.13201570451,1.09974659476,0.99098594681,1.02260087655,1.63888356477
2017-07-06,0.605853229598,0.861744136026,0.893754789458,1.21175722032,1.27562918205,0.985623389794,1.13102390347,1.09481591877,0.990468480811,1.02235627931,1.62006257918
2017-07-07,0.61493244624,0.863769486319,0.893836723602,1.21229542536,1.27439061658,0.991834321651,1.13452946989,1.09867615362,0.993994063956,1.02061810924,1.59303022151
2017-07-10,0.617201709281,0.863749506588,0.891082462245,1.20710830427,1.28127847584,0.989752984084,1.12153345235,1.09423230652,0.99281048492,1.01852599681,1.583886049
2017-07-11,0.610917555909,0.855716727852,0.88516763589,1.19792220308,1.28018803013,0.986321021627,1.12298204486,1.09988764328,0.986373239493,1.01817538785,1.59946745396
2017-07-12,0.609700181538,0.859610152655,0.882106551212,1.18735011635,1.27739389907,0.986338379172,1.11989515341,1.09572544033,0.983925490304,1.01081877783,1.59109809765
2017-07-13,0.611013934597,0.86306710591,0.885516797615,1.191088835,1.28924179242,0.997297943701,1.12619947791,1.10503372408,0.996339785801,1.01508187294,1.59438007902
2017-07-14,0.611479144304,0.863561361077,0.886539109286,1.197528476,1.29438468823,0.99696884489,1.1287274749,1.11195350206,0.999739110311,1.0046451863,1.57677334959
2017-07-17,0.606111654824,0.850756380538,0.874741851166,1.18000424116,1.26728915707,0.963758182368,1.09371637892,1.06550877836,0.953087668515,0.957875260721,1.51720947987
2017-07-18,0.613895956829,0.85780069463,0.87795763077,1.18027303157,1.2730314175,0.968107395195,1.09792958754,1.07307707613,0.961776383653,0.958352497715,1.49847984448
2017-07-19,0.629604777219,0.878252611613,0.900454151771,1.20295469387,1.31242309747,0.985141881905,1.11718996831,1.10035432446,0.978683821958,0.972425466189,1.48214013396
2017-07-20,0.627006925743,0.88150508226,0.900186707933,1.2045824195,1.32832773186,0.992943188811,1.1232342805,1.10632749903,0.983923376376,0.980736134252,1.50092254201
2017-07-21,0.625532747221,0.882994432047,0.897859322765,1.20073965004,1.32507156447,0.99882937681,1.12330428388,1.10340740405,0.984335953823,0.97922510658,1.5021389321
2017-07-24,0.626349426493,0.885175969151,0.898051978647,1.20593053879,1.33530616875,0.996698026364,1.12812740526,1.10576202787,0.989306390913,0.982292763592,1.50488358834
2017-07-25,0.618655201134,0.873360410201,0.893333485203,1.1971498387,1.32509771298,0.992694138074,1.12622697901,1.10269874895,0.980305201444,0.980346113241,1.52038764605
2017-07-26,0.620489161763,0.875433847656,0.893884017439,1.19179625312,1.32236650783,0.987915326651,1.12560646124,1.09538900983,0.975299305913,0.973937428915,1.5059415369
2017-07-27,0.627151291503,0.876038068801,0.904063107518,1.1972662633,1.32218113075,0.996293104706,1.13316469284,1.11098892285,0.990034775933,0.984898044106,1.50672014161
2017-07-28,0.622996710082,0.867324786269,0.903020281938,1.19714948601,1.33550134234,1.00126622207,1.13564589257,1.11540505389,0.991954747129,0.993530046144,1.52990689098
2017-07-31,0.636977319914,0.877803739944,0.910039952933,1.20557110905,1.34386445659,1.00747544873,1.14114333417,1.12310527587,0.994321271935,0.99473118315,1.49742399073
2017-08-01,0.629846687301,0.884898878652,0.915815051121,1.2069185707,1.34755573649,1.01938492476,1.14920349363,1.12914893677,0.998263168365,0.999949380713,1.52204212215
2017-08-02,0.626891354924,0.886617188584,0.91112312665,1.20815910473,1.34705583269,1.01456009051,1.14322082419,1.11744190191,0.990859645558,0.990086493129,1.51417127516
2017-08-03,0.630593493148,0.885161731703,0.909496542681,1.19976425402,1.34240746139,1.00895103994,1.13226970636,1.11410082795,0.990838754667,0.988267765081,1.50244782144
2017-08-04,0.622053963047,0.878859498295,0.90555433071,1.20389374553,1.33757107617,1.00379907588,1.13386426031,1.11620135759,0.991404825158,0.984037544626,1.51636291139
2017-08-07,0.621983062291,0.890236039093,0.906666905024,1.21453345882,1.34757392366,1.0082927944,1.13958439219,1.12946123731,0.994897321195,0.987587280782,1.52200574703
2017-08-08,0.621722109989,0.894297698678,0.907507123865,1.23032940933,1.35318141441,1.01122170773,1.14391244091,1.13310818681,0.995952664653,0.991454546122,1.52860428248
2017-08-09,0.614900434465,0.889316393,0.908421939108,1.2385708544,1.34717265654,1.01488149858,1.14941607595,1.13665479812,0.997750896621,0.991893419444,1.54605312008
2017-08-10,0.606487255987,0.876180234699,0.907325985895,1.23227042805,1.34269439375,1.01247940843,1.150874494,1.13463953364,0.995760350306,0.991648354691,1.56682451761
2017-08-11,0.593217470217,0.860537061731,0.890279114336,1.21161936941,1.32098440505,0.995049473103,1.12540692397,1.10685686658,0.978161490531,0.97037229989,1.5674896384
2017-08-14,0.600721467863,0.873717760827,0.89721983664,1.23263038252,1.35042073828,1.0128826877,1.15207528727,1.12465838603,0.996228809676,0.986300254439,1.57339063257
2017-08-15,0.600533345486,0.872670392179,0.898624145008,1.2424128264,1.34909862481,1.01274487019,1.15297220302,1.12541154426,1.0017304158,0.988642491042,1.57761979817
2017-08-16,0.60197016818,0.874132052968,0.899988073208,1.252166034,1.34745365696,1.01536628463,1.15661972077,1.12477678052,1.00242007058,0.988447366747,1.57353385189
2017-08-17,0.611511534431,0.883330319696,0.90407582837,1.26684376605,1.35972285208,1.02164712872,1.16742660065,1.13505460862,1.00942035302,0.995838577681,1.56035922857
2017-08-18,0.610103904177,0.877342588167,0.89748767008,1.2592241504,1.36194464158,1.02215860033,1.16902829659,1.13575515915,1.01047064762,0.997151679908,1.56600847189
2017-08-21,0.609903866665,0.882813076365,0.901075440615,1.26992102525,1.37242188846,1.02772833712,1.18053102381,1.1400587647,1.01562140557,1.00481151615,1.57855155883
2017-08-22,0.601957300374,0.881049055236,0.899335915707,1.26611071928,1.36812463665,1.02114944738,1.17607835837,1.1348855766,1.01447332775,1.01216838005,1.61067641997
2017-08-23,0.598403694426,0.873954105791,0.897109726393,1.25865885603,1.36525438041,1.02012266143,1.17195721014,1.13740754065,1.01075527643,1.00808359651,1.61368474916
2017-08-24,0.593720483741,0.863932041451,0.886795016504,1.24887039055,1.35463690029,1.01309579592,1.16356602212,1.12825008867,0.99789616303,1.00186267583,1.61635561727
2017-08-25,0.599476945007,0.876602106226,0.896469233012,1.26580150683,1.37341285949,1.02986547589,1.18116089874,1.14954532267,1.01591397878,1.01833082228,1.62725301251
2017-08-28,0.613754441181,0.899303763228,0.918560999655,1.28955833764,1.39266673356,1.04233091962,1.19296391284,1.16593271251,1.0211556381,1.02487895603,1.59896105871
2017-08-29,0.605927563169,0.8908545317,0.918340069643,1.28475432004,1.38953240799,1.0359393327,1.19184224824,1.16662126156,1.0171790611,1.02490504946,1.61939245275
2017-08-30,0.603882254413,0.886182441371,0.915983952006,1.28304714614,1.40517633395,1.03757626233,1.20114280163,1.17227479796,1.01961560314,1.03374003594,1.63881835746
2017-08-31,0.606907434811,0.890115849138,0.915015635071,1.27617739772,1.40447979607,1.03903760492,1.20266267428,1.17420814711,1.01888332845,1.03259670172,1.62879604818
2017-09-01,0.60714305614,0.897990113058,0.916571106173,1.28393195336,1.41563357349,1.04312564157,1.20901233465,1.17918579195,1.02365352553,1.0314877378,1.62641444016
2017-09-04,0.614163724007,0.906206841609,0.922773390969,1.2881971477,1.42132005831,1.05047322341,1.21264536837,1.18622886122,1.02659950626,1.0315467073,1.60770046055
2017-09-05,0.61007918183,0.898510326734,0.923418871843,1.29237880125,1.41874197837,1.05515519254,1.2131078412,1.18595952158,1.02781940522,1.03159878288,1.61847375529
2017-09-06,0.612099807875,0.897715863136,0.917238923428,1.29343793594,1.42218063211,1.05402519355,1.21937835215,1.19086795796,1.02732498688,1.03587096164,1.61981586876
2017-09-07,0.602248817745,0.888285758351,0.911947353356,1.28744073142,1.4105939194,1.04987048123,1.21695115723,1.18412499764,1.02846257546,1.03240049158,1.64045794788
2017-09-08,0.604715577014,0.887549514571,0.912210462204,1.28744631133,1.41017601431,1.05058729811,1.21172133852,1.18258179531,1.03061825782,1.03209447811,1.6332525259
2017-09-11,0.609937118815,0.891899848394,0.918623845453,1.29442999188,1.4180932427,1.05303773716,1.21512952469,1.1848696542,1.03216457947,1.0357485724,1.6249323422
2017-09-12,0.606999991473,0.898284778147,0.921515713733,1.2930905013,1.41554479451,1.04887544619,1.21450460068,1.18565728906,1.03442143881,1.03731207052,1.635210029
2017-09-13,0.607762378103,0.897898050402,0.920148713397,1.29689118967,1.41709578348,1.0482050137,1.21838601897,1.18624042563,1.03809760984,1.03965960821,1.63685685832
2017-09-14,0.608209941157,0.896671460375,0.918031674176,1.2958353527,1.41407171369,1.04469358827,1.21528571781,1.18379076499,1.03811254834,1.03573135603,1.62946675491
2017-09-15,0.608971052306,0.898327848247,0.913719426197,1.29422276579,1.41339552632,1.04306829573,1.20806990123,1.18131657604,1.03850187421,1.03498836933,1.62625874209
2017-09-18,0.6134701854,0.904522410782,0.921676797176,1.30088314601,1.42552965913,1.04591932617,1.20742520321,1.19057035609,1.044773082,1.04055502305,1.62299057931
2017-09-19,0.61078578083,0.899773305535,0.916118888403,1.29977634506,1.41413379599,1.04067571448,1.19835284139,1.19220344727,1.04157250877,1.03889564228,1.62750421812
2017-09-20,0.618994737108,0.899332018989,0.92341004812,1.30853453597,1.41893587566,1.04368551064,1.20246151761,1.19548098996,1.04902648473,1.04540467903,1.61582744464
2017-09-21,0.6145512809,0.885672502636,0.91399229556,1.29720554218,1.40941228878,1.03476439805,1.19787825486,1.19288455081,1.04709870376,1.04572059567,1.62791496431
2017-09-22,0.609914636324,0.887359795631,0.913956781419,1.29415860243,1.40156275092,1.03036798673,1.19142209763,1.1884947539,1.04438970689,1.03729506596,1.62708084086
2017-09-25,0.602685700331,0.882347687781,0.910055671362,1.28226843109,1.3895414462,1.01795444765,1.17503224673,1.17540435882,1.03273837256,1.02422409028,1.62586273258
2017-09-26,0.602171262563,0.879442174431,0.912391907155,1.28538154878,1.38730416877,1.02573290656,1.17621683476,1.17996673393,1.03785117192,1.02399096345,1.62688046155
2017-09-27,0.608116242008,0.888150165504,0.915965486047,1.29299597841,1.39811416457,1.02836348299,1.1762157783,1.17752638425,1.03560488653,1.0226657275,1.60871347845
2017-09-28,0.611670382714,0.889113452237,0.911734766001,1.28706129783,1.39652506372,1.03040111635,1.17061938427,1.1737077698,1.03328171532,1.0187815042,1.59320122619
2017-09-29,0.612393265973,0.891800275632,0.914868124,1.29088955701,1.40342284714,1.0352020261,1.1769102666,1.17814984811,1.0424525133,1.02702592358,1.60421122336
2017-10-09,0.621343114799,0.90705370881,0.920683397256,1.30230957132,1.41591205673,1.04541305415,1.19067565748,1.19178514782,1.05630455011,1.03912695883,1.5996681851
2017-10-10,0.623484635649,0.912869999425,0.925811380875,1.30550875719,1.42226464943,1.04919865192,1.18701893357,1.19800132173,1.06111868037,1.04285094603,1.599887605
2017-10-11,0.623845645764,0.915855140848,0.92494299994,1.30591414792,1.41672848733,1.04550541767,1.18844569324,1.1966305526,1.05938590113,1.04062875263,1.5955520646
2017-10-12,0.62455686855,0.917327700099,0.930658179898,1.31003941922,1.40837275436,1.04401461722,1.18401474851,1.19413138222,1.05719846866,1.0371063053,1.58833221659
2017-10-13,0.627987433302,0.916155510189,0.933020540956,1.32262016731,1.41023235833,1.04953586749,1.18674352769,1.19772450837,1.06221813099,1.03914632439,1.58273212541
2017-10-16,0.622463759407,0.906963112506,0.92731902082,1.29744892795,1.39693167568,1.04269369631,1.17755902275,1.18620390822,1.05786280762,1.03992517194,1.59783984513
2017-10-17,0.620242938035,0.901494808448,0.923735687965,1.30309151075,1.3941919007,1.04370447465,1.17488658004,1.18920818016,1.05901007756,1.03645392104,1.59820704603
2017-10-18,0.618891774213,0.907162691145,0.931084534264,1.31449084669,1.3917356929,1.04138613834,1.17819386882,1.19061501972,1.06111469945,1.03810642861,1.60423680767
2017-10-19,0.622524786506,0.908640981773,0.927322825683,1.30378919254,1.38219957175,1.02758856067,1.1648536577,1.16648220108,1.04999254462,1.02324461076,1.57185293638
2017-10-20,0.622019768378,0.910237874184,0.922930990476,1.31079097873,1.39348793454,1.03968694888,1.17628837678,1.1762171463,1.06402904376,1.02912644663,1.5821634468
2017-10-23,0.620776556748,0.916965918461,0.930935688852,1.31527789314,1.40112220739,1.04347329851,1.17927388405,1.17363987443,1.06419350592,1.02583064708,1.58025875542
2017-10-24,0.621655120098,0.921013029918,0.936418683444,1.31515216168,1.4109064008,1.05349629373,1.18538229087,1.17848269592,1.07113645682,1.03437622681,1.59118645817
2017-10-25,0.622117522638,0.918442293999,0.940314679227,1.31726287678,1.41275626117,1.05934262554,1.19974190104,1.18224424843,1.07876474125,1.04107843419,1.60031293542
2017-10-26,0.619973592283,0.917403586341,0.945765478191,1.32706887161,1.42214257735,1.06119344932,1.20332083268,1.18615669467,1.08061355992,1.04442180027,1.61096722231
2017-10-27,0.620422758451,0.916805948622,0.939908872806,1.32046384536,1.41591545731,1.05970948623,1.20673490262,1.18202547,1.07971414677,1.04271198718,1.60716278951
2017-10-30,0.620902497176,0.918785113571,0.932531420899,1.31772573312,1.39357483531,1.05065149133,1.18600885285,1.15880545606,1.0502549524,1.01640354434,1.56537007896
2017-10-31,0.625572294878,0.916108672583,0.927043242586,1.32087478933,1.39161644931,1.0625499109,1.19593591808,1.1653330426,1.05493452014,1.02284903687,1.56352370306
2017-11-01,0.625903686423,0.911525147841,0.923992077867,1.32536629787,1.38392929786,1.06517342202,1.19829281748,1.16808006769,1.05248054372,1.0190632861,1.55690855354
2017-11-02,0.625449242421,0.910123032047,0.921950277118,1.31663660553,1.38239054059,1.05793933055,1.19967647288,1.16303212678,1.04859083444,1.01728751269,1.55532596533
2017-11-03,0.622286683685,0.905725718898,0.92054188957,1.31290621761,1.37828649888,1.05153768377,1.19788258467,1.1525209756,1.03773939186,1.00995419379,1.55197853217
2017-11-06,0.62752263125,0.907949150547,0.923763889376,1.3145420218,1.38957191508,1.0532898926,1.21125742292,1.16636600879,1.04897012841,1.02121915016,1.55623077326
2017-11-07,0.626810198359,0.916184428317,0.936709604342,1.33714207211,1.39915077927,1.06299371561,1.21605260224,1.1779698329,1.05692322452,1.02635181291,1.56581921723
2017-11-08,0.629448281753,0.913945772536,0.934981839044,1.33778476341,1.40673959177,1.0680203064,1.2171364391,1.18535654111,1.06066701142,1.02653115496,1.55950269285
2017-11-09,0.627436523053,0.915050573387,0.943802222286,1.34239056342,1.41725192268,1.06758935711,1.22363118981,1.19513948705,1.06817059545,1.03425097373,1.57621489031
2017-11-10,0.634723485784,0.930658336811,0.952898606827,1.35362641736,1.41547189301,1.06666753683,1.21746469977,1.19157839644,1.06297291485,1.03086606437,1.55275028867
2017-11-13,0.642051893141,0.937179693831,0.955989452727,1.36063507431,1.41599870279,1.06745185674,1.21380189007,1.19413452136,1.06803221392,1.03751900587,1.54484354952
2017-11-14,0.639430643035,0.93648333014,0.950522693479,1.34993055005,1.40819703385,1.06085274157,1.20301596491,1.18429268162,1.05600562008,1.03207434537,1.54304356684
2017-11-15,0.631081323785,0.924650450682,0.935615997541,1.33557428167,1.40086777052,1.05413333658,1.19278888334,1.16671334728,1.05139876626,1.03113553221,1.56178813658
2017-11-16,0.63963591417,0.930354870498,0.946660797801,1.34755242869,1.39147889862,1.05023265176,1.18333262213,1.16137045433,1.03176547135,1.02496604266,1.53127290799
2017-11-17,0.634645483233,0.921930432818,0.937510100753,1.34098327675,1.36355523261,1.03978713188,1.16679495802,1.14927810278,1.02541474341,1.01915292031,1.53453522366
2017-11-20,0.633746979893,0.921769359089,0.935663675284,1.34170579483,1.37288046324,1.04520714649,1.17450813071,1.15969056247,1.03714103641,1.03485456298,1.56034966366
2017-11-21,0.641108949553,0.930147618305,0.944757178977,1.36900443939,1.38980000286,1.05631163442,1.18286549487,1.17399015659,1.0491793214,1.0477789034,1.5617110139
2017-11-22,0.63850480249,0.924250970255,0.941137988816,1.36243878116,1.39489794361,1.05837111606,1.19948128866,1.18417797587,1.06040044002,1.05533950666,1.57932364704
2017-11-23,0.623584259695,0.894544857364,0.907092625764,1.32758277526,1.35623867273,1.02610149725,1.17574504048,1.15143767756,1.03819700165,1.03375961268,1.58393471297
2017-11-24,0.623056674356,0.897138237841,0.903110737598,1.33109991315,1.35350809193,1.03081408213,1.17939640678,1.15207023016,1.04299514818,1.04052050643,1.59563390095
2017-11-27,0.606643886309,0.885592490054,0.896378307196,1.31704837828,1.33742713491,1.01813685785,1.16695501395,1.14183254553,1.03608474736,1.02061967221,1.60714882885
2017-11-28,0.607174429312,0.891143596364,0.898970293819,1.32205675643,1.34459323742,1.02452814864,1.18310335117,1.1533330801,1.05078409151,1.03050958683,1.62131673534
2017-11-29,0.608019676415,0.896410056928,0.908026892177,1.31752912236,1.34035233176,1.02763094873,1.18014695971,1.15481663233,1.04784314415,1.02281577678,1.60695491061
2017-11-30,0.598708387377,0.886915979036,0.893704169453,1.30297619654,1.32229648808,1.01941315665,1.17456310035,1.15048839719,1.04300533384,1.0179736462,1.62395650405
2017-12-01,0.600924072047,0.889460951882,0.89791211654,1.30170561443,1.3223001489,1.0246951569,1.18290980619,1.15255845913,1.05195251299,1.02378856783,1.62722305561
2017-12-04,0.597952347666,0.895077230853,0.89838502615,1.29094431429,1.32096368442,1.02388867977,1.17815729725,1.14518587322,1.04218913781,1.02219191271,1.6327323482
2017-12-05,0.596940401465,0.892180730334,0.892146130339,1.29113686684,1.31266095877,1.03258965333,1.16434988204,1.12914426466,1.03238370708,1.00838927707,1.61344875686
2017-12-06,0.591963126479,0.889815510257,0.892820527376,1.29822278514,1.3159710525,1.03722314606,1.16934520771,1.13633480526,1.03763012297,1.00589402686,1.62290919007
2017-12-07,0.590158290763,0.877500514017,0.890889265996,1.29385228984,1.30991237369,1.02509818418,1.16014050953,1.12857681412,1.03193031859,1.00034412649,1.61890306812
2017-12-08,0.594850186306,0.885549240477,0.889803323036,1.29597204723,1.31568560559,1.02950857585,1.17018311556,1.14224534401,1.04091631898,1.00897254435,1.6199961794
2017-12-11,0.607207263561,0.903222054645,0.90995665868,1.31639666911,1.3324177017,1.04459721637,1.18012354672,1.14891726663,1.04460692862,1.01347087232,1.59356577631
2017-12-12,0.602396806862,0.893662093723,0.897137047591,1.29758125201,1.31236351413,1.02953755685,1.16431839303,1.133377614,1.03464566983,1.00623581644,1.59481413738
2017-12-13,0.607242790161,0.9015980658,0.905050699646,1.30246282218,1.31931148776,1.03688500117,1.17044459944,1.13959337755,1.038967099,1.01228848412,1.5915777087
2017-12-14,0.605566845408,0.90196977185,0.90187813816,1.30407566932,1.31526053449,1.02947874488,1.1617781,1.13471340255,1.0306621022,1.00236259258,1.58036429134
2017-12-15,0.600071914545,0.894446040917,0.892042614119,1.29193895545,1.31040712767,1.02240717109,1.14918868235,1.12787292397,1.02690616741,0.995772437073,1.58431426369
2017-12-18,0.592152430648,0.891907356935,0.888610971083,1.29490479431,1.30569832183,1.02221352199,1.14864663635,1.12449031646,1.0238695586,0.993090080439,1.60095560507
2017-12-19,0.597318131495,0.903619681141,0.894820958728,1.30704427761,1.32342490907,1.02994520982,1.16061975472,1.13143330295,1.03477726567,1.00122028944,1.60009617872
2017-12-20,0.59720806809,0.906484948633,0.88974755777,1.29874032989,1.31405734659,1.01929588278,1.14719880343,1.11536546945,1.02371634294,0.997651053662,1.59468685683
2017-12-21,0.599015897559,0.914974827547,0.894589383744,1.30451970909,1.32047443648,1.02661653294,1.15544412991,1.12941668419,1.02738190746,0.996621470168,1.58821379537
2017-12-22,0.600340227749,0.914203734416,0.886993021065,1.30200872599,1.31612491521,1.02623244726,1.14725259977,1.12761245517,1.02233416111,0.992911216258,1.57878985128
2017-12-25,0.596932357009,0.91053314548,0.880796647568,1.28750388184,1.30261150971,1.0165045746,1.12993230644,1.11420721116,1.01644333209,0.98744664165,1.57906294614
2017-12-26,0.598110585508,0.913550071949,0.885435359572,1.30151530543,1.30674594126,1.026688625,1.13715437152,1.12621674314,1.02178691737,0.995268912786,1.58845506972
2017-12-27,0.590691636614,0.899838915452,0.880154885515,1.29028493616,1.29827567979,1.02398107779,1.12788150096,1.11755486371,1.01133721166,0.988527090583,1.59739823897
2017-12-28,0.599689044216,0.91103753227,0.880594426326,1.29728200127,1.30221252386,1.02855132777,1.12917979068,1.12264758101,1.0122923275,0.991685561338,1.57817058114
2017-12-29,0.594423450037,0.912326174658,0.889787309195,1.31233719223,1.30987612626,1.03430095863,1.13441758532,1.13274546696,1.0201871751,0.999586264687,1.60460096914
2018-01-02,0.6017738516,0.9179916155,0.901015392654,1.32828150104,1.32625255346,1.04610900107,1.15086068957,1.14841627666,1.0409564116,1.01556598511,1.61041080612
2018-01-03,0.606540806046,0.927666970275,0.904378492304,1.34520740245,1.34418757459,1.06324070939,1.16441142148,1.16135642711,1.05173009826,1.02152543411,1.60710399076
2018-01-04,0.60526514979,0.931224052446,0.902159709434,1.35091413267,1.34884279043,1.0680680882,1.17148258341,1.16597062408,1.06253404674,1.02353929563,1.61365228405
2018-01-05,0.60182765048,0.936529557048,0.898255566444,1.35416976742,1.34817914122,1.06997692853,1.17557839646,1.17368444639,1.06408365325,1.02508385059,1.6252517998
2018-01-08,0.615286054081,0.950221911827,0.902331823939,1.36447249494,1.35812198442,1.07323064951,1.17871190688,1.17362797417,1.07020433925,1.02567205373,1.58983960332
2018-01-09,0.613374995141,0.944189368701,0.902517214519,1.36267991913,1.34982301613,1.07731966144,1.18912699788,1.18012209003,1.07593009268,1.02374615936,1.59179236839
2018-01-10,0.614271479084,0.93664542682,0.895426188466,1.3598715461,1.35073201319,1.08133672081,1.18500341874,1.17929764537,1.0725433536,1.01711990415,1.57916290281
2018-01-11,0.618356636921,0.93314424965,0.89714980277,1.35797438626,1.34521929454,1.0839649661,1.18067701971,1.18610070093,1.07448221659,1.01871114079,1.57113134708
2018-01-12,0.611822941971,0.930457563504,0.89234667723,1.35853091824,1.34278972042,1.07983802616,1.18505209309,1.18884104771,1.07679903279,1.01722365252,1.58543815941
2018-01-15,0.610391808124,0.921444691669,0.892750154125,1.34684886399,1.32562558818,1.06186866854,1.15987768004,1.15914748171,1.05341917956,0.98903471012,1.5452116045
2018-01-16,0.621636668922,0.931512233174,0.895004071931,1.35252149718,1.3347416931,1.07726573313,1.16854983471,1.17011067682,1.07363403304,0.995603572216,1.52700796873
2018-01-17,0.619977108402,0.927895682372,0.907627423009,1.34836329201,1.33795971767,1.09031835235,1.16502835944,1.17708629447,1.07642212712,0.997277692602,1.53365224947
2018-01-18,0.619663491568,0.93245351388,0.908347541622,1.34569555235,1.34476416845,1.09514550236,1.16851848113,1.17890384246,1.08116962845,1.00483373429,1.54604802442
2018-01-19,0.624968275619,0.932893370261,0.91553747234,1.35822277306,1.35451318551,1.10522946781,1.1698343862,1.1892258717,1.08884869987,1.00270495102,1.52953732536
2018-01-22,0.624699104935,0.93769088925,0.922453252912,1.36957285837,1.37323558655,1.11676033565,1.18357121838,1.20405231025,1.10607208815,1.01677795937,1.5516632134
2018-01-23,0.624295683327,0.942354305853,0.928550872558,1.38369879332,1.39099582143,1.12685166897,1.19346641317,1.21361042219,1.12193805208,1.02311517107,1.56233621427
2018-01-24,0.631851796031,0.943177202392,0.936498264006,1.39873232772,1.39667718455,1.12755023286,1.19802998728,1.2267579531,1.13597897313,1.02873420001,1.55200707658
2018-01-25,0.625262218641,0.925232846958,0.929985631925,1.40019337973,1.40545784316,1.12964659783,1.20068720204,1.22538789981,1.13415061018,1.02459999883,1.56195585447
2018-01-26,0.628391549289,0.925655892407,0.930351605738,1.40938215502,1.40449548154,1.13599201285,1.20315167224,1.22473714669,1.13248740815,1.01914919889,1.54582903679
2018-01-29,0.623044725471,0.911763005913,0.922924725824,1.39522284214,1.39167700789,1.11740316135,1.18465336604,1.20481229241,1.11241711467,1.00312946573,1.53468363039
2018-01-30,0.612573764498,0.901909252699,0.912250599566,1.37886167507,1.37845120729,1.10928212657,1.18170095872,1.19910831469,1.10630260671,1.00167117823,1.55824467112
2018-01-31,0.602296157239,0.90145353333,0.908717671625,1.3614653794,1.36313047362,1.09089322846,1.17052276611,1.18945034639,1.10006850464,0.995934328392,1.57546400375
2018-02-01,0.595352579605,0.883736603856,0.893792745089,1.34078739607,1.34509737377,1.07482784082,1.13152474729,1.16017114766,1.07493626757,0.963447980443,1.54223675052
2018-02-02,0.593651813584,0.886039936924,0.903828674393,1.35480739145,1.35463476803,1.08837186284,1.14435526074,1.17782461806,1.08618947386,0.965245144825,1.54951932206
2018-02-05,0.59374923417,0.886878764178,0.89972562713,1.35173919682,1.37123337585,1.09306848952,1.14495662927,1.16344591303,1.09630538849,0.959402920278,1.53988644847
2018-02-06,0.575915242506,0.859753509188,0.866731274524,1.29586323712,1.30371737858,1.05098399285,1.08466804623,1.11577139714,1.05127033334,0.926738089631,1.53371026288
2018-02-07,0.562680678649,0.838017570713,0.852126169438,1.27003227116,1.30017114347,1.03699935584,1.07736273339,1.12293548964,1.04826569957,0.918779903146,1.55578456464
2018-02-08,0.569151116059,0.832636297953,0.849097558034,1.25400216549,1.29619049557,1.04678939869,1.07676416221,1.12079549845,1.05161159927,0.914742976843,1.53105833031
2018-02-09,0.553032203307,0.796645651623,0.804223596174,1.20441741064,1.23985816246,1.00708794406,1.01110123484,1.06521714219,0.999803028273,0.865345222532,1.4917395062
2018-02-12,0.556752995735,0.807021530722,0.816971250284,1.22912184144,1.26707668064,1.02835253039,1.0285096087,1.08717304031,1.01773124813,0.879874938419,1.50675039324
2018-02-13,0.558826539344,0.813554823929,0.825240639562,1.23787489538,1.27762613991,1.03719994914,1.03648323386,1.09370785763,1.02431829757,0.880288220848,1.50184645533
2018-02-14,0.565266581926,0.821143621098,0.834171453697,1.24258411141,1.28656435968,1.0398592368,1.04153053588,1.09630355375,1.02173961756,0.879869917126,1.48382517772
2018-02-22,0.578014986842,0.834692646782,0.854306393577,1.28635557663,1.31666401698,1.06353799247,1.06359390863,1.11296728841,1.04192642101,0.893083956193,1.47264494974
2018-02-23,0.579448127306,0.834980428673,0.852817210728,1.2907969497,1.32126758123,1.06549333013,1.06878522497,1.12346877939,1.04927924525,0.900453655446,1.4811458655
2018-02-26,0.594043663348,0.843094278532,0.864337949959,1.31642605984,1.3475057126,1.08513802117,1.0865291358,1.14967638183,1.06700094296,0.921471550178,1.47840984305
2018-02-27,0.595159531622,0.838838202169,0.860958988309,1.31002741789,1.34315209996,1.08059682975,1.07551793144,1.13585011901,1.04894866993,0.9074139958,1.45307880276
2018-02-28,0.599120072568,0.843305031836,0.859979630481,1.3055795768,1.33552627035,1.08185181339,1.07613833428,1.1319147336,1.041281379,0.898642781243,1.42936346198
2018-03-01,0.606235347591,0.844848905969,0.867404843655,1.31138771869,1.35386561047,1.09249401455,1.08315695493,1.14017122236,1.04535054318,0.899183458601,1.41324803392
2018-03-02,0.594748134909,0.835438491365,0.861694568869,1.30797855548,1.34857201489,1.08748223856,1.07753666112,1.13125975356,1.03903146323,0.893092034042,1.43045297476
2018-03-05,0.598225416801,0.837280885547,0.864264744867,1.30929993466,1.35003999584,1.08442605218,1.08073675311,1.13582298041,1.04360044716,0.894522771617,1.42438121467
2018-03-06,0.59734831082,0.851752830709,0.875126709687,1.32517427743,1.37800295886,1.09773140116,1.09864140868,1.15209439605,1.05982189268,0.907293330869,1.44680464053
2018-03-07,0.589779328538,0.840025259507,0.863913066464,1.30636377683,1.3688330285,1.09152146357,1.09190467704,1.14708780954,1.05152933,0.902515525832,1.45751818751
2018-03-08,0.592552369569,0.844321313219,0.870593651073,1.31809286792,1.38672719261,1.09469038036,1.10281470658,1.15148323672,1.06138030315,0.908758460067,1.46074721927
2018-03-09,0.594827956035,0.849106857887,0.880690442991,1.34492993163,1.40775905725,1.10124737283,1.11046254884,1.16690734853,1.0741505338,0.918126228575,1.47019533553
2018-03-12,0.601505381261,0.859561132426,0.894960851951,1.37025783494,1.42043549081,1.11308517327,1.11316853786,1.16942767948,1.07893417595,0.914987419683,1.44866502898
2018-03-13,0.595596554102,0.850317734281,0.886983222276,1.35403941884,1.40670079298,1.09940630711,1.10489235471,1.16488291728,1.06982577292,0.914569681899,1.46223445463
2018-03-14,0.585554846762,0.843894555864,0.881271857679,1.34274135022,1.39806457543,1.09264169895,1.1024482378,1.15907810229,1.06800251475,0.910980124649,1.48114853902
2018-03-15,0.58579816879,0.841244854145,0.883747915795,1.33919573231,1.39100938462,1.09419998566,1.10422177391,1.15766664018,1.06673455672,0.914863398845,1.48684681676
2018-03-16,0.578208326614,0.827160334494,0.874502014204,1.3343978074,1.37610453983,1.0868347454,1.09979829618,1.14901640131,1.06150872019,0.911330395071,1.50036913655
2018-03-19,0.577529558854,0.826743747956,0.875125470321,1.32983385781,1.37549115218,1.08450775073,1.09848198316,1.15147696122,1.05935876805,0.914334776991,1.50707670855
2018-03-20,0.584902301135,0.829031651753,0.881934639748,1.327771574,1.37360627924,1.08275195289,1.09398429461,1.15153992406,1.05630391545,0.912642628577,1.48504823866
2018-03-21,0.578164540835,0.821319953348,0.879736361597,1.32493318359,1.36903583995,1.08326631538,1.09205307007,1.14882486636,1.05668490319,0.912347085657,1.50167429041
2018-03-22,0.572485912742,0.81678464128,0.872021624121,1.31896549904,1.35819582534,1.07542645332,1.08750363235,1.13881091359,1.05002589978,0.900706449134,1.49726360273
2018-03-23,0.556338802629,0.794949828186,0.858254367552,1.2701596918,1.29866347147,1.02263710409,1.04449228146,1.09406951488,1.00336478936,0.862031296919,1.47520376867
2018-03-26,0.550789889232,0.785768388711,0.847519371268,1.26942612345,1.30889302024,1.03145528693,1.05179959732,1.1127148797,1.02278851345,0.874866276775,1.51188206914
2018-03-27,0.561959441291,0.803862010303,0.866827339549,1.29282542558,1.32645457923,1.05334767159,1.06600899254,1.12986990066,1.02961237747,0.880992562,1.49180939553
2018-03-28,0.556263771639,0.788772268646,0.8522039305,1.27711164169,1.30331228642,1.04223548664,1.05416697854,1.11712103033,1.01907773204,0.873734346437,1.4946389033
2018-03-29,0.55678371567,0.798324980701,0.860334436964,1.28987053194,1.31766875654,1.05632178773,1.06918290748,1.13115428829,1.03135546904,0.883418841224,1.50980847025
2018-03-30,0.553539817965,0.802136908722,0.866904787575,1.30533302899,1.32985335164,1.06445081219,1.07856254341,1.14032494276,1.04799845626,0.893464382578,1.53577316939
2018-04-02,0.562667205653,0.804701022094,0.861213444269,1.30516482805,1.33823261551,1.06300268089,1.07693864301,1.13976198408,1.04884463002,0.890693580524,1.50568688932
2018-04-03,0.563740312216,0.798224547099,0.852982938558,1.28868358433,1.32254949289,1.05604416929,1.06422637451,1.12936209346,1.04004303298,0.877962201117,1.4812933169
2018-04-04,0.559307847356,0.789456942487,0.84512548747,1.28607088974,1.31034499946,1.04727424948,1.06406752963,1.12742571759,1.03845072623,0.876006829901,1.4896410422
2018-04-09,0.556863430248,0.787872379502,0.843104207784,1.28465613032,1.31110112737,1.04355673457,1.07031249314,1.12702366346,1.04153748492,0.875415932535,1.49514660241
2018-04-10,0.553306746128,0.798151101366,0.852016637378,1.30965420831,1.32364200923,1.06317537542,1.09233616827,1.15071164031,1.05881278853,0.882410261921,1.51664190152
2018-04-11,0.557628469042,0.801100978985,0.851634926207,1.31191884135,1.32397564075,1.06393167679,1.10148045329,1.15297287931,1.06175121928,0.887668815023,1.51383397321
2018-04-12,0.552631067737,0.79247108795,0.841177224154,1.31355145216,1.30962090802,1.06155324128,1.09335365632,1.14465088319,1.05276117298,0.879701678113,1.51381358934
2018-04-13,0.548073372032,0.786569501779,0.837354159915,1.30531829792,1.30521544299,1.05799004186,1.09009030454,1.13728393503,1.04853176211,0.87882325366,1.52478679777
2018-04-16,0.54297965596,0.785669612351,0.828956599221,1.29238685874,1.28158435417,1.04143841515,1.07862418802,1.12197713439,1.03269101832,0.866406670298,1.51741477556
2018-04-17,0.524692034716,0.774054659238,0.807623271317,1.26805465482,1.26265028864,1.02031644197,1.06431532131,1.1115501252,1.02075210846,0.858964633406,1.55548759219
2018-04-18,0.528198791216,0.781131904789,0.812653893626,1.27945819213,1.26832718287,1.02862391552,1.06886124168,1.11644342712,1.0287885712,0.863915298868,1.55405665222
2018-04-19,0.530701609717,0.788455178917,0.821371525185,1.29201533073,1.28212704915,1.04203892699,1.08193509449,1.1240370013,1.03641522363,0.868024986301,1.5540856299
2018-04-20,0.523135155268,0.774805090728,0.809583350727,1.26576043352,1.25424098962,1.0229130082,1.06910218754,1.09910233449,1.02096820364,0.852724053707,1.54884861019
2018-04-23,0.519646382374,0.770284748881,0.803492681945,1.26970264744,1.23995471912,1.01710943716,1.06582663263,1.10139535989,1.0148346378,0.84538840771,1.54585370703
2018-04-24,0.529599891043,0.789352441322,0.823071182322,1.29673940188,1.26500352412,1.0413401703,1.08667616491,1.12096117507,1.03218778915,0.860980537189,1.54475515852
2018-04-25,0.528305462849,0.789308608389,0.822475824244,1.28857841493,1.25871018587,1.0408813983,1.08433852553,1.1211245031,1.0331845475,0.862226559916,1.55076638179
2018-04-26,0.518009268682,0.772534868177,0.804621838864,1.26863044874,1.23361761457,1.02119987035,1.06459193592,1.10410402355,1.02084447353,0.850684961453,1.5602311519
2018-04-27,0.517905917938,0.777774909742,0.808987404375,1.26849305668,1.23470898773,1.02947509705,1.07778538172,1.10798120831,1.0338353168,0.859393595283,1.57651484334
2018-05-02,0.52305111884,0.778719269679,0.809922473418,1.26845259332,1.23368002509,1.02015286181,1.08277403981,1.10455152426,1.03409453249,0.857399147062,1.55719404395
2018-05-03,0.52863142091,0.780091758428,0.817247483883,1.28138205889,1.24893503395,1.02828608685,1.09599040625,1.11093627467,1.04845091047,0.860142312216,1.54556281951
2018-05-04,0.5256591875,0.771986765293,0.815636010276,1.27979802216,1.24567674206,1.02616889719,1.09288858459,1.11790657111,1.04948511032,0.858791252366,1.55182507877
2018-05-07,0.534297164088,0.784905061199,0.824436781104,1.29663513501,1.26805352437,1.04577640802,1.10708916332,1.13673189672,1.06323446886,0.871476141644,1.54924590778
2018-05-08,0.537386397777,0.791136036263,0.831850748183,1.30388626371,1.27431015459,1.060181283,1.11394307383,1.1437889758,1.07159367745,0.876680684271,1.54954062962
2018-05-09,0.537249054437,0.79019462455,0.828711742165,1.29908077145,1.27151563078,1.05665834634,1.11303781409,1.13946214442,1.06823727853,0.877428293144,1.55125806091
2018-05-10,0.540383495612,0.793218803725,0.838937030837,1.30520537023,1.27947445438,1.05732921485,1.11397089376,1.14743231647,1.07396401957,0.880053720979,1.54684929667
2018-05-11,0.531791570654,0.781877435587,0.833853173966,1.29260283844,1.27382646021,1.05326243552,1.10507167434,1.14752587241,1.07126593186,0.88307788275,1.57675920289
2018-05-14,0.532361858805,0.784977086035,0.840731033695,1.2925492618,1.26728746385,1.05810376975,1.10910668556,1.15292219092,1.07588411788,0.883083495955,1.57507832406
2018-05-15,0.536381404891,0.789322750811,0.846822102617,1.3032356722,1.27542438943,1.06799701629,1.11337364411,1.15954809138,1.08801329342,0.893010346223,1.58089149871
2018-05-16,0.537114737269,0.785837168729,0.845863291884,1.2932833964,1.26586344439,1.06793898253,1.1038443364,1.14995806806,1.08195871857,0.888668824541,1.57104435535
2018-05-17,0.53585214486,0.776077761577,0.837631807575,1.28521047809,1.25964864476,1.06530617338,1.09908535609,1.14685260688,1.07693193032,0.887742481726,1.57309975315
2018-05-18,0.541202946366,0.782857347366,0.840040495953,1.29542623704,1.26967202954,1.07560634027,1.10777340358,1.15664895706,1.08998322308,0.89693748701,1.57368517633
2018-05-21,0.540893778112,0.784705568613,0.847036676384,1.30746221921,1.2755107603,1.09206097766,1.11834025779,1.17359786966,1.09989532632,0.906447169241,1.59126898771
2018-05-22,0.540737031631,0.786040366877,0.847983125592,1.3063549727,1.27516915483,1.08712246386,1.1189020629,1.16854554182,1.09501867086,0.904710706095,1.58868176118
2018-05-23,0.531765050457,0.778680910084,0.83520938565,1.2934247315,1.26136659743,1.07158754426,1.10545675607,1.15533623508,1.08224124406,0.897410623868,1.60222235836
2018-05-24,0.527361686347,0.771593581312,0.831234487547,1.29073207625,1.25455566637,1.06678247968,1.0989362108,1.14835207779,1.076378272,0.891423364668,1.60480025714
2018-05-25,0.521889037487,0.762053861937,0.828821969873,1.29026783223,1.25147946808,1.06131963452,1.09558825401,1.14045699367,1.06745151307,0.88537701457,1.61056888282
2018-05-28,0.525918326395,0.759025018096,0.826228089147,1.28850847856,1.24857683734,1.06019080439,1.09274725699,1.13643144032,1.06429026203,0.879835128211,1.58805323063
2018-05-29,0.512148267677,0.751919795657,0.819384086789,1.28122762901,1.24092611885,1.05427829124,1.08561488179,1.1286671239,1.06057166723,0.878559781093,1.62733111445
2018-05-30,0.500496636304,0.731303735262,0.800336168781,1.25008788672,1.19996406022,1.0264862081,1.06016959804,1.10211735147,1.03138626494,0.855640095746,1.6219002414
2018-05-31,0.514691359439,0.747599712123,0.809911989847,1.26942040821,1.22336502279,1.04369546765,1.07441623447,1.11908218956,1.04649407892,0.866752869757,1.59696579178
2018-06-01,0.503449902616,0.737981200272,0.804506257769,1.24814588093,1.2199373025,1.03518258324,1.0780009551,1.11743773006,1.04776314905,0.86154641736,1.62225264854
2018-06-04,0.499731724815,0.734798019987,0.800058066279,1.24977341903,1.2167507185,1.03552908451,1.08201055133,1.1174379941,1.05058877603,0.859576062149,1.63052354058
2018-06-05,0.503445386014,0.746613055798,0.810793655377,1.26148133668,1.22633531168,1.04416474146,1.09577457805,1.13081511868,1.06061254262,0.868926436441,1.63614327178
2018-06-06,0.505893242157,0.746665311809,0.81283662176,1.26879142146,1.22392064563,1.0377297242,1.09547733067,1.13241287427,1.06116708366,0.868053499923,1.62654430896
2018-06-07,0.504670111843,0.743184108053,0.811555390534,1.26036047312,1.21795176289,1.03467644278,1.09849462163,1.1327446537,1.05700835722,0.869304274295,1.6328205891
2018-06-08,0.495623873859,0.731217132494,0.801111371999,1.23973439572,1.19982052055,1.02056511784,1.08801031577,1.11546575492,1.03776239939,0.854056367726,1.63344872837
2018-06-11,0.492901022037,0.725977262809,0.79803054466,1.24248966535,1.19606611472,1.01436601745,1.08851113973,1.11346090318,1.03672127476,0.853804660732,1.64194113813
2018-06-12,0.496013992385,0.737186617623,0.807584209506,1.25505083799,1.20402123358,1.0192782131,1.10540501093,1.1217504927,1.04740418204,0.861613186242,1.6465877576
2018-06-13,0.490251693328,0.72899780874,0.794780660299,1.23974504014,1.18580241854,1.00475707258,1.08486349848,1.10833122603,1.033142861,0.858402608911,1.6595809337
2018-06-14,0.487320109017,0.72429323894,0.792625661914,1.23962534678,1.1770222581,1.00158972666,1.08516554582,1.10550414108,1.03443745311,0.855449118239,1.66379472794
2018-06-15,0.481542015667,0.718035741559,0.788250537947,1.23495023173,1.16344969432,0.995941824357,1.07972549548,1.09114981493,1.02019038994,0.839352563914,1.65221534744
2018-06-19,0.461807243466,0.69520386475,0.75205480777,1.17559574953,1.10800422773,0.953086093971,1.02726713538,1.02410978336,0.94800712556,0.7906615272,1.62408178731
2018-06-20,0.457447856985,0.695006798933,0.7502309771,1.18541956882,1.12175139736,0.964467962731,1.03830290509,1.04259909679,0.96488667392,0.783659298817,1.62502972437
2018-06-21,0.448447170094,0.68698783519,0.731653937245,1.16774617701,1.10430315516,0.94206916067,1.02199001578,1.03190448873,0.94969548849,0.771405477382,1.63159355355
2018-06-22,0.455439565725,0.692415219891,0.742810158095,1.17901781223,1.12053796985,0.950341053257,1.03578503866,1.04035226474,0.958970004433,0.772105649255,1.60763392036
2018-06-25,0.449706898852,0.685869556012,0.737504733723,1.15747107047,1.10064100245,0.937470830885,1.03103952744,1.03578520754,0.950507251864,0.757017634332,1.59645398588
2018-06-26,0.448866572184,0.687377539783,0.735143204463,1.15548909988,1.10010943285,0.935837376475,1.0276102425,1.03134743969,0.950799517006,0.750630723625,1.58596795226
2018-06-27,0.443779089123,0.676536616881,0.726160980099,1.14343341232,1.08923250172,0.924321096714,1.01505070357,1.01821975208,0.934205144014,0.735999687963,1.57303027531
2018-06-28,0.436693001291,0.668164745964,0.723717396318,1.13429039695,1.0794104297,0.916816724723,1.00688988713,1.0174646783,0.930003560167,0.72444022841,1.57344210693
2018-06-29,0.447217943602,0.6825981677,0.745508293697,1.16054310185,1.10401678987,0.94236862147,1.03264033909,1.04609797937,0.95625886187,0.742584818986,1.5749288397
2018-07-02,0.439197120444,0.663726919194,0.726435568347,1.1270320795,1.08094551856,0.926692183629,1.0105567839,1.01836009565,0.931977847125,0.720813438413,1.55700072534
2018-07-03,0.442030772102,0.668112246256,0.728754556248,1.14420652076,1.08885323308,0.926875250083,1.01561684707,1.01923090852,0.940406375238,0.724391446284,1.55468384131
2018-07-04,0.43361267439,0.649998073639,0.715789175882,1.13037878383,1.07528264466,0.912542796664,1.00170875968,1.01218769689,0.936487657802,0.717267540019,1.56900218672
2018-07-05,0.427162149823,0.636038058446,0.70433951503,1.11376573906,1.06278457662,0.89954120858,0.992664570983,0.993950751467,0.921511166856,0.700123424021,1.55484077147
2018-07-06,0.424034788667,0.633773835903,0.708412767535,1.11176474163,1.06460509184,0.903092726521,1.00028148268,0.997965316491,0.927688696918,0.708646304738,1.58515184515
2018-07-09,0.435761011012,0.649352707428,0.727977047831,1.14333564865,1.09309083341,0.928031932872,1.02357423653,1.0219815182,0.948358316598,0.723451088461,1.57443261171
2018-07-10,0.439724194142,0.654736685782,0.738588688192,1.14305902839,1.09519313936,0.931702709782,1.02959431973,1.02862996002,0.95425003143,0.726702342835,1.5671890177
2018-07-11,0.432926255328,0.641757586903,0.725310800601,1.11761051359,1.06756329547,0.913100348454,1.00761506419,1.00518256126,0.930309416389,0.710966094411,1.55748063728
2018-07-12,0.443498349423,0.662137849655,0.743906569595,1.15494351254,1.09249624389,0.935939006131,1.03517684879,1.02700492582,0.953146890818,0.727790990324,1.55630435803
2018-07-13,0.443755788338,0.663584872217,0.750298413159,1.15331759045,1.0974608624,0.941171009952,1.0345125831,1.03254665934,0.955891683383,0.728411865708,1.55672864162
2018-07-16,0.447704848592,0.66540247067,0.747741719792,1.1580408446,1.08868615572,0.939203743988,1.031025798,1.02420573728,0.948620854146,0.724321674911,1.53413367223
2018-07-17,0.44890658741,0.664498042161,0.747206739553,1.15365672661,1.08164442175,0.935153309422,1.02576503031,1.02147864581,0.948141345016,0.72151342652,1.52406776915
2018-07-18,0.445055003946,0.657837529688,0.738088155725,1.14561256807,1.08006938752,0.935103903098,1.02050996762,1.01942945629,0.949067188303,0.719319731818,1.5325103648
2018-07-19,0.444373068223,0.651386713806,0.732768120829,1.14633526059,1.07318888625,0.930792483914,1.00567031767,1.01127340882,0.945530365599,0.717350934868,1.53066403345
2018-07-20,0.448522616835,0.657416188054,0.743421632911,1.16213800136,1.09475326567,0.953584000177,1.02492166999,1.03058047978,0.966637023661,0.72998705139,1.54333332101
2018-07-23,0.458110796358,0.670892071669,0.760995752862,1.18280786785,1.11401876155,0.967401632135,1.02948574036,1.04068647643,0.976549703223,0.730205395451,1.51080272223
2018-07-24,0.470240178731,0.684798715835,0.772435551945,1.21210612121,1.13136435613,0.986186308412,1.0456517033,1.06380299785,0.994385362735,0.741601292383,1.49437948706
2018-07-25,0.463910910571,0.681872471312,0.772815684987,1.20974150175,1.13624077541,0.982847494938,1.04985423701,1.06743311365,0.989398878768,0.743087437465,1.51748800005
2018-07-26,0.456414924186,0.674669052806,0.767474614176,1.19896869164,1.1247885632,0.973911299666,1.03879223442,1.06162819421,0.98713140023,0.733939034451,1.5233256311
2018-07-27,0.450559401085,0.668992494657,0.764919644213,1.19171887502,1.11365874826,0.96867980651,1.03951142418,1.05590404073,0.986955364172,0.732173601321,1.53920472212
2018-07-30,0.447596509764,0.666141724749,0.756921558578,1.18100048217,1.1113963609,0.969070872687,1.02564407839,1.05538070834,0.979292309544,0.7254089333,1.53510561922
2018-07-31,0.445068992334,0.66384283959,0.758530967587,1.18825268932,1.11309123721,0.972972795984,1.02908809254,1.05593226242,0.984565989956,0.729716056219,1.55288885989
2018-08-01,0.434898520345,0.650830822391,0.743573881878,1.15768914551,1.09769777984,0.950847214349,1.01041854137,1.0379272446,0.972056106055,0.716505423519,1.56026143504
2018-08-02,0.426356486994,0.642230071983,0.724699400278,1.13406665151,1.07165895734,0.922838551534,0.985940156307,1.01108738135,0.943955454269,0.699228001667,1.55328392184
2018-08-03,0.413685940545,0.628970193778,0.711369706814,1.11739793532,1.05236716469,0.912047746332,0.978175820521,0.99488179517,0.933575860839,0.694622727253,1.58921444013
2018-08-06,0.404239644224,0.613358215201,0.698457831269,1.09667407573,1.02903869,0.896139015252,0.959960407349,0.980490072529,0.914880148699,0.679920320255,1.59186593455
2018-08-07,0.414597946187,0.630199561155,0.721083718068,1.13224707295,1.06459550734,0.925408918541,0.985793424256,1.00922297236,0.945820931398,0.697992865991,1.59338811837
2018-08-08,0.408501334558,0.618360208388,0.707237188139,1.11502926052,1.04712031491,0.904456423774,0.973149377641,0.99553006729,0.929973814673,0.693356330761,1.60623434492
2018-08-09,0.412518977202,0.634037974778,0.722376735861,1.14415657209,1.07165481497,0.927235662663,0.995045375456,1.02404332805,0.956359233519,0.708893807966,1.62643113753
2018-08-10,0.420828627586,0.6353736709,0.728165548856,1.15138326015,1.07400875226,0.929900461963,0.995830504148,1.02580128645,0.957048489762,0.707466730814,1.59039465324
2018-08-13,0.424927558632,0.638078653106,0.730316532019,1.15300632401,1.07921636954,0.92771388711,0.991649671659,1.02049342632,0.95295176783,0.701062946873,1.56050818999
2018-08-14,0.421988745174,0.632728127201,0.722981980866,1.14342852741,1.07510887744,0.926708644867,0.990305977624,1.02372583071,0.953172466581,0.700189593791,1.56935670595
2018-08-15,0.411712723986,0.61657487556,0.705113410631,1.11580171863,1.04765489837,0.909134191679,0.968731392372,0.996527634227,0.935244284687,0.686458296247,1.57679637132
2018-08-16,0.403236813666,0.612796543424,0.702533568993,1.10478594035,1.04065610544,0.901637696424,0.964408506925,0.993894555684,0.930948924742,0.685528908147,1.60712299671
2018-08-17,0.395555090681,0.603093806051,0.689692430803,1.08454938386,1.02338713997,0.891158337017,0.947998996604,0.984800551652,0.91700932998,0.673018024911,1.60840898628
2018-08-20,0.395112231243,0.607119097075,0.690501449155,1.09536914806,1.03083789064,0.903311926202,0.960620584044,1.00024012784,0.924306145141,0.677303957299,1.62045246007
2018-08-21,0.403346443145,0.624329683666,0.703497807234,1.10752867981,1.04742387843,0.916307310707,0.970591301324,1.01049211528,0.933826419423,0.683897319781,1.60245657783
2018-08-22,0.400023234569,0.618643700304,0.693666983588,1.09659466909,1.04228073391,0.911215579847,0.960687542775,1.00343333909,0.926386022608,0.679981493586,1.60648409713
2018-08-23,0.401941150931,0.618212343991,0.693748675711,1.10198433378,1.04519111231,0.916221452779,0.965869809541,1.00710837638,0.934746182838,0.685245172409,1.61121744574
2018-08-24,0.399900306196,0.617497321274,0.696177508481,1.10738685581,1.04309115456,0.915800869399,0.966301849039,1.00873024063,0.937135585513,0.68723760038,1.62408315365
2018-08-27,0.4082007698,0.630647214194,0.711999208955,1.13446989664,1.07024372496,0.937766754417,0.991289673694,1.0355522602,0.959491147605,0.705460368139,1.6334372753
2018-08-28,0.409356660335,0.630692089581,0.709929414975,1.13478743864,1.06535531227,0.946987060016,0.994181424786,1.03705056528,0.959172535476,0.707988883497,1.63466649318
2018-08-29,0.409322229306,0.625874392648,0.707339782506,1.12607136614,1.06489691581,0.949259353697,0.988368065861,1.03320587784,0.954974764302,0.705902644269,1.62998709403
2018-08-30,0.404246301482,0.617519111353,0.697225645806,1.11589149965,1.05739330542,0.930603494257,0.977100182782,1.02318568097,0.943948906809,0.697874837378,1.63166339235
2018-08-31,0.396433922729,0.611652667331,0.692456369519,1.10743442328,1.04617097162,0.923994185246,0.976385562154,1.01804943413,0.946135294399,0.702420712669,1.67382503991
2018-09-03,0.393902098094,0.610269118828,0.686623513757,1.09887033226,1.04034541373,0.921965677498,0.972671183601,1.01855505525,0.948395945604,0.70320360094,1.68638049519
2018-09-04,0.404731795963,0.616301071548,0.692048530519,1.1092405951,1.0516375062,0.929613140285,0.981213472994,1.03305979568,0.957079601847,0.711257501079,1.65933058274
2018-09-05,0.400152849267,0.603726623638,0.679142461577,1.08720584611,1.03660910935,0.913851008061,0.964696290011,1.02070042048,0.943964821367,0.704026062022,1.66123286463
2018-09-06,0.397446036213,0.599594911788,0.674634198946,1.07788369909,1.02694819319,0.903785915571,0.95811691059,1.01383962686,0.937651089089,0.698947357354,1.6604863825
2018-09-07,0.395618511567,0.600022063733,0.674743534942,1.08376254062,1.03171594468,0.905110545228,0.960146508107,1.01872272831,0.942916125405,0.700607803009,1.672066296
2018-09-10,0.385307045429,0.591222517117,0.659661621732,1.0651203547,1.01611267951,0.891954988025,0.937495421221,1.00024350853,0.928194132775,0.691039191233,1.6928109174
2018-09-11,0.384638789638,0.591330734306,0.658306116287,1.06299555956,1.01563370823,0.890068537456,0.939232114154,0.997440223824,0.934308843499,0.693668006067,1.70218653948
2018-09-12,0.383955410623,0.590980906231,0.65693575944,1.060578907,1.01560540846,0.887638850065,0.935869106403,0.99222279421,0.930117680057,0.695176975132,1.70891362319
2018-09-13,0.387068422502,0.5981992606,0.662529512594,1.06678397202,1.02309880275,0.89505500492,0.947802797848,0.999631797866,0.938922154001,0.703276449055,1.71496866181
2018-09-14,0.382914292173,0.59252741487,0.662402968098,1.06966699666,1.02460111627,0.894654123038,0.939859397854,1.00233395748,0.936959096577,0.704173381592,1.73556140883
2018-09-17,0.376463970765,0.582823551375,0.652942240027,1.04410862961,1.01248505832,0.88537626792,0.926760435452,0.990611704448,0.927245539082,0.692004134097,1.73480424087
2018-09-18,0.381997015455,0.594898311073,0.664285097304,1.06386396681,1.03407327117,0.904514710354,0.947944412994,1.0116291197,0.945912574769,0.707206239206,1.747417691
2018-09-19,0.384841805445,0.600952211919,0.674592707152,1.07787612648,1.05225143635,0.919627739412,0.963335418358,1.02548865535,0.955807320259,0.716405633523,1.75713495175
2018-09-20,0.383665417791,0.599391465436,0.674083127799,1.07724078695,1.05224142076,0.918477724819,0.961550934465,1.02671388999,0.951918278232,0.714092009684,1.75683152926
2018-09-21,0.3922612594,0.613584779355,0.696236218748,1.10397163886,1.08267639623,0.938983928842,0.984008402237,1.05673199503,0.973645150568,0.726039134307,1.7468632428
2018-09-25,0.38640796593,0.603791328264,0.689272458073,1.09649954052,1.07357343787,0.932835352294,0.984138699517,1.05244419666,0.972380018276,0.725417744207,1.77143473099
2018-09-26,0.3904898553,0.60683161718,0.69367865177,1.10108522281,1.08263453167,0.939147353991,0.993591967446,1.06518983743,0.982570258112,0.73276799016,1.77067080663
2018-09-27,0.387509892423,0.606859167481,0.690348313482,1.08915963507,1.07308944782,0.929106015482,0.984504228047,1.05550007866,0.974355367388,0.729240494288,1.77565951647
2018-09-28,0.39109347225,0.614672239634,0.699134913838,1.09640131964,1.083644432,0.938878377209,0.991861859402,1.06608424613,0.9865480737,0.738179168198,1.78100389625
2018-10-08,0.377693748437,0.589978923762,0.668424369405,1.04957749236,1.03636999058,0.898071413924,0.964120150892,1.02358547064,0.950279774708,0.714048253592,1.78380438717
2018-10-09,0.377618999835,0.584778244262,0.664841733485,1.05302963547,1.03579591988,0.898593200211,0.960904392872,1.02656990182,0.945202930407,0.710588256308,1.77551380108
2018-10-10,0.377038660646,0.581751827833,0.662759315211,1.05186780579,1.03187748686,0.902178033586,0.958389599897,1.02573557355,0.946657728072,0.714548280822,1.7881372069
2018-10-11,0.360480880118,0.549531179352,0.626273340543,0.990937202431,0.967935979946,0.845701398121,0.895394174945,0.948035086626,0.881724795597,0.658283534846,1.72586289566
2018-10-12,0.362631662903,0.549580917793,0.631754765693,0.997323877093,0.971984689335,0.851317273071,0.910465816296,0.961845077401,0.876860320017,0.635935830787,1.65697529501
2018-10-15,0.353825298934,0.539860686698,0.625060950705,0.978462849593,0.961490559418,0.837950552168,0.895493913378,0.947761884017,0.862151523128,0.619426343026,1.65419764779
2018-10-16,0.348780798197,0.528155802481,0.609730378655,0.9617309701,0.944140212632,0.823940293089,0.878302958093,0.932092170988,0.847659883403,0.611359678238,1.65623932299
2018-10-17,0.350062139117,0.530355306422,0.613649469458,0.966146746129,0.959379454257,0.831017307701,0.88901999219,0.937132865305,0.858499438704,0.616203013814,1.66327579692
2018-10-18,0.343816127524,0.51866099919,0.598852931055,0.947457360387,0.93747433012,0.809535479456,0.864838840169,0.915262085278,0.833048778598,0.597939640073,1.64365581817
2018-10-19,0.355980099487,0.536655996376,0.615452427464,0.97217338498,0.962717029044,0.831265927952,0.884298384976,0.943621129445,0.858860383485,0.611063418903,1.62157994184
2018-10-22,0.378858592031,0.567704886169,0.648295518675,1.03037819233,1.01978353826,0.877262931972,0.92282715091,0.985369031838,0.892113698266,0.634271758662,1.57895059344
2018-10-23,0.374090966392,0.559550564347,0.632931702943,1.00615338331,0.99274492413,0.857244218692,0.900468910951,0.969132669508,0.876134414893,0.620713241384,1.56506794091
2018-10-24,0.377507544387,0.559289318442,0.626610864899,1.00427108124,0.984893097502,0.853015133906,0.90122324684,0.971352347938,0.884687001046,0.626265293207,1.5647731112
2018-10-25,0.394697656312,0.562764131956,0.624856744661,1.00167863824,0.98475612592,0.84834890222,0.899692871034,0.967165835838,0.883937292519,0.623202149904,1.4858663951
2018-10-26,0.385763266904,0.557099400721,0.621940685519,1.00046667808,0.986641518129,0.849249451682,0.903985633139,0.970513486202,0.882898618262,0.620349322326,1.51269867783
2018-10-29,0.372423379227,0.546486234671,0.608396438604,0.984397876624,0.962110279727,0.834375584716,0.892059188096,0.957020098779,0.863142756307,0.610821123844,1.54177440197
2018-10-30,0.378506259346,0.55599635037,0.621480355359,1.00784979097,0.972027827432,0.838042361718,0.905680972896,0.969491499441,0.868757980997,0.616767085967,1.53160044276
2018-10-31,0.375594180098,0.560971803993,0.631357885985,1.02869823616,0.98735313899,0.858337308712,0.920554214089,0.984754065488,0.880680067284,0.624829943152,1.56340624564
2018-11-01,0.379946241103,0.569966508233,0.63746153771,1.03542107487,0.991226225881,0.867600315665,0.927424714222,0.992748368576,0.884269726477,0.628177081537,1.55366582223
2018-11-02,0.394411015575,0.592386067237,0.661772838234,1.07582044152,1.02828041372,0.900375458151,0.951939114349,1.01875307825,0.916023163134,0.643015494804,1.53121660034
2018-11-05,0.393857450862,0.588947138832,0.657400907694,1.07266247244,1.02941855116,0.898670828674,0.952993846206,1.0197868125,0.917983307671,0.641864608449,1.53062508473
2018-11-06,0.389300342218,0.585099198513,0.649897912422,1.06262686163,1.0387182746,0.899539862955,0.954086801789,1.01735345157,0.916093852378,0.637101320475,1.53697631416
2018-11-07,0.38353391638,0.582570491957,0.649924678353,1.05441269394,1.02996477837,0.891602308003,0.954277633167,1.00794148142,0.913224819536,0.630145262086,1.5429612818
2018-11-08,0.379894161622,0.575817161316,0.642508844208,1.04550672018,1.02641475627,0.887133292923,0.949366922623,1.00628984526,0.907632666992,0.626271134728,1.54811794437
2018-11-09,0.376102388867,0.572294813862,0.638222856922,1.03640939874,1.01570797347,0.877471125341,0.946120160504,0.998762785821,0.901618370312,0.622686789607,1.55470954772
2018-11-12,0.384216725803,0.584595609453,0.648726002985,1.0548976064,1.03395052839,0.898587812022,0.966804659092,1.01827779095,0.914867145839,0.633112578718,1.54719784926
2018-11-13,0.389040978084,0.595664864469,0.657639420532,1.07393182564,1.04591836939,0.910646538867,0.978858685883,1.03053526509,0.924080171404,0.638465042543,1.54085145257
2018-11-14,0.386605540734,0.590966936547,0.652521665891,1.06578624152,1.03611761738,0.905934958583,0.973376220047,1.0270415579,0.917761606463,0.634835966824,1.54173904716
2018-11-15,0.394331364105,0.596268104164,0.661431641642,1.08599837564,1.05004072407,0.918593488617,0.987982788083,1.04229023726,0.933003726081,0.643395249085,1.53171609478
2018-11-16,0.401437412988,0.609579767254,0.669509712505,1.08948976513,1.05298903717,0.919069004403,0.994242304099,1.04742856632,0.940536174721,0.644889638432,1.50767146075
2018-11-19,0.407142018712,0.616095602653,0.675618336954,1.10740748739,1.06320912307,0.923586726238,1.00248872414,1.05990598061,0.947822491902,0.648837270549,1.49547584398
2018-11-20,0.393438052826,0.591218118291,0.653651993152,1.07485412725,1.04048222551,0.904689802676,0.972410065238,1.0348580345,0.928407883454,0.640457883243,1.52649869212
2018-11-21,0.39231444684,0.592507414184,0.658197008104,1.07704254667,1.04671034226,0.909071433483,0.974859013167,1.04119966439,0.929437022135,0.640320867913,1.53053159733
2018-11-22,0.387045041116,0.588157502848,0.656823283633,1.07415341007,1.04837412246,0.908108279147,0.973718085326,1.04194356509,0.93293975027,0.639533746114,1.54920764244
2018-11-23,0.373426236328,0.56630188894,0.635485040315,1.03288111967,1.01589175039,0.884902983035,0.94743432901,1.01161744032,0.907196337561,0.622146755839,1.56160074003
2018-11-26,0.370590445109,0.563507222029,0.631554368957,1.0265599069,1.01096267184,0.884312127011,0.949112525267,1.01131867824,0.907388785641,0.619249647658,1.56618770499
2018-11-27,0.372985429508,0.56457374104,0.634340568072,1.03217713729,1.00854803844,0.886413190384,0.951118717143,1.01066364815,0.907247990839,0.618535103962,1.55425882992
2018-11-28,0.377424856257,0.572634507358,0.647397229545,1.0523492611,1.02377537469,0.906202589223,0.964361119643,1.02335359048,0.915560101798,0.627720304122,1.5588400266
2018-11-29,0.366867595069,0.555160207922,0.630430038994,1.02918002235,1.00543487628,0.895126352905,0.955010485373,1.00881642824,0.909604912054,0.622238397187,1.58883021023
2018-11-30,0.370547363663,0.560195488597,0.637640941825,1.04176782328,1.01570803721,0.905265280173,0.969132030324,1.02200419416,0.915395663666,0.630523071229,1.59404804383
2018-12-03,0.383581398702,0.579409688535,0.656528698608,1.06979855051,1.04787698306,0.931665264436,0.998196179599,1.04864000116,0.936747818217,0.644786050355,1.57403601857
2018-12-04,0.385727429454,0.580430993305,0.658820035301,1.06799683413,1.05237491813,0.933092640719,1.00090831321,1.05202649959,0.938474041124,0.649680128739,1.57717703192
2018-12-05,0.387679717982,0.58011589867,0.654340345847,1.06331564926,1.04845962409,0.92454172247,0.992852998635,1.0388152251,0.935580693354,0.645913471282,1.56005042388
2018-12-06,0.379715268472,0.56190509236,0.640051520718,1.03785647321,1.02273355188,0.904336668689,0.973838924185,1.02095091718,0.918557271554,0.636588882122,1.56957860011
2018-12-07,0.374973846721,0.563227564708,0.638263758861,1.04153303636,1.03009004294,0.911700719516,0.975666379152,1.02815648516,0.922022473442,0.641239677613,1.60064462407
2018-12-10,0.370344402692,0.557021940404,0.633962411505,1.03084715196,1.01601998507,0.898088005839,0.96546675558,1.01538157587,0.912721750909,0.628071072156,1.58753514863
2018-12-11,0.372038670961,0.559684498837,0.633209943022,1.03571639256,1.02056876318,0.905340111461,0.972381300854,1.02709956755,0.918078916708,0.630950377186,1.58755025676
2018-12-12,0.372465026756,0.561655793671,0.632195840141,1.04238360126,1.02549516714,0.909083486717,0.974408092176,1.03014696575,0.920291173704,0.630538663726,1.5846950037
2018-12-13,0.378795903694,0.566224457778,0.643639904291,1.05824027786,1.03925781534,0.921709449926,0.985795584195,1.03848789923,0.931295096991,0.638174425584,1.57695006687
2018-12-14,0.373365134174,0.558907289713,0.630453875812,1.03156556816,1.01526377085,0.899782170956,0.968558590158,1.01641231315,0.91738938276,0.624418177044,1.56556654198
2018-12-17,0.371497628572,0.558431733253,0.626292272547,1.02834106899,1.01605921645,0.903797783763,0.969559650102,1.01631176372,0.920137359744,0.622994225835,1.56982703759
2018-12-18,0.365940256787,0.554470920905,0.620886120232,1.01726310086,1.00671123583,0.895399300852,0.960472497652,1.00440504242,0.911776824772,0.618654620407,1.58237568573
2018-12-19,0.359980790063,0.547281087298,0.610260935281,1.00611743998,0.99415711126,0.888521672902,0.950051765343,0.995017637247,0.901837342336,0.610210949859,1.58654827455
2018-12-20,0.358295668851,0.546510558591,0.611110522088,1.00259859697,0.991748862476,0.888227209897,0.946704168421,0.992892297446,0.900146181188,0.609936394646,1.59326128893
2018-12-21,0.354409191539,0.541094748118,0.604417403147,0.985951733015,0.985332863034,0.879249033544,0.938386530223,0.985110294662,0.890823684975,0.605507648407,1.59897492544
2018-12-24,0.351957491878,0.544395351436,0.606590707943,0.989839587693,0.993464295504,0.885541555011,0.942587735532,0.99053813729,0.895571258827,0.61029645891,1.62268206664
2018-12-25,0.354301708713,0.54048325305,0.602205138128,0.97958353711,0.980495480995,0.870298629271,0.930100101181,0.976415220661,0.87765571877,0.599158614631,1.5822604025
2018-12-26,0.351078331199,0.536345748123,0.598040656966,0.973617301998,0.97495038321,0.868675424154,0.92679255558,0.975040989888,0.876530858309,0.60036704529,1.59984677061
2018-12-27,0.350054724082,0.535434909847,0.592463580018,0.97161024934,0.967434714727,0.86012066528,0.92620866055,0.970642253863,0.863865722397,0.598343564395,1.59911916444
2018-12-28,0.349718140764,0.538408102933,0.595785775799,0.975855795428,0.973430876147,0.868073593358,0.934664482531,0.976880824108,0.872539120168,0.599615225366,1.60405535525
2019-01-02,0.342070703858,0.528736659319,0.588642128714,0.97146987938,0.964529273233,0.85409319382,0.926835511306,0.964185439899,0.859091105991,0.593966042436,1.62401956154
2019-01-03,0.341278792918,0.528439531244,0.587923605349,0.972727242175,0.954704932178,0.851082241427,0.92622041504,0.956475122248,0.855050051873,0.587786679134,1.61088365851
2019-01-04,0.358767496327,0.548528601264,0.607717191048,0.995073254936,0.977454686766,0.871079615441,0.945356256409,0.975750287516,0.87117090567,0.600246929763,1.56248299837
2019-01-07,0.360055503582,0.552368899295,0.618689048019,1.01163607443,0.993066232158,0.88145782827,0.958341276663,0.984936889895,0.880364999024,0.603516437214,1.56538429237
2019-01-08,0.356931627516,0.550402108941,0.616975763278,1.01065921129,0.988524388468,0.878890150181,0.958504581575,0.989361700853,0.877616319507,0.603588439039,1.5791524729
2019-01-09,0.357987868046,0.550341255029,0.61704900729,1.01656113941,0.996508553838,0.882965391639,0.963726314168,0.994937960466,0.887007913848,0.613200978118,1.5996284393
2019-01-10,0.354773357563,0.547462361485,0.619267345389,1.01615870506,0.992501348744,0.875181577377,0.960805978162,0.988591606659,0.883094315503,0.610173457768,1.60609436769
2019-01-11,0.354658386702,0.55009501675,0.625251071841,1.02469958519,0.999727200416,0.87892276116,0.965866965437,0.995513475808,0.890347015647,0.61286776958,1.61370680121
2019-01-14,0.351177378965,0.544079037573,0.624387792759,1.02633950685,0.987472942219,0.869994338332,0.960516880309,0.987232540208,0.886189325036,0.609017067091,1.61940643299
2019-01-15,0.353656446039,0.552499886051,0.634457087446,1.04109432279,1.00444456727,0.88594354682,0.976517842037,1.00304637073,0.89990653348,0.6170337864,1.6292914066
2019-01-16,0.353166913159,0.554741567918,0.634815295007,1.04005720921,1.00338782356,0.880262391289,0.972022012422,1.00121541965,0.898352152689,0.615583944217,1.6277183388
2019-01-17,0.352153014869,0.552000276411,0.629701742159,1.03679199121,0.996905582351,0.87597535455,0.965439838865,0.994892309862,0.891511313568,0.612979117399,1.62550366959
2019-01-18,0.358183686827,0.561208718748,0.640702547341,1.05206242603,1.0147763737,0.886876842548,0.977967081489,1.00997720847,0.905325685253,0.62242438773,1.62271373603
2019-01-21,0.360989843456,0.564877177434,0.644482543039,1.06120246713,1.02204404148,0.890032026029,0.9830472723,1.01463092777,0.906052958306,0.625369724388,1.61767948204
2019-01-22,0.355496382749,0.555871766669,0.632338781276,1.04897735128,1.00670548463,0.878633266128,0.968127466493,1.00321909618,0.895606079289,0.620900482055,1.63073611398
2019-01-23,0.353285959764,0.554476177784,0.630843284255,1.04815166872,1.00521652283,0.877139586078,0.965749105424,1.00245032424,0.899316124966,0.622419144639,1.64486440858
2019-01-24,0.352498360011,0.558870481558,0.633796811305,1.05385758775,1.00997762402,0.881637507576,0.970142613301,1.01031468277,0.903641974415,0.623045091703,1.65018558259
2019-01-25,0.355136392962,0.56087177868,0.636228262386,1.05585759661,1.01342427193,0.884306361021,0.970852278422,1.01317604794,0.908688018633,0.624275551881,1.64109487075
2019-01-28,0.356721268366,0.559079972972,0.63687053356,1.05559340382,1.01272789326,0.881626970585,0.96497711129,1.00928742129,0.908485517645,0.624598713197,1.63462064478
2019-01-29,0.352991986961,0.555938686306,0.639518514899,1.05886504276,1.0085613575,0.879740193009,0.961639078614,1.00585253743,0.901649421528,0.618921269222,1.63685121904
2019-01-30,0.352194424382,0.552175515544,0.634519518287,1.04998002498,0.999433285936,0.868429682749,0.946881936401,0.996533383925,0.897003354416,0.614259105148,1.62821962753
2019-01-31,0.351324734843,0.552227501501,0.633709354273,1.04860658845,1.00009212779,0.866988176362,0.954417994969,0.99464832447,0.899047378729,0.612255177608,1.62692844295
2019-02-01,0.358400257184,0.561013265972,0.647509267698,1.06408639255,1.02458869151,0.889657751042,0.977469983226,1.0140063171,0.919174991917,0.62758321146,1.63489358767
2019-02-11,0.366978959686,0.578558444068,0.66628346713,1.09057819414,1.05010357841,0.909410229074,0.995570629363,1.03085379558,0.928707128739,0.638174685053,1.62335207224
2019-02-12,0.370719604791,0.587180500977,0.678612271716,1.10748525776,1.06286821834,0.918629193395,1.00647127847,1.04353682506,0.938363246408,0.644038421945,1.62172095496
2019-02-13,0.379447614657,0.599020119784,0.690230686389,1.12974365822,1.09201771625,0.936581573196,1.03049595097,1.06219935719,0.968139892706,0.657037373771,1.6162720972
2019-02-14,0.380696382378,0.596043709659,0.688305503602,1.13544471272,1.09563133692,0.936871237813,1.03194180634,1.0691104864,0.97512400744,0.661697313201,1.62241609021
2019-02-15,0.377892855257,0.587759088092,0.677673538207,1.12527777293,1.08589054865,0.927295237978,1.01354053933,1.06025195913,0.964361737692,0.652036733099,1.61067711591
2019-02-18,0.39213879692,0.613959446901,0.698509514682,1.16725620707,1.11901283209,0.963805314852,1.04983565379,1.09587024234,0.999224371076,0.669153607694,1.59223974996
2019-02-19,0.397819128871,0.61538724927,0.699914207032,1.15914642587,1.12330288404,0.955811582407,1.04546158473,1.08977694817,0.997406892457,0.668717181725,1.56813687085
2019-02-20,0.395985245971,0.616549801578,0.707174900158,1.16148981029,1.12602770229,0.959691957288,1.04989465358,1.08894421738,1.00363077929,0.671579431387,1.58207768677
2019-02-21,0.396953556758,0.618385392695,0.709914518064,1.16036097517,1.12531075709,0.955264076486,1.04509693386,1.08276644959,0.996612966036,0.667828742878,1.56937329072
2019-02-22,0.419177326956,0.652609551429,0.738513497562,1.17989206911,1.14854931435,0.96520591438,1.05474294396,1.09563588053,1.01242564524,0.678587289287,1.50679283418
2019-02-25,0.460923657508,0.696712953255,0.783246851473,1.25301957057,1.20888447746,1.02217919342,1.1068600133,1.15415321861,1.05592213938,0.703080463235,1.41111640336
2019-02-26,0.454438844324,0.693511543726,0.782371434876,1.25442477372,1.21549052048,1.02250087587,1.10886740413,1.14798905888,1.04904699789,0.701323081656,1.42744248999
2019-02-27,0.449680415033,0.687379345569,0.77728750687,1.24452129072,1.210040061,1.02326073593,1.11063377455,1.14515943274,1.04930772121,0.704611802491,1.4490829601
2019-02-28,0.438427204168,0.672806642681,0.771940399525,1.24187597205,1.20947224608,1.02493974959,1.12060887057,1.15281935666,1.05378868971,0.706921226354,1.49009561745
2019-03-01,0.447947943381,0.685302775137,0.781312619589,1.25903539013,1.22478322249,1.03839957182,1.1327169655,1.17048505343,1.070563675,0.718543737113,1.48223589892
2019-03-04,0.459263003937,0.693396248816,0.791417253466,1.2788001297,1.25505191798,1.06347623577,1.14719029856,1.18444654848,1.09056285008,0.72968318449,1.4677737881
2019-03-05,0.472138126578,0.700068580985,0.797234512715,1.29767316361,1.26542784168,1.08085042514,1.15934330043,1.20823866968,1.10097762432,0.737152452409,1.44165035566
2019-03-06,0.478017019837,0.705609993784,0.814063377502,1.32092257752,1.29392090451,1.1021545091,1.17571401436,1.23277866722,1.10877696511,0.74492198171,1.43889432884
2019-03-07,0.490808035325,0.721901746061,0.824456905338,1.32199037971,1.28929023814,1.08861962123,1.16761586177,1.21904906848,1.08773238638,0.731843198609,1.37512865316
2019-03-08,0.461330961307,0.664933230163,0.784547024082,1.25764787005,1.24183467351,1.03944481778,1.12862428723,1.17667635996,1.05286739207,0.711524906562,1.41953854033
2019-03-11,0.472007209035,0.695410261153,0.80302689869,1.29686517468,1.27434439834,1.07109984227,1.17275759902,1.21034719916,1.07716221635,0.723003331648,1.40958739561
2019-03-12,0.481088494675,0.701135914215,0.81369208877,1.31080013845,1.29427176212,1.08490355195,1.18849252917,1.22275826767,1.08029455194,0.730164345151,1.3964286425
2019-03-13,0.465466671745,0.679404903832,0.793076929247,1.28758896353,1.2777826782,1.07532642434,1.17860504611,1.20764062869,1.07887806019,0.728138637078,1.43789909633
2019-03-14,0.450601154826,0.671365859312,0.773893317693,1.25653389438,1.26262545052,1.05520796579,1.16634638349,1.19450176863,1.07407094888,0.716416164729,1.46067192486
2019-03-15,0.451738375677,0.681307603191,0.781123910451,1.27362903156,1.28880428567,1.06584445562,1.18637528919,1.21398515916,1.08470108425,0.720237003194,1.46477565453
2019-03-18,0.469021440737,0.703435289852,0.803273710918,1.31644967306,1.33124046947,1.09023653663,1.22159718406,1.24647926745,1.11061787614,0.736290087042,1.44138259927
2019-03-19,0.463866389996,0.701095125438,0.794481432982,1.30780923344,1.33169070388,1.090842927,1.22465921509,1.25316741418,1.11525287384,0.740283467565,1.4650425026
2019-03-20,0.459182097383,0.697477517889,0.790786991086,1.29601568841,1.32652371484,1.09319310389,1.22463180533,1.25745399773,1.12564399379,0.742358218701,1.48394303091
2019-03-21,0.458567973055,0.707939533619,0.799078247583,1.30143099496,1.33510981013,1.09778240523,1.22890413885,1.26221954225,1.12792469116,0.745678274235,1.49256435434
2019-03-22,0.45896899962,0.702748233653,0.795889529743,1.30697024076,1.34642569021,1.10537921853,1.22755304688,1.25827789978,1.12572028567,0.748515594034,1.49693831325
2019-03-25,0.45412733543,0.691819976578,0.788217930879,1.27811797533,1.31512243327,1.08258150628,1.19820400157,1.2317066908,1.10417172279,0.733414878402,1.48252995863
2019-03-26,0.443102981057,0.673357017376,0.775341164098,1.26017838314,1.28706048924,1.0662946359,1.18115360679,1.21038452762,1.08237468565,0.721882236934,1.49520756061
2019-03-27,0.450566196944,0.682995490819,0.786167922811,1.27335655525,1.28958542837,1.06905691168,1.18992259699,1.21971648415,1.08688681674,0.72683934134,1.48029113456
2019-03-28,0.448367938332,0.67880645691,0.775201784851,1.25998839286,1.28230880477,1.05984047474,1.18029421414,1.21115179072,1.07706716623,0.722610178438,1.47890012593
2019-03-29,0.461463400891,0.705812671617,0.802444697623,1.32020529198,1.34352561245,1.09493807072,1.22046405587,1.25006544263,1.11222562262,0.747540611224,1.4867287907
2019-04-01,0.474624670235,0.723819922304,0.834977403807,1.3621168981,1.38940693293,1.12487741037,1.26033612396,1.2937743314,1.14701463937,0.767865247525,1.48474839333
2019-04-02,0.475800161939,0.722502662058,0.838177166951,1.36202678167,1.39612784273,1.12701386099,1.26095115462,1.28762240599,1.1477153209,0.764312014946,1.47420060235
2019-04-03,0.481325003174,0.735388015634,0.842658542716,1.38683715066,1.4223660507,1.14452733842,1.27410630049,1.3082250562,1.1733346875,0.777657870628,1.48282405987
2019-04-04,0.485401885458,0.737634475675,0.849040638731,1.3973842628,1.44138367006,1.15284534679,1.2822244942,1.31486578568,1.17805947918,0.785346762724,1.4849253981
2019-04-08,0.485541611616,0.734904373688,0.855239215146,1.3961110078,1.43623791299,1.15139192051,1.26482601131,1.29203070293,1.1647235644,0.779618603882,1.47366720998
2019-04-09,0.473531765184,0.729928320014,0.857224200654,1.39931021713,1.43605549135,1.15606583094,1.26725260452,1.3046894405,1.17384815367,0.786432125927,1.52299749166
2019-04-10,0.472495307392,0.732133772655,0.850004349188,1.3927077964,1.44081198743,1.15089749903,1.25884426724,1.3030465474,1.17214427783,0.792497684149,1.53807750746
2019-04-11,0.456357173841,0.714043648863,0.829097224159,1.36114944726,1.40703369227,1.13196282457,1.23709595285,1.27930850284,1.15708185973,0.777482874376,1.56147002313
2019-04-12,0.45660805508,0.71010505186,0.826675115639,1.35766930801,1.41322400232,1.12993699234,1.24090708393,1.28235158155,1.15860533003,0.781466221546,1.56861162708
2019-04-15,0.448618847172,0.701055793699,0.818838844913,1.34780171384,1.40176080535,1.12121115361,1.22941651812,1.27445769592,1.15216587774,0.779027366801,1.59116197401
2019-04-16,0.460001671022,0.716009690438,0.840139514788,1.37862953214,1.42949138178,1.14813758255,1.25639011848,1.30349130365,1.17484052679,0.798686945926,1.59094401242
2019-04-17,0.460042045288,0.71531652243,0.84069020295,1.38543383873,1.42731909449,1.15662453957,1.2664632367,1.31116578777,1.17557964374,0.799290420526,1.59200646643
2019-04-18,0.460930590167,0.71155620258,0.839092180517,1.37613993843,1.42406380747,1.14706283293,1.26496516765,1.30024497271,1.16653320402,0.793769706166,1.57793557768
2019-04-19,0.464015306259,0.716546444365,0.844959049875,1.38509800735,1.43295621633,1.1562132485,1.27365439942,1.30803117257,1.17332418409,0.799471389064,1.5787098367
2019-04-22,0.455617766203,0.695266168239,0.823871388533,1.34746447056,1.40750050117,1.13305053125,1.25350938076,1.2940267415,1.15362670371,0.79200281604,1.59253248424
2019-04-23,0.45113025368,0.688479695855,0.818180494729,1.33829108408,1.40033424841,1.12680037855,1.24617774148,1.28363773847,1.14117239019,0.784703273788,1.5935401293
2019-04-24,0.451176404955,0.691937508626,0.82321566422,1.34363521864,1.40551456439,1.14673692471,1.25486298172,1.28547660343,1.15439240254,0.790574620397,1.60530037458
2019-04-25,0.434478712826,0.676625767089,0.799441954756,1.30907444778,1.36826592086,1.1127839063,1.2183603004,1.25468752409,1.12653975024,0.774730721715,1.63253949815
2019-04-26,0.426685653114,0.666859837555,0.786737606698,1.2883274635,1.35200563577,1.10122591973,1.20401324775,1.24115795051,1.10835509159,0.765930355137,1.64327722589
2019-04-29,0.41742320527,0.661338027748,0.773769931246,1.26393247836,1.33555592268,1.09081652695,1.19325660624,1.22608671051,1.09381793486,0.756618879429,1.65897186646
2019-04-30,0.418808008891,0.661353880682,0.783022386908,1.27269493783,1.34003953963,1.09575809347,1.20843744628,1.23576414644,1.10235991881,0.762536812979,1.66644395273
2019-05-06,0.396307560898,0.621354632253,0.728348746343,1.19734141735,1.24218277872,1.03062856529,1.13057142202,1.14850167276,1.02721854406,0.710682011616,1.64265039421
2019-05-07,0.402047603364,0.626822739323,0.739118544623,1.21852383793,1.25205627792,1.04672646488,1.14697876269,1.16786210887,1.03227042419,0.710595385521,1.61865833682
2019-05-08,0.392367047864,0.619711742406,0.730091584447,1.21879479022,1.23669173553,1.04017100863,1.14170659981,1.15716630193,1.02461507007,0.703330318793,1.64108358182
2019-05-09,0.387673212191,0.610568499702,0.718066535335,1.20455557292,1.21445695796,1.02268828956,1.1243753893,1.13611613833,1.00734771606,0.692467791065,1.63537006857
2019-05-10,0.404576487955,0.631467916766,0.743221069406,1.25188192837,1.25455515634,1.0575450102,1.15471352073,1.16938734672,1.03452671696,0.710436620627,1.60650105807
2019-05-13,0.394343029928,0.620653028177,0.730856582733,1.23286745469,1.24106805117,1.03842573515,1.13835383763,1.15164601718,1.02385262748,0.703140095476,1.63063675717
2019-05-14,0.38812409218,0.615513162329,0.725681141794,1.22412777131,1.23878851833,1.03172950304,1.13285736758,1.14603603294,1.01885138422,0.698248677499,1.64500893147
2019-05-15,0.395088307032,0.635069734218,0.737592554306,1.24085547613,1.26317392055,1.04910648918,1.15407931169,1.16470961101,1.03469763427,0.710672080196,1.6447604754
2019-05-16,0.39679435843,0.64408396285,0.743453342101,1.25334911552,1.2665771817,1.0578349487,1.16367403095,1.17691470111,1.04333588879,0.715828306669,1.64959158231
2019-05-17,0.381920031251,0.626342363295,0.72008217329,1.21821209644,1.22376462897,1.02731393921,1.12591907946,1.14054792106,1.01675743072,0.69676432871,1.66749655083
2019-05-20,0.373187135512,0.62227042765,0.720663083049,1.2062867649,1.21711070361,1.01812115792,1.1129133426,1.12823531959,1.00917013346,0.697070778601,1.70635854003
2019-05-21,0.382336287058,0.636005545902,0.735267171385,1.23370452427,1.23645135489,1.03468748023,1.12992950518,1.1518022255,1.0226547435,0.703346777769,1.67988802552
2019-05-22,0.379046099712,0.636767105038,0.73494111964,1.22931918029,1.23086558708,1.02793257167,1.12555299338,1.14559148951,1.01743488489,0.696464930925,1.67790752298
2019-05-23,0.368821121377,0.62476445275,0.720323215295,1.20340791595,1.2094531086,1.0106254673,1.11346892564,1.13100852106,1.00254561661,0.686493153889,1.69914622793
2019-05-24,0.364099159372,0.622839218356,0.721265680033,1.20179333637,1.20783016603,1.0100185135,1.11281308447,1.12939353735,0.99979628344,0.684851968023,1.71683802864
2019-05-27,0.370595855488,0.631574437415,0.732186061444,1.2207575927,1.23243926959,1.03029244803,1.13013224429,1.15327689995,1.01878010264,0.699588633994,1.72314710907
2019-05-28,0.37380360198,0.631474474238,0.733831548014,1.23142507613,1.2507150524,1.03524081985,1.13703915153,1.16077627664,1.02780757926,0.703367360058,1.71753948591
2019-05-29,0.370990559369,0.62637510157,0.727890143541,1.22630804251,1.24675650358,1.03287037896,1.13602588468,1.16109569531,1.02733793579,0.706006733667,1.73690979059
2019-05-30,0.36865808846,0.62296883908,0.725144006487,1.21656498947,1.23472040869,1.0263350618,1.12973574425,1.15083917314,1.02164666609,0.702409839169,1.73898095259
2019-05-31,0.368395632718,0.626356572034,0.725390128125,1.21374621865,1.231249459,1.02487069705,1.12639352383,1.15016751484,1.02335490776,0.701985666174,1.73916883098
2019-06-03,0.365941480178,0.621466119432,0.720934612919,1.20555013807,1.22153937744,1.02592871265,1.12454065257,1.14568724378,1.0214271699,0.699657215435,1.74498597105
2019-06-04,0.362652974297,0.612235215942,0.713847357108,1.19407266771,1.20944601139,1.01446518791,1.1168296597,1.13266127869,1.01050749522,0.693588041821,1.74553028406
2019-06-05,0.361745074571,0.613190645065,0.710220375279,1.20284556443,1.21053256202,1.00834021759,1.11834270238,1.13395662675,1.01393108421,0.688313333554,1.73662552417
2019-06-06,0.356374140289,0.601566904981,0.704528404599,1.18804361341,1.19248912761,0.997114594831,1.10442836348,1.12235547198,1.00209138571,0.682448461852,1.74761254327
2019-06-10,0.358475971483,0.602157628431,0.713123663436,1.20836837462,1.20192180342,1.00872706357,1.11734416603,1.12860466679,1.01064606726,0.686743485142,1.74830412216
2019-06-11,0.370834565017,0.627324084458,0.740001099485,1.24809687181,1.23744459157,1.03958184079,1.15316125538,1.15839488548,1.03953306396,0.704327273604,1.7327953001
2019-06-12,0.366933943501,0.620994863526,0.734442666141,1.24087196904,1.232706379,1.03272529106,1.14585645991,1.14875186374,1.03417442893,0.701084511386,1.74304381217
2019-06-13,0.366788097681,0.621986712725,0.732420925368,1.23810893609,1.23039783774,1.03031812064,1.14705232337,1.15490014607,1.0381088232,0.704317856809,1.75177540055
2019-06-14,0.360503806072,0.612280478673,0.723971884475,1.22513015899,1.21343770427,1.02103636189,1.13293848992,1.14786744545,1.02746135179,0.695984002736,1.76106118441
2019-06-17,0.359689935044,0.610606653756,0.720788795388,1.22291611244,1.21655460619,1.02059883181,1.13593349801,1.14871243801,1.03375217164,0.699763487487,1.77460024471
2019-06-18,0.359871089067,0.610929104897,0.720031661157,1.22238181301,1.21570430941,1.02040402812,1.13891276905,1.1540818026,1.03317046121,0.699430959097,1.77286319409
2019-06-19,0.363375200065,0.617085171572,0.729085841064,1.24093283318,1.23777351131,1.03318810255,1.15467563379,1.16862034314,1.04604740028,0.706188721297,1.77272964756
2019-06-20,0.372681745177,0.626740485829,0.749780505598,1.27163747009,1.25942336141,1.05760776891,1.18230994689,1.19737678738,1.07662821002,0.727020137745,1.7796202073
2019-06-21,0.379626828849,0.63090208806,0.754720640449,1.27736493926,1.26574141838,1.07150901021,1.19319868324,1.20558342894,1.08500123468,0.731930444092,1.75847580889
2019-06-24,0.378162517382,0.631099305882,0.752003520725,1.27819731846,1.26532785662,1.07240167595,1.19420231467,1.2088050121,1.08980458006,0.733802519997,1.76975636602
2019-06-25,0.378697814332,0.627944158551,0.746741586836,1.27007652592,1.25377286771,1.06430100661,1.18190720004,1.19631352959,1.07844176521,0.72760850163,1.75231274639
2019-06-26,0.368737219581,0.623853219604,0.742632056643,1.27150674973,1.26535146862,1.06881203828,1.18823009342,1.20104649279,1.07977663444,0.729327688945,1.80254281879
2019-06-27,0.373267787755,0.627863197651,0.749081465578,1.28818291006,1.27789679774,1.07888088177,1.19867899645,1.20857304232,1.08810041206,0.730378626902,1.78299290032
2019-06-28,0.373116716777,0.625956144052,0.745038979606,1.28180024836,1.27589714136,1.07074705523,1.19069967094,1.20204158529,1.08223079197,0.729973865586,1.78272642372
2019-07-01,0.386784099213,0.643336506774,0.771653663484,1.31032071265,1.32193609099,1.09264807235,1.2195516742,1.23153943238,1.10515122478,0.749655639139,1.76549099802
2019-07-02,0.383837944547,0.646350749543,0.771738582471,1.31916913631,1.33708309964,1.09198535838,1.21937440764,1.23250481711,1.1050401314,0.750519219251,1.7809726261
2019-07-03,0.380527422076,0.642524852191,0.770625507567,1.31048065427,1.31938082889,1.08038185242,1.20751054985,1.22816131654,1.09486635416,0.743751469436,1.78027335992
2019-07-04,0.379057014912,0.639134021516,0.764831665121,1.30132032963,1.31618211547,1.07187159436,1.19954142335,1.22795051064,1.08980043244,0.743249906554,1.78595200534
2019-07-05,0.379004143723,0.642742623191,0.76561837349,1.3014396759,1.32304108535,1.07365498079,1.20574256126,1.22706660062,1.09414441917,0.743211329116,1.78610841386
2019-07-08,0.372530477047,0.628222917566,0.743486672335,1.26874049416,1.28657105292,1.04282299865,1.17286069443,1.18987664003,1.06206995212,0.725193850006,1.77331628368
2019-07-09,0.372530088467,0.627939854564,0.746296178569,1.26754017838,1.28639448941,1.04433639133,1.17603998188,1.19246084543,1.0618804528,0.723454085738,1.7690638884
2019-07-10,0.368490987788,0.622601833329,0.744872709332,1.26204086371,1.28180085173,1.04427331614,1.17229358175,1.18651733711,1.05894373317,0.720853933887,1.78188653674
2019-07-11,0.368469065745,0.62073646156,0.746807342149,1.25673211583,1.28108727164,1.04666883975,1.17364224359,1.18137037798,1.06169443307,0.723556406828,1.78867281537
2019-07-12,0.370200806329,0.621459430005,0.749621167586,1.26330533365,1.28777657748,1.05143752756,1.18092226441,1.18870255144,1.06751717355,0.729343016686,1.79457119443
2019-07-15,0.371917790401,0.623568737249,0.758127890085,1.27635720959,1.29215904767,1.0577056343,1.20019072483,1.19779412554,1.0709760557,0.73276090405,1.79465782671
2019-07-16,0.372912886584,0.624695154441,0.75749224183,1.27452755706,1.29575390754,1.05668313565,1.20027076751,1.19334168283,1.0721961517,0.729111370047,1.7809177361
2019-07-17,0.373890875484,0.62531600143,0.758802583757,1.27948660854,1.29892368182,1.05887534643,1.20030165922,1.19372623306,1.07181840292,0.726619900115,1.77016152932
2019-07-18,0.36875224243,0.61476700235,0.749672286365,1.25871851014,1.28349343609,1.04189978519,1.18525857955,1.18049642719,1.06114472526,0.720041427633,1.77846384216
2019-07-19,0.371535971299,0.618749890377,0.755298846103,1.27247554015,1.29704874568,1.0480936134,1.2036704774,1.20040920684,1.07318324417,0.725785540418,1.77922578246
2019-07-22,0.365308756784,0.611844788981,0.747084670321,1.25089678362,1.28460359534,1.04341981238,1.19015791648,1.1838967462,1.05503128606,0.712626278856,1.77678765704
2019-07-23,0.368106439618,0.613440108991,0.753052663282,1.2619616828,1.29742739628,1.04523200102,1.20125405798,1.19462103594,1.06751148496,0.717459155275,1.77523008292
2019-07-24,0.368555516952,0.623152105047,0.75878320344,1.27791711228,1.3122641978,1.05605130394,1.21060388582,1.20256925427,1.07969868854,0.723263938161,1.78742730596
2019-07-25,0.371398891471,0.629632162093,0.766425837006,1.28656679657,1.31711522146,1.05868103112,1.21002599955,1.21057021648,1.08209012672,0.726509232165,1.78165766392
2019-07-26,0.372754386599,0.633026401375,0.766908290308,1.29228996255,1.31758523798,1.05674684867,1.21383671626,1.2114650663,1.08450061257,0.72861685268,1.78032377624
2019-07-29,0.371847035976,0.635660508696,0.768644594255,1.2898445155,1.3208325066,1.05506710454,1.21283849668,1.20398891826,1.07979073927,0.725337566015,1.7766446965
2019-07-30,0.37250275824,0.636235039577,0.771010630259,1.29462067913,1.3284588695,1.06552694013,1.22023513061,1.21259767389,1.08706548893,0.732041754622,1.78993299287
2019-07-31,0.368980340827,0.631774435965,0.766719204114,1.2883983538,1.32038829639,1.05814383162,1.2131306153,1.20246282337,1.07768822408,0.729884743846,1.8015845906
2019-08-01,0.368478849685,0.630781814347,0.760735186324,1.2761871386,1.30881130681,1.050433693,1.20364431696,1.18606749897,1.06629179736,0.7248143956,1.79151796227
2019-08-02,0.365496497979,0.621945651429,0.743546199447,1.26250391458,1.28726109862,1.03439714485,1.18186474331,1.16279745841,1.04550273156,0.716287583747,1.78494229131
2019-08-05,0.356759368292,0.612296041502,0.72599574548,1.24011311282,1.25988546515,1.01438437146,1.16085178875,1.1442693898,1.02991554638,0.705300567135,1.80023208958
2019-08-06,0.352878583596,0.600096952897,0.715862215308,1.23328366927,1.24336472496,0.99720721357,1.14274242025,1.12412729458,1.00321381255,0.690401708812,1.78178646348
2019-08-07,0.348283497613,0.595211319477,0.709023888676,1.2261549936,1.2364680291,1.00082905549,1.14077317152,1.12765478132,1.00763456592,0.69294645887,1.81155586987
2019-08-08,0.349796882105,0.600555398274,0.713491348005,1.23621769346,1.25075566041,1.01134491519,1.15289889913,1.14008441049,1.01614717542,0.704435173352,1.83371889067
2019-08-09,0.346757231396,0.595902357217,0.708000241561,1.22868699916,1.23901547809,0.994344325903,1.13364084954,1.12765499828,1.00494795113,0.69475025455,1.82444260358
2019-08-12,0.354332838042,0.604730837043,0.724415271875,1.246274842,1.25803775821,1.00954275133,1.14943874891,1.15044164987,1.0178550852,0.702762858763,1.80562542519
2019-08-13,0.354234425719,0.596220421501,0.716943465995,1.23868662614,1.24973704179,1.00217566525,1.14452100892,1.150850097,1.00892772049,0.698509464373,1.79519857124
2019-08-14,0.35363921102,0.601816449893,0.721422583623,1.24536440515,1.25715974197,1.00706801003,1.14987647322,1.15740474758,1.01217946855,0.70236508903,1.80812413281
2019-08-15,0.355693524002,0.60783425947,0.726014251445,1.25144679788,1.25995222792,1.01103123432,1.15077048034,1.15639395447,1.01195176881,0.701767530659,1.79608230675
2019-08-16,0.357757714126,0.612922779252,0.729154313869,1.25762146242,1.26533660128,1.01221475696,1.15801077982,1.16142505444,1.01177456141,0.706362261352,1.79741874602
2019-08-19,0.366964860842,0.629036687768,0.75104061207,1.30104443625,1.31058131944,1.04735047827,1.19028378032,1.18890556153,1.03552942808,0.721737755081,1.79028559335
2019-08-20,0.364050175599,0.62692407474,0.752798759596,1.29565163779,1.30920429382,1.04607928651,1.19225275457,1.19250764313,1.03598633201,0.72097320943,1.80260879127
2019-08-21,0.363906658595,0.626589160263,0.750839980887,1.29523560386,1.30339340835,1.04237908252,1.18656278754,1.18728267345,1.03336718376,0.719039740457,1.79848527757
2019-08-22,0.362418078219,0.628534097614,0.749379506986,1.29542516837,1.30898668987,1.04614190841,1.19289124832,1.18898938179,1.03726123882,0.719570282445,1.80716909003
2019-08-23,0.362810004712,0.626818231974,0.748304114866,1.30385565748,1.31381844096,1.04973204049,1.19480213453,1.19156201258,1.03565046177,0.721004765019,1.8088174194
2019-08-26,0.362326966353,0.621569381046,0.742794631513,1.28599454714,1.30273618943,1.03544800324,1.18244753268,1.17578199147,1.02458994119,0.712941040716,1.790995813
2019-08-27,0.367064571515,0.632087890045,0.763290031005,1.31196490983,1.31976357185,1.05089552579,1.19966207797,1.19535011157,1.03836570388,0.719523201554,1.78411285234
2019-08-28,0.365761799691,0.631507253514,0.762271033543,1.30955477651,1.31554718459,1.04108716007,1.18987294187,1.19317175295,1.03857476072,0.717944064942,1.78652936873
2019-08-29,0.365940089828,0.63482716521,0.75867556733,1.30408376929,1.31219515556,1.03674831254,1.18332209596,1.18583969309,1.03841819549,0.716623751574,1.78237306427
2019-08-30,0.362099441382,0.634070259821,0.755090635996,1.3025560513,1.30582455874,1.03500127478,1.17618976347,1.1845683934,1.03641799895,0.714138723248,1.7948988762
2019-09-02,0.368026018566,0.644096417506,0.769981523499,1.32871612752,1.33385787696,1.05183997875,1.20016168911,1.20190870369,1.05182265252,0.728616619869,1.80190968508
2019-09-03,0.369818128869,0.645336795514,0.776288135755,1.34232592241,1.34030083286,1.0508807835,1.20270447497,1.19941762945,1.0502950895,0.727925483106,1.79142602873
2019-09-04,0.373554994982,0.652088685929,0.785600376228,1.34804701469,1.34979607246,1.06256611383,1.2230329441,1.21362353279,1.06388149233,0.737552015178,1.79701529047
2019-09-05,0.378173357956,0.658996345101,0.797889219021,1.36132472542,1.36713519269,1.06883340607,1.23356699253,1.22508162093,1.07847744126,0.744327437669,1.79130633653
2019-09-06,0.380114574005,0.661880371048,0.804830135268,1.3679761624,1.37007932371,1.06943867766,1.23475633472,1.23151096612,1.09101110685,0.746981167157,1.78849780747
2019-09-09,0.388063004972,0.67054430406,0.816676870837,1.39449436596,1.38726566709,1.07994340434,1.24316474038,1.24711224776,1.10174514061,0.753321492101,1.76627985834
2019-09-10,0.385302418301,0.671527605833,0.817312662093,1.39714463308,1.38689367894,1.07547390019,1.24395528875,1.24746242383,1.10036689452,0.751206368489,1.77388550992
2019-09-11,0.381624354592,0.669978597336,0.81438499711,1.38675526937,1.38018138146,1.06918246218,1.2400227095,1.23913138983,1.09861286918,0.746539389492,1.77979834612
2019-09-12,0.383455508457,0.671383218083,0.820061396673,1.39407830411,1.39628082274,1.07517938524,1.25166013783,1.25296018297,1.10696007822,0.751396589732,1.78283819357
2019-09-16,0.381793937286,0.664598593116,0.818361121124,1.39483668223,1.39002501505,1.0740421079,1.2550110181,1.25743187205,1.10482649294,0.75515039239,1.79947014832
2019-09-17,0.374827173015,0.650512070629,0.802401734486,1.36668335447,1.36423120507,1.05073014227,1.22797523457,1.23495667924,1.08561551556,0.741614227503,1.80005015611
2019-09-18,0.374090748519,0.647443882776,0.807879626556,1.36994229477,1.36910277934,1.05558823338,1.23064574565,1.23816406558,1.08414013199,0.743211078582,1.80746260787
2019-09-19,0.376909708304,0.652388639448,0.812630764633,1.38219438261,1.37976345661,1.0640143936,1.23732228777,1.24258592301,1.09191806898,0.746340271267,1.80145256251
2019-09-20,0.379618234386,0.652828998374,0.814934980913,1.38367344693,1.38310309299,1.06843694426,1.23763989775,1.24249304195,1.09222723894,0.748250727152,1.79311836712
2019-09-23,0.378908403206,0.64494038555,0.802875390543,1.36853390552,1.36016991365,1.05162705677,1.22411984422,1.22802717922,1.08027492992,0.744515292753,1.78751959253
2019-09-24,0.374721167217,0.645229835516,0.809472690481,1.3719792106,1.36881080417,1.05443605238,1.22671263387,1.22846065642,1.08218895864,0.742850829729,1.80327685254
2019-09-25,0.367072954859,0.631521928292,0.804239613801,1.3570786631,1.36115156962,1.04353987554,1.21193833715,1.21286785219,1.07144101952,0.734943101506,1.82088639193
2019-09-26,0.362922504992,0.622587652642,0.794167397474,1.34283031305,1.34436051179,1.02963427985,1.20283255493,1.19065962371,1.05256964776,0.726388302087,1.82027966542
2019-09-27,0.366124957223,0.627731511865,0.794344024109,1.34615105327,1.34371413141,1.03383944855,1.20793358119,1.19395179741,1.05186947659,0.732575774481,1.8197227819
2019-09-30,0.359436429531,0.621324478946,0.788193214107,1.33652497066,1.33029833606,1.02876957201,1.19898945818,1.1848820246,1.0462440838,0.728652430697,1.8432206475
2019-10-08,0.355052969224,0.617770087298,0.787695971749,1.34298509821,1.33123256484,1.03544923616,1.20512494583,1.18912315603,1.04510596217,0.727824134296,1.86360412261
2019-10-09,0.358393599181,0.621975009748,0.79150574597,1.34776603273,1.33405201105,1.03591980393,1.21259462022,1.19253514734,1.04797743639,0.730591704183,1.8531562067
2019-10-10,0.364671445168,0.628551644299,0.804097360723,1.37233713369,1.34517514373,1.04651444458,1.23173664292,1.20042498885,1.05391465564,0.734449631983,1.83048085439
2019-10-11,0.36715444818,0.632515843312,0.807384560477,1.37742036506,1.35237750682,1.05378589527,1.23877381357,1.20581380725,1.06112567707,0.740844291312,1.83395484966
2019-10-14,0.371583177331,0.641591522478,0.821409161533,1.397282841,1.36996683957,1.06381358622,1.25607736408,1.22130254319,1.07465480388,0.746657759188,1.82622432481
2019-10-15,0.36745614571,0.640161084108,0.812555092823,1.38549263021,1.3636148492,1.05303496272,1.23924679241,1.2113649582,1.06910397814,0.737254848239,1.82350924304
2019-10-16,0.365961154868,0.632644826876,0.810458541695,1.3803857113,1.36156166139,1.04880417486,1.23633627552,1.20812146335,1.06705271242,0.735943011175,1.8276835004
2019-10-17,0.366568251684,0.630655390619,0.80951004484,1.38251587865,1.35898246704,1.0471389438,1.23412983514,1.20341310503,1.06603226139,0.736151886114,1.82517026911
2019-10-18,0.361450918901,0.621060812189,0.798821524541,1.36716295864,1.3374387599,1.03308948065,1.21409403439,1.18758680155,1.050265758,0.72826564807,1.83109718562
2019-10-21,0.359503878977,0.620231966821,0.799167772904,1.37362740697,1.34137129357,1.03789422615,1.21827271357,1.1831051566,1.04682683772,0.727546446693,1.83915251228
2019-10-22,0.359122368798,0.623514078005,0.80431397807,1.38615817615,1.3574291999,1.04593096404,1.2222069109,1.19049568046,1.05191513344,0.729455803974,1.84593087716
2019-10-23,0.352480124001,0.619245081382,0.799391082481,1.37661441379,1.34960864655,1.03875500719,1.2144728092,1.18729141462,1.04524863432,0.72466419531,1.86794734246
2019-10-24,0.351176947543,0.616399492894,0.800892908547,1.37584711248,1.34446770172,1.03699416764,1.2111024015,1.18493399073,1.04788786828,0.725984660791,1.87825717643
2019-10-25,0.355037677139,0.623226981994,0.81407181042,1.37341816437,1.35170645483,1.04538340472,1.22086237644,1.19680124218,1.05739777074,0.730578076272,1.86949222323
2019-10-28,0.359832828546,0.635749089103,0.827643509425,1.39548476671,1.36317444993,1.05214170241,1.23217320246,1.20466191656,1.06983715586,0.736583590817,1.85961043779
2019-10-29,0.352532528769,0.62620444593,0.81904540991,1.39334081727,1.34723186782,1.03612176347,1.22689099552,1.19263907807,1.06411064734,0.732506797177,1.88704582543
2019-10-30,0.35218349728,0.619580254689,0.811900516707,1.39036644896,1.3347846492,1.03096567932,1.21839076717,1.17986672541,1.05860810886,0.726159194564,1.87256176784
2019-10-31,0.347631067063,0.611269025597,0.811648342173,1.39043923017,1.33638070547,1.03399035738,1.21875586816,1.17516744172,1.05833494938,0.727710855907,1.90076836788
2019-11-01,0.352326855681,0.618021417963,0.824043014637,1.40286790523,1.3513088693,1.04984971391,1.22898417093,1.19259048594,1.07207083313,0.739051591627,1.90471466214
2019-11-04,0.353642491912,0.624966777413,0.83364848925,1.41248536862,1.36408846353,1.05441346956,1.23873792942,1.19912604208,1.07866840478,0.739608176307,1.89903665274
2019-11-05,0.354962705048,0.626725825645,0.839789885654,1.41958097368,1.37121055798,1.06330778569,1.24759778338,1.20766168167,1.08950883405,0.744353773385,1.90413211108
2019-11-06,0.353495461526,0.620428919305,0.834477737174,1.41027995969,1.36321196825,1.05697491049,1.24533348858,1.20457584611,1.0813966553,0.742742196027,1.90788029134
2019-11-07,0.352804345394,0.624945597357,0.836015730602,1.40951438741,1.36674373901,1.06070242574,1.25479515505,1.20949094114,1.09046118898,0.743058148469,1.91242195911
2019-11-08,0.351696638429,0.623698342099,0.829171945884,1.40925266823,1.36289401963,1.05522936157,1.24761486275,1.2052519067,1.0852796725,0.74035734388,1.9114753204
2019-11-11,0.344810034668,0.610976799534,0.808923467612,1.37660429752,1.3386184628,1.03412263239,1.23049998137,1.17975298452,1.05901672125,0.724880997456,1.9089468274
2019-11-12,0.34398055566,0.611549253804,0.81074020716,1.37674858325,1.33525514848,1.03564533792,1.23456173545,1.18428533307,1.06312843738,0.726167278454,1.91692638457
2019-11-13,0.34481479567,0.610431086,0.81201200311,1.36944577426,1.32859747893,1.02641458075,1.22862469119,1.17416609786,1.05653508985,0.722218463666,1.90185332544
2019-11-14,0.34949513909,0.615997718676,0.812851434331,1.37061522847,1.33148378288,1.02866689657,1.22736999222,1.17759551869,1.05972157967,0.725409014727,1.88444035517
2019-11-15,0.34795693165,0.613990929118,0.800812095027,1.3581554504,1.31364243644,1.02041896679,1.21208080415,1.16646540648,1.05085971718,0.720815069679,1.88080022664
2019-11-18,0.349459347074,0.619868757215,0.808188423011,1.36666767086,1.32713618988,1.02827204883,1.22732976259,1.17591320944,1.06255385145,0.725376432578,1.88458109128
2019-11-19,0.357312086295,0.627492750692,0.818015746165,1.38379299295,1.34288393416,1.04213440216,1.2428848647,1.18990818793,1.07078607917,0.733386232207,1.86304250939
2019-11-20,0.356040999891,0.618968293044,0.808115082406,1.37493715877,1.32766459792,1.03411683307,1.23252611978,1.17926518241,1.06314106359,0.726151979513,1.85129263157
2019-11-21,0.355127580568,0.617976245912,0.805665230047,1.37169129318,1.32807761426,1.03159720664,1.22773927787,1.17611119074,1.06346423689,0.727565073656,1.85964472429
2019-11-22,0.353238058252,0.61298411665,0.795999028495,1.35822067878,1.31506674047,1.02734117021,1.22426550163,1.17030625437,1.05902092964,0.724629203416,1.86203527227
2019-11-25,0.354839502776,0.615470490215,0.801978944173,1.3634601816,1.32582394217,1.03837550212,1.23786312617,1.17821777236,1.06769371776,0.729507488562,1.86612895612
2019-11-26,0.3518960719,0.618596389617,0.807156018158,1.37666741461,1.32991135546,1.04435817074,1.24243057845,1.18770220851,1.07792553315,0.734487303237,1.89434739052
2019-11-27,0.349734081513,0.611012240464,0.794863508579,1.36810610125,1.32883252695,1.04216685207,1.23706416722,1.18133300613,1.077477064,0.734370409163,1.90568445638
2019-11-28,0.347926058661,0.609278504713,0.792383936209,1.36734756521,1.32129553567,1.04028962994,1.23506453425,1.177753879,1.07266101894,0.729636434404,1.90325166637
2019-11-29,0.347827248963,0.604996891473,0.788768625516,1.35856681634,1.31854706067,1.04065904778,1.23001319514,1.17752839085,1.07114156855,0.728719092224,1.90139930189
2019-12-02,0.34778285942,0.604690622565,0.789715333122,1.36355927109,1.32671868245,1.0408930695,1.23139352145,1.18160009597,1.07623993748,0.727620786271,1.89877621929
2019-12-03,0.349351260314,0.60641661112,0.795343244144,1.36994159807,1.33448182573,1.04286705354,1.23500352455,1.18335574879,1.07933547042,0.727446916138,1.88975955742
2019-12-04,0.349627210319,0.607223973024,0.796543337167,1.37094998412,1.32763692457,1.04207948576,1.23382156204,1.17988388553,1.07802059848,0.72433524512,1.88018335993
2019-12-05,0.352342833486,0.611057838789,0.803175456824,1.38681597535,1.34356992173,1.05228517801,1.24129168427,1.1835031716,1.09257246634,0.727776387551,1.87451190539
2019-12-06,0.354666448884,0.613144370923,0.808626618179,1.39437879605,1.34776259284,1.05719993945,1.24747933431,1.18895953973,1.09604725176,0.729100549493,1.86556055909
2019-12-09,0.353164579042,0.613017006011,0.811372378684,1.39917675919,1.34815946421,1.05624527276,1.24893007582,1.18973676261,1.10407074315,0.727890590533,1.87036451792
2019-12-10,0.353484805959,0.616424742827,0.813202989637,1.39821554537,1.35103994985,1.05727851881,1.24641328255,1.18906090174,1.10748350425,0.731136054836,1.8770080336
2019-12-11,0.350537974184,0.612474170141,0.815016387417,1.40382597566,1.35285489034,1.05826003104,1.25187378846,1.19513241475,1.11051399516,0.730939440449,1.89215098327
2019-12-12,0.349873731006,0.611429871983,0.810739301035,1.39727417483,1.34764651054,1.05494664392,1.2500454684,1.19710962807,1.103936539,0.729392008087,1.89173069699
2019-12-13,0.352563800025,0.618906492249,0.821420618017,1.41894366853,1.37166254619,1.07711790939,1.27392615797,1.22044085083,1.13480925308,0.740861827716,1.90693357811
2019-12-16,0.358368497313,0.624555221469,0.830240110239,1.43701746948,1.38356024034,1.08797935818,1.290641441,1.23075702065,1.14741273138,0.751712445365,1.90346618792
2019-12-17,0.366122397724,0.635225364075,0.841160308505,1.46167634972,1.40503947083,1.10248444084,1.30475638791,1.25127852891,1.16024318061,0.759525300304,1.88206502356
2019-12-18,0.369526685449,0.633950547725,0.839378119874,1.45858984806,1.40067533136,1.10085547431,1.2985952461,1.24971214263,1.15769356233,0.763024549665,1.87323612489
2019-12-19,0.365884872173,0.630683459069,0.838292697593,1.46438404747,1.39882487041,1.10108449636,1.30118261176,1.25079281652,1.16110460529,0.766279544088,1.89968857232
2019-12-20,0.363236255629,0.630767555383,0.833766764772,1.45192540136,1.40243695001,1.09568963911,1.29505112722,1.24272103867,1.16114281229,0.764397851927,1.90877537785
2019-12-23,0.355015211559,0.619254883344,0.828075456677,1.43435864832,1.37913670665,1.07863121596,1.27870185154,1.22093182438,1.14106487107,0.750599696097,1.9175209297
2019-12-24,0.361906573661,0.629269612437,0.83204498373,1.45853189869,1.38747929559,1.08532022296,1.28791067272,1.23493474266,1.14802055953,0.757623390728,1.89824215159
2019-12-25,0.365196490744,0.629002787361,0.833466750502,1.46009475434,1.39348939836,1.08388370328,1.2934044719,1.23360216835,1.1455575625,0.754160537199,1.87230989706
2019-12-26,0.371060708445,0.634767842295,0.8458219562,1.4807931404,1.40429128158,1.09375377435,1.30659216527,1.2461445622,1.15489127705,0.758852495878,1.85389334527
2019-12-27,0.363440418467,0.633271961837,0.842618399167,1.48034415085,1.39549002249,1.0919341106,1.30614633418,1.24659418952,1.15682084376,0.76277479489,1.90154809744
2019-12-30,0.368868467072,0.6433219084,0.857127434029,1.5009880674,1.42043559569,1.1037286498,1.32154904237,1.2653283981,1.17244231154,0.777490093309,1.90983241618
2019-12-31,0.369162315084,0.644179032327,0.858735301691,1.50597332287,1.4350662096,1.10746486269,1.33267795345,1.27744441249,1.1842015132,0.78566712985,1.92839713846
2020-01-02,0.373170516286,0.65262825084,0.8737742606,1.52853815604,1.46449379245,1.12908403068,1.35367047379,1.29780373478,1.20120385049,0.799034473768,1.9402692121
2020-01-03,0.374439727532,0.653797143301,0.872927017247,1.53012490763,1.46180038185,1.12960081253,1.35894886282,1.30113247805,1.20026118573,0.798935882837,1.93343064816
2020-01-06,0.384092872206,0.654426238438,0.873578076681,1.52982503059,1.45573230798,1.12537733443,1.35428938688,1.29503374528,1.19406363364,0.795341296907,1.87488742499
2020-01-07,0.384611129535,0.654042884399,0.883419225264,1.54572605544,1.47122792802,1.13146622923,1.36534337589,1.31019806246,1.20914469265,0.800694686795,1.88497737918
2020-01-08,0.377871524946,0.645316613423,0.872589472919,1.52161984542,1.44811308486,1.11448871236,1.3419389501,1.28877065113,1.19294556524,0.794332534995,1.90303051598
2020-01-09,0.375316519125,0.654194575277,0.889507133206,1.54309014216,1.47321095372,1.13080391651,1.35923199634,1.30513414816,1.2073915611,0.805932557056,1.94368887006
2020-01-10,0.378216887826,0.654597795743,0.885887920859,1.53759767523,1.47020163623,1.12846474563,1.35741305079,1.30357711673,1.2046402473,0.804686323171,1.92566286786
2020-01-13,0.38614318499,0.661217965121,0.893273780833,1.55285783438,1.48939984311,1.14076266678,1.36833249194,1.31828498884,1.20770886072,0.812765161834,1.90463986919
2020-01-14,0.388166482979,0.654158935579,0.885772881942,1.54535252211,1.48643344233,1.14536443855,1.37314180438,1.31709002477,1.20557965069,0.811548548905,1.89180899184
2020-01-15,0.383855208027,0.649439308175,0.878329293173,1.54153831297,1.4804188203,1.13795411421,1.3639439708,1.30537477582,1.20630522633,0.807191993123,1.90266526379
2020-01-16,0.38331467706,0.647306798921,0.875852243169,1.54334709405,1.47082349693,1.12938568159,1.36524060194,1.29843861793,1.19945236172,0.800601811007,1.88981054011
2020-01-17,0.385432127743,0.647448905953,0.877081829479,1.5480247391,1.4693518888,1.13181668266,1.36555326788,1.29901101636,1.20047738206,0.797893675073,1.87297860515
2020-01-20,0.39139671012,0.652529679862,0.897408829219,1.54824615506,1.48833168212,1.13788351609,1.37022336685,1.31259393949,1.20910558644,0.801101953988,1.85152528903
2020-01-21,0.388897049439,0.646342827331,0.888422170204,1.51824302274,1.47522040935,1.10934139695,1.34288477855,1.28987253373,1.18535715306,0.784731243198,1.82551371787
2020-01-22,0.38661334817,0.653841033075,0.894532196547,1.53791755895,1.48160428176,1.11485964659,1.35106307916,1.28966835459,1.19498956835,0.784809981923,1.83641676271
2020-01-23,0.376963509939,0.633849383296,0.85900286832,1.48218305952,1.42077417353,1.08144754851,1.31098205298,1.25289584697,1.16620630792,0.762964139477,1.83113538115
2020-02-03,0.348036581267,0.582196050911,0.784624408813,1.36055630766,1.29985941763,0.985562144587,1.1953560205,1.13125368473,1.07338723514,0.695014029419,1.80856845889
2020-02-04,0.357076592293,0.598381853334,0.814160768243,1.41793682539,1.29855329412,0.97978698869,1.19464391513,1.1505996344,1.07633587382,0.709331190538,1.79884831349
2020-02-05,0.363002140808,0.606961723593,0.834432046399,1.44506691279,1.32305296972,0.994060909801,1.21465213622,1.16440652473,1.09672500114,0.717988452888,1.79095174568
2020-02-06,0.377800398592,0.620530457797,0.85413618841,1.47093652201,1.351042808,1.01415567059,1.23283056111,1.18527760923,1.11485996283,0.731806448655,1.75240888632
2020-02-07,0.377712332621,0.627870116154,0.85526592765,1.46906554501,1.35276498894,1.01957289602,1.24103655679,1.190925396,1.11649809551,0.731816308018,1.75284098563
2020-02-10,0.378891007133,0.623025117391,0.862804256323,1.47688234051,1.36299320794,1.03238751939,1.25347849175,1.20835803238,1.13089883451,0.742214069417,1.77227577866
2020-02-11,0.379888968742,0.630296156999,0.866802421649,1.47793260329,1.36548878499,1.03966924174,1.25723118073,1.21153488723,1.13306615491,0.745738385449,1.7760232214
2020-02-12,0.386711522305,0.642070464151,0.872533232524,1.48770820709,1.38675851369,1.04877968262,1.26875669517,1.22379356756,1.14388899082,0.753781825695,1.76328298659
2020-02-13,0.387805216996,0.640899016655,0.86411898859,1.46903126174,1.37842694975,1.03831310402,1.26118729535,1.2165293466,1.1371591847,0.753606921993,1.75788693937
2020-02-14,0.389832424927,0.649220679978,0.870257539861,1.48115147554,1.39491342362,1.04209380367,1.26970023875,1.22121078403,1.14511044812,0.759143313978,1.76161214421
2020-02-17,0.400731034592,0.66368159228,0.898549979878,1.52473864888,1.4395883452,1.08055909051,1.30653922773,1.24845018242,1.16833220641,0.780502421817,1.76192683657
2020-02-18,0.402345231984,0.661464901135,0.899483321937,1.52555374993,1.43901034068,1.07753733168,1.30434190207,1.24954789954,1.16878725609,0.776843945594,1.74657082208
2020-02-19,0.395598950287,0.662661878191,0.892897913344,1.50971867127,1.4322973931,1.07440686595,1.30155683333,1.24721719043,1.1653020178,0.779554565218,1.78195052631
2020-02-20,0.405430863271,0.678213948522,0.915093496279,1.54867464195,1.46928386864,1.10983143324,1.32364425915,1.26935194634,1.18821562977,0.793208043755,1.76887319841
2020-02-21,0.405259583404,0.679032451692,0.918873450525,1.56251332459,1.47812359721,1.11376267888,1.33280326177,1.28119750714,1.19416504776,0.797963716224,1.7802257484
2020-02-24,0.415306847951,0.691061480958,0.924633404365,1.56241085029,1.478131177,1.10589291397,1.32029648208,1.26411006586,1.17665779202,0.792534747414,1.72397827229
2020-02-25,0.422846257659,0.700238275144,0.925404908798,1.5695710827,1.46878454273,1.10527940851,1.30504882968,1.24226635308,1.16663053439,0.782887139431,1.6716952977
2020-02-26,0.402330096423,0.673096202958,0.904514192627,1.52204098022,1.46413138829,1.10551488482,1.32385509296,1.25874998965,1.16063394368,0.785318835114,1.75799700117
2020-02-27,0.400353769807,0.671435860229,0.90405395498,1.52232280411,1.46888948507,1.10476688228,1.33277556404,1.26527255176,1.16168190899,0.782389585622,1.76007528544
2020-02-28,0.384625530256,0.64527169493,0.860960973773,1.47168937373,1.40750066296,1.05829404626,1.28464608583,1.21657741826,1.11551392199,0.75398251616,1.76531637795
2020-03-02,0.402827864763,0.674643693363,0.894273260813,1.5147739986,1.4501490587,1.09470399113,1.33386165113,1.26116788815,1.14854551989,0.778162125735,1.73838536443
2020-03-03,0.400923683792,0.672464719168,0.899584073456,1.52993747368,1.46740539397,1.10449510022,1.34399896445,1.26839427896,1.15610805525,0.783723611808,1.75902692485
2020-03-04,0.400416383397,0.680815999198,0.906306992273,1.53608853884,1.48483531124,1.11097447577,1.3576887361,1.28403385957,1.16829590216,0.786489213756,1.76745992264
2020-03-05,0.406635155427,0.688652809941,0.921556748433,1.55854257613,1.51845900915,1.12528859202,1.38833546942,1.31964769447,1.19470621253,0.800806155644,1.77218406994
2020-03-06,0.394967327568,0.675632647946,0.904541451663,1.53721564951,1.49658840008,1.11396015555,1.36975276507,1.30486913899,1.18795488105,0.791457673647,1.80234622549
2020-03-09,0.38364804976,0.645379606801,0.86941436593,1.48005104682,1.4492125192,1.0709978726,1.32823307461,1.26001332319,1.15058385818,0.766316820918,1.7967472688
2020-03-10,0.391284550253,0.660588384702,0.891355338708,1.50923957665,1.47732287263,1.09412462667,1.35387978247,1.29359230085,1.17914561644,0.778278111636,1.78902815953
2020-03-11,0.388756054792,0.642278087501,0.87916403675,1.49478568263,1.46043064973,1.07729824964,1.34190661273,1.28251119941,1.17254206902,0.772468345057,1.78723401429
2020-03-12,0.379458033291,0.632107232224,0.865914581345,1.46230856126,1.42770715426,1.05568415621,1.31384708743,1.25947914386,1.15748864037,0.758115161696,1.79677147002
2020-03-13,0.380304234682,0.624481705075,0.858302376562,1.43624688242,1.40288577876,1.04362636196,1.29664824353,1.23785293346,1.14264208161,0.748227954989,1.76933143992
2020-03-16,0.359555775618,0.587498948651,0.812171878034,1.37024199205,1.33606513113,1.00096613711,1.24936132286,1.20174424116,1.1090213039,0.734554611627,1.83352849363
2020-03-17,0.361006225955,0.580798670601,0.807167349517,1.36088046384,1.33604339058,0.997033600428,1.24695387529,1.19856184569,1.109650129,0.727344538074,1.80813489713
2020-03-18,0.354637255693,0.569982452624,0.792491510831,1.33487642632,1.30801782585,0.967011671033,1.22732064577,1.17983782745,1.08853380215,0.713135782951,1.80471239292
2020-03-19,0.352478922866,0.570450636027,0.783137164294,1.3226535458,1.2907927536,0.956537963747,1.22652180397,1.1766279461,1.07613447796,0.709917831771,1.80755234863
2020-03-20,0.359358038927,0.572375827415,0.795059775382,1.34215019263,1.30982325051,0.972417553803,1.25121390744,1.19564954105,1.09666348571,0.716933537503,1.79013844272
2020-03-23,0.347859644073,0.549704836296,0.75961128834,1.28719309678,1.25539089761,0.932198582797,1.20421826985,1.15748126199,1.06091391419,0.696912625254,1.79742660821
2020-03-24,0.357824210396,0.563144334414,0.773328888157,1.31919003937,1.28915225261,0.955831727523,1.22413231911,1.18343405764,1.08337765267,0.712321455739,1.7856800082
2020-03-25,0.372852301828,0.583783367709,0.801341075256,1.35803196341,1.32376489326,0.98330758168,1.24729438773,1.20724692048,1.09968544117,0.723706505771,1.73922463402
2020-03-26,0.369033544998,0.57992701031,0.795119874006,1.34733248468,1.3089729189,0.973945600771,1.22815107786,1.19327391055,1.08998292381,0.720316288204,1.7488903568
2020-03-27,0.369746047483,0.576982105296,0.799461740317,1.35371184546,1.30841267187,0.975314548427,1.2303512289,1.20672153257,1.09700694856,0.721679595523,1.74882376857
2020-03-30,0.366022915587,0.573446010961,0.790812430605,1.34264661828,1.2856573994,0.96426871255,1.20820674339,1.19442786459,1.08280631306,0.705987135109,1.72840637452
2020-03-31,0.364531152312,0.573546282682,0.795259772998,1.34210467951,1.27911941325,0.966607442549,1.21476954679,1.19131123622,1.093302773,0.707759410218,1.73978957455
2020-04-01,0.358165350052,0.572477763229,0.786856373965,1.33313612716,1.27650741127,0.967798859997,1.2090302999,1.1912466713,1.08619544952,0.705797992587,1.76535000619
2020-04-02,0.369568235467,0.585968235798,0.803122301915,1.35459203105,1.29648488595,0.977797257814,1.22331492798,1.20950598415,1.100826776,0.714012017468,1.72969169337
2020-04-03,0.366047474314,0.580501111348,0.795827325875,1.34124752953,1.29176431563,0.973386228948,1.21359339495,1.20413581892,1.09510118343,0.713819600528,1.74570379652
2020-04-07,0.373373034762,0.597109220255,0.81830647534,1.3794712729,1.3313248103,1.00231739531,1.24061095759,1.22627373322,1.1191800569,0.728765011314,1.74731794629
2020-04-08,0.372290383374,0.594695819039,0.815376182133,1.38331948811,1.32682846566,1.00243019563,1.2350846075,1.22924408119,1.11967175064,0.726096421843,1.74598623456
2020-04-09,0.374842765001,0.600617175766,0.814766746871,1.39092105696,1.32635504356,1.00639064101,1.24637427088,1.23552510262,1.12608763803,0.72846618548,1.73971432822
2020-04-10,0.36636035093,0.593029538409,0.798632743034,1.37509521219,1.2977553228,0.993705950857,1.23265620846,1.22719617836,1.11882121892,0.722035121014,1.76372418251
2020-04-13,0.367412852352,0.591429941649,0.78952733145,1.36890459334,1.28591285121,0.986033131793,1.22157870454,1.21838685138,1.11003699098,0.720025360037,1.75374798446
2020-04-14,0.370592365247,0.603397600432,0.808453982844,1.39401168168,1.32044178853,1.01143884654,1.25877980743,1.24183374705,1.12665605378,0.730297998996,1.76359223435
2020-04-15,0.369806375825,0.598978122036,0.801140438219,1.38804275669,1.31145563567,1.00474154816,1.24359293047,1.23304240738,1.1227872262,0.72763099637,1.76089210891
2020-04-16,0.370606200522,0.601566347547,0.807136931831,1.38625154788,1.31607738434,1.01082098589,1.24548142743,1.23134037459,1.12421911119,0.729476176573,1.76154901564
2020-04-17,0.369700341382,0.601905399715,0.812128200513,1.39017018711,1.31997238562,1.01567446463,1.2526786389,1.24491700243,1.13762233724,0.736426072503,1.78263740871
2020-04-20,0.371291484546,0.603322538541,0.816147082023,1.39623369085,1.32591827678,1.01430655555,1.25421277024,1.25152106698,1.14345874555,0.740848489285,1.78567033348
2020-04-21,0.372038239187,0.595831626616,0.809766082771,1.37834256134,1.30884796804,0.999042267255,1.23621044508,1.23459236118,1.12882280943,0.734943609672,1.76784637279
2020-04-22,0.374015381344,0.599001194498,0.816052445228,1.39322482446,1.31676843635,1.00376533171,1.25187414336,1.24063604122,1.13156769243,0.73584539808,1.76062059271
2020-04-23,0.374876867415,0.598481037355,0.816984199725,1.37932037247,1.31249478632,1.00338021992,1.24682166734,1.23562855859,1.12667363465,0.735932443155,1.7567735463
2020-04-24,0.368014928635,0.592811539704,0.811507318882,1.36138627582,1.30279059475,0.994635500587,1.23612484996,1.21731921984,1.10781180652,0.72930090353,1.7731000204
2020-04-27,0.364109286955,0.59207340808,0.815749982871,1.35928471096,1.31196473337,1.0030683444,1.23944018882,1.22776948751,1.10428882492,0.729779350767,1.79308066191
2020-04-28,0.364493028088,0.600773213228,0.81979648079,1.36226245172,1.3156370221,0.997469034612,1.23165681859,1.22700957359,1.09593929036,0.722578514318,1.77349832148
2020-04-29,0.36244152961,0.601635795288,0.819921788435,1.36642285925,1.3272670736,1.00938571582,1.24456772466,1.23167635049,1.10179063924,0.726254299041,1.79250206516
2020-04-30,0.365870101366,0.612643120733,0.83336547582,1.39684000348,1.34895633899,1.0343955673,1.27437363955,1.2617572051,1.11853560593,0.743400357838,1.81786460079
2020-05-06,0.376483517222,0.61924246112,0.848777967214,1.41258837143,1.35718306855,1.03873962536,1.28533506079,1.26527615141,1.12036426398,0.742065350608,1.76186616978
2020-05-07,0.375911515893,0.618704469878,0.843455664345,1.40412536672,1.34826358845,1.03749548382,1.2835084074,1.25999973528,1.11671988926,0.739296945804,1.75797006904
2020-05-08,0.377404670735,0.626806159914,0.857934238776,1.41295905703,1.36460753301,1.04635281181,1.3004513853,1.28011976844,1.12806599117,0.74942540692,1.77507166251
2020-05-11,0.377921921658,0.629730726921,0.853381835652,1.4095068701,1.35846064763,1.04710251268,1.29684253498,1.28514885456,1.13139380252,0.749160167152,1.7720106022
2020-05-12,0.37555746784,0.628380527336,0.854297176005,1.40657834803,1.3541005586,1.04759808405,1.29440226803,1.28203299028,1.12861389067,0.744381748606,1.7717945836
2020-05-13,0.377779144755,0.631469925859,0.85697306856,1.41993134194,1.3561221837,1.0509947717,1.29347853018,1.28197745177,1.12891682379,0.745859801661,1.76483131392
2020-05-14,0.37389115011,0.625085700712,0.847160823406,1.40464183461,1.33900608892,1.04128275335,1.27514061141,1.26737972633,1.11989656722,0.739678882668,1.76836934483
2020-05-15,0.372294331288,0.625675760819,0.842909282388,1.40122754489,1.33476556371,1.04282077884,1.27205539397,1.26356428794,1.12245430008,0.739765912967,1.77612978348
2020-05-18,0.366977179174,0.629375526742,0.844778587394,1.41197405412,1.3323689411,1.04468321898,1.27195402713,1.2615427668,1.12075968826,0.742712254755,1.80857065599
2020-05-19,0.366072645398,0.634979295229,0.851028801058,1.42878700002,1.35178362091,1.05404729846,1.28097072113,1.27094694332,1.12734438918,0.751850586059,1.83528111514
2020-05-20,0.362434399722,0.628230029245,0.842027536222,1.42358957059,1.34633180867,1.04526983938,1.27139950583,1.26303502855,1.12316550327,0.751353924135,1.8523088595
2020-05-21,0.35933684923,0.62291731467,0.834633381065,1.41478876878,1.33191970937,1.04115147406,1.26204528517,1.25394644041,1.11516134236,0.746556078721,1.85631153923
2020-05-22,0.35211647454,0.60812293581,0.818662966543,1.3850005864,1.30173984238,1.0235720762,1.23922442715,1.22971675013,1.09455559611,0.735728324444,1.86668833146
2020-05-25,0.348820552667,0.602915283041,0.8161145797,1.38170121739,1.30029913016,1.02170820494,1.24625122997,1.22971346155,1.09379092196,0.736556403428,1.88626212647
2020-05-26,0.352322676609,0.611086559092,0.833704209424,1.40385716682,1.31410516054,1.03482543293,1.2642307255,1.24444388609,1.10592879111,0.743604082568,1.88537278422
2020-05-27,0.351461583505,0.60666567172,0.827504012127,1.38589648351,1.3050501917,1.02906486597,1.25734182537,1.23676928861,1.10490661718,0.746060839314,1.89620971339
2020-05-28,0.350881195107,0.603109272445,0.825406804477,1.38399916161,1.30919331155,1.03460153012,1.26287686129,1.24677439467,1.10963402457,0.747933891338,1.90410163473
2020-05-29,0.352992446423,0.610492820705,0.828076930109,1.39288166755,1.31803848399,1.03386312053,1.27161676434,1.25046702979,1.11064552,0.749714605061,1.89717802818
2020-06-01,0.360667414405,0.623877115348,0.849358087,1.42393400297,1.35273664802,1.06123076941,1.29943102623,1.29375602995,1.15587427101,0.767584960104,1.90115000978
2020-06-02,0.364307746426,0.625878956593,0.849968227781,1.42315358364,1.35261540293,1.06596980154,1.2988638908,1.29845498161,1.16127084444,0.766930568257,1.88034029833
2020-06-03,0.361865261955,0.626257156414,0.847758791474,1.41489033382,1.34905965386,1.07307848191,1.29700010142,1.29622830875,1.16295401133,0.762001552424,1.88086212103
2020-06-04,0.361318511734,0.626706390678,0.844713446194,1.41494241571,1.34934424707,1.06975065756,1.29516536893,1.28637326551,1.15704941626,0.760406693562,1.8797673384
2020-06-05,0.362015416535,0.630057042157,0.849600362116,1.41523059853,1.36131985234,1.07295453761,1.29992912867,1.29292249775,1.16693801248,0.764210550519,1.88554502062
2020-06-08,0.360738729314,0.632438982947,0.85062848331,1.42156238844,1.36738661808,1.07803442421,1.30699850218,1.29854674982,1.17258264738,0.76912800475,1.90432749114
2020-06-09,0.362467585233,0.635645871468,0.85405439769,1.43399171905,1.37651144216,1.08999436522,1.31822078778,1.30642112411,1.18485340134,0.774502205744,1.90850720745
2020-06-10,0.362919711457,0.634182332398,0.854053119959,1.43317683503,1.37124884981,1.08832341068,1.31154060534,1.30227049039,1.18040659418,0.775302185246,1.90809790663
2020-06-11,0.362452326121,0.631778127983,0.848738473759,1.42619073516,1.36112893709,1.07176535131,1.30229755652,1.28987004234,1.17241695007,0.770399670853,1.89848965733
2020-06-12,0.363939201274,0.635061054827,0.851459701989,1.43188498864,1.35431067247,1.07005757803,1.30375741454,1.28646187281,1.16927206138,0.769299400714,1.88799016465
2020-06-15,0.364342123677,0.634435968565,0.838844730278,1.40997061915,1.33585499008,1.06015782224,1.29286953964,1.27028482615,1.16425103769,0.764438899283,1.87397145488
2020-06-16,0.365506072867,0.646397119511,0.852142069291,1.43317329334,1.36320101771,1.07582157858,1.31251603362,1.29143217552,1.17725211307,0.776040686178,1.89642576737
2020-06-17,0.367480126713,0.649634747622,0.854297081767,1.44092511743,1.36749286678,1.07538533684,1.31178945084,1.29367980721,1.17439741585,0.777311040034,1.88928779095
2020-06-18,0.36706151318,0.656077265158,0.855425414616,1.45216661371,1.38177544292,1.0807004254,1.32509371159,1.30075658482,1.18315885478,0.78175757537,1.90224746034
2020-06-19,0.366949909863,0.662833102605,0.868536081824,1.47725521822,1.40010041878,1.09480983753,1.33663427909,1.31321408879,1.19620184828,0.789404694101,1.92143353192
2020-06-22,0.375286048685,0.669927834492,0.867721650148,1.46866785965,1.38871433994,1.09197481874,1.32690741374,1.31310521535,1.19241158605,0.7904691275,1.88037446649
2020-06-23,0.381261602941,0.675949114352,0.87136346544,1.47256364724,1.39977840025,1.09348235638,1.32222558223,1.3096958427,1.19091084316,0.785609885183,1.83887468705
2020-06-24,0.382782368077,0.675527932485,0.868378420495,1.47338680476,1.40282848227,1.10563550704,1.33356717966,1.31622846076,1.19769482097,0.787844694905,1.83677084982
2020-06-29,0.382115546222,0.665245477911,0.859135227496,1.47035257052,1.39301553184,1.08423111794,1.32018625534,1.30120392608,1.18693119536,0.77979623674,1.82120650604
2020-06-30,0.390662663657,0.679200689017,0.875485887164,1.49019769815,1.4147620976,1.10482289519,1.34002593061,1.31062981972,1.19738241995,0.784371098798,1.79115451007
2020-07-01,0.395227362881,0.692675541223,0.895469748511,1.52591727687,1.43006925227,1.12314602674,1.36084021799,1.33257360769,1.21697712275,0.795962462083,1.79669527417
2020-07-02,0.414699726357,0.707218548318,0.917671761266,1.54135931775,1.45544329441,1.1596498361,1.39585890137,1.36224713968,1.24051613866,0.814407687702,1.74981001385
2020-07-03,0.437906630292,0.739468945021,0.936215849343,1.56568965062,1.47655941147,1.16893109714,1.42180744189,1.37839846692,1.25174518563,0.830553387114,1.68657947654
2020-07-06,0.477686572957,0.797491518887,0.997141388623,1.65870959742,1.54513331364,1.23230450825,1.48386156308,1.44277025149,1.30314234739,0.866691687973,1.60675360163
2020-07-07,0.471114077953,0.779154117366,0.988728334711,1.64998944402,1.53724881137,1.24933086394,1.51148877582,1.46096804754,1.32286884325,0.894091390366,1.67965705759
2020-07-08,0.484503546937,0.807696286557,1.00682206197,1.70004369287,1.56552714915,1.2742887438,1.54430726957,1.47970100618,1.3428590917,0.912555551113,1.6666068762
2020-07-09,0.494316097479,0.822257986139,1.02627601895,1.7402412174,1.58360758356,1.30053866519,1.58382544355,1.51293901918,1.37458135809,0.926546353392,1.65840493493
2020-07-10,0.48247234552,0.812538236144,1.01367682049,1.71327048055,1.55750227265,1.27861191414,1.56142141267,1.48773263617,1.35656640506,0.918736714079,1.68416180844
2020-07-13,0.495165964043,0.835645593526,1.04140084293,1.76376320465,1.59693284728,1.30512494112,1.58973546623,1.51615354914,1.38247472256,0.941479780592,1.68154325764
2020-07-14,0.490600070213,0.83196126417,1.03515586005,1.74064079848,1.57649582847,1.29010918049,1.58353484812,1.49551037434,1.36886994885,0.93206559151,1.68023431561
2020-07-15,0.469148942758,0.807481838495,1.01865070031,1.70335175923,1.55607388769,1.27434986051,1.57236802707,1.491610961,1.34882399838,0.920429353877,1.7327246845
2020-07-16,0.4396225462,0.760104602507,0.961431453274,1.62186510033,1.49555928072,1.22411064367,1.51263202588,1.44672309928,1.3118142095,0.885372159451,1.77577979403
2020-07-17,0.440578402621,0.76508397648,0.97048006821,1.62349612506,1.48741208655,1.22196879498,1.51395271804,1.44609426244,1.32430702868,0.882760759016,1.76668112316
2020-07-20,0.458134168611,0.787105558929,0.995135981081,1.68062059909,1.55841752309,1.27320007118,1.5816954885,1.50004512029,1.37291147339,0.91021619159,1.75123095747
2020-07-21,0.455302064656,0.785584402537,0.987901233193,1.68009849849,1.57141464713,1.277374685,1.58953907414,1.50656399651,1.37570768318,0.913276884762,1.76794544542
2020-07-22,0.457638790383,0.790407462911,0.990956134812,1.69200018938,1.59120635518,1.28539231273,1.59170599379,1.51499802416,1.38025352811,0.919006929634,1.76996427255
2020-07-23,0.466780617521,0.787266659706,0.987768632878,1.68674078598,1.58820679703,1.27725301973,1.58743573466,1.50459629445,1.3690745566,0.917624280562,1.73194441488
2020-07-24,0.447309535356,0.743530033321,0.94037737487,1.6100499681,1.50785907626,1.21972078053,1.51133860581,1.45821327943,1.32823086589,0.893500395057,1.75865802894
2020-07-27,0.455233109531,0.755176369277,0.943457703928,1.62558552339,1.50865007567,1.22449324152,1.52172025801,1.45842523058,1.32121166866,0.891786360643,1.7241317259
2020-07-28,0.455369702127,0.762431260951,0.954831138664,1.64704183968,1.528628724,1.22910525274,1.52594097809,1.46811476241,1.32586487992,0.8948007957,1.72944234696
2020-07-29,0.470040179732,0.782325875888,0.972001149204,1.69443208632,1.57520770777,1.25887599175,1.56519528617,1.50374950357,1.35132360823,0.9113414854,1.70569485705
2020-07-30,0.476028869041,0.783196066409,0.9704021776,1.6757320068,1.55271196257,1.25205021859,1.55259736013,1.49080259581,1.34880915466,0.904712973098,1.67155680673
2020-07-31,0.487076029106,0.79021617882,0.978458653838,1.6827289392,1.5543499383,1.2586173166,1.56817338415,1.50867602011,1.35478348698,0.909651066811,1.64188880676
2020-08-03,0.500479160683,0.811665126712,0.995274093439,1.73385665311,1.58609936736,1.288594648,1.607767675,1.54186449815,1.37450647737,0.922394849624,1.61971016291
2020-08-04,0.491991574493,0.80469150839,0.993308941409,1.72292163288,1.59540609396,1.29052243822,1.60357438508,1.54921588117,1.38666608087,0.932075524074,1.66417780333
2020-08-05,0.492813641742,0.807808721735,0.993505532376,1.72060670517,1.59557575681,1.29861719503,1.60737468108,1.5516716727,1.39196921469,0.94286263626,1.68065702426
2020-08-06,0.490875842211,0.813609755631,0.993130975481,1.72059382411,1.60096393458,1.30287234003,1.61746461741,1.54907508627,1.39401912308,0.939358301323,1.68101906636
2020-08-07,0.490975585349,0.791186427283,0.985155931047,1.6873093173,1.58204367701,1.28757214984,1.59560010728,1.53489568775,1.37715030775,0.936398454605,1.67538072949
2020-08-10,0.492300000532,0.785057511232,0.987733774368,1.69021664744,1.59089411222,1.28993347937,1.6084278654,1.56043093147,1.40226877153,0.944302295936,1.68500271634
2020-08-11,0.482384244223,0.775109105542,0.976553865718,1.67241901782,1.57711231568,1.26959483311,1.58472420519,1.54178542227,1.38915341868,0.93465585903,1.70172852983
2020-08-12,0.477147932028,0.772170581926,0.965135599025,1.65281441224,1.56778180068,1.26135789687,1.57598985245,1.53607470179,1.37332476725,0.938455856162,1.72711956041
2020-08-13,0.472882108603,0.768311897309,0.967125122676,1.64816557174,1.56896564429,1.25613296144,1.58175978714,1.54017893903,1.3798371037,0.939538408741,1.74455275987
2020-08-14,0.480235073788,0.778511464779,0.982671655582,1.67508013704,1.59035544748,1.27222135882,1.60579469337,1.55357199527,1.39543965586,0.952793624294,1.74203879756
2020-08-17,0.493291084763,0.797238639577,1.01032756956,1.71359515516,1.62417427626,1.30388129909,1.63898489117,1.60412059372,1.42992290556,0.974839893525,1.7349867599
2020-08-18,0.490158015669,0.796664861955,1.00318128265,1.70515331471,1.63028747692,1.30546471044,1.63641694672,1.60322966508,1.43341658173,0.981796379462,1.75838720097
2020-08-19,0.486742372773,0.791182754318,0.982271833946,1.67794712161,1.61686167833,1.29217957182,1.62583848638,1.57999008771,1.41784673031,0.969845482558,1.74923650559
2020-08-20,0.4728481877,0.780060443889,0.962373457696,1.66064253175,1.59299548436,1.28299851702,1.60185586043,1.56492553157,1.40580801929,0.95967287264,1.7808213449
2020-08-21,0.480100721711,0.783474324957,0.962247710784,1.67348748341,1.60801625024,1.29141225952,1.61940669219,1.57885313673,1.41204303056,0.965414222886,1.76416111317
2020-08-24,0.480452999946,0.791223756057,0.972162057217,1.6862052661,1.62250285802,1.30209369073,1.61530597898,1.5852843541,1.42219481616,0.965033872102,1.76217160553
2020-08-25,0.47871734227,0.792351806461,0.973771785481,1.67140912035,1.61867490491,1.29534350136,1.59215137268,1.57000776598,1.41616080192,0.962792489832,1.76444471835
2020-08-26,0.471014414621,0.781296228463,0.969185474536,1.64795201177,1.58764922866,1.26977072752,1.57389932934,1.53878085966,1.39395710166,0.94860295634,1.76683178251
2020-08-27,0.475518715789,0.786359388554,0.970007915006,1.65897476672,1.60594912387,1.27651608717,1.58850638139,1.54694625054,1.39736109553,0.955201901322,1.76222655039
2020-08-28,0.485157633046,0.804836774172,0.987160690833,1.69867300412,1.64032020861,1.30496469554,1.6202376412,1.57475358146,1.41993452551,0.965346954009,1.74522198916
2020-08-31,0.483229974924,0.794192247627,0.984147160262,1.68144943928,1.6267638209,1.3018797984,1.61542103186,1.57199394816,1.41631805697,0.961994212204,1.74609489043
2020-09-01,0.486573148711,0.80201757311,0.987825114393,1.69419708098,1.6268804767,1.30392382239,1.62750930406,1.58296089683,1.42379258915,0.968646051683,1.74608833368
2020-09-02,0.487501167912,0.811967423239,0.985507151658,1.69808723798,1.61558166219,1.29963703802,1.62501838135,1.5806445596,1.41699775364,0.963280055404,1.73308531405
2020-09-03,0.482226630259,0.808913036587,0.984177242194,1.68855558547,1.60386441782,1.28866920891,1.61078115811,1.57837105595,1.41067557158,0.961656597896,1.74891565375
2020-09-04,0.476948551225,0.796576573236,0.981664715949,1.67126137048,1.58813717627,1.28790236193,1.59643002607,1.5683017106,1.40391442174,0.959144031815,1.76348845393
2020-09-07,0.466698691347,0.777062809815,0.962812934615,1.63100413096,1.54652083804,1.26348749821,1.56763747951,1.53922240181,1.37909096776,0.950095550422,1.78475009487
2020-09-08,0.462183731898,0.776114723912,0.962736723187,1.64012581222,1.55989598664,1.27657765078,1.57829557056,1.55386802204,1.39783127097,0.958022693079,1.81690731288
2020-09-09,0.453033636449,0.761493289173,0.93513378284,1.61193062888,1.51885228364,1.24902023889,1.54754482063,1.50547673746,1.37432589036,0.935587701623,1.81032922072
2020-09-10,0.449282329469,0.761585961977,0.935359654939,1.59723135645,1.5088453664,1.23963578313,1.53295715934,1.48950862455,1.35709979145,0.923597006807,1.80211792803
2020-09-11,0.452635316492,0.771421909464,0.94376125305,1.61312483314,1.51011537807,1.24992479461,1.54119854612,1.5089212376,1.36580893493,0.93131907116,1.80373600393
2020-09-14,0.455755461611,0.774254047885,0.944060906643,1.6273441602,1.51819467218,1.25007062598,1.5420488661,1.51716536164,1.37007186696,0.934622516284,1.79770029487
2020-09-15,0.457355126332,0.778895388144,0.949962791752,1.64872128864,1.53852671204,1.25912861706,1.55613806818,1.52909774365,1.37525734424,0.939282698448,1.80035414304
2020-09-16,0.45457971861,0.783435569658,0.94803686698,1.64515011732,1.52945090287,1.25497090929,1.54480819606,1.52104503636,1.37876818235,0.940451504484,1.8135196771
2020-09-17,0.459604279525,0.78456226347,0.941063774713,1.63920438039,1.5154643934,1.25174180511,1.53849518337,1.51207156373,1.37885266988,0.943057864259,1.79850045386
2020-09-18,0.462779826419,0.796526581653,0.952662203455,1.68184514429,1.55994371013,1.28673538193,1.58110429491,1.55486920828,1.40608907958,0.967060709239,1.83184975609
2020-09-21,0.458836796337,0.791078459696,0.944925669503,1.67434077478,1.54956525114,1.27658172875,1.57514031857,1.54943551843,1.39429562993,0.963822295251,1.8413233448
2020-09-22,0.452024840783,0.775347201576,0.930369965017,1.64948148778,1.51994238029,1.26285508393,1.55976968378,1.52838786072,1.3748835679,0.954909316725,1.85163219144
2020-09-23,0.454238946458,0.774373207608,0.937848743416,1.65138916394,1.52615527541,1.26246620102,1.56440332159,1.5309873923,1.37976543313,0.953626173295,1.84007443667
2020-09-24,0.445161797735,0.754820472387,0.91579536035,1.61592618095,1.49300288529,1.23548201299,1.5338733143,1.5052626986,1.3549595508,0.941536970903,1.85351823169
2020-09-25,0.44360107253,0.755685212201,0.915484442259,1.6072188234,1.48749549567,1.2345157568,1.53469277138,1.50669492429,1.36346044688,0.943675974169,1.86422747766
2020-09-28,0.440018139599,0.758248276496,0.915991179865,1.61228830072,1.48572352473,1.23681715931,1.52455694067,1.50203715633,1.35966497425,0.943671939868,1.87927673486
2020-09-29,0.440520862,0.755069950925,0.923121750972,1.62355633724,1.48877757705,1.23898557058,1.53343776509,1.50592188275,1.37058497095,0.951433951371,1.89258732212
2020-09-30,0.44202985519,0.756391590601,0.917959662978,1.61434286498,1.47967431259,1.23589322252,1.53216834691,1.49479307176,1.36143560168,0.947651437195,1.87858015466
2020-10-09,0.451615085926,0.767679602539,0.938673207113,1.64216520978,1.50879804986,1.2551686604,1.57806808225,1.53101510925,1.38460966011,0.967188567448,1.87657343612
2020-10-12,0.457172984662,0.78709599512,0.965058168662,1.69844289009,1.55979731018,1.2930637714,1.62478618423,1.57368195569,1.41315033248,0.991718571311,1.90107295955
2020-10-13,0.464248983387,0.787687231406,0.960266256835,1.71214829522,1.56370486971,1.29496815844,1.6170446172,1.57466368157,1.41981747977,0.99077925624,1.86984805278
2020-10-14,0.459053083901,0.787681066895,0.948897170469,1.7024323844,1.54685702472,1.28234236457,1.59947611404,1.56309826327,1.41004150612,0.983475189788,1.87699089365
2020-10-15,0.457615345308,0.78131864613,0.946501310813,1.69760799517,1.54729450988,1.27598495953,1.59380152842,1.56458844061,1.40869599857,0.982938000958,1.88184432463
2020-10-16,0.457453121297,0.778821420481,0.945880653444,1.6948598052,1.54448038159,1.27458277581,1.59085864,1.55909702705,1.40875069326,0.981993488927,1.88070315842
2020-10-19,0.454134318898,0.770593149957,0.937948622437,1.67463028279,1.54079017452,1.26536375434,1.58116805174,1.54914085964,1.40283295,0.974043392929,1.87912164098
2020-10-20,0.456257325984,0.772013775262,0.952534203642,1.68431725094,1.55196770689,1.27460651002,1.58843597199,1.55770967925,1.40846255724,0.97993904512,1.88171091531
2020-10-21,0.453880393756,0.767921889551,0.945229005082,1.67547237528,1.53995647519,1.269244429,1.58326979484,1.55930031713,1.41612692841,0.987124206388,1.9053111155
2020-10-22,0.450816010523,0.767177508767,0.937137769983,1.66938680496,1.5345412826,1.26197234539,1.57256339083,1.55826182865,1.41719448943,0.984386869206,1.91289135612
2020-10-23,0.443208656306,0.754878479708,0.918523400582,1.64516206967,1.52246876183,1.25104795966,1.55419191148,1.55369988391,1.41043788027,0.97550955911,1.92792002689
2020-10-26,0.441089560417,0.754446804743,0.922199691561,1.64858314302,1.5266981644,1.24019739915,1.5480695559,1.54504326496,1.3827008246,0.95853897773,1.90359859775
2020-10-27,0.445771115878,0.765006723377,0.936001216079,1.64752319416,1.51813638586,1.23869986729,1.54177805096,1.54033150687,1.38411632537,0.955681493254,1.87771974629
2020-10-28,0.452242831815,0.778672911818,0.948898895863,1.65182793653,1.52392676613,1.24437043158,1.54010014715,1.54329429091,1.38070653609,0.949537850998,1.83838795779
2020-10-29,0.457434594629,0.781779755184,0.957193035278,1.66914322953,1.52685580708,1.24635198896,1.54494261065,1.53864351893,1.37522161559,0.951044035103,1.82019930621
2020-10-30,0.448358379025,0.763039151507,0.940826356573,1.63946386013,1.49539155923,1.22707240483,1.52648079221,1.51905648866,1.35590294694,0.938925177738,1.8331206668
2020-11-02,0.453532535081,0.773881406778,0.942058798759,1.64458437685,1.50328020564,1.22996986597,1.51450449071,1.50258300023,1.35366521998,0.932115467742,1.79867103344
2020-11-03,0.456518887412,0.779949638899,0.95551697908,1.67667438872,1.53070560473,1.25355538183,1.54581141779,1.52716873106,1.37713899118,0.946348228842,1.81429188456
2020-11-04,0.458411746052,0.7787664136,0.958426198483,1.68851045322,1.53278184628,1.25326405993,1.55855503443,1.53463139265,1.37632170114,0.947145782664,1.80829833909
2020-11-05,0.467244329879,0.798079619583,0.962812449407,1.71236168197,1.55900227827,1.27015913469,1.59290032158,1.55623211819,1.39989063252,0.960572941955,1.79909165671
2020-11-06,0.469832870557,0.798634957295,0.96354752392,1.70861599882,1.56093534057,1.26529088995,1.59605745551,1.55968665478,1.39887746805,0.955854937182,1.78028814057
2020-11-09,0.483966311406,0.816050746702,0.986916967468,1.74327289238,1.59513532142,1.29292743847,1.62761565582,1.60200896075,1.42386404742,0.971090767543,1.75511065056
2020-11-10,0.474809563013,0.808020969652,0.983275729697,1.74081305999,1.57843895633,1.2821447124,1.62731882376,1.59018156565,1.42092805851,0.970433684938,1.78713014284
2020-11-11,0.466624371943,0.792726785797,0.968750491447,1.72214527191,1.5608748109,1.26824028655,1.61829858026,1.58762675865,1.42315340793,0.966077986141,1.80991692471
2020-11-12,0.466012303753,0.791030215372,0.966915043657,1.72839439808,1.56116781655,1.27105358619,1.62155103853,1.5894358306,1.41975779536,0.971190540363,1.82186919172
2020-11-13,0.46189720258,0.787317219454,0.965779965227,1.72796591588,1.55629926655,1.25464252882,1.60496197467,1.57395258567,1.41477942088,0.964039807822,1.82454297373
2020-11-16,0.47406912259,0.789151389428,0.978102155783,1.73841431214,1.57059428021,1.26552601605,1.62576995578,1.59559678924,1.43082446192,0.971898796492,1.79133652984
2020-11-17,0.474018422494,0.786613294789,0.974173565238,1.73616242615,1.5681114026,1.27127933677,1.62296406177,1.59731867753,1.43044352483,0.968598683456,1.78544556752
2020-11-18,0.474374699771,0.781792988516,0.975852654168,1.73217649591,1.57033907296,1.2727741511,1.61879543796,1.60083042928,1.42968486035,0.973955114653,1.79397727002
2020-11-19,0.472822035368,0.787665097658,0.981029159086,1.74203888949,1.57076370269,1.28440228058,1.63005578109,1.60912962232,1.43443694832,0.97693248863,1.80533326978
2020-11-20,0.475962934491,0.796133477061,0.982626088912,1.75067449876,1.58095239805,1.29366543465,1.63774475469,1.62230610773,1.43565566399,0.977642512647,1.79465275781
2020-11-23,0.492114518228,0.806183710528,0.994912778935,1.76344065137,1.5993419349,1.30360466506,1.64528016758,1.62967289608,1.44478000811,0.980464967131,1.73893320366
2020-11-24,0.495572295156,0.803983631382,0.990219209847,1.75952398291,1.59235908334,1.30359402262,1.63502628902,1.61503570696,1.44279892161,0.974684272422,1.71646229639
2020-11-25,0.486819459477,0.786921091655,0.975656623094,1.73250461046,1.5613662557,1.28713677883,1.62469978407,1.59356209938,1.43444818175,0.967571465344,1.73425261521
2020-11-26,0.48353538032,0.790254288322,0.974389270587,1.72919323245,1.56492919993,1.28029960304,1.62956613477,1.60147698077,1.43675710883,0.970647984183,1.75146614673
2020-11-27,0.486313481218,0.7962112039,0.988196870519,1.7569213868,1.57966922545,1.29613326958,1.64735453827,1.62703021229,1.45146642768,0.975634126265,1.75040042835
2020-11-30,0.487878339066,0.794824530354,0.991453568623,1.75553599506,1.58078623443,1.29837490161,1.64469617549,1.61646133374,1.45587787902,0.977527496246,1.74816492053
2020-12-01,0.502187077531,0.808878671787,1.00564204158,1.77848097046,1.60689938476,1.32312759458,1.6761371423,1.6415965226,1.47942783723,0.99801410497,1.73353117331
2020-12-02,0.50436904941,0.807240745356,1.00806137556,1.76149830482,1.60284056583,1.32754756878,1.68079883559,1.64416543432,1.48419979854,0.997345292576,1.72483737311
2020-12-03,0.499051102306,0.801967568456,0.997109651423,1.7636981633,1.59924576339,1.33029688973,1.68548129151,1.6447355781,1.48462114357,1.00004287647,1.74768892594
2020-12-04,0.495185840635,0.798396400781,1.00093476009,1.75754224192,1.60957503048,1.32464799913,1.68495555107,1.64131108465,1.48497547945,1.00093739969,1.76278844628
2020-12-07,0.493917551203,0.790056526042,0.992181869235,1.73195322559,1.59197486094,1.31157155927,1.66452371471,1.62138873799,1.47205864879,0.989712742092,1.74753520326
2020-12-08,0.493973381784,0.788649795865,0.991517277023,1.72299675021,1.5826785762,1.31012842182,1.65893907498,1.61180476944,1.47021747463,0.986154858306,1.74105551516
2020-12-09,0.488089720437,0.773542285509,0.971018447965,1.68720602494,1.55529898201,1.29112189787,1.64070420999,1.59097166301,1.45056986585,0.973163033586,1.73885597657
2020-12-10,0.488381590085,0.769321110019,0.972181023632,1.68350739683,1.55062450456,1.28342748385,1.63769382986,1.58900994186,1.44832408662,0.975086088623,1.74125230029
2020-12-11,0.485344169591,0.7586711701,0.960093390927,1.68056563673,1.53544868584,1.26706801863,1.62345467404,1.57532762225,1.42945557061,0.965806811784,1.73551137815
2020-12-14,0.480513707841,0.758049456952,0.9677269037,1.68471321587,1.5580442991,1.26728276615,1.62253840852,1.58841283839,1.43158080864,0.975134938678,1.76954654366
2020-12-15,0.483582628275,0.766103172668,0.969626951143,1.70250066092,1.56214932002,1.2645567169,1.62389158318,1.58899404654,1.42716594714,0.972018207953,1.75258906136
2020-12-16,0.482865198878,0.767341619449,0.968280810844,1.70654283933,1.56111011382,1.2553363023,1.62518044238,1.58328902168,1.41838787666,0.96727301837,1.74663337929
2020-12-17,0.488719589718,0.772324751001,0.982152315737,1.73179552041,1.57454282315,1.27226137266,1.64346396374,1.60392069473,1.43343524188,0.982606940667,1.75314562964
2020-12-18,0.490881525728,0.780148620342,0.977565839879,1.73054156671,1.56817601563,1.26706693727,1.63846226942,1.60579686678,1.43054852362,0.98525289573,1.75011114003
2020-12-21,0.503383849246,0.794263508698,0.987160370003,1.74062369887,1.57722369339,1.2671694825,1.64801370359,1.61251079535,1.4451533342,0.989607314505,1.71327212102
2020-12-22,0.492043009283,0.768214621388,0.966919159715,1.7072389808,1.54322652066,1.22737905938,1.61098097665,1.57790795893,1.41735479229,0.975488039126,1.72742658499
2020-12-23,0.494260999566,0.777268612799,0.973911095224,1.70868981506,1.56059414644,1.23696668545,1.62385017732,1.5848858304,1.44432598621,0.985651390027,1.73763743503
2020-12-24,0.494237369499,0.773753129489,0.971170266766,1.6999977508,1.54678305269,1.22520577585,1.61352262176,1.56816153758,1.42652892575,0.982114162949,1.73148461493
2020-12-25,0.499459195651,0.784354789709,0.98929564829,1.71770347738,1.56247718958,1.24346269615,1.62453367926,1.58218303852,1.4391091467,0.990995162187,1.72884810859
2020-12-28,0.50133014846,0.778318397861,0.996366089638,1.71809057765,1.56401763357,1.24023343571,1.62443479349,1.56644956828,1.42986606259,0.996496279364,1.73196893303
2020-12-29,0.490997839149,0.766086643482,0.989231207834,1.700471113,1.56668169953,1.24302837141,1.6365283287,1.57508422938,1.44255237168,1.00392561963,1.7805770786
2020-12-30,0.493810148258,0.771150576826,0.998742455255,1.71878477601,1.58115107053,1.2545886036,1.65362535683,1.59535164195,1.4594311032,1.0159556554,1.79171503827
2020-12-31,0.50500006754,0.7895558502,1.02322068584,1.75183545249,1.6094128396,1.28571707731,1.68354261576,1.61687831682,1.47548739647,1.02573144297,1.76835446221
2021-01-04,0.516334111512,0.81291874709,1.02570766493,1.76124443942,1.62760889854,1.29912599016,1.709767367,1.61939407534,1.49223016492,1.03952589683,1.75244768679
2021-01-05,0.532441456975,0.820936350731,1.05489908507,1.78808184929,1.65466226696,1.32023244801,1.72688467868,1.63970779016,1.491819357,1.04322503373,1.70401511142
2021-01-06,0.536006753524,0.82452878447,1.04866569073,1.78471824814,1.66337456277,1.32167470689,1.73487048549,1.64443639869,1.50534705702,1.05283234911,1.70829750024
2021-01-07,0.543185945119,0.831028250159,1.06040344074,1.83311896886,1.68231144754,1.32839802715,1.75136999771,1.6604206367,1.50039556659,1.04216233781,1.66810395377
2021-01-08,0.545699759256,0.826406992832,1.05109007478,1.81254628524,1.67367115393,1.34378615738,1.77876736796,1.69213202215,1.51029476145,1.05704488358,1.68420539638
2021-01-11,0.537845825887,0.818786237824,1.03154385981,1.81264690294,1.67195691914,1.31938339063,1.75008513,1.67814869136,1.48195475727,1.03651738915,1.67573840357
2021-01-12,0.551146183475,0.8313413938,1.05039197885,1.86511583617,1.71036246453,1.34534985955,1.78475997618,1.70785474222,1.51844591618,1.06369567958,1.67823832934
2021-01-13,0.548778189671,0.82141389415,1.04501241565,1.86455649019,1.70136239544,1.35866917767,1.79010648169,1.71749217351,1.51623704048,1.06633334076,1.68961041401
2021-01-14,0.546236589292,0.815669939626,1.02758021645,1.84448536569,1.67622253576,1.3426619526,1.77344949698,1.700616334,1.49473174682,1.05698210265,1.68261855932
2021-01-15,0.533217330349,0.808376391004,1.01727549659,1.82998986439,1.67704459394,1.3477993299,1.78314531444,1.70276140226,1.49642964468,1.05007271972,1.71172377499
2021-01-18,0.53822748648,0.825129174627,1.02884086116,1.85502301938,1.70254157138,1.36175725859,1.80539139033,1.71685898643,1.50457555684,1.0616091798,1.71444585658
2021-01-19,0.527950972058,0.810977461018,1.01360069288,1.82856585336,1.68399007416,1.34256358935,1.78185830805,1.71390885539,1.50271508596,1.06447126929,1.75180233951
2021-01-20,0.521123699521,0.814195502243,1.01832778397,1.83750254976,1.70041332202,1.34672209529,1.80215972238,1.73240493235,1.51559311153,1.07817583031,1.79700964026
2021-01-21,0.53542917743,0.827745204696,1.04305502695,1.86111764151,1.72693833435,1.35507481153,1.81510242938,1.74748171351,1.52444955843,1.07749675172,1.74654771596
2021-01-22,0.536525823398,0.835936100924,1.04806632888,1.87167716523,1.71503303721,1.34373332257,1.78767478628,1.71933084874,1.49803608052,1.0713581972,1.73302033007
2021-01-25,0.535385465616,0.83683177221,1.05832370501,1.88591889791,1.70776229834,1.34868836989,1.78781961054,1.70645183935,1.48168727408,1.06240369177,1.72221903943
2021-01-26,0.521158282451,0.818984342932,1.02699908368,1.85070159762,1.69805094561,1.32663161103,1.78290101202,1.69972402844,1.47244246932,1.05904233789,1.76253585216
2021-01-27,0.516702579882,0.827101873219,1.02426009764,1.86244918933,1.7186012839,1.32848532626,1.79431865092,1.69239354451,1.47335062913,1.06087076412,1.78064785569
2021-01-28,0.500595488258,0.801105526393,0.987016074264,1.80292899861,1.66702475352,1.29687786416,1.76266583347,1.66838261831,1.45378771129,1.05176678849,1.82087490332
2021-01-29,0.496145787774,0.797098784966,0.987046523094,1.81293767478,1.65163406764,1.28888598536,1.74395519714,1.65416662381,1.44028062285,1.03997225008,1.81664098717
2021-02-01,0.498067349859,0.804723042604,0.994975682854,1.84486353505,1.68544469805,1.3137825427,1.75970768031,1.65480607486,1.43759953364,1.04888875094,1.82518066866
2021-02-02,0.502236337753,0.814471912121,1.0134810056,1.87276395507,1.71920033042,1.33016849737,1.77058399228,1.67711262682,1.4606086169,1.04777069564,1.80795776684
2021-02-03,0.501556870077,0.811114441426,1.00495002811,1.87734561344,1.70129468942,1.31486765735,1.75110587332,1.65743697745,1.44306440077,1.03609624173,1.79025912644
2021-02-04,0.493855858442,0.799850578809,1.0025034653,1.87633233138,1.680249887,1.29729567014,1.74110001731,1.6325915201,1.42666313096,1.02166379799,1.79280949024
2021-02-05,0.488972517958,0.785246189005,0.990833322998,1.8668272985,1.67819176259,1.28905039297,1.76909410273,1.62076942778,1.4359049238,1.02563463317,1.81750512853
2021-02-08,0.494043680878,0.792991661163,0.991879211478,1.89637779231,1.71488797153,1.30769907544,1.80379415552,1.64538624469,1.4424437202,1.04193775638,1.82754609014
2021-02-09,0.507434666688,0.818268243303,1.01214495779,1.94261614961,1.75503069744,1.3317063066,1.83509228115,1.67461380751,1.46998035312,1.05761085241,1.80550112438
2021-02-10,0.518048423486,0.831582009091,1.03283215169,1.96669923532,1.7866168028,1.34762032124,1.85866968871,1.683583654,1.47591770203,1.06432909148,1.7792054082
2021-02-18,0.510959117942,0.824030753249,1.03295397388,1.98378194186,1.77031243384,1.38201411534,1.87441404864,1.71784372507,1.50617747963,1.08906489851,1.84490326078
2021-02-19,0.515932365756,0.812301448183,1.04212424015,1.98757777424,1.80491886208,1.40065000486,1.90022746048,1.73317884999,1.52662193785,1.10429888068,1.85275326666
2021-02-22,0.521057421518,0.811865453645,1.01362535752,1.94332557997,1.77435659511,1.37998260869,1.87210204826,1.70319684379,1.49636424405,1.0839347076,1.80018250957
2021-02-23,0.513529727821,0.805531862117,1.00901152727,1.92636747512,1.76914815289,1.37885506844,1.86647703269,1.698076223,1.48886771079,1.07213178166,1.80658754484
2021-02-24,0.49486431458,0.782874481592,0.983507357546,1.87585935178,1.7367822476,1.37247703025,1.85104694643,1.67534285066,1.48308567379,1.07046222487,1.86943882974
2021-02-25,0.493827466742,0.782381087735,0.987976041405,1.88209135384,1.75814524922,1.36909225499,1.84202604546,1.69152326738,1.50582082445,1.06930546648,1.87133556354
2021-02-26,0.481027846087,0.768192028145,0.965301377404,1.83171606381,1.7171469809,1.3353345092,1.82249997981,1.65786428635,1.48326449873,1.05470646015,1.89429015643
2021-03-01,0.490622507954,0.779622174395,0.981483625022,1.87194695864,1.75441631551,1.3554693567,1.84995648247,1.67929917649,1.49620354965,1.06191650413,1.8694558225
2021-03-02,0.4857642106,0.768893301546,0.967918933579,1.86968015831,1.73950177282,1.33714145742,1.82905112588,1.65868409297,1.48128126677,1.05667969731,1.87874859732
2021-03-03,0.487201634715,0.781054416835,0.980317848226,1.90412000046,1.77110046044,1.35905102108,1.84777295369,1.68861283962,1.50158985449,1.07582137214,1.90722258765
2021-03-04,0.478450417606,0.752120935273,0.952478095692,1.85720771954,1.71195048344,1.32210637022,1.80928035347,1.65450246528,1.47395049245,1.05508099127,1.90471184477
2021-03-05,0.473108107619,0.7487229573,0.951965521024,1.85757427819,1.71543032292,1.32821013269,1.81243753234,1.66590998338,1.48955874562,1.0667530852,1.947050934
2021-03-08,0.451695050911,0.720215272091,0.927152992448,1.80068769447,1.67427854956,1.29839750284,1.76829974859,1.65026542035,1.45739272984,1.05038639214,2.00530252479
2021-03-09,0.440636887131,0.707095426275,0.901144113014,1.75953490812,1.64015005146,1.27001421452,1.7442429256,1.61422274358,1.43341945961,1.02813428956,2.01191360233
2021-03-10,0.444016136528,0.706452462554,0.906856955737,1.75385372279,1.62473086471,1.25598165527,1.73694217169,1.61717538523,1.43400872582,1.02603768324,1.99238145112
2021-03-11,0.455750592121,0.723249273942,0.926467559247,1.78948457254,1.66985434905,1.28562433239,1.7727914558,1.64663679941,1.46367949575,1.03899918302,1.96489571857
2021-03-12,0.458577458105,0.725932810192,0.927327448702,1.78404078194,1.6786319246,1.28226048762,1.78325666232,1.64979024944,1.46770924602,1.04821808614,1.97014239974
2021-03-15,0.45285146838,0.707397039051,0.899189560705,1.75191073956,1.65730698662,1.27010243758,1.74536278337,1.63995016478,1.44539123759,1.02968520911,1.9599095866
2021-03-16,0.4561329694,0.71065557015,0.906133660338,1.77205693484,1.663947071,1.27372727662,1.75467678874,1.64860564482,1.46453682639,1.03388130202,1.95369434974
2021-03-17,0.458196677437,0.712384205417,0.908287390201,1.79753653995,1.67341465635,1.27827783141,1.7603441883,1.65232239332,1.47579619963,1.03623258915,1.94929829701
2021-03-18,0.463203090019,0.717360915914,0.918841340319,1.82314248264,1.67943581294,1.28544907584,1.77146925154,1.64898316014,1.47473810918,1.03250908035,1.92099516114
2021-03-19,0.450988632422,0.6963482589,0.899126099112,1.78876093722,1.64763959267,1.26579043941,1.73690729084,1.62285763149,1.45737139917,1.02086338066,1.94998398156
2021-03-22,0.456789960836,0.700606305119,0.905968651555,1.80045260346,1.67796446034,1.28983716089,1.7543264724,1.64269640132,1.47750192397,1.03865167475,1.95887819909
2021-03-23,0.450152861287,0.695784420789,0.892554769546,1.78295660497,1.66318093783,1.27304469739,1.74215173058,1.62698173309,1.46647910463,1.03244874168,1.97564182896
2021-03-24,0.445900947633,0.683728875548,0.877203772958,1.74480389916,1.63616658138,1.25423888894,1.70928502819,1.59970931136,1.45134177422,1.01911992068,1.96879737157
2021-03-25,0.443411830688,0.684980038077,0.878600464683,1.74565260251,1.63535690209,1.25491597883,1.71801070856,1.59965679253,1.45385730286,1.02245527382,1.98623106707
2021-03-26,0.455071402895,0.709203752611,0.903256601042,1.78845949399,1.66574145396,1.2788140035,1.74228730233,1.61541567051,1.46473009219,1.03043429986,1.94950299057
2021-03-29,0.451638493975,0.705534538931,0.906120397797,1.7869591844,1.66538477588,1.28534131341,1.74975760323,1.62458067981,1.46942403029,1.03111760302,1.96550215703
2021-03-30,0.45406527008,0.709561817581,0.909956173678,1.82011223197,1.66758482505,1.28891481811,1.75940387891,1.64093239685,1.47685899684,1.02358067518,1.940574193
2021-03-31,0.446593266491,0.703247346009,0.898903758868,1.80776559246,1.65609643938,1.2866535676,1.75766943553,1.63735151239,1.49052893531,1.02559488351,1.97632655188
2021-04-01,0.44877390121,0.706766206064,0.90726484054,1.83035441973,1.67992839383,1.29698964386,1.77013215399,1.65431355714,1.50076098804,1.03177647248,1.97858845758
2021-04-02,0.455678999888,0.715245752409,0.910014929289,1.86090861424,1.69509767994,1.30290419178,1.77684310208,1.65001856669,1.4983466668,1.03115787171,1.94695847298
2021-04-06,0.452828553581,0.710882944581,0.906491344993,1.87133751755,1.69892984584,1.30599310234,1.78480781498,1.65112281026,1.50366665047,1.03113781058,1.95909956438
2021-04-07,0.454399670605,0.703376564677,0.900811158592,1.8684573621,1.70805627059,1.30795296714,1.79454934777,1.65756629863,1.50723930596,1.029618655,1.94941604191
2021-04-08,0.45329141861,0.701767324448,0.907943704362,1.86519948872,1.70657428416,1.31349936093,1.8009805481,1.64886546349,1.50494695474,1.02508187998,1.94558089589
2021-04-09,0.446976498645,0.691309286915,0.895515054796,1.86074945321,1.68907161086,1.29618481202,1.78271887722,1.6326785873,1.49461766653,1.01968520165,1.96244252003
2021-04-12,0.433872451608,0.678471044865,0.876044128236,1.8226240971,1.66141323685,1.27355515416,1.76313916531,1.61544072295,1.47105070649,1.00227699764,1.98647252518
2021-04-13,0.430045854533,0.677548013444,0.878133347643,1.82207429321,1.65656895143,1.26906786272,1.75148859535,1.61643446088,1.46493427015,0.99175899987,1.98314624295
2021-04-14,0.434663617347,0.688857111975,0.887826725545,1.84251159942,1.66922715306,1.27802540311,1.76994267418,1.62094587725,1.47773390933,0.995864035004,1.97006007093
2021-04-15,0.431792498687,0.685466117654,0.886176684945,1.84484961258,1.66855337848,1.27053177756,1.757032014,1.61394257991,1.46849012443,0.987529559232,1.96658545756
2021-04-16,0.432661494493,0.687958573629,0.884088961194,1.84446545438,1.67582032526,1.28023637373,1.77423267267,1.63582437185,1.48228826528,0.998529225004,1.98453259037
2021-04-19,0.446231158155,0.703546168402,0.903345532851,1.89095520156,1.71309089991,1.30079729695,1.80585445719,1.6683413893,1.50678924738,1.01634040656,1.95769016464
2021-04-20,0.442203419494,0.708785777557,0.902693838752,1.89641149374,1.70512773545,1.29598547361,1.79911196254,1.65874971514,1.49678178777,1.01349624087,1.96988204806
2021-04-21,0.442965543072,0.716954569605,0.900835482108,1.89178700104,1.70673841356,1.29266400985,1.79241823069,1.65844558362,1.49063242259,1.01113318123,1.96189405774
2021-04-22,0.441865861032,0.719576949148,0.901173804278,1.89539182157,1.7142683393,1.29601625084,1.78692912319,1.66233395262,1.48746977905,1.0096105847,1.96381026613
2021-04-23,0.442565870207,0.719898043226,0.900948777813,1.90081078143,1.72078125593,1.30716591013,1.7806511507,1.66125102688,1.48948101593,1.00448475296,1.95072883427
2021-04-26,0.440282221584,0.713936156569,0.89074336403,1.88068860722,1.70384507365,1.29888835882,1.77271835285,1.6443587625,1.47317337527,0.994442012403,1.94129143698
2021-04-27,0.43691342495,0.717851705155,0.883012053439,1.88010783614,1.71561945635,1.28702491839,1.76379163635,1.63375639706,1.46655324523,0.998243398858,1.96356597188
2021-04-28,0.44414849536,0.723443751012,0.899806892126,1.88369175803,1.72216802368,1.29396191386,1.77762274108,1.64755409108,1.46127668476,1.0027475585,1.93991006741
2021-04-29,0.440473004244,0.727797466299,0.903864848893,1.90095805464,1.7461804879,1.29932263794,1.78564973612,1.67058987141,1.47856636997,1.00961215207,1.9692437382
2021-04-30,0.440399560644,0.723004042153,0.885902736093,1.86865806077,1.72721499712,1.28841911248,1.76662637407,1.65572747194,1.46840774436,0.997996317612,1.94691545572
2021-05-06,0.434370464233,0.720460873662,0.877339369617,1.86043359067,1.71078022222,1.28929004296,1.75321823838,1.64503955369,1.47195133121,0.985279385962,1.948760346
2021-05-07,0.431403102565,0.719524806192,0.868773689173,1.83736387908,1.69405918951,1.26631579892,1.73163443166,1.6285182654,1.46013014159,0.972366845945,1.93653372051
2021-05-10,0.441909460626,0.719626861574,0.873869657496,1.83268862211,1.68841057414,1.26616456556,1.71222450762,1.61859656498,1.44619557738,0.969008109524,1.88268237825
2021-05-11,0.432714806926,0.716131046499,0.87681909239,1.85033128303,1.70437586738,1.28210663806,1.72604753408,1.64737865544,1.45501474248,0.977967781498,1.9392623985
2021-05-12,0.441264739526,0.720232235679,0.881360256953,1.85500650135,1.7122575503,1.27522559845,1.73107091198,1.64964687072,1.45485072407,0.985172163188,1.91523080543
2021-05-13,0.43794713431,0.711927020422,0.867491926574,1.84248652013,1.68698765445,1.27464689859,1.71824630827,1.64189805202,1.44753501298,0.980410440066,1.92037321745
2021-05-14,0.444367774511,0.722115264635,0.889308901852,1.87551380793,1.72516259905,1.30263560829,1.75856486524,1.67288534097,1.50059916699,1.00929506088,1.94879665834
2021-05-17,0.438541342115,0.72046483838,0.908057372472,1.90559492392,1.76418153531,1.31998002018,1.78517403362,1.68933625222,1.50300793297,1.02301188798,2.00083388919
2021-05-18,0.4433539582,0.721751247538,0.912791905918,1.89909902657,1.76443313238,1.3198185987,1.78620396333,1.69202348097,1.50543114858,1.02346904936,1.97977057725
2021-05-19,0.440347503704,0.726231364898,0.908850317191,1.89412368573,1.76576907622,1.32157595577,1.78242581666,1.68298062565,1.4927750331,1.01668434059,1.98007156459
2021-05-20,0.438356443208,0.729377896914,0.906252480715,1.89526790523,1.75900221319,1.3230398663,1.78609670763,1.69073743074,1.50060698438,1.0213700275,1.99815032822
2021-05-21,0.431058151919,0.72281424266,0.898737536537,1.87703891998,1.74534324117,1.30980420161,1.76701882054,1.68150549397,1.48984421932,1.01537713188,2.01969380474
2021-05-24,0.432062606957,0.726198157551,0.90131563951,1.89892924653,1.75483550672,1.31869135269,1.77465176886,1.69349966102,1.49756769092,1.01484001438,2.01391911443
2021-05-25,0.443062881963,0.746513606787,0.922863597501,1.96217143073,1.79867835669,1.34784501275,1.8205857357,1.7260080268,1.51944727197,1.02868320863,1.99011631298
2021-05-26,0.441909847887,0.747766701468,0.922419027595,1.95898721113,1.80104724543,1.3475254262,1.82479976335,1.72955312037,1.52909219175,1.03948120629,2.01618550101
2021-05-27,0.444981383421,0.745418937976,0.927194107904,1.97939061191,1.7999067328,1.35824034727,1.83118483775,1.74737175579,1.54787321539,1.0522281804,2.02689594205
2021-05-28,0.438538079351,0.737967664509,0.916688392357,1.9780814883,1.78870764208,1.3499672964,1.82529034744,1.74853128807,1.54622484743,1.05555944087,2.06266224681
2021-05-31,0.442505833837,0.741294191371,0.918961712361,1.96526428942,1.79699575098,1.35188387874,1.83232429229,1.75232157177,1.55036107395,1.06048181917,2.05361871747
2021-06-01,0.443160200529,0.740721027572,0.923401944934,1.97817148674,1.80098769635,1.35743747637,1.83539733406,1.74800459944,1.5482025387,1.06211058622,2.0537359776
2021-06-02,0.440079972652,0.733649929733,0.912902131717,1.95630765336,1.77612702177,1.33702233357,1.81258206126,1.72824831137,1.53928558693,1.06165141411,2.06712279631
2021-06-03,0.43552007783,0.727842930338,0.900770121362,1.95766436054,1.7706067542,1.33303475846,1.80927958229,1.71644336808,1.53928668791,1.06136813564,2.08798975169
2021-06-04,0.437032890699,0.733245579238,0.900501917926,1.96721978347,1.78027062631,1.33573393697,1.81568381983,1.73141271615,1.54648489741,1.06476030317,2.08741024091
2021-06-07,0.439895533488,0.734096053617,0.908770791633,1.97688946373,1.78870694414,1.33857877927,1.81277952436,1.73027118736,1.54474460742,1.06359170299,2.07144635113
2021-06-08,0.434450649266,0.722466264631,0.89956741884,1.96914970626,1.7802186617,1.33702696429,1.81709294136,1.73550254401,1.54725940192,1.05959638901,2.08930478686
2021-06-09,0.43301605782,0.723312258883,0.901561574553,1.96414837453,1.77206827864,1.33307471922,1.82303774897,1.72874288469,1.54180313183,1.06191993235,2.1007853881
2021-06-10,0.4359403699,0.72826092083,0.910824939005,1.98359982012,1.7796216825,1.33274070395,1.81636896328,1.73117506352,1.5409043602,1.06114354707,2.08506211904
2021-06-11,0.43701530838,0.71262955997,0.900826844189,1.95947663889,1.75545214936,1.32022033665,1.7968997503,1.72651208118,1.52229735673,1.0507742827,2.0595460142
2021-06-15,0.432626392591,0.70023569502,0.891285425858,1.93480657355,1.73559279318,1.30272538249,1.77685893335,1.7032414363,1.49989482999,1.03812048011,2.05542810305
2021-06-16,0.421936854595,0.6836334984,0.878588741472,1.89705377802,1.72879094071,1.29170248625,1.77200642207,1.69419824438,1.49385774958,1.0397731156,2.10948673297
2021-06-17,0.421631250035,0.68710402888,0.891938062772,1.90808756761,1.73982414032,1.29128659631,1.77861943866,1.70756315858,1.49283847807,1.05022593288,2.1322212385
2021-06-18,0.426830287426,0.694318247375,0.890152488855,1.93634235784,1.74393495803,1.28583960011,1.77744131266,1.70109229653,1.48897656937,1.04526440088,2.09585616121
2021-06-21,0.426655934696,0.699393572323,0.889885400557,1.95117212296,1.7422974695,1.27713594394,1.76946976081,1.69875338296,1.4944584952,1.04309605091,2.09236453061
2021-06-22,0.42584590073,0.701029848205,0.891038672328,1.96315986687,1.78404822274,1.28427857928,1.78026755785,1.70945072053,1.4962907725,1.04840398867,2.10698430517
2021-06-23,0.428492368836,0.70225163371,0.895470960225,1.99978568629,1.81146339336,1.29319045386,1.79986308844,1.71563200488,1.51073609382,1.05459946779,2.10634130459
2021-06-24,0.431244149824,0.703177026756,0.88997304107,2.00057002322,1.81539577967,1.28941378808,1.80532195928,1.71633897688,1.51324388172,1.05698617518,2.09758131358
2021-06-25,0.436172726232,0.709578374133,0.909800370758,2.02231148574,1.8378909085,1.31160339516,1.8355722333,1.74085382457,1.5306407126,1.06665490864,2.09279613693
2021-06-28,0.436286785177,0.706387297411,0.913368152011,2.03778870512,1.8535722024,1.30622174193,1.8520930494,1.74373321933,1.52888292977,1.07081695403,2.1004148798
2021-06-29,0.431672114136,0.697233898283,0.894775625289,2.01217468176,1.83556307884,1.28786335049,1.84158627796,1.72417758184,1.5185580438,1.06188751723,2.10511613216
2021-06-30,0.433124183147,0.700114329001,0.905024879586,2.02430449198,1.84872394495,1.2931042404,1.85123495233,1.72987707468,1.53557269591,1.06632156455,2.10682507404
2021-07-01,0.431250109413,0.687608948447,0.884463071902,2.000963368,1.85826512735,1.28503554691,1.8456308594,1.73344608999,1.53095583185,1.06987827407,2.12296834357
2021-07-02,0.416806546269,0.668729015484,0.85855511231,1.95804957301,1.81794476423,1.26635754017,1.82288525009,1.70842290814,1.50903610305,1.05281054514,2.1602038251
2021-07-05,0.423731382393,0.666303366469,0.867749657111,1.97114148938,1.82513129471,1.271828441,1.82667730301,1.70145843233,1.50920291609,1.05125597127,2.12112439142
2021-07-06,0.425714212732,0.66089825689,0.856546467532,1.97420563082,1.82490541809,1.2761229918,1.82595513037,1.70918429851,1.51475850193,1.05769511267,2.12419098085
2021-07-07,0.433532825114,0.670933878991,0.868473887543,2.01251144308,1.84842111167,1.28352964524,1.8298232823,1.72919241774,1.51796930267,1.0621207422,2.09406644632
2021-07-08,0.43816265663,0.668448156423,0.874194360124,2.00435603612,1.82620776841,1.27604309004,1.8109461925,1.70036013903,1.50423309492,1.05105780713,2.049891691
2021-07-09,0.433294202953,0.669279054236,0.867956740269,2.0084117314,1.81531043623,1.27929039041,1.81448515784,1.70461277172,1.50645062298,1.05441023133,2.0792064469
2021-07-12,0.443474838392,0.680399126715,0.878862897192,2.03750260021,1.85325053572,1.28409711656,1.83500982391,1.70419510617,1.51392917082,1.05356296201,2.02868288654
2021-07-13,0.44470567733,0.68230451573,0.878798682756,2.02473398226,1.86712259485,1.28954474766,1.83367684757,1.70965018022,1.51896358304,1.05758676669,2.03080041068
2021-07-14,0.435880610992,0.674814473982,0.871570436324,2.00749425232,1.85103042127,1.28267932669,1.81564935547,1.69811565702,1.50701092851,1.04570629954,2.04828798321
2021-07-15,0.438900092538,0.687429787806,0.882672983224,2.03108424965,1.85413734756,1.28630043117,1.82665956828,1.6986649641,1.50496690718,1.05204053728,2.04650610407
2021-07-16,0.43209474426,0.684339782266,0.875236251963,2.02197339744,1.83759559159,1.28183822639,1.81518939259,1.69519599766,1.50605211634,1.046028108,2.06654230805
2021-07-19,0.431207561683,0.682208505542,0.879312846543,2.00983594057,1.84247743356,1.27865456068,1.81777318116,1.6870165022,1.50541858679,1.05127841512,2.08115791255
2021-07-20,0.429533965728,0.686601993222,0.880786497242,2.00450077758,1.84872237455,1.28286328228,1.82138473968,1.68084977558,1.49756775541,1.0505224197,2.0877386672
2021-07-21,0.434994786725,0.694444477495,0.893382472508,2.0261533797,1.85803491762,1.29260613529,1.83434189882,1.68466353653,1.4982319658,1.04745732391,2.05510512046
2021-07-22,0.443554662909,0.693885147201,0.889775306498,2.04081592129,1.86961122951,1.29042060321,1.83133371664,1.69414007917,1.50385658143,1.05383154754,2.02717072083
2021-07-23,0.449615514329,0.694438422876,0.876714152437,2.03388965197,1.8583552789,1.27332934342,1.80986679324,1.66108530301,1.47411904803,1.04055667764,1.9739351132
2021-07-26,0.443350729858,0.67938253916,0.864309607233,1.99477996424,1.78698495533,1.22006212109,1.73910175224,1.62349033481,1.43998146661,1.01286749927,1.94891288364
2021-07-27,0.427570076927,0.653496927725,0.83949909208,1.95871729669,1.72856958916,1.19820369779,1.69393203392,1.58303028889,1.41281669838,0.981482139983,1.95789234828
2021-07-28,0.421809516308,0.645189607264,0.839613822648,1.95963488657,1.71480746893,1.18454514848,1.67695179109,1.56832052528,1.39844498065,0.977887040193,1.97709899361
2021-07-29,0.430671622003,0.671386183636,0.860214243816,2.0029447698,1.75151799221,1.20589455552,1.69725177233,1.59456817543,1.41130883056,0.976961151364,1.93368870122
2021-07-30,0.442165485803,0.664500453281,0.874695688152,1.98374653744,1.72547719989,1.20282751948,1.68061595436,1.58878910524,1.40990762598,0.975171820198,1.87854036624
2021-08-02,0.444044615302,0.678956247624,0.895983475819,2.04112652379,1.76891789718,1.2459168966,1.72627434969,1.64717682663,1.44475826576,0.997949940314,1.91443593847
2021-08-03,0.447860690792,0.685168307973,0.889311275347,2.06063542984,1.75031134214,1.2607867585,1.71047374596,1.62731202965,1.4227078023,0.997550378214,1.897216958
2021-08-04,0.446944793585,0.683078915258,0.896986513735,2.0968447864,1.76175281473,1.26882914745,1.71910543887,1.64798254466,1.42917010702,1.00926750419,1.92338137901
2021-08-05,0.443877994066,0.679604996592,0.889448949391,2.07853401408,1.73665789989,1.25196924867,1.7070619781,1.63758822483,1.42446009083,1.00935583076,1.93674736397
2021-08-06,0.440415456017,0.674741250178,0.883858640862,2.05192786955,1.73733329038,1.25700064736,1.69984454061,1.63454547542,1.41570785284,1.00406609521,1.94170533699
2021-08-09,0.445604077695,0.681561672759,0.896293678766,2.09130641473,1.77551719134,1.27971759827,1.71746059076,1.66732982535,1.45104361242,1.02435791354,1.95807089561
2021-08-10,0.452111727538,0.689060189814,0.897606758586,2.12535829207,1.80018359155,1.29090811934,1.72329408425,1.67661423604,1.4671037692,1.03384607389,1.94761173583
2021-08-11,0.446545433356,0.684220315796,0.901875396289,2.11802252025,1.78759566646,1.28882937385,1.72803118011,1.67393259723,1.46471077475,1.03190425282,1.9679321763
2021-08-12,0.444367347805,0.684751785185,0.898674458018,2.11900275847,1.77138683918,1.28126954491,1.72143563882,1.67376468065,1.45934503078,1.0219398452,1.95852802899
2021-08-13,0.441687125169,0.671481534448,0.895449018641,2.09584930518,1.77890394289,1.26974105019,1.72182940817,1.67019743735,1.44988946037,1.01727979353,1.96141008398
2021-08-16,0.438384370196,0.668776084884,0.898068465475,2.09409449588,1.7760777802,1.28077030892,1.73083492437,1.68462799865,1.46363556091,1.02353910762,1.98814524318
2021-08-17,0.430329076181,0.656171317053,0.883912811421,2.04178259706,1.74982918692,1.26422646183,1.70628302093,1.64981347099,1.44396492616,1.00618560319,1.99096949189
2021-08-18,0.438662943626,0.661177759909,0.896509229203,2.07187702833,1.76366774166,1.27953233944,1.74588554516,1.67693134998,1.46397225981,1.01491748657,1.96968988501
2021-08-19,0.430826592791,0.654970344921,0.882553315932,2.06848709887,1.75780179188,1.27446677266,1.74580682505,1.67131714566,1.46953358408,1.01763591047,2.01015251754
2021-08-20,0.42991613953,0.645187409494,0.869650277518,2.02715768953,1.73161465454,1.25893533465,1.73320867653,1.63496119843,1.45698649378,1.00526462666,1.98996331907
2021-08-23,0.43709307868,0.654444325491,0.888133543694,2.06870256329,1.75062346268,1.27507461928,1.76270958657,1.65505591304,1.4831279194,1.00525332005,1.9567208639
2021-08-24,0.438756215956,0.659502690821,0.897846532274,2.08572096241,1.77377486186,1.28719034528,1.77670347968,1.66341455624,1.49237876042,1.00582490161,1.95038813029
2021-08-25,0.440664183392,0.66364856667,0.891589572971,2.10392740837,1.77190450528,1.29074767708,1.79445926223,1.66652530399,1.49252479704,1.00740060776,1.94496214825
2021-08-26,0.435166649106,0.651994312173,0.883537105585,2.06070932032,1.75207364296,1.2606983567,1.75255384471,1.64056420561,1.47685605302,0.991496547479,1.93852109282
2021-08-27,0.434294396358,0.651911051875,0.896998665052,2.05346883992,1.74713699857,1.2613350424,1.75064124529,1.64453405858,1.46866853798,0.987720373306,1.93502371146
2021-08-30,0.439661403086,0.653339791319,0.891970201364,2.06556615746,1.74611216769,1.26796111754,1.72865793136,1.62573220373,1.44825087111,0.975060047411,1.88630810624
2021-08-31,0.438358598733,0.644420280502,0.89405343741,2.07351810523,1.76433658364,1.29109150237,1.73013730222,1.64550991386,1.46239225734,0.9821029332,1.90552246887
2021-09-01,0.448746520435,0.65213292679,0.914537997536,2.11031622825,1.79135381297,1.30876834919,1.7546017363,1.64916989139,1.49321219468,1.00248454092,1.89991206046
2021-09-02,0.455376437477,0.653078794346,0.910580007494,2.12913322655,1.78078434543,1.30732914631,1.75364691286,1.64619646957,1.49326820091,1.01189907073,1.88968463254
2021-09-03,0.448603827354,0.645671756988,0.901567388123,2.11677200159,1.76746929503,1.30794403062,1.7550519865,1.66608169774,1.50146545881,1.01555437769,1.92461521958
2021-09-06,0.45728895717,0.657271229736,0.921946229123,2.15641944406,1.81688173918,1.33438167934,1.78196954351,1.68423168851,1.53284725295,1.03436248962,1.92299794257
2021-09-07,0.460138236587,0.661169270183,0.930671639323,2.18546413981,1.84057153115,1.35980290085,1.7932969293,1.70486702092,1.55201844507,1.05061516801,1.94123169717
2021-09-08,0.463363102102,0.662382137795,0.931009549158,2.19294713594,1.84747842548,1.35593865287,1.79098878263,1.69488102073,1.55180956312,1.05727263949,1.93992770474
2021-09-09,0.464039277059,0.667017376471,0.936613074064,2.19512842166,1.85282924981,1.35623135954,1.7962037234,1.69678621607,1.5509606928,1.04975882797,1.92331016042
2021-09-10,0.456641555193,0.664238124212,0.941262030653,2.19921879812,1.85921769754,1.36003239628,1.80435893181,1.71396712629,1.56567457213,1.05345468397,1.96074294624
2021-09-13,0.453996329918,0.656623563911,0.936713417274,2.20136228241,1.86396473463,1.36115242315,1.81184792366,1.71628073934,1.55675663839,1.04788592559,1.96173625021
2021-09-14,0.438202843674,0.639769908683,0.929023019638,2.16991418197,1.84159111998,1.34497457083,1.78029546929,1.68775656442,1.53484830608,1.03627516939,2.00824415933
2021-09-15,0.439314229127,0.636040580307,0.919914430498,2.15387075914,1.84304169961,1.3340639939,1.75650164539,1.65976933144,1.52987763394,1.03052161967,1.9920007177
2021-09-16,0.425629952497,0.627339386506,0.893662351279,2.12933402364,1.84208556467,1.31860541479,1.7392960168,1.64269601262,1.51832142378,1.02501610993,2.04340773711
2021-09-17,0.434596649947,0.634691402629,0.904540218754,2.13390447487,1.86247138218,1.34920772193,1.75868728458,1.64817651393,1.5165775229,1.02461238738,1.99955466448
2021-09-22,0.438939884694,0.637873441492,0.909800088783,2.13508417208,1.8682979109,1.34926236935,1.75428495541,1.62991503806,1.50000947621,1.02081959723,1.97216996916
2021-09-23,0.446195273053,0.641187737427,0.916346270373,2.15717934264,1.88014301768,1.35826806966,1.78084766557,1.64619097063,1.52336232402,1.0432682238,1.98294086346
2021-09-24,0.442660845598,0.639397195467,0.914857108017,2.14024771948,1.88200837759,1.34732682492,1.75879481693,1.64356131154,1.51442690848,1.03772979344,1.98812134815
2021-09-27,0.449518244268,0.646648395389,0.904929488739,2.13357567638,1.86936715838,1.32518609955,1.73356881597,1.62932103891,1.47905836266,1.03267684976,1.94764211624
2021-09-28,0.445486630857,0.641307179895,0.911643426857,2.13751058098,1.88128408566,1.33024446659,1.74633706366,1.6566325642,1.49206501649,1.03975502466,1.97845954792
2021-09-29,0.439089623147,0.631853394359,0.899387395429,2.10058426554,1.84767676008,1.30760943418,1.72145376259,1.64042612629,1.46635995682,1.01363997936,1.95717737428
2021-09-30,0.438270575522,0.638115694988,0.905443074459,2.11737435413,1.85611826624,1.31700053988,1.73594425226,1.65761003209,1.4772378679,1.02974826911,1.99193070075
2021-10-08,0.431123057203,0.641682395166,0.914663669301,2.14577629149,1.88406072626,1.34515999329,1.76935021108,1.6914459583,1.49942919561,1.04632716698,2.05648601266
2021-10-11,0.431582684608,0.640422953971,0.911435023156,2.13971892473,1.89804924539,1.34842620913,1.7747657748,1.69175214267,1.49434671405,1.0462210908,2.05408507335
2021-10-12,0.426518239987,0.632566627905,0.901042225849,2.10912117145,1.88052263745,1.32840884136,1.73604363284,1.65703209831,1.46933300639,1.03032035397,2.04697040116
2021-10-13,0.427450130251,0.638924170342,0.910401531595,2.11428658897,1.88885604323,1.34023199277,1.75312884294,1.67446154973,1.47944700572,1.03335951726,2.04853602374
2021-10-14,0.428959554739,0.639620028995,0.913229750569,2.08438557393,1.87107021765,1.32492190593,1.74938868449,1.68006835714,1.47687072411,1.02892327516,2.032507749
2021-10-15,0.424875419995,0.639962898843,0.918890791143,2.10022725107,1.87173200018,1.33007098467,1.75148188309,1.67183507311,1.47215713134,1.01855777573,2.03138357389
2021-10-18,0.420797162225,0.63413983164,0.914393938141,2.06596735957,1.87359661637,1.31786261391,1.75007172013,1.67254040629,1.46946293799,1.01027026933,2.03435386996
2021-10-19,0.422496258482,0.642501653386,0.922812775926,2.0948272895,1.89745552023,1.33377392647,1.76228413304,1.68762627019,1.47871449666,1.01748811003,2.04067391902
2021-10-20,0.417548228716,0.636441968462,0.922833063209,2.0800475037,1.89889316607,1.32675306221,1.75662921029,1.67061044031,1.47725984831,1.01476189511,2.05910540577
2021-10-21,0.413684887539,0.637218894129,0.920759802283,2.08488093696,1.90594431808,1.32822957431,1.76754641717,1.67659809647,1.48156694277,1.01462564567,2.07788069038
2021-10-22,0.412804704548,0.631092363615,0.933116460333,2.08402676026,1.92207564538,1.33092417957,1.76934910807,1.68251291297,1.48622905722,1.01429717615,2.08162904304
2021-10-25,0.410123071705,0.630515638296,0.929317011467,2.10418369432,1.9419775007,1.34096846474,1.7881249576,1.69188937773,1.49624476155,1.02449717548,2.11608490235
2021-10-26,0.41024269204,0.633415088371,0.922635679321,2.09581591473,1.93563988912,1.34053237519,1.78193319577,1.69312414425,1.49546918632,1.02973494488,2.12628624628
2021-10-27,0.405733436232,0.624890792498,0.907012017676,2.07841483802,1.91950005742,1.32283336532,1.75771547298,1.66713215937,1.46420245704,1.01195151378,2.1129369265
2021-10-28,0.403304752558,0.616724759286,0.902682780239,2.06344021497,1.90784228124,1.30779258308,1.73593629654,1.64397309912,1.45540242281,0.998886157543,2.09830454239
2021-10-29,0.411275872991,0.621993156084,0.91628130912,2.08522853965,1.91219054855,1.32383834039,1.74902676242,1.65550286594,1.48081380571,1.01053025401,2.08129268846
2021-11-01,0.410457479576,0.624395423165,0.920314302411,2.08253986773,1.90372061967,1.3209899059,1.74599496739,1.67104651651,1.48150378409,1.01717530169,2.09912040059
2021-11-02,0.409974115482,0.62032331723,0.91682873105,2.06503940962,1.88755007641,1.30548601304,1.71721008086,1.65255941732,1.45918104084,1.01516695866,2.0974478031
2021-11-03,0.406661531096,0.614079185586,0.918150791924,2.07894011646,1.89221441121,1.31186375562,1.7276153233,1.65836521058,1.46721757474,1.03287249963,2.1509767644
2021-11-04,0.410473798658,0.620162523647,0.919481601774,2.09776377646,1.91722706453,1.32416529865,1.73656210742,1.66756459887,1.47521867133,1.04099964675,2.14773727157
2021-11-05,0.411128152252,0.616134713978,0.913569090101,2.07826344695,1.90797855054,1.31437769841,1.72585559853,1.65307994715,1.46209081508,1.03372550029,2.12930582577
2021-11-08,0.410215092084,0.617433495247,0.911734952927,2.06725093977,1.89224358084,1.31325341347,1.74314256044,1.65249332167,1.46681888717,1.04171349669,2.15048869573
2021-11-09,0.407895086777,0.622352676969,0.91775349258,2.07957448201,1.89297370054,1.3132961887,1.74712839036,1.65246494489,1.46573724788,1.04029981583,2.1597325927
2021-11-10,0.41152895652,0.620518943227,0.910197789992,2.06501288848,1.90292294725,1.30582793469,1.74844915951,1.64606785619,1.45840873449,1.04206476222,2.14415604063
2021-11-11,0.422738954212,0.632083428573,0.922484566165,2.09478304484,1.93104925046,1.31559516116,1.76980970095,1.65874887779,1.48309214426,1.05070004671,2.10351748734
2021-11-12,0.416784975491,0.628934993951,0.926352096801,2.08922596694,1.93997330981,1.31351656533,1.77181658462,1.65249931017,1.49410274561,1.05027441128,2.13229191248
2021-11-15,0.414827084291,0.631094634492,0.923523835609,2.09798259596,1.93439716209,1.3158353668,1.77050291701,1.66452512516,1.50268213815,1.05689526149,2.15575038416
2021-11-16,0.415645946538,0.633724855064,0.924885251919,2.11139467243,1.92520359552,1.30998546625,1.75900620419,1.65386427871,1.49672066547,1.05641641941,2.15051827157
2021-11-17,0.41477228288,0.633224141961,0.926868666109,2.10840052091,1.93777840844,1.3140110188,1.76672669889,1.65554215836,1.50304148171,1.06587384703,2.17429076524
2021-11-18,0.417674726903,0.62751353013,0.91789167597,2.08333362448,1.91465742561,1.29988053172,1.73762074948,1.63737077539,1.47964474218,1.05769237582,2.1423862766
2021-11-19,0.421821234782,0.631240736121,0.923659833675,2.10244621157,1.93923708698,1.31405001292,1.76042118395,1.66353644477,1.49874468765,1.0691609376,2.14434742245
2021-11-22,0.421224248642,0.63421323067,0.924951435981,2.12143836617,1.94627728099,1.32813427035,1.77320431555,1.66548051416,1.5015687655,1.06730220284,2.1436542837
2021-11-23,0.422569087467,0.631601920279,0.923127000067,2.12040804597,1.94542752074,1.33409825029,1.78442379043,1.6622672413,1.50357764836,1.07232866245,2.14690579779
2021-11-24,0.421384657438,0.631612377196,0.920889331348,2.11052675865,1.9547885979,1.33359915805,1.78060688303,1.66335275903,1.49743777957,1.07226943678,2.15280484109
2021-11-25,0.417588211582,0.630023905854,0.919456404523,2.11301840286,1.93761910241,1.3305852246,1.77475106458,1.66192641708,1.49714017616,1.06964718602,2.16693572208
2021-11-26,0.415398457414,0.622910836909,0.915438102395,2.09125134333,1.91764191419,1.31636781415,1.76001602444,1.64607403349,1.48022123395,1.06021257496,2.15918569894
2021-11-29,0.415327489578,0.61971141138,0.909415888225,2.08951315611,1.90380577641,1.31149741782,1.74690223656,1.63503412449,1.46611717886,1.05107464601,2.14094464677
2021-11-30,0.412888424496,0.622627441695,0.907543534024,2.09552607009,1.91031376239,1.31407030739,1.74882820524,1.62949651373,1.46939316635,1.0517319132,2.15485641886
2021-12-01,0.405312165881,0.621882890013,0.911969855534,2.10723510608,1.91853656977,1.32716452324,1.77023913803,1.64453377837,1.48304399781,1.05948746982,2.21028684726
2021-12-02,0.409105420636,0.625099346385,0.908936045059,2.11634398399,1.9136672163,1.32626517919,1.78114514219,1.65193487922,1.47341294283,1.05413522942,2.17843534614
2021-12-03,0.415418229192,0.632170178225,0.914929372875,2.13131076829,1.93615629317,1.33289101024,1.7952835064,1.66828838058,1.4849150325,1.06731020684,2.17204732977
2021-12-06,0.413535020818,0.631112279299,0.914423895045,2.12569704205,1.92569720633,1.32862397064,1.79056384902,1.6634040553,1.4709160763,1.06523019923,2.17766088091
2021-12-07,0.41826266312,0.640321319389,0.920988822196,2.12691833396,1.92707164159,1.33300524254,1.79423723436,1.68100786239,1.49248972248,1.0714339914,2.16544775789
2021-12-08,0.41957190125,0.650505767306,0.925069428587,2.15235114641,1.95392933992,1.34792392748,1.82220768835,1.71757474204,1.51703515558,1.09050942556,2.19722238366
2021-12-09,0.428483761476,0.663976457885,0.94679907388,2.18969727592,1.99111372728,1.36712717104,1.85023993199,1.74955551223,1.53121965462,1.10443657449,2.17861381571
2021-12-10,0.427839148241,0.656287174747,0.935399363983,2.17034310044,1.97945228666,1.36101662245,1.84460048008,1.74245409992,1.52111192149,1.09818123261,2.16955203385
2021-12-13,0.425796695933,0.653175477953,0.935327762652,2.18652407994,1.98875628468,1.37105119651,1.86071034782,1.73921850699,1.5299026419,1.11009552656,2.2034469311
2021-12-14,0.422423978938,0.649903656162,0.927020110802,2.17115087302,1.96877303158,1.3586772117,1.83773150478,1.73611984493,1.52590573565,1.10617244339,2.21311334529
2021-12-15,0.419486753048,0.642642020771,0.919542088469,2.15311064457,1.95340299548,1.35006354509,1.83156288417,1.72728207391,1.52070501708,1.10041128706,2.21697539403
2021-12-16,0.425997204212,0.648896789022,0.927017689865,2.17090408241,1.96332066401,1.35452815279,1.84326565627,1.73816064681,1.52849154209,1.10730856278,2.19646364317
2021-12-17,0.421546254727,0.634965721288,0.919272372406,2.14635115528,1.94090326415,1.34016353821,1.8183548784,1.71957415074,1.50884771317,1.09198620579,2.18901945362
2021-12-20,0.412505252051,0.629357723428,0.907915706768,2.1206565147,1.92509718499,1.32634323223,1.79625702695,1.69295120074,1.48756735318,1.07755935082,2.2070474846
2021-12-21,0.414575654054,0.636590159931,0.916802267349,2.14377162552,1.94802780667,1.34709558312,1.80778576083,1.70920795406,1.50624507522,1.09334691225,2.2283060522
2021-12-22,0.412653029036,0.635820323365,0.922706506528,2.15279625503,1.95283371994,1.35572637702,1.80977303171,1.70810637458,1.50882176832,1.10217119782,2.25662440398
2021-12-23,0.415878841975,0.638540624427,0.923531116599,2.16423459422,1.96293423841,1.35594253732,1.80818580159,1.71606156974,1.50729000308,1.10330382797,2.24130278828
2021-12-24,0.417050068157,0.636111273143,0.91558461592,2.1618310954,1.95375801084,1.35581746225,1.80093372651,1.71429342952,1.49996893135,1.10209976458,2.23254468901
2021-12-27,0.418746659785,0.639744717157,0.919044481124,2.16661798359,1.96102924616,1.36150313223,1.81070182809,1.71537557202,1.50532127579,1.10466651084,2.22866203344
2021-12-28,0.416321725919,0.641984941325,0.918694497869,2.18256230576,1.96578677039,1.37574180807,1.81738846654,1.72449946256,1.51630963559,1.11264783731,2.25767037302
2021-12-29,0.410065735878,0.635300868473,0.910787825551,2.16244407276,1.94872436192,1.35965399469,1.80455437937,1.71519355174,1.50807631096,1.10775455309,2.28166702242
2021-12-30,0.411948531858,0.646140307398,0.921935783775,2.18193521019,1.95908772069,1.3685190455,1.8067679641,1.72065649438,1.52251098153,1.11518390292,2.28649326357
2021-12-31,0.414573682596,0.650160987672,0.929479858638,2.20038304337,1.97119470861,1.37136777229,1.81866636422,1.73622485649,1.53019889883,1.11988292744,2.28155708044
2022-01-04,0.414726419123,0.639441120709,0.929668075374,2.19319842705,1.95953129248,1.37880387605,1.81536572111,1.74176314954,1.53526946472,1.12498352118,2.29110804194
2022-01-05,0.414399505444,0.631156903324,0.916891533494,2.18370710399,1.96888831042,1.36442712013,1.79979256102,1.72061610383,1.5100141748,1.10175229994,2.24560202317
2022-01-06,0.412627609976,0.624826481581,0.911163522662,2.16850162058,1.96214693312,1.3464803543,1.79283053115,1.70272265136,1.50970739065,1.09999927094,2.25163076076
2022-01-07,0.41253451233,0.621422549959,0.904975478302,2.16662764073,1.95531810955,1.35238370018,1.79457072739,1.70757775875,1.51866987003,1.10604423887,2.26451245406
2022-01-10,0.417367883009,0.621473842496,0.903780800541,2.17380369173,1.96910787632,1.36912073937,1.80998466886,1.7188133712,1.53818098248,1.10577831789,2.23743634154
2022-01-11,0.408846448277,0.613277900548,0.893295480493,2.14317628026,1.95188934879,1.35401699185,1.79357633461,1.701893791,1.53282587976,1.10236875463,2.27621934099
2022-01-12,0.412469496224,0.614606747228,0.898438532258,2.15842438853,1.97673531428,1.37195902321,1.8121542153,1.7107836175,1.5408212161,1.11215954948,2.27626477881
2022-01-13,0.406527975303,0.60418824469,0.880200609117,2.11551871388,1.94673767137,1.35474801087,1.78961039797,1.68677411177,1.52785229746,1.09607721463,2.27613798115
2022-01-14,0.40521688676,0.599636837057,0.871993669271,2.11269311149,1.93260160485,1.33991864644,1.77351859708,1.65724663238,1.51969950383,1.08108624816,2.25234815698
2022-01-17,0.410163122694,0.602754258088,0.887647047317,2.13377045864,1.93721683886,1.34828992477,1.79163267683,1.67604067925,1.52916713611,1.08586864918,2.23481882584
2022-01-18,0.409415549301,0.606807079468,0.890182006991,2.16614173286,1.95750503997,1.36191782108,1.81166003895,1.7029229999,1.54182292731,1.0954573666,2.2586265352
2022-01-19,0.408257360992,0.605770439022,0.887487823999,2.14603719622,1.94220725905,1.3540464913,1.78789298561,1.68183969947,1.53101654234,1.08497757899,2.24340857728
2022-01-20,0.410221494032,0.605825274314,0.890837396338,2.14714052931,1.9560405278,1.36388086493,1.7983938044,1.6723276484,1.53542598126,1.08144915527,2.22531977768
2022-01-21,0.401677771613,0.600140363564,0.880147784718,2.12100311214,1.93431575014,1.35389158188,1.77326734923,1.65267846581,1.51499972108,1.05757224197,2.2225347193
2022-01-24,0.401703026287,0.605685326591,0.886067543953,2.12457822344,1.93350081614,1.3569240734,1.7793362347,1.64795732237,1.51126661658,1.05845779434,2.2242560093
2022-01-25,0.392141631332,0.590258514699,0.863334710771,2.06624020316,1.88813033336,1.32151589402,1.74211649607,1.58766582244,1.47475201181,1.02938304297,2.21610004629
2022-01-26,0.390296299561,0.593312844727,0.865394772929,2.07089548307,1.90487411403,1.33539484085,1.74388409276,1.60516806731,1.48765661252,1.03668838583,2.24225577889
2022-01-27,0.38060597433,0.580464560696,0.84229632038,2.00521247721,1.85769776047,1.3009255446,1.7109766105,1.58026513212,1.46815552408,1.02145746229,2.26498378438
2022-01-28,0.377288919178,0.571872136376,0.835153510043,1.98506714598,1.84753716199,1.29715591496,1.69477668493,1.5624143345,1.45240882465,1.01351841802,2.26711949103
2022-02-07,0.38027998239,0.580908523113,0.850119010221,2.03229064734,1.8744964093,1.31278450548,1.72498008462,1.58832552964,1.47825005468,1.03239281662,2.29136604091
2022-02-08,0.383779884647,0.584127456561,0.858215245877,2.02852757633,1.86917787389,1.30472230342,1.73262015308,1.59157499587,1.46906339684,1.03083867225,2.26682810248
2022-02-09,0.387722498737,0.589672685059,0.862546927191,2.05291081271,1.89657968182,1.31687162614,1.74299385694,1.60478086589,1.48024627509,1.03200972854,2.24611588995
2022-02-10,0.388373008475,0.589000826999,0.850147035677,2.05437832053,1.8943445229,1.31184842109,1.75049188564,1.60932358301,1.48859713202,1.04058993861,2.26102180506
2022-02-11,0.382880173282,0.581753525717,0.842914301749,2.05429713586,1.87559332796,1.29526652223,1.72488915532,1.59396208388,1.46522264765,1.02871845319,2.26720519456
2022-02-14,0.377691844448,0.569844944974,0.829411937237,2.03639484317,1.84675998555,1.28438834542,1.70407963049,1.57812059877,1.44753057206,1.02318676178,2.28573625365
2022-02-15,0.386764606648,0.580374699385,0.847467875529,2.07639758928,1.88032717423,1.28797388917,1.71556945049,1.5748356913,1.45169440843,1.02791193664,2.24138496276
2022-02-16,0.387605814006,0.581975361482,0.846701114794,2.08207393547,1.88161806085,1.28781511506,1.72807253276,1.58800868093,1.45664962944,1.03357533991,2.24885916076
2022-02-17,0.386611637231,0.580814677243,0.849011432965,2.10070652645,1.89098046254,1.28576809845,1.7221687507,1.5832301238,1.45325639815,1.03098261484,2.24898603194
2022-02-18,0.382443700169,0.578012059428,0.848780264145,2.11897113639,1.90635440134,1.29755341345,1.73911015884,1.60085470497,1.4666626352,1.0381316626,2.28882657148
2022-02-21,0.385355895684,0.57766179306,0.854132246464,2.12351077282,1.91184149611,1.29452634602,1.74219267469,1.59710183352,1.46867151252,1.0368387556,2.26854729107
2022-02-22,0.379936382803,0.572534056192,0.845337605927,2.09611122952,1.88332749358,1.27725421901,1.71850381898,1.57837740589,1.45088177313,1.02668036316,2.27822534562
2022-02-23,0.390925577633,0.582296736513,0.85352216436,2.11698715512,1.91231410203,1.28210509113,1.73424541302,1.58110044277,1.46387820689,1.03510623888,2.23102766169
2022-02-24,0.388220086078,0.567922845112,0.834598794389,2.07375451964,1.86766259286,1.25679911114,1.68880781784,1.55165704933,1.43410308872,1.01454240484,2.20214552175
2022-02-25,0.38935289877,0.571345646825,0.846134219021,2.09622097562,1.89074278893,1.27488986636,1.71764918201,1.55471444718,1.44962177564,1.012466126,2.19121300833
2022-02-28,0.391380688765,0.575700857493,0.845670588608,2.09967321722,1.90545127919,1.27611996182,1.71194140871,1.54486666827,1.44600089292,1.01183302446,2.17843076582
2022-03-01,0.388578637029,0.5760051088,0.849085740789,2.10999605884,1.91781371319,1.29200188206,1.72315719276,1.55870422387,1.46463073256,1.01961817226,2.210788099
2022-03-02,0.385312243838,0.571241843143,0.846557584264,2.08819442119,1.9071019977,1.28496921951,1.71572903683,1.55042272136,1.46272682735,1.01349003426,2.2160846492
2022-03-03,0.380490569929,0.570740705782,0.840904524143,2.0884646827,1.90295530253,1.27895284011,1.7072028548,1.5437133598,1.45859330185,1.00741509051,2.23053262602
2022-03-04,0.377097173094,0.567166940526,0.832509519463,2.06905278714,1.8883759735,1.26558035043,1.69288992117,1.52891392771,1.4524545436,0.999514244628,2.23293220299
2022-03-07,0.366601797002,0.549328629796,0.807130720688,2.01185489563,1.82519162645,1.22096571444,1.64145207474,1.47366247196,1.42940350123,0.981271168137,2.25432386678
2022-03-08,0.356762564822,0.538187801211,0.780812999903,1.94949996731,1.77340551334,1.18248006811,1.6011648977,1.43735142665,1.39558102885,0.955254035658,2.25505723147
2022-03-09,0.355137548555,0.531387569255,0.7708611343,1.92135130286,1.73734564099,1.16564784963,1.5800557171,1.42292053065,1.36955203767,0.931205339533,2.20855730117
2022-03-10,0.360431883196,0.543083761253,0.784490271128,1.95029309335,1.7600284463,1.18501934157,1.61168626745,1.44844293793,1.37941410042,0.940006985972,2.19650750795
2022-03-11,0.364308546856,0.542319548829,0.784261774199,1.96870888814,1.77426778232,1.19570112269,1.63291963583,1.46788970081,1.39956688045,0.951506789399,2.19975424386
2022-03-14,0.363013066656,0.527314993379,0.763879032734,1.90286197112,1.71842319945,1.15856055346,1.58462704503,1.43237084413,1.36013824927,0.928732200179,2.15492481219
2022-03-15,0.350145413626,0.503987341387,0.731392853733,1.81163230871,1.63785730502,1.09827110859,1.4963400004,1.3650802695,1.27816130298,0.880609820662,2.11965230079
2022-03-16,0.363970898787,0.524851904991,0.758159160143,1.87373075556,1.70155090386,1.13621592941,1.54483230986,1.42541150246,1.31821402056,0.910707837789,2.10840463233
2022-03-17,0.370521464876,0.535302409462,0.769900673878,1.91506195678,1.73584005495,1.16047007826,1.5755389471,1.45975573956,1.3396995025,0.919704547935,2.09128715071
2022-03-18,0.37087770006,0.538825139176,0.776588465303,1.91831395115,1.75706657316,1.16738329784,1.58570924253,1.4673909721,1.3555472508,0.930420998661,2.11364429695
2022-03-21,0.369685633668,0.536888207003,0.774407631522,1.92124734707,1.7539353722,1.16800684284,1.58890898115,1.47044341865,1.36188031226,0.935033363982,2.13091586738
2022-03-22,0.366623767376,0.532436353593,0.77064182712,1.91905561659,1.7409381229,1.16927268364,1.59301976747,1.47295345609,1.37050545101,0.939742790406,2.15929751725
2022-03-23,0.367020098497,0.531800550386,0.769913161916,1.91926940146,1.74039662344,1.17565064235,1.61135251801,1.48046123693,1.38267547254,0.95431028864,2.1904357765
2022-03-24,0.366853984502,0.532224452235,0.761511960402,1.91145277032,1.72764942955,1.16645638869,1.59751972229,1.47345778709,1.36652806558,0.944417483131,2.16872013901
2022-03-25,0.357655855489,0.522111740871,0.743568336774,1.87674568977,1.69736285681,1.14822904322,1.57993626794,1.45855232145,1.35414801737,0.938243758145,2.20891937403
2022-03-28,0.357218677625,0.51962094694,0.741957117006,1.85641997281,1.68087893122,1.14563552215,1.57310218263,1.45612932889,1.35076681802,0.935584450784,2.20535858791
2022-03-29,0.356096091709,0.518573603808,0.739688755786,1.84522041401,1.66815526101,1.13659112522,1.56244192819,1.45653503262,1.34705582792,0.927704771763,2.19371511886
2022-03-30,0.361072009607,0.530056033701,0.759699215685,1.89787200341,1.71216854634,1.16342889076,1.59585404613,1.50136383397,1.39498759943,0.955528069243,2.22885408536
2022-03-31,0.35917886127,0.525153013845,0.751650542549,1.86789596726,1.70067480172,1.1488845504,1.57152888079,1.50711269704,1.38714681493,0.956549121275,2.24292195688
2022-04-01,0.365371131919,0.531082085181,0.755395037506,1.89113929184,1.71218600596,1.16060164958,1.59388342036,1.52103617476,1.39389517764,0.960201686139,2.21281836863
2022-04-06,0.365859959681,0.533805826734,0.749038389988,1.88381014398,1.70815560183,1.15961657015,1.59397419242,1.52849182177,1.39870929239,0.950127912888,2.18664248993
2022-04-07,0.359381954895,0.523368538102,0.738307427694,1.85694437689,1.68569840816,1.14433214471,1.56486996307,1.51066763366,1.37432994052,0.932908414731,2.18573042854
2022-04-08,0.362876698991,0.527466317088,0.74115845525,1.86146377638,1.68442745253,1.1383724042,1.56612134855,1.51392639401,1.38962740582,0.932048108658,2.16246006382
2022-04-11,0.352804386493,0.512625878464,0.715422830121,1.8175521677,1.62517532716,1.11575928028,1.5122541585,1.46427651682,1.35187165546,0.899200262768,2.14627230929
2022-04-12,0.356804711709,0.52020032425,0.730029971963,1.85259705441,1.68084990028,1.13397022727,1.53732834165,1.49915922423,1.39051165335,0.92082634659,2.17355508711
2022-04-13,0.353196548052,0.511274270816,0.721238463588,1.81526949737,1.65344068785,1.12280217824,1.50454023087,1.48397013553,1.38088191419,0.914863732983,2.18146062677
2022-04-14,0.362207818962,0.526979597034,0.725824743909,1.84939239103,1.66472818318,1.13080403332,1.51733268106,1.50481465496,1.39556843018,0.922069852738,2.14298672895
2022-04-15,0.362089495382,0.532102968251,0.724300698908,1.85582125346,1.66159965176,1.12254927479,1.5231335287,1.50454310355,1.3910805394,0.915656820317,2.12878222749
2022-04-18,0.368137750828,0.53161218727,0.731158059137,1.85400369581,1.66247791029,1.12077640759,1.5110185196,1.49457742037,1.38103985932,0.913159576825,2.08741779932
2022-04-19,0.361114759107,0.527381455306,0.7209355854,1.82909751032,1.64574896946,1.11372047272,1.50650499728,1.487545434,1.38100885348,0.913759862046,2.12861183587
2022-04-20,0.348257922457,0.517206669668,0.709695072328,1.80881381347,1.64304135805,1.10755382993,1.49513714741,1.47197308718,1.36281211783,0.906247532909,2.18689716475
2022-04-21,0.343900097916,0.5087568669,0.690148303854,1.77149543711,1.60174567836,1.07903801357,1.45403309348,1.43607505938,1.33693345197,0.885234766084,2.16355563632
2022-04-22,0.342270012972,0.511850459138,0.688524137604,1.76695580917,1.60132807971,1.07675676639,1.45245388844,1.44602295044,1.33956737442,0.88208020952,2.16610099504
2022-04-25,0.324950535833,0.487042349801,0.651249024877,1.67152812741,1.52043115198,1.0233794728,1.37121981469,1.37980586701,1.25504207673,0.832229439237,2.1532923787
2022-04-26,0.317208953372,0.479186429102,0.638823587724,1.6641751519,1.48352253677,1.00925278272,1.35139805208,1.35953476396,1.23156159479,0.819084028096,2.17058000588
2022-04-27,0.323293836413,0.489612399355,0.659970415259,1.73147013075,1.53632627737,1.05023482032,1.40809046208,1.39872062105,1.25861066003,0.837475579969,2.17768047945
2022-04-28,0.328626699103,0.493833853419,0.657176084775,1.72851265788,1.53379620505,1.03386562573,1.40399665623,1.3935307845,1.27397385404,0.848632802795,2.17077078814
2022-04-29,0.338339064214,0.51442592574,0.67368509189,1.77314250716,1.59001916402,1.07815217354,1.4545434208,1.44071265562,1.32600008434,0.883441341709,2.19565389188
2022-05-05,0.341565676638,0.519152816632,0.67588118649,1.77443003495,1.59531980111,1.08081215109,1.45610953387,1.44920880913,1.33721724626,0.888777539591,2.18797704322
2022-05-06,0.339101170617,0.512084207234,0.660347633485,1.74105185863,1.56074200815,1.04752322359,1.42184653762,1.4080778701,1.30082858234,0.861688402094,2.13707643392
2022-05-09,0.336024357128,0.511491937576,0.655082620649,1.73788950916,1.55470330017,1.04175595093,1.41337610724,1.41090387899,1.3016721574,0.857159282808,2.14523438005
2022-05-10,0.335934536146,0.516738835862,0.661335979281,1.76136656418,1.57456234015,1.05466646695,1.43051005098,1.4358877625,1.3232207194,0.868261913051,2.17359464751
2022-05-11,0.343966932072,0.531501684257,0.669546511199,1.77761046553,1.60650817814,1.06293487731,1.44586003297,1.44736220383,1.3307405787,0.871581699445,2.12993340439
2022-05-12,0.343283257151,0.529172593968,0.669779433394,1.7897928684,1.60045087989,1.06068830391,1.44257296517,1.44565003595,1.32874934248,0.8741586223,2.14046427057
2022-05-13,0.346112868193,0.534146412651,0.670624142256,1.79641333472,1.59871494834,1.06722802238,1.45692691529,1.45397887327,1.34082700925,0.881004168058,2.13958287699
2022-05-16,0.345016972384,0.531246155129,0.665697590496,1.79298208697,1.59099162901,1.06199775022,1.44742754446,1.43758274561,1.33280277,0.873643087728,2.12848050935
2022-05-17,0.3448471738,0.531739050549,0.664953507044,1.80595263568,1.59473826465,1.07533402439,1.46439284416,1.45882826365,1.35073085085,0.883535095633,2.15362820063
2022-05-18,0.347820345606,0.531743763464,0.663602920142,1.79071132553,1.59007694622,1.07414542286,1.46444972173,1.45484732333,1.34615192394,0.881875705037,2.13101546009
2022-05-19,0.352783362992,0.534811702958,0.669054542303,1.79418617729,1.59279892157,1.07328761998,1.46271276902,1.45192615024,1.34578000448,0.887494607687,2.11418603254
2022-05-20,0.353141032808,0.544327575575,0.678477963307,1.83197160649,1.62848695865,1.09461191976,1.48817821259,1.48925473575,1.37354137815,0.903827666227,2.15095110802
2022-05-23,0.352426956304,0.540749178641,0.682234915066,1.83008755479,1.62459985239,1.09245922148,1.48707594118,1.48867001898,1.37270449229,0.903962763661,2.15562199363
2022-05-24,0.344992955315,0.526894924584,0.663149739934,1.7641786351,1.5758105996,1.06055590742,1.44226964943,1.45096356631,1.34376213076,0.88947371843,2.16654101737
2022-05-25,0.34755118728,0.536281383662,0.666330434115,1.774144835,1.59096236686,1.06913043512,1.46467516305,1.46171629291,1.36203500202,0.898618224851,2.17274921705
2022-05-26,0.34659741249,0.539380437656,0.673494823229,1.78992831767,1.60456372957,1.0831882368,1.46655328478,1.47312301337,1.37585717801,0.902769628286,2.18874941758
2022-05-27,0.344975968868,0.536787923454,0.67215805143,1.77663551363,1.6057846756,1.08612370129,1.46850655144,1.47315907487,1.36931619875,0.904727578583,2.20373578888
2022-05-30,0.347960829702,0.539794473135,0.67903550792,1.78203039263,1.61481603032,1.0930577342,1.48401296492,1.48195372247,1.38372320458,0.914635831083,2.20880276967
2022-05-31,0.357012002253,0.550783551682,0.693277337471,1.81638490084,1.64628603936,1.10625391173,1.50500278161,1.50232075643,1.40293709921,0.919150188063,2.162249255
2022-06-01,0.353433309302,0.550424580161,0.694116223803,1.82027229904,1.6248550343,1.10467662955,1.50663214121,1.4976119933,1.39981568444,0.922964225995,2.19289597991
2022-06-02,0.357021323443,0.555742988271,0.695706361315,1.83061693316,1.63412272868,1.10846115679,1.51381612245,1.49728529964,1.40651657721,0.92506749955,2.1756311784
2022-06-06,0.369257533372,0.571365705898,0.707075775516,1.8754492307,1.66738185912,1.12418279865,1.52877592025,1.51087274393,1.42135276196,0.926770121217,2.105069992
2022-06-07,0.368530470499,0.570170219349,0.706791994975,1.88885341338,1.67170500713,1.12978120408,1.53040164255,1.51714698011,1.43121232927,0.928403256564,2.11292435639
2022-06-08,0.372800253625,0.572641675034,0.711483382887,1.9065010643,1.68042669679,1.1390754974,1.55156024098,1.52591171481,1.44014786076,0.934922664114,2.10328139602
2022-06-09,0.367773273264,0.560834149502,0.707105807152,1.87882010933,1.65553987854,1.12373354903,1.52615242528,1.5132843244,1.4362570938,0.929450337461,2.11933183143
2022-06-10,0.373279997516,0.567823502008,0.714669843561,1.91890275243,1.6809715561,1.14032265333,1.55666913108,1.54052282377,1.45696718259,0.943203663602,2.11895908081
2022-06-13,0.373361618786,0.565083251649,0.705589254264,1.90987262219,1.67592094487,1.13191678863,1.5566202954,1.52207609071,1.43824592426,0.926959588474,2.08200253878
2022-06-14,0.381426184757,0.573157873103,0.707357533705,1.92790694452,1.693508862,1.13821853864,1.56360669968,1.54177736992,1.45639612193,0.933955283385,2.0527442528
2022-06-15,0.391662899612,0.577526530089,0.712061643041,1.95291312849,1.70983438808,1.15676629415,1.58477529675,1.56709736514,1.4751792406,0.94433435029,2.0204649033
2022-06-16,0.379754907173,0.567675143873,0.710498859755,1.95916459742,1.71170582263,1.16450153425,1.59264441653,1.57391138478,1.46832637051,0.942423739136,2.07780658925
2022-06-17,0.383689265521,0.578640176631,0.719014176175,1.97443908439,1.72658943928,1.17120692288,1.60271855765,1.58157961932,1.47489007594,0.950408239419,2.07388378825
2022-06-20,0.38860149962,0.583039091489,0.727445150496,1.9865069213,1.75348841373,1.17934453381,1.60104600548,1.59247758127,1.48300843066,0.952452926763,2.05179431637
2022-06-21,0.384504202593,0.580736783312,0.726408068507,1.98014605273,1.74826460745,1.1747481368,1.59680008973,1.59224790563,1.48566688007,0.954650903484,2.07816274503
2022-06-22,0.379186738448,0.573220482593,0.71305994682,1.95104377351,1.71902525313,1.1553653003,1.56951027915,1.56550235319,1.45901364034,0.942966992587,2.08146799829
2022-06-23,0.384031604479,0.580759292349,0.725364826089,1.9943716952,1.73689383821,1.17864540564,1.59250646281,1.59217554383,1.48217175132,0.956529659042,2.08481079059
2022-06-24,0.388257043676,0.584055760198,0.734690426445,1.99548746075,1.7666520069,1.1971913147,1.60490735353,1.60145928726,1.49689094906,0.956468262984,2.06173812996
2022-06-27,0.392105207771,0.588091762009,0.746511358697,2.04178488787,1.79084741133,1.21160352289,1.61592351326,1.61570814914,1.5127759513,0.960560262232,2.05012406183
2022-06-28,0.396518362757,0.595994074309,0.751709921579,2.0630513019,1.80968232102,1.21960115888,1.63785462396,1.62095455371,1.52734483501,0.974869662302,2.05759041562
2022-06-29,0.387326179151,0.580650309696,0.733084148994,2.05566345077,1.80246453162,1.20065869307,1.62075345342,1.61206483158,1.52142146179,0.976647446339,2.10904221581
2022-06-30,0.394198578545,0.589555498875,0.741903132092,2.09373052311,1.82074681468,1.221946304,1.63071577283,1.62855378079,1.53491875145,0.983327048085,2.08604550203
2022-07-01,0.39104803728,0.590429938162,0.736081678077,2.07770641696,1.81271384748,1.22089545973,1.62530825613,1.62533009072,1.52882885508,0.981924154237,2.09974161869
2022-07-04,0.394328678327,0.598618821932,0.741416676919,2.1083754103,1.82701884571,1.23302745186,1.63887988851,1.63512347728,1.52627701259,0.986226286834,2.09132579802
2022-07-05,0.394971375433,0.600055437484,0.734846596584,2.08336228456,1.8152753938,1.22270635531,1.6315949009,1.63625081137,1.51915621904,0.983533461906,2.08220702272
2022-07-06,0.388718269013,0.590736614836,0.726178734554,2.05008019883,1.79548789942,1.20590905588,1.60163152151,1.62106313989,1.50015340724,0.978050263469,2.10356379762
2022-07-07,0.39352289345,0.598696464979,0.730473708185,2.05521477094,1.79787197811,1.20774788591,1.59530524288,1.62103046202,1.5020858623,0.977566769179,2.07652350219
2022-07-08,0.385370964783,0.593410835709,0.733810370476,2.05756765136,1.79815545249,1.2107693955,1.59556789385,1.62235393383,1.50517079419,0.978875162472,2.12231848153
2022-07-11,0.377277921245,0.585063506886,0.724711568574,2.02291223016,1.76754577889,1.19571202409,1.57609352996,1.58909402129,1.48762829907,0.966984089372,2.14110729516
2022-07-12,0.372723687216,0.576788863049,0.718257675222,1.98745704869,1.74521583554,1.18581650441,1.5667012628,1.57420774133,1.48543589112,0.967884504026,2.16894694679
2022-07-13,0.373730272557,0.575718174891,0.721226302787,1.99642311275,1.75047571882,1.19461885725,1.56124081062,1.56602537235,1.4867829039,0.96448479272,2.15547097935
2022-07-14,0.380094671722,0.580331182522,0.724278311244,2.00804510019,1.7491859216,1.19224729964,1.55389387022,1.56236738706,1.48195884859,0.956521642031,2.10096823753
2022-07-15,0.376155823038,0.572881301311,0.706677209881,1.99315834098,1.72336076845,1.17399814883,1.52124479115,1.53466262428,1.46180374286,0.937513939295,2.08099037907
2022-07-18,0.378725887551,0.58330798365,0.708331792733,2.00542471784,1.73111259088,1.19733478566,1.5323759852,1.55301282827,1.49632859044,0.953950371111,2.10325590821
2022-07-19,0.374708069266,0.579601744163,0.70669703808,1.99649596112,1.73505452468,1.20333051968,1.53252321392,1.55577249685,1.50009439008,0.957279613293,2.13290914476
2022-07-20,0.37734441335,0.581237609333,0.712709678717,2.0087628074,1.74066871264,1.20726044973,1.53506422651,1.56523347537,1.51444065324,0.964313757898,2.13357531273
2022-07-21,0.373152117151,0.577012692926,0.70982080826,2.00227657188,1.72144168676,1.20016822209,1.51750605178,1.55369002492,1.50051194137,0.954237123736,2.13498445483
2022-07-22,0.367530399299,0.573351476386,0.706946270576,1.99502073905,1.72043865918,1.1914631834,1.51501036512,1.55122341524,1.50324697238,0.953392711265,2.16525976668
2022-07-25,0.360788643465,0.569490537926,0.697020030716,1.97471140706,1.70201911409,1.18285489427,1.51375465438,1.54124600389,1.49666311841,0.953748052008,2.205785003
2022-07-26,0.365478766562,0.572693975102,0.704120266097,2.00156413908,1.7146258917,1.19248392529,1.52330422102,1.55495800451,1.50340503669,0.961664603063,2.19541962656
2022-07-27,0.364721460966,0.571070461858,0.708326468324,2.00052698659,1.70861751857,1.18710379555,1.51558402736,1.54672199576,1.49681165475,0.957372603267,2.19017037302
2022-07-28,0.365742921509,0.567363490678,0.702609088622,2.00944137011,1.7237114803,1.18902525818,1.53103830165,1.55367395942,1.50603006483,0.964645729822,2.20067510062
2022-07-29,0.360680706632,0.556605381137,0.690704498663,1.9866951983,1.6947167645,1.17047319239,1.51395137914,1.53814868453,1.4942568946,0.950473092661,2.19880198648
2022-08-01,0.364865940705,0.560252733429,0.696974210243,2.01324964161,1.70173983394,1.17199756234,1.51300772174,1.5387883904,1.49518262067,0.953529223518,2.18035770829
2022-08-02,0.360695383358,0.549951045484,0.681264014753,1.95823536643,1.65456677426,1.14227875454,1.47283269617,1.49544619475,1.46143616924,0.940026620293,2.17440472699
2022-08-03,0.358807396632,0.547473959275,0.683103491881,1.94334070235,1.64350213471,1.13493806431,1.46748704469,1.47711717304,1.45082336014,0.932639453598,2.16869872254
2022-08-04,0.363319201673,0.548643404934,0.688195087299,1.94438815683,1.66134265268,1.14074889209,1.47978718357,1.49159855213,1.46948519822,0.938158178847,2.15426141505
2022-08-05,0.372839041876,0.56003772406,0.697178209918,1.96635697672,1.69536630569,1.16870159508,1.50740741804,1.51584350953,1.49094262914,0.955962547967,2.13869814567
2022-08-08,0.370593116867,0.561906945889,0.699639416428,1.97831647747,1.69519920659,1.17078714712,1.507118064,1.51559470912,1.48558083232,0.956088379025,2.15186284587
2022-08-09,0.375366167526,0.565891173305,0.706097082354,1.97192817501,1.68886163262,1.16661178196,1.50144496699,1.51393650162,1.48376004147,0.953143626656,2.1175202101
2022-08-10,0.371857869853,0.558841748326,0.695483641991,1.95001296531,1.66961724005,1.14970885173,1.49230896871,1.50012731177,1.47366992791,0.950868982557,2.1322578735
2022-08-11,0.37450097468,0.567560931074,0.711438474958,1.97835930149,1.71128163139,1.17879942152,1.53165716201,1.54209111067,1.51316542265,0.975266733386,2.17181240121
2022-08-12,0.371283009352,0.566074116656,0.710865605511,1.98114462851,1.71487985653,1.17599740878,1.53662764524,1.5456579917,1.52176062142,0.968227307139,2.17479804757
2022-08-15,0.366581541719,0.560204073949,0.704662797575,1.9735197661,1.70610066129,1.17422313375,1.52962709276,1.54909682549,1.53473742462,0.967728030727,2.20121553618
2022-08-16,0.36877826987,0.558966515424,0.703095876446,1.97692584454,1.69845275003,1.16475931534,1.51773957741,1.54248618425,1.5311369075,0.968691983058,2.19021744981
2022-08-17,0.369398586905,0.562052348252,0.713505940548,1.9980926428,1.7101026088,1.18294174643,1.52658748345,1.55586776859,1.5438264294,0.975119662593,2.20106632988
2022-08-18,0.370476925409,0.557843762705,0.702922253407,1.9686394909,1.69677140738,1.17292019087,1.51240042651,1.54211177576,1.52556937933,0.974606326066,2.19348231873
2022-08-19,0.365632221025,0.544842726082,0.698498038185,1.96578179503,1.68287479826,1.16674511147,1.51632037502,1.54129149594,1.52063543194,0.972657246749,2.21777969002
2022-08-22,0.366024882501,0.55100097085,0.705874818458,1.97581876427,1.69881592942,1.18044316848,1.52725254211,1.55734200123,1.52787506914,0.977816106526,2.22716080456
2022-08-23,0.367139732475,0.549180496093,0.699995226613,1.97136103846,1.69198097963,1.16957414769,1.51711841715,1.54771924553,1.52285010626,0.975073546641,2.21413055094
2022-08-24,0.357434738006,0.5322395438,0.686282688023,1.93096019105,1.65422590342,1.14919386862,1.48049133771,1.51611744488,1.49497051438,0.961813139225,2.24254818595
2022-08-25,0.36304723681,0.536181311126,0.686782669421,1.94895527654,1.66522810079,1.15690555868,1.4928122521,1.53169040456,1.50777915032,0.966599468677,2.21849505646
2022-08-26,0.359400541471,0.5338925725,0.684131912944,1.94512030097,1.6594277783,1.15463542009,1.49666507345,1.5254763581,1.51292190787,0.963316560412,2.23324436027
2022-08-29,0.35962516124,0.5312914425,0.683200605124,1.93758765678,1.65632096835,1.15442130451,1.4989718812,1.52991760696,1.5076911658,0.960436462627,2.2251717236
2022-08-30,0.355487597291,0.530168725204,0.685275515,1.93268970872,1.65887206008,1.15644972353,1.49918123304,1.52475342711,1.50488280635,0.963370401675,2.25757024678
2022-08-31,0.355164722291,0.532365741874,0.682497237885,1.93775497918,1.65374636285,1.15636181049,1.49786689652,1.51487119166,1.49301977005,0.952627345194,2.23444533818
2022-09-01,0.352850376584,0.52865566656,0.678869175393,1.9175629006,1.64069686243,1.15080145448,1.4983061741,1.50485619861,1.47805025261,0.948990947072,2.24047617236
2022-09-02,0.351118094296,0.52304613599,0.674773201972,1.91014411069,1.63969963957,1.14707982079,1.49735797349,1.50285334327,1.48175563511,0.952303301571,2.25929570727
2022-09-05,0.353789058451,0.527891943132,0.670469523221,1.8992423607,1.63887981004,1.13581345939,1.49793839269,1.50468929643,1.48164675481,0.952544447972,2.24268129685
2022-09-06,0.357648761559,0.533979219024,0.675410495376,1.92448043887,1.65420140843,1.15229928657,1.51222494712,1.52251948116,1.50698355846,0.960663715679,2.23733059762
2022-09-07,0.362589214445,0.537379996071,0.677258795667,1.93306602058,1.65853603994,1.15054389977,1.50724927686,1.52064854056,1.50242853317,0.955735326563,2.19494684768
2022-09-08,0.358470641354,0.533710924446,0.671671617518,1.9263990776,1.65906163662,1.15271388066,1.50336712448,1.5144149982,1.49589554707,0.952220177586,2.2118058681
2022-09-09,0.363831430253,0.538224752541,0.677600028708,1.94689815257,1.69362869741,1.17157084094,1.51377529331,1.52945270429,1.51588540685,0.963686530915,2.20536308346
2022-09-13,0.363661968279,0.537576494738,0.678924474547,1.94720171251,1.693842021,1.1791936255,1.51830408211,1.53071273996,1.524349466,0.967305000801,2.21467101907
2022-09-14,0.360970489707,0.532500305611,0.677580915778,1.92012739976,1.67419673504,1.16453621126,1.50378775718,1.51569368276,1.50360056012,0.957561948674,2.20875491689
2022-09-15,0.360133419157,0.527438395287,0.666517944106,1.89505336712,1.64493605629,1.15320561984,1.47377017436,1.49627252789,1.48774742873,0.95426458274,2.20627104636
2022-09-16,0.353375224864,0.513582237776,0.651541616624,1.83565367025,1.60428782113,1.12300680594,1.4381009971,1.45520900666,1.45254271553,0.929530469637,2.19048794015
2022-09-19,0.350277954894,0.511402540853,0.64793553523,1.82670238123,1.61010311181,1.11212631987,1.4317441358,1.44769236833,1.44393808864,0.928311315783,2.20681417016
2022-09-20,0.351942684632,0.511010028645,0.647914908306,1.82192029402,1.61673575472,1.12094205568,1.4368924599,1.44882608458,1.4422934387,0.929756346555,2.1997612509
2022-09-21,0.347842951009,0.506755212768,0.64247189709,1.79390155451,1.6059941807,1.11583571154,1.43893670289,1.44959318016,1.44177980933,0.933592251715,2.23446155499
2022-09-22,0.342936881923,0.503861305329,0.640171767209,1.77966635153,1.59705982607,1.10412216775,1.43099153345,1.4331539123,1.43617225997,0.926676863231,2.24942568785
2022-09-23,0.341585230824,0.49695241584,0.633833453848,1.76516921744,1.59726418466,1.09644754353,1.42426629248,1.42725430649,1.42919265441,0.91619188454,2.23284021863
2022-09-26,0.338415708036,0.491487480958,0.635091070162,1.74260734398,1.58649875108,1.09292751549,1.40771875087,1.41153332785,1.39842829324,0.901200669738,2.21702352939
2022-09-27,0.342613360194,0.503072368747,0.651789847478,1.7636630503,1.61409928482,1.11182661594,1.4314134147,1.43526600654,1.42307451399,0.914272523212,2.22168171144
2022-09-28,0.338987392614,0.497717561024,0.639243116368,1.72442170114,1.57020282189,1.08845568616,1.39354952671,1.40642143277,1.3965112552,0.904653851745,2.22182098892
2022-09-29,0.339361585927,0.496565055774,0.636653013024,1.72927074444,1.56657022231,1.08916902839,1.38960642283,1.40084663375,1.39837623442,0.901893115731,2.21258807761
2022-09-30,0.333496159418,0.487902783656,0.630881257555,1.72145645952,1.56178590304,1.08462581644,1.39155190201,1.40247229733,1.39967335327,0.901814340194,2.25063654583
2022-10-10,0.33404204422,0.478482332689,0.620599332406,1.68641057124,1.52992130952,1.07051195682,1.35942113281,1.35459580878,1.35772439524,0.869574375241,2.16649206871
2022-10-11,0.333267714555,0.476594812574,0.618487098765,1.67369985466,1.53427501677,1.07629467813,1.36200268703,1.35797342185,1.35652378053,0.864960434758,2.16001877416
2022-10-12,0.340235438162,0.488418092719,0.62639058425,1.69759033867,1.56820599397,1.10067953637,1.39518120588,1.37737602826,1.39015281383,0.878023559418,2.1474804753
2022-10-13,0.339257822292,0.487114732575,0.625990686857,1.70235025933,1.57883497641,1.10605268424,1.39342022221,1.36727289976,1.38193707502,0.870719914537,2.13578759907
2022-10-14,0.354573461656,0.503318146059,0.636982242382,1.73241364979,1.61411238967,1.12916457864,1.4207917406,1.40012962118,1.41062343965,0.887165339557,2.07970740273
2022-10-17,0.356681963372,0.507508257116,0.642658531508,1.74006403462,1.62886438736,1.13205862268,1.4219938723,1.40747565489,1.41141835443,0.892191648072,2.07912299711
2022-10-18,0.355604978523,0.504866266466,0.640639735509,1.74159009304,1.62422985857,1.12863293369,1.42169356539,1.40556216029,1.40518204942,0.890346185347,2.08110023102
2022-10-19,0.349058980053,0.497793552251,0.632546640805,1.71199355731,1.59257719181,1.11404868831,1.40478613774,1.38607940848,1.39477052452,0.880238824691,2.09578425076
2022-10-20,0.349793645085,0.49863273565,0.630357845899,1.68829124975,1.59244527771,1.11258931687,1.40782788725,1.39040565504,1.39924956979,0.884238052495,2.10089511892
2022-10-21,0.349177824123,0.49589663538,0.625918248017,1.68809581623,1.58958258007,1.107396845,1.40741808092,1.39190312508,1.39860189662,0.885607364427,2.1078472011
2022-10-24,0.343432629103,0.486965000435,0.614771055502,1.63582960098,1.54239800337,1.08091828411,1.37083131034,1.35920225656,1.37742801244,0.862844011175,2.08834925696
2022-10-25,0.34170718133,0.485986927469,0.618954470271,1.63457700539,1.5382776739,1.06408575918,1.37321251592,1.35297400325,1.37459200768,0.857807892852,2.08665241723
2022-10-26,0.350628879276,0.493492324581,0.626386063439,1.66298940499,1.56505114403,1.08217315876,1.40612369371,1.37896531121,1.38554393254,0.862461237119,2.0434910597
2022-10-27,0.355614111782,0.492153847157,0.618421777742,1.65744406709,1.57100563433,1.07555611562,1.40583768137,1.36845130934,1.3869604115,0.860009416054,2.00862748077
2022-10-28,0.348324077267,0.479955582636,0.599889871701,1.62502648648,1.54019378817,1.04672806529,1.37349879285,1.3303579866,1.34301899069,0.835501348684,1.99256329213
2022-10-31,0.348897339166,0.475917944717,0.597348735337,1.60309709595,1.53831931467,1.03423801806,1.36291861943,1.32581808574,1.33096480347,0.822183207156,1.95752193274
2022-11-01,0.353291660122,0.491610078103,0.616781953089,1.65306079115,1.59138063623,1.07107250229,1.41094831599,1.377482699,1.37875176569,0.83619734336,1.96623319135
2022-11-02,0.36235568916,0.502304997031,0.627455866681,1.68973117308,1.61598729566,1.08477041542,1.42722631972,1.39697381901,1.38608736968,0.837858894346,1.91969460241
2022-11-03,0.35924646874,0.498860393292,0.627336551743,1.67018496783,1.60811134479,1.08079310434,1.42861662461,1.39703728168,1.37804568263,0.837394025233,1.93510158342
2022-11-04,0.368558872578,0.509503942257,0.642708155951,1.72265511746,1.65312535922,1.11548824944,1.48124764234,1.43322682994,1.41264825674,0.857975858582,1.93250155483
2022-11-07,0.371585564586,0.510766083764,0.64528668599,1.73137524561,1.66009030382,1.11952244146,1.48512698323,1.43529920295,1.41310317183,0.853100456643,1.90565006151
2022-11-08,0.367456689259,0.505775392813,0.6417287278,1.71926356315,1.65035805679,1.11416236231,1.48042748182,1.42736735433,1.40555215296,0.849023814259,1.91771832776
2022-11-09,0.362828770839,0.502478825916,0.636666652368,1.70365973008,1.65085075107,1.10894140183,1.46857160848,1.41726743141,1.39878757197,0.846836400323,1.93693016911
2022-11-10,0.358287035776,0.496710986312,0.631481773995,1.68805705358,1.63675079624,1.10410678483,1.4575437936,1.40984418939,1.38772789614,0.842255586217,1.95069834429
2022-11-11,0.367790264424,0.509368540581,0.651541982275,1.73457337117,1.68077191566,1.12841984455,1.48766735849,1.44017843231,1.41967747535,0.850405771421,1.91783405636
2022-11-14,0.374803113434,0.511163425485,0.652298311924,1.7247470953,1.68261540131,1.12979187113,1.4761320566,1.4265559467,1.4271884091,0.857602997773,1.89749688911
2022-11-15,0.382497635076,0.520947191273,0.661574296614,1.77589179145,1.7184627584,1.1523426949,1.50321935689,1.45946571834,1.45770572974,0.871532402347,1.88936184493
2022-11-16,0.377779138244,0.511898642996,0.654720085792,1.76133520293,1.70153896663,1.14444476287,1.4969779811,1.45595307363,1.45712466493,0.871689832342,1.91301032879
2022-11-17,0.380061290106,0.508497976566,0.653295724006,1.76155350615,1.71377627213,1.14664899412,1.50204974173,1.45003576545,1.45139661574,0.868128345221,1.89363785481
2022-11-18,0.371561057909,0.502823889649,0.652641942192,1.75545665496,1.69551368782,1.14852656178,1.49954779322,1.44424717792,1.44499265705,0.866243771583,1.93187907214
2022-11-21,0.367513080186,0.499338595105,0.647591844268,1.7370804618,1.67570771066,1.14025122771,1.4914047824,1.43713894808,1.44016991881,0.864953465139,1.9500483438
2022-11-22,0.359755283597,0.49696995241,0.642505337238,1.72083614362,1.66979080176,1.13840690177,1.49503679565,1.44036196869,1.45734612565,0.876707466283,2.0177112596
2022-11-23,0.363545129571,0.499473822962,0.642524681977,1.71994623758,1.66488579495,1.14073874105,1.48408635547,1.43880436247,1.45673390396,0.872938567921,1.98778167182
2022-11-24,0.360248669884,0.495347593519,0.642739807722,1.71570371381,1.66143574039,1.13601647538,1.47844868381,1.44027548531,1.45862613448,0.871437254688,2.00238729674
2022-11-25,0.365953207645,0.497656654475,0.640356367003,1.72044603208,1.67378591025,1.13397436018,1.48736220968,1.44295094197,1.46291058472,0.87745510492,1.98450730128
2022-11-28,0.360539555441,0.491177408414,0.631115973649,1.70569270125,1.65466580462,1.12909697444,1.47871856573,1.43664375303,1.45391186879,0.864552782601,1.98468399632
2022-11-29,0.371656946036,0.499595545632,0.647519876857,1.75439328572,1.70213142775,1.16130738104,1.50426197741,1.47689260527,1.48814808113,0.887559356699,1.97629975485
2022-11-30,0.370878089233,0.498747150386,0.64091577994,1.7456643966,1.70798897265,1.16936932695,1.50877510556,1.47674144661,1.49539840695,0.893584439013,1.99385721132
2022-12-01,0.372261728654,0.502761690711,0.646331988988,1.76257575793,1.71791342094,1.17917901794,1.53831898923,1.49694404232,1.5095045675,0.902999380432,2.00742628637
2022-12-02,0.368978407904,0.501083773242,0.641172750496,1.74964089937,1.70496403096,1.17671290425,1.52718937613,1.4869628307,1.50165881647,0.896688482686,2.01110210118
2022-12-05,0.370512983005,0.515036213331,0.656065594011,1.78569599092,1.75301202509,1.1933651707,1.55672764956,1.52135584282,1.53308258563,0.914703759976,2.04314280897
2022-12-06,0.36762283706,0.515533798972,0.654482605049,1.78720039679,1.76998326658,1.19970353175,1.57385308168,1.52491380691,1.54720207892,0.923997701405,2.07983968288
2022-12-07,0.367123998772,0.518027559973,0.653746097594,1.7788318394,1.75824664689,1.19282243352,1.55597611895,1.51241591867,1.53648278173,0.921417390101,2.07685381905
2022-12-08,0.368072301642,0.514973373349,0.651989860248,1.78479175587,1.76095207465,1.19316753968,1.54793890166,1.50959798606,1.53195739122,0.921251404425,2.07111505561
2022-12-09,0.37054229384,0.517800199184,0.654291030517,1.80324887052,1.77219074414,1.19930943011,1.55590625107,1.51814968511,1.54522024122,0.925356792339,2.06644614035
2022-12-12,0.363269274002,0.505914069363,0.648459344846,1.7785810728,1.75439950698,1.19255350473,1.53794924778,1.50605958906,1.54412883504,0.929240575178,2.11567944201
2022-12-13,0.360185036359,0.499022143285,0.640345081536,1.76461477764,1.75879869827,1.19891366341,1.54663896926,1.5065823419,1.54988711507,0.933543286045,2.1434383755
2022-12-14,0.359694291916,0.503156841966,0.638957590928,1.76973919757,1.76027281898,1.19602206541,1.5524039178,1.50235810786,1.55184424767,0.937276705136,2.15493078683
2022-12-15,0.356825109549,0.499642304143,0.633397902278,1.77259229085,1.76282117202,1.19545709715,1.54616885595,1.5023788202,1.54985759135,0.942622550121,2.18441092506
2022-12-16,0.351737214641,0.492824960465,0.629919276042,1.76751219994,1.76741138973,1.20703156026,1.55296566584,1.50763123987,1.56431799187,0.947850703359,2.22767358253
2022-12-19,0.34361359714,0.484018371373,0.617081312565,1.7393313799,1.73568681575,1.18658588283,1.51724542194,1.47666296804,1.53474253397,0.929551059528,2.23611476932
2022-12-20,0.336855166242,0.477280305165,0.607415383028,1.71482834166,1.71675478909,1.17194223734,1.49963099613,1.46452822116,1.52432601093,0.917921497265,2.25212031869
2022-12-21,0.335209349641,0.476031360443,0.605003428063,1.70757463361,1.7139162913,1.17234380245,1.4967623195,1.46003078851,1.52766011137,0.915842193261,2.25802222032
2022-12-22,0.337042947975,0.475018915603,0.601865241103,1.72130137361,1.71087848522,1.17282326441,1.49701521438,1.45045962402,1.52033064254,0.913921676962,2.24093575647
2022-12-23,0.338051245959,0.474461831905,0.599233295052,1.71739405186,1.70847624635,1.16637315265,1.49640173188,1.44635324869,1.51924460679,0.91056163844,2.22599295732
2022-12-26,0.338691933194,0.480981166076,0.604790809717,1.72667794694,1.72424949809,1.18012804967,1.51056957346,1.45133590891,1.5247014414,0.913267795871,2.2283897465
2022-12-27,0.34311637807,0.484165110268,0.608630958978,1.74635990815,1.74125834245,1.194638608,1.5372309503,1.47100664853,1.54743732201,0.926325257723,2.23113999367
2022-12-28,0.341128967527,0.482663159591,0.604062315749,1.7343797473,1.72937809431,1.1844734561,1.53326037565,1.46446197607,1.53801253838,0.923829854568,2.23805287072
2022-12-29,0.341088738264,0.479215665142,0.600019727803,1.73301911189,1.71962140916,1.17859740594,1.52873502333,1.46305908318,1.53641043277,0.924047891837,2.23884501679
2022-12-30,0.344064998811,0.480840963276,0.599107020717,1.74039414608,1.72615800816,1.18464627897,1.53519614599,1.46534740353,1.54139104184,0.925050589541,2.2217387819
2023-01-03,0.345076541428,0.482008087485,0.602761275242,1.74913149287,1.73668455192,1.19342996816,1.55115349728,1.47509289978,1.56642781283,0.932769513382,2.23374583769
2023-01-04,0.34545548588,0.477291834407,0.597332509038,1.74872125453,1.72753194114,1.1913627297,1.55519203508,1.48401964819,1.57482463081,0.944668562657,2.25978805626
2023-01-05,0.349747781178,0.483381885441,0.607193327485,1.76310305447,1.7645762839,1.21685286696,1.57628489266,1.50604943008,1.5981352327,0.960619125322,2.26986624264
2023-01-06,0.351216060253,0.484425700692,0.61104710784,1.78552198813,1.77291668233,1.22550967574,1.57530187181,1.5033485313,1.59227128755,0.96073708312,2.26061582311
2023-01-09,0.353914705456,0.489277949378,0.617670340412,1.81316662866,1.78075509851,1.23481004961,1.58181749907,1.51155911414,1.59836207486,0.964298283218,2.25162539763
2023-01-10,0.354299215246,0.489895065887,0.619473155969,1.81770768945,1.78094816241,1.23392756835,1.58741084023,1.51086357645,1.59826376595,0.962831377347,2.24575391624
2023-01-11,0.351574775915,0.484983054716,0.617644683156,1.80685787596,1.76729431383,1.23351487684,1.58375480232,1.50734066286,1.59549637703,0.961952976006,2.2609741676
2023-01-12,0.353440469024,0.483636187235,0.617652382293,1.80433091382,1.76516313138,1.23202692864,1.58824151169,1.51401710418,1.59833404225,0.965498966833,2.25731040873
2023-01-13,0.353935489294,0.488394073448,0.626251049029,1.82403236446,1.78089471213,1.24624524381,1.61856848025,1.54464944473,1.61698557328,0.973972908493,2.27396071961
2023-01-16,0.360479847361,0.494122353447,0.63869269299,1.8567709191,1.80182396606,1.26414880874,1.63808286675,1.57189033739,1.63747113013,0.988847006277,2.26664155784
2023-01-17,0.362757287748,0.494954345572,0.640465115737,1.86460494124,1.81005877625,1.26607083213,1.64356251878,1.56980503532,1.6340483746,0.986296699547,2.24647553501
2023-01-18,0.360358401906,0.491993345947,0.637317303994,1.87045474119,1.80708019249,1.26903707886,1.64776535559,1.57529071126,1.64400960706,0.989670270541,2.26901524373
2023-01-19,0.364014775942,0.497133057548,0.642896399303,1.89634741992,1.82251696714,1.27557572416,1.65482774549,1.58672129476,1.65439822842,0.994379102242,2.25678862618
2023-01-20,0.362734419606,0.497907017894,0.647873791121,1.91065681195,1.83629537416,1.28438747668,1.67244270299,1.59898652284,1.67194612762,1.00429063555,2.28722114915
2023-01-30,0.362921919701,0.49694260071,0.651595375158,1.93304891584,1.83458512883,1.30306044053,1.68086331091,1.59719277149,1.67857511244,1.00128941138,2.27920373135
2023-01-31,0.355309550897,0.48846629441,0.64520260269,1.93290354058,1.82837519028,1.29756702051,1.67725792558,1.58694988101,1.66201792322,0.996959345592,2.31715414854
2023-02-01,0.359305568079,0.495985577755,0.651200461369,1.9556242418,1.85303107749,1.31572072618,1.70415359033,1.60689831732,1.67920991645,1.00520591255,2.31026093634
2023-02-02,0.359265217665,0.493498587587,0.652829554297,1.95116690902,1.85101913745,1.31059225495,1.70563147274,1.60573129011,1.67093426126,1.00773909825,2.31634239229
2023-02-03,0.358008433704,0.490353166109,0.648186460483,1.93523891845,1.82905530894,1.30023676896,1.68950979437,1.59845382646,1.66209900011,1.00286225522,2.31323575116
2023-02-06,0.35576469416,0.48424467227,0.63843069794,1.91998616743,1.8035534879,1.2826892369,1.6663781152,1.58174947047,1.64657091759,0.997712057634,2.31585383153
2023-02-07,0.357836291551,0.483813741346,0.63891562048,1.93193287813,1.81153070226,1.28499021882,1.66667674567,1.59289627165,1.6491714462,1.00219707346,2.31277920724
2023-02-08,0.3560828992,0.48171477261,0.63445255456,1.92401038525,1.80556458017,1.27483627146,1.66008938288,1.58808066367,1.64561538157,0.998954828073,2.31662963108
2023-02-09,0.360294539855,0.488571572858,0.645697550223,1.9436780245,1.83205139943,1.29048910168,1.67913789056,1.61147405163,1.67150500526,1.01804533838,2.33350115125
2023-02-10,0.358144936133,0.487031226004,0.646352880347,1.92886225287,1.80751241499,1.28880190338,1.66258582013,1.60513615209,1.66845582573,1.01836686675,2.34816036695
2023-02-13,0.363193339898,0.494795861469,0.652448146686,1.93644246799,1.82154793782,1.29805625808,1.68209221208,1.61202448993,1.6740328735,1.02242905665,2.32442738354
2023-02-14,0.364716084768,0.492740953886,0.653312328964,1.94700193987,1.82916476608,1.29666342721,1.68874260208,1.61487931978,1.67591734782,1.02489703803,2.32029265683
2023-02-15,0.368903512798,0.489495506885,0.645724091834,1.92680683282,1.82212765841,1.28986161586,1.68086320645,1.61610515693,1.66487332427,1.02765038988,2.29988598565
2023-02-16,0.363282341758,0.482904013454,0.636476105603,1.8986706091,1.80683758219,1.27758612772,1.66294476924,1.59869754522,1.64453913152,1.02202496489,2.32234079653
2023-02-17,0.351190284866,0.474648135428,0.628593067762,1.87633841239,1.78456603557,1.26117504694,1.65020655713,1.58968507695,1.63011274458,1.01666201521,2.3874550187
2023-02-20,0.361026871431,0.490302304407,0.639023746869,1.91980799378,1.81550396997,1.28630693628,1.68803684269,1.61852987211,1.67810604612,1.04406156009,2.384927221
2023-02-21,0.363525638551,0.49277643114,0.63836814242,1.92796225683,1.82130705469,1.29243096235,1.70058689674,1.63345775726,1.67748248324,1.04899819591,2.37969712851
2023-02-22,0.36133997187,0.492525356396,0.634082780269,1.91083907982,1.81515449861,1.28478723693,1.68662779987,1.62552827909,1.6679153837,1.04346419762,2.38145074207
2023-02-23,0.358364730908,0.490967101408,0.633866177473,1.90844665326,1.81219735423,1.28632708306,1.68332904769,1.62333270902,1.66932259686,1.04660581139,2.40822935597
2023-02-24,0.352935800484,0.486731732485,0.627093223734,1.89585828332,1.79458920519,1.27806249411,1.67342436056,1.61971980395,1.65940836277,1.04023991161,2.4300641758
2023-02-27,0.351687300675,0.485069094656,0.626659312618,1.88883401751,1.77648226141,1.27280516201,1.66618268014,1.60529425608,1.64656555928,1.0360143571,2.42878930068
2023-02-28,0.353634271626,0.487284988017,0.629747671971,1.89976137711,1.78232044948,1.28317601714,1.68622090504,1.62399809712,1.66083954584,1.04507277021,2.43657948538
2023-03-01,0.363986986101,0.490744537188,0.634821424113,1.92438172717,1.8139039063,1.29577038138,1.7029234527,1.63935347867,1.67586133559,1.05464437431,2.38756425519
2023-03-02,0.368234154189,0.49183189905,0.638346989306,1.92316235984,1.81305969559,1.29170036941,1.68827094367,1.6305079111,1.66887793429,1.04815623375,2.3450168302
2023-03-03,0.374831370587,0.494271345443,0.637569918323,1.92108939399,1.81658681881,1.29706111232,1.69176689868,1.63683734994,1.67917486909,1.04964961895,2.30634505129
2023-03-06,0.375183537443,0.493225725266,0.634605288555,1.90245863184,1.81060189706,1.28117673948,1.68565987737,1.63260186861,1.68180458506,1.04930584234,2.30342279749
2023-03-07,0.368508999617,0.484634874426,0.625130302653,1.86841300057,1.78574963659,1.25700061728,1.67119431407,1.61063113443,1.6596066082,1.03586787938,2.31490198356
2023-03-08,0.366244647038,0.483591264348,0.624504838867,1.8693074188,1.78458623377,1.26001844119,1.66387283346,1.6122988143,1.65653869518,1.03808894583,2.334089727
2023-03-09,0.366955091085,0.482297504532,0.623067085464,1.86267940528,1.78325309969,1.25427584186,1.6583916014,1.60194070845,1.65440678693,1.03722765518,2.32762547483
2023-03-10,0.362619159432,0.479444894862,0.612030099873,1.82728304711,1.75949605978,1.23079397224,1.63459534098,1.57502798018,1.63233093883,1.02657394534,2.33122082134
2023-03-13,0.36514865173,0.482219338235,0.618726838584,1.84070023479,1.78235907241,1.25118990417,1.6585165529,1.59487911659,1.6574994738,1.03352148167,2.33073610284
2023-03-14,0.362998328083,0.48069015035,0.618909224871,1.82711180276,1.78146998302,1.23952884782,1.64271234299,1.58971840495,1.63707911003,1.02276754885,2.32020994416
2023-03-15,0.36288919415,0.476196062326,0.621063397412,1.82875920609,1.79215292059,1.24500103216,1.64443996421,1.59879009051,1.63821511075,1.03028729793,2.33796651048
2023-03-16,0.359735245144,0.470681092065,0.614425424168,1.78677684265,1.75980836573,1.2406893561,1.62321278495,1.56871381093,1.60987185571,1.01789532247,2.33016595183
2023-03-17,0.363734826293,0.4770996385,0.618724576576,1.77337869494,1.77023892235,1.25493941304,1.63200087373,1.59232451492,1.62281276167,1.02003436555,2.30915557467
2023-03-20,0.362856765345,0.472885510939,0.617044432393,1.77452293951,1.76107136508,1.24606202325,1.63065293315,1.58361810977,1.61739635897,1.01641475234,2.30653582175
2023-03-21,0.362884699282,0.477671155796,0.62785047721,1.80857521566,1.78542667794,1.25405953592,1.64800033157,1.59135387656,1.63019613882,1.0229880548,2.32127496046
2023-03-22,0.366133204647,0.479957140308,0.631389746563,1.81420792183,1.79700521113,1.25847628227,1.64293418803,1.593541545,1.63313979843,1.02906082157,2.31427494389
2023-03-23,0.382885470813,0.490309553375,0.641367684554,1.8251061026,1.81554758428,1.25776260234,1.65681742807,1.6015235808,1.63417021654,1.03158712905,2.21406775856
2023-03-24,0.386390469791,0.489859589989,0.640000812093,1.81167782661,1.80731129228,1.24873345442,1.65264275681,1.59900548778,1.62506940042,1.03298542183,2.19680092249
2023-03-27,0.389255227612,0.49008602851,0.629853007116,1.80298247537,1.80488572508,1.24504310525,1.64485565571,1.5920405302,1.6185669015,1.02865452856,2.17130320116
2023-03-28,0.387960250439,0.482723537499,0.624172936249,1.78918220893,1.79407404612,1.24023360162,1.64884028855,1.59458826518,1.61234972426,1.02922835918,2.17973796111
2023-03-29,0.385230460216,0.481322177365,0.628454441471,1.79622089034,1.79132767713,1.24001066505,1.64201736313,1.59560109178,1.61149663883,1.04071379545,2.21939945249
2023-03-30,0.386026964924,0.480521078076,0.632719479501,1.80199614581,1.80659906581,1.25282698857,1.6585400327,1.60947963396,1.63601054916,1.0466830045,2.22754039104
2023-03-31,0.383989700418,0.478420423744,0.637068710825,1.81880597522,1.81135355717,1.25909625257,1.67328779647,1.60486407702,1.63934154685,1.0567447593,2.26070960378
2023-04-03,0.399871568127,0.487918555018,0.646481288624,1.84308196795,1.82601858798,1.26629742215,1.68975119904,1.61318856552,1.64317052022,1.06180417532,2.17803002152
2023-04-04,0.402554260151,0.488751022662,0.650748604873,1.83224500803,1.83274038024,1.27786107881,1.68905563722,1.61809878344,1.65270183419,1.06901147808,2.17820187878
2023-04-06,0.403726336968,0.489387227885,0.650669494897,1.83687951532,1.83789991995,1.28073293234,1.69556363112,1.61785156289,1.64987872572,1.07208936576,2.17813128523
2023-04-07,0.405527820652,0.493900226958,0.654959413812,1.85067403637,1.85577873057,1.28398895866,1.70963868661,1.6300080256,1.65992798423,1.07538077906,2.17509922124
2023-04-10,0.397201523865,0.484207867982,0.642440561801,1.83595803829,1.85050508101,1.29248035291,1.70941084303,1.63553788227,1.66654312627,1.07479399677,2.2185715117
2023-04-11,0.396629380631,0.487337971562,0.645891655225,1.83346013018,1.85192100381,1.29437927122,1.70727339197,1.63707927993,1.66974110564,1.07803726352,2.22846191734
2023-04-12,0.400289302,0.489614636738,0.650633751172,1.8328158793,1.85412580672,1.29541186299,1.70321682186,1.63260561704,1.6687888635,1.07197757118,2.19537237429
2023-04-13,0.386233332597,0.479425643681,0.643148578697,1.82999428001,1.83651822918,1.28874172415,1.70396514341,1.62406751881,1.67015829654,1.07478120872,2.27820358736
2023-04-14,0.387012861443,0.48153331108,0.645065287765,1.84090453164,1.84442072766,1.30523138379,1.70932662466,1.63592523423,1.68948661833,1.08808416256,2.30180366953
2023-04-17,0.388170579451,0.483517435146,0.653021175388,1.8522164082,1.86525901344,1.32610287995,1.7345260145,1.66407703507,1.71142666081,1.10216955299,2.32471515471
2023-04-18,0.392601261411,0.486026516396,0.656018988087,1.86389793225,1.8674988333,1.32517537871,1.73999022336,1.65414797475,1.70440456358,1.10113009641,2.29598779942
2023-04-19,0.388952591109,0.480351424793,0.653524294603,1.84849445136,1.85221696398,1.30866660134,1.72316382018,1.63776140337,1.67934427793,1.08860570887,2.29121089601
2023-04-20,0.391205955431,0.479289449626,0.651784855009,1.83605907097,1.84917726736,1.30188320083,1.71027253248,1.62974186724,1.67830179397,1.08814092427,2.27695871547
2023-04-21,0.374806605154,0.468403336773,0.638757094405,1.79009646575,1.81459007505,1.27463828994,1.6780965811,1.60564242399,1.64542611312,1.07167232435,2.33794789918
2023-04-24,0.371922767245,0.461596936235,0.62954040391,1.77409849314,1.78573169295,1.25680985995,1.64657104902,1.5884543377,1.62363740234,1.06661142642,2.34489574752
2023-04-25,0.365203471908,0.456475952223,0.62082682178,1.74959584111,1.77274077972,1.23634107222,1.62636299446,1.58225206677,1.61605440601,1.06566569963,2.38518037161
2023-04-26,0.35950899473,0.455676536009,0.623822215042,1.75540705164,1.78062169074,1.23258251953,1.6212896579,1.58617909858,1.61563592488,1.08242948167,2.45989238456
2023-04-27,0.359851279238,0.453583590634,0.625295544876,1.77391960338,1.78619392031,1.24627597677,1.63403837192,1.59362192416,1.63509192872,1.07883520222,2.44938211134
2023-04-28,0.358757323522,0.456084467463,0.636807126969,1.78712497871,1.81551595364,1.26515121768,1.65297398407,1.60594171577,1.65477931182,1.09267469801,2.48824940908
2023-05-04,0.3625843526,0.462353381867,0.635473939673,1.77983867613,1.8215797766,1.26109296755,1.63651345066,1.62154311824,1.64845154513,1.08708556459,2.44897848147
2023-05-05,0.364205134388,0.459897768726,0.634985088967,1.76921186265,1.80999265037,1.25426660378,1.62216512457,1.60438699648,1.63478359388,1.07542665702,2.41176624436
2023-05-08,0.372419742241,0.459964445777,0.649484869066,1.78411033989,1.85103370802,1.26280864491,1.64504198006,1.61896464319,1.65155437841,1.07543493666,2.35738768269
2023-05-09,0.372236640269,0.457746279851,0.642940630865,1.76388194864,1.82946994841,1.24022261902,1.62952417286,1.60947252957,1.63220491837,1.07299126446,2.35319009637
2023-05-10,0.364290107671,0.452315434747,0.635835832804,1.75722303742,1.80998076972,1.23492013981,1.624220943,1.61060001244,1.64327380772,1.07260184086,2.40257210575
2023-05-11,0.363505836242,0.45557049664,0.631475665301,1.75897234745,1.80836967345,1.23484735969,1.61984039521,1.60445654435,1.64370185133,1.06717470243,2.39558803893
2023-05-12,0.356615323886,0.447044768134,0.625486237531,1.73027884484,1.78840016708,1.21437977935,1.59956905806,1.58647047718,1.62859999768,1.04931813322,2.40091378794
2023-05-15,0.35872446759,0.451089432256,0.62987770193,1.76168079838,1.81282119174,1.24004124055,1.63214172819,1.61487761497,1.66855336124,1.06633191626,2.42564270515
2023-05-16,0.356471418065,0.449438922,0.625873639348,1.75390535527,1.79536267144,1.23533998754,1.62420519677,1.60881827806,1.66318723995,1.05869678903,2.42350946294
2023-05-17,0.355741091292,0.449416888338,0.625457498626,1.74460268886,1.78209631754,1.23461462151,1.61935556221,1.59700139423,1.66078674082,1.05638608496,2.42318513396
2023-05-18,0.359271711428,0.451877011141,0.626863799915,1.74049339155,1.77451901617,1.23592777624,1.6134314179,1.58902185559,1.65583984394,1.05288432486,2.39110327989
2023-05-19,0.358868039735,0.448503023389,0.626124517168,1.74445736079,1.76864172188,1.23411231602,1.61377418953,1.58765431234,1.64952439531,1.05647616204,2.40194695598
2023-05-22,0.362591000054,0.451388140102,0.627260800777,1.75021660247,1.77581262831,1.24053322171,1.614776037,1.59678759638,1.65156208271,1.06282660817,2.39146676498
2023-05-23,0.357610192992,0.443109168341,0.622192591304,1.72895758521,1.75606715987,1.22215038042,1.59339078191,1.57564464111,1.63044949358,1.04968884583,2.39475636142
2023-05-24,0.356163273316,0.437063108888,0.614188479718,1.70489782403,1.7377232792,1.21230349987,1.5791499001,1.54509552111,1.60234699638,1.03403320233,2.36872900992
2023-05-25,0.359384824921,0.439840546524,0.614117249368,1.70291060421,1.73012865532,1.20641529383,1.57626825774,1.53825084908,1.59740768852,1.02972189337,2.33742728783
2023-05-26,0.358451534584,0.442196625089,0.611204192398,1.69880693388,1.73180453586,1.21236519285,1.57800241871,1.54338979248,1.60391812915,1.02823196951,2.34011531077
2023-05-29,0.355378820233,0.439064495055,0.610143142451,1.69188722721,1.72625145406,1.20727496981,1.57936868638,1.53790670631,1.59182348757,1.02649049614,2.35621186665
2023-05-30,0.357618404493,0.437928532916,0.612590849106,1.6900273685,1.7374349614,1.20205268972,1.57766324369,1.53492264167,1.59968256566,1.02936554631,2.34796251189
2023-05-31,0.357049789939,0.438271915778,0.61176435806,1.68061046351,1.71977182603,1.18704269042,1.567807027,1.52094350763,1.59268771918,1.02118710263,2.333040912
2023-06-01,0.353727687606,0.440337362859,0.614678274991,1.67925574479,1.73967645574,1.18859159946,1.57391967317,1.52262883193,1.59342675207,1.01959201716,2.35110406067
2023-06-02,0.357827480868,0.445307056174,0.624590913088,1.7120192208,1.76123758907,1.20437364462,1.59332844998,1.53779261756,1.61356891625,1.03217600169,2.3528719117
2023-06-05,0.356085877851,0.4412920982,0.618855768913,1.69490480405,1.7568563384,1.20076392033,1.58848222131,1.52780870779,1.62067229518,1.03110437026,2.36188090032
2023-06-06,0.351266304108,0.4372745164,0.611273821702,1.68052471652,1.72883924784,1.18659992893,1.56285915335,1.50718270347,1.60091639625,1.01363438978,2.35383133555
2023-06-07,0.346521107898,0.43566434239,0.60547886702,1.67380272063,1.71478678605,1.18067445299,1.56162389846,1.50880628111,1.5945636097,1.00768035374,2.37180255539
2023-06-08,0.345926126625,0.437192628531,0.607395115368,1.68369477362,1.72485811495,1.19072755659,1.57672369269,1.51994043024,1.60809392391,1.01601030417,2.39548138491
2023-06-09,0.347442948289,0.43818472968,0.614338460615,1.68785314603,1.73396604397,1.20063493664,1.59290834021,1.53407082559,1.62273888202,1.02381733191,2.40338453472
2023-06-12,0.347475455541,0.438913970371,0.615269298748,1.69718667873,1.74295472916,1.20723844608,1.59702301104,1.54111284293,1.63144882303,1.02422005546,2.40410505373
2023-06-13,0.351037694892,0.441975300798,0.617485541567,1.71157213624,1.75999286104,1.20530705969,1.60175066945,1.54247235208,1.64413870693,1.02839904962,2.38926787796
2023-06-14,0.354239686518,0.443265206428,0.618088829606,1.72045611527,1.76191407179,1.19865071129,1.59687950495,1.53713989046,1.63509647237,1.02468625822,2.35884827597
2023-06-15,0.358130760742,0.445043479227,0.627511298449,1.75919060297,1.77906843411,1.21247398029,1.62007319077,1.56929691858,1.66482992346,1.04962355071,2.39034413038
2023-06-16,0.363630010429,0.446632172305,0.63224260866,1.7643093656,1.79222269289,1.22751197116,1.6451459784,1.58442746612,1.67437111741,1.0600022644,2.37727518748
2023-06-19,0.372429400125,0.445608027577,0.632760335981,1.74891203714,1.78244389005,1.21387332276,1.62979568351,1.57317160917,1.66471926786,1.05095372593,2.2994548863
2023-06-20,0.378871187865,0.444590622625,0.630257857787,1.74808562766,1.78046028942,1.21047203229,1.6220114218,1.56115620945,1.65054101062,1.04936955125,2.25621585205
2023-06-21,0.366427860302,0.432755330144,0.618021252101,1.72952370832,1.75123472364,1.19535574649,1.60199703368,1.54032340952,1.63342044053,1.03515382646,2.29975233896
2023-06-26,0.359611533552,0.427493760698,0.615369999595,1.71420238904,1.73635177851,1.17786410598,1.57744965099,1.52457347089,1.60551061528,1.0142955576,2.29619272574
2023-06-27,0.362317933626,0.431643953088,0.619983033923,1.72394606225,1.75455936092,1.19792623036,1.59832532394,1.55263144484,1.63398637472,1.02960366455,2.31356676319
2023-06-28,0.361577770321,0.432408171159,0.62060761962,1.71036871038,1.74691009546,1.19126806104,1.60996556227,1.5549004027,1.63322461722,1.02475061577,2.30738802287
2023-06-29,0.364559486062,0.431984334833,0.620291142292,1.70162266084,1.73581637211,1.18662628895,1.60029801468,1.54656282569,1.62057863498,1.02084243888,2.27956049492
2023-06-30,0.369008596438,0.432774260965,0.621762044317,1.71250591101,1.74871672783,1.1957280112,1.61820345963,1.5560375558,1.63409582771,1.03904880684,2.29239573789
2023-07-03,0.3706049781,0.436457819678,0.622259511774,1.71884625584,1.77552066097,1.21418231572,1.65576378588,1.58197840868,1.66422910685,1.05487053293,2.31738511688
2023-07-04,0.371904528546,0.438545802634,0.621661776471,1.72416604227,1.77331227905,1.22683999164,1.65991328759,1.57917969353,1.67794246841,1.0549104461,2.3093467383
2023-07-05,0.367554963987,0.436291985357,0.615786268055,1.71425487831,1.76275897826,1.21948473538,1.64854757728,1.5683113961,1.67305819229,1.04935753158,2.32419931682
2023-07-06,0.364047709844,0.432895315969,0.611702714627,1.70391308983,1.75363411149,1.211714333,1.63587417935,1.56189740278,1.66744702908,1.04707796297,2.34132814197
2023-07-07,0.362489141159,0.428777829493,0.607835122628,1.6964694069,1.75156762598,1.20391877507,1.62816994857,1.56161452335,1.66620473393,1.04590831349,2.34873647979
2023-07-10,0.360704722405,0.427002202955,0.60800811628,1.70442877347,1.76323666243,1.20785988799,1.63863018881,1.5745656515,1.69122316502,1.06995560364,2.4143001866
2023-07-11,0.36052054471,0.429504756158,0.612695996476,1.70207151009,1.78527967129,1.22012718865,1.65482812769,1.58437456118,1.70493023977,1.07590136655,2.42894925115
2023-07-12,0.354157162755,0.426132415536,0.609444535149,1.70548036719,1.77013794526,1.21385179464,1.64029528944,1.57617915518,1.69032902504,1.06575232144,2.44890908407
2023-07-13,0.356824602298,0.432133622427,0.615607394192,1.7355145475,1.79202620269,1.23379941528,1.66414466642,1.59626201773,1.72252448502,1.08419210405,2.47283573749
2023-07-14,0.35753176891,0.431752884225,0.616720911175,1.73440477518,1.80020745499,1.23375711007,1.65969736654,1.59375269871,1.7139920019,1.07936804253,2.45693222538
2023-07-17,0.354517255514,0.430529368559,0.609626538031,1.73792244178,1.78426183781,1.2267640273,1.64780882552,1.58533561361,1.70746186533,1.07778923585,2.47405395247
2023-07-18,0.354309322069,0.428823326361,0.604811482759,1.73726465983,1.7800273663,1.22598004279,1.64832722826,1.58459121379,1.7060961984,1.07907855763,2.47846467313
2023-07-19,0.353379316207,0.428150839551,0.603383406502,1.74221217445,1.77758880514,1.22563373729,1.64834667808,1.58281011989,1.70178784488,1.0794827261,2.48589855841
2023-07-20,0.351829618532,0.423941985662,0.596403263506,1.73017257726,1.76310230875,1.21629105425,1.63698707281,1.56645996265,1.68262025521,1.06763552434,2.46951767603
2023-07-21,0.352019485671,0.422291379106,0.593601837039,1.72878832987,1.76020179043,1.21738813073,1.63535236393,1.5771895569,1.67733345345,1.06942384548,2.47232150007
2023-07-24,0.348393975696,0.418960338222,0.591142722849,1.7261427383,1.75300873231,1.21399655681,1.63502802371,1.57122338161,1.67316034258,1.06942371375,2.49778406512
2023-07-25,0.353187205642,0.428767870383,0.607795173062,1.76671958549,1.80447465576,1.25584770719,1.67071565735,1.61804380093,1.72149331485,1.09931027802,2.5332234908
2023-07-26,0.354127762256,0.428960067618,0.603397013981,1.7634150364,1.79790691291,1.25414135476,1.66569748366,1.62278290648,1.72014772099,1.09763292483,2.52261212843
2023-07-27,0.351815166353,0.428444213341,0.603283084416,1.75849497162,1.79543244462,1.25230325689,1.66089545804,1.61912020921,1.71843022012,1.09227995549,2.52678344354
2023-07-28,0.358974399183,0.438893589,0.615910394724,1.79509072699,1.82785188586,1.28315623203,1.69301170835,1.65878773045,1.75079999451,1.11179972422,2.52052017801
2023-07-31,0.360984841128,0.442838112168,0.621879310839,1.80677950224,1.83205045828,1.29131267807,1.70482823011,1.66562592039,1.76714553392,1.11875096854,2.52216287367
2023-08-01,0.360155317533,0.439976483489,0.62093785868,1.80942463706,1.82492030973,1.29042666592,1.69717972656,1.66656414708,1.7628802659,1.114373737,2.5180904381
2023-08-02,0.358545814516,0.43727931143,0.617070932721,1.80308391702,1.81103789204,1.27953275719,1.68960057472,1.65538307959,1.75384500354,1.10430225612,2.50658558282
2023-08-03,0.363465887937,0.443859024629,0.626817892167,1.81407457341,1.81498766757,1.28761008923,1.70264292077,1.66439824115,1.76346740144,1.11448959425,2.49531305422
2023-08-04,0.364613912952,0.445593429117,0.626936567712,1.81561652594,1.83025078799,1.28850405996,1.69879012447,1.6681999851,1.77417735925,1.12362082675,2.50787607506
2023-08-07,0.362696693371,0.443026525828,0.621112942726,1.80306247733,1.81291984725,1.2765526789,1.67435746502,1.65512171188,1.75798690054,1.11751081323,2.50742573299
2023-08-08,0.36239062211,0.441087746532,0.619268642042,1.80111712519,1.80344377348,1.27208968182,1.67013239743,1.64977661996,1.74734826378,1.11589224079,2.50591000332
2023-08-09,0.360690332777,0.439314843121,0.619506097274,1.79104662986,1.79870427582,1.26852848066,1.65881187231,1.64355120982,1.74176535813,1.10842703321,2.50090311733
2023-08-10,0.363158767735,0.43958015075,0.621959783011,1.80395956055,1.80963443287,1.27636924963,1.66268129269,1.65317332067,1.75534254722,1.11230620251,2.49254026247
2023-08-11,0.352271131876,0.428416352729,0.605993099134,1.76774385788,1.77013581984,1.24794743117,1.62821495629,1.61861055279,1.72352126559,1.09083691642,2.51915754527
2023-08-14,0.350322244705,0.427989330191,0.601078012104,1.75802998984,1.77220493293,1.23884704562,1.62717383863,1.61048192743,1.70828409316,1.07932294782,2.50650427133
2023-08-15,0.34770487895,0.424689060502,0.597209106164,1.74740228322,1.76167840111,1.23417625297,1.61768091752,1.60450760931,1.69499117277,1.08469125104,2.53769791307
2023-08-16,0.34349944976,0.420969385281,0.591669107031,1.73852906146,1.74276082363,1.22041860535,1.60779158626,1.59130701437,1.68241565928,1.07673844233,2.54978486588
2023-08-17,0.342487738125,0.419235392808,0.593264052727,1.74456064799,1.75135253679,1.22526499983,1.61558219504,1.6014551199,1.69722530894,1.08791607626,2.58376411281
2023-08-18,0.337685712482,0.411804697631,0.584345979356,1.71413426477,1.7223189047,1.20520668108,1.60299397699,1.58799868844,1.67622052884,1.0819893065,2.6059152287
2023-08-21,0.332917031225,0.406508826267,0.573752502539,1.69238882099,1.69981864472,1.18537546502,1.58027058542,1.5669240676,1.65300270343,1.06265018773,2.59613779914
2023-08-22,0.333705810383,0.411006948163,0.578079092095,1.70281595498,1.7149267922,1.19623349533,1.5848448748,1.57862155895,1.66956351044,1.06449600326,2.59449625113
2023-08-23,0.323659839877,0.402384264104,0.56368586132,1.67560782699,1.68583637812,1.176201713,1.55927975004,1.55772230135,1.64869938974,1.0514018681,2.64068733478
2023-08-24,0.324122607492,0.402105958905,0.570115731977,1.6715230834,1.68002863582,1.17619106374,1.56508783215,1.57772996515,1.67572759103,1.05752949807,2.65230176619
2023-08-25,0.319467782307,0.397807903493,0.566740832202,1.64917842389,1.66514191976,1.16775444198,1.55641385402,1.57801307894,1.6738177437,1.05440207194,2.68254865626
2023-08-28,0.322367266605,0.403492969423,0.575859136954,1.67497245893,1.67646702815,1.18402607857,1.57237223503,1.59932247998,1.68914170976,1.06165142395,2.67664527044
2023-08-29,0.324607421529,0.407861714168,0.579817680188,1.6985276274,1.69263829681,1.19739812488,1.59660913288,1.61721612062,1.72952323124,1.08283786648,2.71146050914
2023-08-30,0.329885036948,0.412533435989,0.582998801551,1.69971796838,1.6918475818,1.19350068,1.58895989685,1.60185952186,1.7159068823,1.08025908649,2.66091900103
2023-08-31,0.328282048139,0.410193693153,0.578171528202,1.68082490249,1.68041708022,1.18921751857,1.57484163761,1.59499895928,1.69593322413,1.07200477126,2.65351681196
2023-09-01,0.328640368048,0.410544775022,0.579588129637,1.69518459131,1.6858892845,1.20179192025,1.58547063532,1.60903738323,1.71251596039,1.08433682966,2.68114585116
2023-09-04,0.33764370744,0.418967339086,0.588898050028,1.70826875159,1.70351015605,1.221132757,1.59986406448,1.62366137188,1.73407383366,1.09799006884,2.64145311415
2023-09-05,0.33576321499,0.417363455908,0.584903721445,1.69843080029,1.69483608679,1.21194694661,1.59071558917,1.61516399428,1.7190232001,1.08751490409,2.6309642969
2023-09-06,0.335098238814,0.415158483202,0.581829513258,1.69353502891,1.6994805973,1.20648603406,1.58270742519,1.61078711699,1.71664637067,1.08756232925,2.63628963225
2023-09-07,0.328020180467,0.407086233686,0.571715885182,1.6669681916,1.67271678155,1.19051053167,1.5655775598,1.59060412551,1.70009235708,1.07674073782,2.66574231242
2023-09-08,0.327652966296,0.405515710335,0.569248192345,1.66021066716,1.66784286445,1.18569588692,1.56059730739,1.57844262485,1.69582600794,1.0744400515,2.6630306478
2023-09-11,0.328167358097,0.407481568975,0.573861855911,1.67611371083,1.68024466486,1.19887763266,1.57861171831,1.5939915284,1.71298977252,1.08922311531,2.69549012941
2023-09-12,0.3284692511,0.406628747578,0.573785455995,1.66863306667,1.68314746043,1.19633942051,1.57480322661,1.59363284297,1.70694971581,1.08856521624,2.69138235412
2023-09-13,0.324911480325,0.40201711605,0.568353114786,1.64408774347,1.67289319422,1.18833188126,1.56903427881,1.58839661795,1.69737906401,1.07918894917,2.6973517014
2023-09-14,0.325572810717,0.39940001599,0.568912437,1.63975926309,1.67185117841,1.18407169867,1.55573436642,1.58719697125,1.69874346188,1.08077223456,2.69581876843
2023-09-15,0.323429829739,0.397388394548,0.567982199005,1.6360531766,1.66078496211,1.18179082729,1.54423520177,1.58297494786,1.69519022751,1.07136893118,2.69010806817
2023-09-18,0.32388519669,0.39857573368,0.569013290465,1.64315093137,1.67126096176,1.18572793796,1.54315969084,1.59053545447,1.69912499449,1.07842924883,2.70404838416
2023-09-19,0.32006215401,0.396325457249,0.568154472564,1.6331337158,1.67086116062,1.18045283963,1.54106488573,1.59421350962,1.69783820183,1.07534276885,2.72822712634
2023-09-20,0.318511517897,0.39542977372,0.566689769102,1.62386887198,1.6590434435,1.17534600619,1.53059029882,1.58627020293,1.68926473039,1.07000790143,2.72790986446
2023-09-21,0.317277989037,0.392199455589,0.561707589461,1.60953568632,1.64504584331,1.16549172844,1.51696979312,1.57262288943,1.68255112511,1.06154758971,2.71690552247
2023-09-22,0.32177460454,0.394903793792,0.567576152592,1.63644492352,1.66245944838,1.18044622951,1.54621844516,1.59883324885,1.7165619421,1.08407120986,2.73604677938
2023-09-25,0.315997606148,0.39094832195,0.564567386956,1.62705784048,1.65690691309,1.17068044085,1.54164175456,1.59086011905,1.7116644201,1.08573136322,2.78935854751
2023-09-26,0.316434513614,0.389200899992,0.560678297764,1.61291773266,1.65514959909,1.16085591329,1.53425711587,1.5806634407,1.69939169834,1.08214571959,2.77629000219
2023-09-27,0.317265606422,0.39128558517,0.561316551123,1.62077903413,1.66295717068,1.16520525783,1.53587675128,1.58927659032,1.71056432829,1.08980303143,2.78864342647
2023-09-28,0.31566678139,0.390283260656,0.560843793753,1.62984088211,1.65980278,1.16058627414,1.53372187351,1.59450560951,1.70942990406,1.093181477,2.81134142583
2023-10-09,0.317965061935,0.388864537851,0.562694753895,1.63708492691,1.65283513766,1.15972380436,1.53996186936,1.59202297618,1.70514301643,1.08893210724,2.77994471417
2023-10-10,0.315262345732,0.385689527707,0.556772155629,1.63545108313,1.63786768602,1.14763571696,1.52657243896,1.58306378921,1.68686183529,1.07866224974,2.77735634651
2023-10-11,0.316258144997,0.388340767831,0.557297678007,1.62849282893,1.63624142737,1.15380304337,1.52567179977,1.59649149233,1.69721027848,1.07380564686,2.75607882972
2023-10-12,0.316595537977,0.388143174203,0.562516904056,1.64516314726,1.65522083565,1.16291301181,1.54885991854,1.62949097816,1.72080957002,1.08923385386,2.79273731198
2023-10-13,0.312196478549,0.383856202049,0.557264870441,1.63639391429,1.63928629681,1.15133186527,1.52846177791,1.61829308022,1.7013079382,1.07654430304,2.79900675393
2023-10-16,0.308302096212,0.380056342409,0.549282959737,1.61614442211,1.62167223563,1.13744659002,1.52112520444,1.59419876823,1.69007447483,1.07458463523,2.82882683289
2023-10-17,0.310737302208,0.380608742581,0.548487843834,1.62011769846,1.62173916568,1.14879160948,1.52434341989,1.59720939618,1.69312172415,1.08005785144,2.82089074676
2023-10-18,0.308050126267,0.376525021602,0.541803181686,1.59991302398,1.6000745123,1.13482720746,1.50433409767,1.58024057831,1.66820685919,1.06360493308,2.80231341551
2023-10-19,0.302058770635,0.370419563765,0.531169663148,1.56915596347,1.56886844505,1.11931458006,1.47827322021,1.55907706564,1.64337799898,1.04702579771,2.81313484614
2023-10-20,0.299782991048,0.36880546086,0.529401292255,1.56041735395,1.5558978844,1.10452661487,1.47066869495,1.55141830168,1.62924309579,1.04406404121,2.82637203735
2023-10-23,0.292742468214,0.360802733935,0.523145596869,1.54388529976,1.53674661717,1.0874898922,1.45213372755,1.53043572195,1.60615186658,1.03518745345,2.86872081531
2023-10-24,0.294098037836,0.363869753578,0.525665900606,1.55656807294,1.54953579541,1.09155546753,1.46544562501,1.55061430749,1.6164983591,1.04069052968,2.870687127
2023-10-25,0.292571057556,0.365174487942,0.526533251235,1.5570492634,1.55978935351,1.09881269234,1.4780174031,1.55565747758,1.63157925269,1.04615883525,2.9006759794
2023-10-26,0.290390444488,0.367364994478,0.530378016994,1.55686178633,1.56288277056,1.10206941811,1.4791171495,1.55563713384,1.63537510305,1.0399354771,2.90504006647
2023-10-27,0.298213024672,0.377376137849,0.540393852004,1.59467018323,1.58706396425,1.11894338354,1.49223767078,1.57795091947,1.65857224127,1.05315111554,2.86370130887
2023-10-30,0.302129610085,0.382942414126,0.549226970945,1.61833230161,1.60524273461,1.12740161367,1.49844701456,1.57887641558,1.64900395049,1.04220761171,2.79633355012
2023-10-31,0.301441245332,0.379488106018,0.545524482898,1.61093573267,1.59378153937,1.1178261616,1.49746441021,1.5797231525,1.6495171825,1.04564500335,2.8119274688
2023-11-01,0.298915021567,0.378231500886,0.544157268614,1.60544217683,1.59200050481,1.10620228318,1.49071851702,1.57374511789,1.64588626259,1.04020050821,2.82085155749
2023-11-02,0.298245249932,0.376180114182,0.543020595623,1.59243658173,1.58049238782,1.09894417899,1.47545578947,1.55650322709,1.63072955269,1.02853275643,2.79553116008
2023-11-03,0.299076442232,0.376756633734,0.545590430638,1.6050139663,1.60403804279,1.11136575195,1.49175555366,1.57765720418,1.65092197916,1.04705556978,2.83808480687
2023-11-06,0.310543343447,0.38714455586,0.558879485694,1.63828657248,1.62807907747,1.13241822569,1.51098993707,1.58891282607,1.654131069,1.04659131893,2.72801131968
2023-11-07,0.311402557191,0.386093494735,0.559600276689,1.64116138966,1.62307278337,1.12756290722,1.50720828392,1.58151147171,1.64675299516,1.04663459104,2.72057622839
2023-11-08,0.309403156581,0.388382323662,0.558334364059,1.64055149629,1.61919344058,1.12173163514,1.50520221741,1.57480515878,1.64669366426,1.04429671518,2.73196706945
2023-11-09,0.311220593179,0.388186112526,0.560907218299,1.63750198272,1.62192072541,1.12431344565,1.50331006411,1.58016314762,1.65034870408,1.05169767926,2.73528101081
2023-11-10,0.307783109974,0.385327377057,0.557675294879,1.625568286,1.60894106001,1.12160664186,1.49674398347,1.57347984471,1.64141178608,1.04883999289,2.75806030392
2023-11-13,0.306795031313,0.386115127146,0.558623340621,1.6256153397,1.6079908888,1.12301573968,1.49531481967,1.57254479123,1.64362075144,1.05116994799,2.77304144575
2023-11-14,0.308376878825,0.387424423485,0.560537703279,1.62757712149,1.6061380027,1.12746693314,1.49830076432,1.575628009,1.64299947466,1.05027568919,2.75638443098
2023-11-15,0.309853834387,0.388553619759,0.562743180528,1.63816981511,1.62162334322,1.1351452761,1.50897107034,1.58936846885,1.65948307063,1.05647790364,2.7594601995
2023-11-16,0.306204930912,0.383036828504,0.557106886919,1.61989205196,1.6074930781,1.12385789649,1.49447782793,1.56801533811,1.64358189637,1.04800737959,2.76983165213
2023-11-17,0.306811124403,0.383264787696,0.555615326095,1.61810999401,1.60601601183,1.12367392521,1.49285884742,1.57231999904,1.64562669945,1.04955056525,2.76842678346
2023-11-20,0.307005033297,0.383260827245,0.559250646926,1.6183213509,1.60790504991,1.12437268997,1.50041848985,1.57471864107,1.65018681633,1.05255150804,2.77459276401
2023-11-21,0.304335496199,0.382199888949,0.556961007864,1.62097154901,1.60260880695,1.12267633676,1.5029384694,1.58234490716,1.65517065014,1.05292508991,2.79970379348
2023-11-22,0.301177899622,0.378447595036,0.551999188993,1.60605935922,1.58463452165,1.10896492849,1.48419368927,1.56104445644,1.62831838447,1.03748099657,2.78768629383
2023-11-23,0.303183787055,0.380078075472,0.557796745287,1.61066050303,1.59338201284,1.11770832243,1.49064798638,1.57358588206,1.63673582264,1.04478470004,2.7887447828
2023-11-24,0.300819288744,0.375431730306,0.552046924863,1.59424061407,1.58323411625,1.10780983673,1.48033853365,1.56770932352,1.62540532803,1.03942180439,2.79617923953
2023-11-27,0.301153465132,0.372472590365,0.549034241368,1.58110482214,1.56985735155,1.09817138134,1.46938515487,1.55768053579,1.61757467028,1.02775199068,2.76167968905
2023-11-28,0.300151412013,0.374528493241,0.549611561469,1.58527425344,1.5726343173,1.10460190157,1.4658743267,1.56196931521,1.62328757813,1.03247717758,2.78356594026
2023-11-29,0.29740937276,0.370023665801,0.544067639772,1.57415360829,1.55918607584,1.09638012679,1.4537443963,1.54988644319,1.60554318106,1.0250161527,2.78888028575
2023-11-30,0.29707326271,0.370228967435,0.545871656267,1.57871857013,1.55987561748,1.10011156588,1.45191861313,1.54617685755,1.60475548586,1.02735473614,2.79839492686
2023-12-01,0.296981437435,0.367934381332,0.542935837012,1.57043467482,1.56279348728,1.09497209084,1.46230398311,1.55152743737,1.59627994426,1.02550799334,2.79422959726
2023-12-04,0.29683151894,0.364555276055,0.537694525864,1.55670922281,1.55169167658,1.08425038717,1.45313556489,1.54011094568,1.58476796509,1.02751251356,2.80110191659
2023-12-05,0.291921867499,0.358908340243,0.529296297373,1.52154535038,1.51766337321,1.06403639096,1.43148445557,1.51039602896,1.55031451806,1.00598941946,2.78875858277
2023-12-06,0.296287938297,0.358288478842,0.532681440761,1.52293178863,1.51434527221,1.06506311332,1.43458444092,1.51270694932,1.54661390645,1.01106719897,2.76112546674
2023-12-07,0.294848587713,0.355923931392,0.530586247686,1.51779460239,1.5087287788,1.05988830347,1.43656868304,1.50891145345,1.53839565107,1.01355188199,2.781324289
2023-12-08,0.297334545588,0.35728786532,0.532061935401,1.52120949521,1.50853097184,1.06780088668,1.43933633195,1.5161276127,1.53782969406,1.01158219209,2.75246900319
2023-12-11,0.298653739638,0.358531397194,0.534886798968,1.52960481576,1.51808408407,1.07889480531,1.44309816445,1.52271706624,1.55640165365,1.02238289712,2.76964525831
2023-12-12,0.298249544952,0.35903341021,0.537450931307,1.52894781228,1.52150094341,1.0834487693,1.4476318187,1.527491513,1.55961561818,1.0201979742,2.7674746882
2023-12-13,0.292611462064,0.354206423629,0.530446836959,1.50390126212,1.50632153098,1.06602878438,1.42692825567,1.50038485404,1.52779144931,0.997540186622,2.75832736662
2023-12-14,0.291202303479,0.353774319304,0.528132897601,1.49734663066,1.49994208972,1.06314350972,1.41804650352,1.49161549787,1.52134934009,0.992230669686,2.75692942282
2023-12-15,0.289058388131,0.351827834883,0.524638531998,1.49161113581,1.49340158207,1.06580502449,1.41661922009,1.49330660785,1.51679021139,0.994261872586,2.78287046344
2023-12-18,0.285645515239,0.34713576712,0.519751519719,1.48182575538,1.47797520694,1.05548398186,1.40269404991,1.48559394488,1.5092592465,0.991883133988,2.80906950934
2023-12-19,0.285227601662,0.347869203093,0.520452142056,1.47941501887,1.48100066966,1.05424187124,1.401196466,1.48279599278,1.51492281359,0.995735648962,2.82408985933
2023-12-20,0.281746800419,0.342054236504,0.510771116597,1.46015001179,1.46156922051,1.04262983708,1.38042465171,1.471132839,1.50137766248,0.98954678554,2.84100114184
2023-12-21,0.285617663054,0.344531674006,0.513581169969,1.47408042764,1.47786817245,1.05295428346,1.39915414402,1.49184861047,1.50934787615,1.0003497678,2.83298469502
2023-12-22,0.289346740661,0.3464721616,0.512499107308,1.47497592631,1.47835325145,1.05461675661,1.39887465595,1.48947684159,1.51236617915,1.00123213565,2.79849557779
2023-12-25,0.293671028358,0.348930284867,0.515648558225,1.47859719149,1.47590107171,1.06024104482,1.39891598157,1.50178888085,1.51435873818,1.00554499724,2.76872672612
2023-12-26,0.293734567864,0.345676996601,0.512903569926,1.46723875823,1.45879961564,1.05117694425,1.38461150172,1.48530287855,1.50483364959,0.99655216497,2.74336628327
2023-12-27,0.292716390406,0.345800561263,0.514029478144,1.47453223797,1.4657977321,1.05302359682,1.39117783079,1.49653806135,1.51111513024,1.00196548776,2.76777777078
2023-12-28,0.295710557707,0.349454037146,0.523861421526,1.51606558533,1.49924077051,1.08277783062,1.44435941614,1.54374921751,1.57698760247,1.04035711118,2.84551748279
2023-12-29,0.293693391919,0.349670483262,0.526787515868,1.52136705678,1.51146456489,1.08649208661,1.44741381633,1.55535824251,1.59097236745,1.04718049168,2.88359082047
2024-01-02,0.288674532293,0.34889477096,0.523400711692,1.5008666103,1.50294671837,1.07239544187,1.42277515021,1.53604140648,1.57374151877,1.04529017947,2.92766255026
2024-01-03,0.292271857843,0.347693282028,0.52351478706,1.50007978294,1.50046364077,1.07089451452,1.41571232464,1.52972826327,1.55511882274,1.03954537131,2.87508926897
2024-01-04,0.291191865364,0.345411191492,0.519827037935,1.4830647922,1.48344817946,1.0542985162,1.39968762198,1.50672552398,1.5351649879,1.02918816177,2.85706807556
2024-01-05,0.288003642033,0.344113166642,0.517312653048,1.47315652559,1.46910016909,1.04188617385,1.38700280467,1.49271418615,1.52043357547,1.02469963122,2.87588941392
2024-01-08,0.285223980572,0.339895379742,0.510704003562,1.45046165176,1.43711113163,1.02354265072,1.36702743538,1.46713728506,1.49507028187,1.01166936656,2.86707567716
2024-01-09,0.28472051524,0.341325078913,0.510634283032,1.45996782151,1.4452797315,1.03185148863,1.36850517274,1.46998079725,1.50002662658,1.01718009051,2.88775393537
2024-01-10,0.287008869695,0.343683102275,0.508857902069,1.45157900145,1.43493190747,1.02583514466,1.35732853807,1.4590113378,1.49263562374,1.00784774191,2.83805014129
2024-01-11,0.290898510339,0.350068554082,0.516311550615,1.4633981417,1.44566807425,1.02587991062,1.35985592881,1.46602910328,1.49226306422,1.00978039138,2.80503017887
2024-01-12,0.287602830119,0.347571548154,0.510446702017,1.45057529503,1.44265516864,1.02232163852,1.35628489335,1.46761915537,1.49282090268,1.01563767431,2.85307996457
2024-01-15,0.285165126397,0.346433587247,0.509370603482,1.45499913113,1.43889424143,1.02094321915,1.35715065607,1.46274341951,1.49475264397,1.01665725402,2.88012664684
2024-01-16,0.285903587531,0.349217022847,0.510093564258,1.45981407531,1.44410154453,1.02896152721,1.36389603753,1.46769154151,1.50429288923,1.02354043441,2.89216791702
2024-01-17,0.279709929542,0.341048211343,0.49855168585,1.42513512202,1.41281032168,1.00751838835,1.33164957554,1.43660944303,1.47044167744,1.00449692379,2.90101193891
2024-01-18,0.283723528889,0.344357647689,0.503156085196,1.44495561423,1.42825468435,1.01920114728,1.3428124582,1.45297561107,1.47762696478,1.03025632398,2.9337786718
2024-01-19,0.280934933032,0.343823877966,0.499770303492,1.43739016264,1.42248880788,1.01525756128,1.33680710817,1.44627971126,1.4704322841,1.02537543945,2.94871460835
2024-01-22,0.277177793788,0.336936488412,0.487699517179,1.4068302882,1.39099308803,0.987118282183,1.30308321006,1.40429218428,1.42441026119,0.99442620164,2.89914782542
2024-01-23,0.278437828723,0.337959360775,0.494338341582,1.41664049086,1.40281266814,0.991873351503,1.31643537038,1.41838546977,1.43810783947,1.01193142751,2.9370031542
2024-01-24,0.280960502958,0.343472810865,0.503377796385,1.44053094023,1.42808018776,1.00383377984,1.33033722623,1.44537536788,1.45817221567,1.02538363695,2.94943695429
2024-01-25,0.289806702091,0.353637778252,0.519646329303,1.47820694644,1.46418442322,1.0288131763,1.36196952007,1.46789283725,1.47680219662,1.03875294702,2.89502806568
2024-01-26,0.29176127742,0.352345071817,0.513093058382,1.46014554297,1.46014722626,1.00942023705,1.35603219594,1.4570938977,1.46961210396,1.04850324061,2.90267709813
2024-01-29,0.292480110064,0.352776897043,0.510763166179,1.45554742738,1.44943477304,1.0017960686,1.33901199509,1.41186599653,1.42874814255,1.00011908644,2.76157884382
2024-01-30,0.287673048243,0.34799835163,0.499768229244,1.42892202169,1.42447472359,0.976294056668,1.30103068396,1.38722314778,1.39093483714,0.977457645125,2.74439291465
2024-01-31,0.28335794565,0.344632765317,0.493501829383,1.40133447018,1.40258898434,0.96043551261,1.27846704506,1.3655980973,1.36208146157,0.953177425084,2.7173876706
2024-02-01,0.280697582078,0.342471253879,0.493297304912,1.39531230641,1.40044066619,0.957640505916,1.28580573634,1.37752950934,1.37573775814,0.971820492437,2.79604943128
2024-02-02,0.270885275637,0.334010975438,0.479767125643,1.35971977883,1.37050516635,0.944862940673,1.27281436879,1.36571403157,1.37272125188,0.968754133328,2.88496824369
2024-02-05,0.265054003551,0.328719616485,0.467903311824,1.33986356531,1.36172258519,0.946267297416,1.26885888058,1.37516383663,1.386566434,0.982579399886,2.98824406063
2024-02-06,0.279439167412,0.345896767279,0.492484194528,1.40527063851,1.43122717514,0.986841059359,1.32128291559,1.42221805329,1.4305770476,1.01567069322,2.92670239001
2024-02-07,0.283421036317,0.350521643771,0.5008130158,1.41923681851,1.4486763592,1.00050107292,1.34043861939,1.44134635294,1.42771655854,1.01779808549,2.89112851904
2024-02-08,0.28352698884,0.353783031338,0.505452871153,1.4318872153,1.46350182592,1.01293270579,1.35708589024,1.46979092199,1.45625714832,1.03553510792,2.94043100121
2024-02-19,0.285262772898,0.355602039384,0.513984059818,1.46080276387,1.47772165732,1.03567292433,1.37662752987,1.49419033793,1.48236431423,1.0482107762,2.95842226832
2024-02-20,0.285991029529,0.358189617569,0.519566955302,1.46486256566,1.48231882419,1.04035881309,1.37638949844,1.50084210232,1.48581077952,1.04314308976,2.93656680871
2024-02-21,0.286012060232,0.361696643709,0.524457547216,1.48945438954,1.4961710241,1.04966351211,1.39593766996,1.52051290301,1.51281776547,1.05853681831,2.97968596675
2024-02-22,0.287410792386,0.365976539122,0.528970017243,1.50970684408,1.50891842723,1.06624130485,1.41802288382,1.546066562,1.5277465607,1.0715794497,3.00182774955
2024-02-23,0.289039775151,0.369279740531,0.531308084739,1.51397732091,1.51148607683,1.06684818665,1.4230856147,1.54951482245,1.53040566029,1.07327859581,2.98957387073
2024-02-26,0.287876413567,0.370551774736,0.529957203422,1.51418092359,1.50302344924,1.05438730992,1.40463509864,1.52577266169,1.51510094269,1.06335751076,2.97397188353
2024-02-27,0.299787122165,0.379786178871,0.539940901231,1.55067583991,1.52646041408,1.06237489003,1.41302686141,1.54092720729,1.52352795456,1.07127421102,2.87306686656
2024-02-28,0.288060169204,0.365649812445,0.530401133136,1.52109095808,1.4968279745,1.05093874959,1.40068357017,1.53036975851,1.51511975436,1.06900513793,2.97936888706
2024-02-29,0.290411791754,0.370821597324,0.54406013799,1.55664343453,1.53505212901,1.09717358666,1.43874695304,1.55912370896,1.56651768121,1.09741639765,3.03422991206
2024-03-01,0.297540252899,0.378570095078,0.555206890491,1.56761400598,1.5501464705,1.09878116039,1.43605203921,1.56095328523,1.5603883808,1.09557421792,2.9546581509
2024-03-04,0.299422249578,0.378413324206,0.556637587457,1.56774927795,1.56036740353,1.10957788112,1.42961406024,1.5525847347,1.55638855395,1.10364914502,2.95774669681
2024-03-05,0.298058206668,0.378029061184,0.557966629239,1.56955444183,1.56255963706,1.10109259984,1.4358247471,1.55950868708,1.56440045824,1.11233570236,2.99450067123
2024-03-06,0.294804545754,0.376489417101,0.555079258169,1.56136249659,1.55869102391,1.10167392841,1.44009878898,1.56430091621,1.56814275591,1.11877510655,3.04452463276
2024-03-07,0.288376104331,0.370271919562,0.543308373103,1.53746921516,1.53454692006,1.09737928089,1.43129369573,1.55456355654,1.56691209859,1.12166240758,3.11877006742
2024-03-08,0.29233093656,0.371981117586,0.545445630429,1.54871798974,1.5437670648,1.10022880439,1.4490395013,1.57569026438,1.58068967961,1.1282605817,3.09434494792
2024-03-11,0.296159796394,0.373947272314,0.550183850468,1.5593378134,1.56873368417,1.12396222429,1.47687686396,1.60042729747,1.60718228159,1.13619931267,3.0755887837
2024-03-12,0.298168599668,0.380760775488,0.557480704295,1.56972672818,1.58930554886,1.11783470719,1.46803959328,1.59277409349,1.59716346128,1.1252710248,3.025145683
2024-03-13,0.29602621024,0.378402742132,0.550904049546,1.56834763134,1.5824475777,1.11515983824,1.45754832482,1.58597922148,1.58645162422,1.12092103658,3.03518746115
2024-03-14,0.293997500225,0.376370900934,0.552614070661,1.56887553926,1.57507157311,1.10876715747,1.44771240229,1.5744893877,1.58134655024,1.11465455798,3.03901990246
2024-03-15,0.294084930802,0.37755880393,0.555759175039,1.56641082706,1.58557281037,1.11186467997,1.45206665516,1.58257771895,1.58608589151,1.12137894044,3.05644965368
2024-03-18,0.29676539944,0.384877423647,0.563050687936,1.59143500498,1.61357898104,1.12998737246,1.46741822763,1.59552442489,1.60238748811,1.12856100715,3.04816687962
2024-03-19,0.292629227726,0.385250648466,0.558654057103,1.5773124091,1.5977851467,1.11828663167,1.4630320446,1.58507672287,1.58896671206,1.11803121366,3.06221048681
2024-03-20,0.291674666165,0.383637505339,0.558310865173,1.58089385328,1.60148117294,1.12253148242,1.46951961341,1.59228107506,1.59435217006,1.1206760966,3.07944362213
2024-03-21,0.291692959414,0.383185427793,0.556418725884,1.57701588082,1.5969165283,1.11794131771,1.46209781019,1.5853655088,1.58455100126,1.11599784127,3.06639536756
2024-03-22,0.288081311528,0.378956499473,0.547522171762,1.55295730586,1.57723843906,1.09881502908,1.43657169882,1.5583390785,1.56664342276,1.10059322147,3.0620356498
2024-03-25,0.283450330884,0.379623971887,0.543053992228,1.54888725941,1.57407837463,1.09517167173,1.42833386504,1.54272577789,1.53391206396,1.08170494842,3.0587082989
2024-03-26,0.283932270203,0.382906927012,0.542656456925,1.55959291429,1.59391620701,1.09603688561,1.43250640456,1.55198966708,1.53515966691,1.07969857321,3.04783432507
2024-03-27,0.276322166339,0.37667102082,0.532107527257,1.54288224172,1.56547912701,1.07707942598,1.4091330105,1.5312436083,1.50595607968,1.06833245679,3.09743908565
2024-03-28,0.278652803486,0.375292713441,0.535237546075,1.55131077163,1.57927361302,1.08902504147,1.43612134874,1.54369010318,1.52113290294,1.08292900202,3.11363383496
2024-03-29,0.278301742884,0.377987372341,0.540457696921,1.56037726788,1.58982956779,1.09536859396,1.44429125887,1.55438885345,1.52537209781,1.08881849081,3.13448998348
2024-04-01,0.282191011558,0.38197469231,0.545264506646,1.5872132263,1.62492861383,1.11573724104,1.47615205955,1.58648954173,1.56131871859,1.10714128107,3.14343310254
2024-04-02,0.281343757573,0.380321073123,0.544222097508,1.57912077856,1.61324695734,1.1078337196,1.4698909337,1.57477776808,1.55174776997,1.10146764173,3.1367621978
2024-04-03,0.2818159759,0.38024902606,0.543462690863,1.56931852732,1.60438497989,1.10411811013,1.46014379949,1.55521820756,1.54075543817,1.09316634237,3.10785687363
2024-04-08,0.277336630723,0.379185611677,0.539604387653,1.55526450973,1.60193181119,1.08750515365,1.4395150395,1.53408400355,1.51777433656,1.0717322674,3.09631815764
2024-04-09,0.276780151214,0.379168128124,0.536750863798,1.56382149103,1.59785217824,1.09294658269,1.44976359924,1.55188182517,1.53768429076,1.08756007839,3.14825874089
2024-04-10,0.271530026239,0.377952461355,0.527096328104,1.54839701517,1.57646747347,1.08432276999,1.42491813582,1.54363792406,1.52729767878,1.07980898249,3.1855389221
2024-04-11,0.273026162133,0.378206387086,0.525740290743,1.55330314108,1.57606482185,1.08299565018,1.42724437652,1.536192263,1.52385893778,1.08372835062,3.17954904647
2024-04-12,0.270263473082,0.376893545141,0.523332623266,1.53973488456,1.55402718731,1.07490357518,1.41016785603,1.52340634337,1.51451810312,1.07355651443,3.18187903775
2024-04-15,0.271019245815,0.384046166137,0.534274685926,1.5710722951,1.59355625789,1.08902427477,1.43843646882,1.55729713531,1.54418555169,1.09262923424,3.2295101479
2024-04-16,0.267435686333,0.379065102548,0.526691434078,1.55320518016,1.56736345507,1.07590852233,1.40780410972,1.52756696013,1.50449103332,1.06091297252,3.17846792808
2024-04-17,0.271091088391,0.38514247235,0.534104679205,1.57631140774,1.59602313193,1.10174158376,1.4486085058,1.56737179287,1.54711483097,1.09131257022,3.22609995714
2024-04-18,0.269904094619,0.385223811809,0.535004959415,1.57536985481,1.59913622328,1.1036791473,1.44281099483,1.56556586793,1.55175575622,1.0902925939,3.23721047273
2024-04-19,0.267473683689,0.383282440684,0.526170702912,1.56069092723,1.58481155158,1.09619078376,1.42896350096,1.55822858405,1.53947354081,1.07862284169,3.23171174359
2024-04-22,0.264461566303,0.381152224722,0.522237573543,1.56620689138,1.57362860809,1.09330998061,1.42743827642,1.55846310325,1.54451484428,1.07538155436,3.25839384152
2024-04-23,0.262019309733,0.379140821639,0.521865265505,1.55803683691,1.56383487726,1.08560133307,1.40797401059,1.53299209083,1.51407659272,1.06157775047,3.24665917363
2024-04-24,0.26397080915,0.37823297293,0.524382058465,1.56155705224,1.57691366691,1.08873335973,1.41048353226,1.54857059429,1.52567322173,1.06847658379,3.24357724439
2024-04-25,0.262548689298,0.374727733852,0.527369489097,1.56658541149,1.57885703578,1.09124608395,1.41956665101,1.55282053208,1.53261359509,1.06923985616,3.26336880362
2024-04-26,0.265783736795,0.381828105636,0.539050387627,1.59446245783,1.59231081907,1.12154423294,1.43677847542,1.5802379678,1.56642312432,1.09552270984,3.30337500398
2024-04-29,0.27371395516,0.395592961636,0.547286363628,1.64063917578,1.63852233986,1.14204920078,1.45408178622,1.58943430314,1.56186405795,1.09680884365,3.20868997599
2024-04-30,0.270222173858,0.388961646471,0.540178811215,1.62770515967,1.62692389544,1.13985757957,1.44944057167,1.5867367428,1.55615140666,1.09812019446,3.25345970684
2024-05-06,0.274682794125,0.39353379168,0.544035486633,1.64211618488,1.64976641269,1.1556325632,1.48380983052,1.61617686451,1.58915278075,1.1147586446,3.24904972112
2024-05-07,0.274945472435,0.393270437617,0.545140976426,1.63911606222,1.65703063112,1.15367911911,1.49321030826,1.62279793811,1.59510177675,1.11475343976,3.24592749496
2024-05-08,0.269831800562,0.388196407863,0.542892221679,1.6304876766,1.64114403627,1.14260864157,1.47660264738,1.60718729804,1.57692882618,1.10679610404,3.28312795284
2024-05-09,0.271319270275,0.396395317979,0.550122861431,1.64507937004,1.66134357887,1.15296307664,1.48991495661,1.62818381864,1.61383729565,1.12577564072,3.32132910616
2024-05-10,0.270544878309,0.393537004296,0.552980791054,1.65330756662,1.65627383449,1.15018474411,1.49449336588,1.63248606841,1.62055320125,1.12877485883,3.33965722051
2024-05-13,0.273231132624,0.394997208676,0.555631087358,1.67014764595,1.65503818869,1.14843437697,1.48960246775,1.61830548936,1.61806411559,1.12599812985,3.29828220085
2024-05-14,0.273156346396,0.395484120753,0.555860163687,1.67189747394,1.65400087251,1.147950104,1.48685016137,1.61969257904,1.62037732821,1.12862120795,3.30686851544
2024-05-15,0.268361862065,0.39258655624,0.548258412246,1.65898535697,1.63564302672,1.13976515958,1.47100064446,1.59786415949,1.60546965273,1.12098929183,3.34254963509
2024-05-16,0.269860017095,0.392421737688,0.54943978498,1.66977178722,1.64236439246,1.14196379711,1.47222011756,1.60650476557,1.59938170582,1.11749071033,3.31345752154
2024-05-17,0.278533730666,0.394459032169,0.551488228764,1.68542934755,1.64707236469,1.15078880526,1.48858507355,1.62411985976,1.61199042753,1.12676007781,3.2344424143
2024-05-20,0.278425545469,0.397531227409,0.556654514812,1.6867030524,1.64794977094,1.15689237512,1.49589141803,1.64119543769,1.61870990484,1.13691925279,3.26486131459
2024-05-21,0.274831245138,0.39543452531,0.554388004109,1.6770429104,1.64532815296,1.14962144485,1.4901846944,1.63294029246,1.60603153113,1.13145042307,3.29130394471
2024-05-22,0.274660024816,0.398285811876,0.555327074449,1.67485488592,1.64861721733,1.16232574345,1.50179026276,1.65217951108,1.62063153611,1.14647421279,3.3370575037
2024-05-23,0.269310782947,0.390116542861,0.54503602281,1.64217107504,1.63119198908,1.14848535699,1.47351920909,1.6319404557,1.60131351997,1.13423750538,3.36643204435
2024-05-24,0.264114903047,0.385798873029,0.539089435796,1.63076248351,1.61280135077,1.14317033272,1.45819869742,1.61942033205,1.58036704622,1.1147243837,3.37346624944
2024-05-27,0.266978330108,0.390918660494,0.541770877277,1.64522693518,1.62811124721,1.153590288,1.47503125011,1.63464986593,1.59351731321,1.12301321862,3.36197681296
2024-05-28,0.265797116238,0.387325719114,0.538591537718,1.63338620002,1.6064923884,1.14333911174,1.46190108888,1.62334207054,1.58170869458,1.11347758037,3.34830453622
2024-05-29,0.26646644891,0.388963491539,0.541052212528,1.63757510311,1.60251843048,1.14706449431,1.46856914656,1.62848064611,1.58493717295,1.11424509814,3.34218078517
2024-05-30,0.264948675977,0.386533206136,0.539861335699,1.64348895991,1.59637080358,1.13568279841,1.47028961543,1.62475220123,1.58202574223,1.11151384573,3.35302519855
2024-05-31,0.263985319265,0.385485498868,0.540612937945,1.6412806834,1.58405075471,1.13432620625,1.46488973664,1.61675685166,1.57556283313,1.10534471731,3.34660686691
2024-06-03,0.265776181034,0.387003699157,0.540447673483,1.63027922934,1.58112069343,1.13590312725,1.46112758772,1.61100729603,1.58002568718,1.10421592348,3.32048606871
2024-06-04,0.267597886359,0.389391967359,0.544713044832,1.64982000746,1.59076343258,1.14475141241,1.47726012538,1.62073185348,1.59133702306,1.11889611574,3.34187129984
2024-06-05,0.26598359502,0.385802914539,0.540658427,1.64199134795,1.58555555494,1.14089929884,1.46944711052,1.61636139506,1.58521603327,1.11431850676,3.34835901931
2024-06-06,0.263556714971,0.386440904206,0.539191152945,1.63817826825,1.57533849751,1.14020377197,1.45933663253,1.61072439658,1.57368680694,1.10322876398,3.34558701845
2024-06-07,0.261717914922,0.385975776793,0.537261393954,1.63421025408,1.56777275408,1.14153666573,1.45919108057,1.60277695289,1.56539916464,1.10319372835,3.36882248589
2024-06-11,0.25792769392,0.386497063246,0.534192725143,1.63552561548,1.57465256198,1.13547877927,1.45150796484,1.60174089486,1.56299375707,1.10354450091,3.41868121243
2024-06-12,0.257791879167,0.385541290305,0.537875048734,1.63744066777,1.58578935888,1.13583304699,1.46141476903,1.60068388233,1.56257181846,1.10425874688,3.42269402731
2024-06-13,0.256635819098,0.385454790327,0.536744246436,1.63129360198,1.57826134053,1.13280969741,1.45321909055,1.59378031684,1.55069280237,1.10066213178,3.42689514567
2024-06-14,0.256853120261,0.387625939345,0.535350710794,1.63117604119,1.58263092757,1.14081748385,1.4589807668,1.6037448542,1.55404453684,1.11043823449,3.45443124196
2024-06-17,0.25588931982,0.390162633528,0.534760544527,1.62477472293,1.5913782819,1.13420045353,1.46064237052,1.60309992005,1.54555458758,1.10539000319,3.45168904369
2024-06-18,0.256159799661,0.391220507836,0.537826713016,1.6280614637,1.59231049302,1.13833661409,1.46313278728,1.6129619583,1.55077491194,1.11471194877,3.47714923548
2024-06-19,0.254689781193,0.388814927174,0.532902824506,1.61918833758,1.57836127828,1.13046631108,1.44900798347,1.60166173041,1.53616983008,1.10334914527,3.46165919246
2024-06-20,0.254360986605,0.387091482064,0.52968971513,1.60296468883,1.56108451368,1.11431726077,1.43206620562,1.57159509405,1.51321042794,1.08319679416,3.40290186171
2024-06-21,0.25324516427,0.387013676376,0.529091824144,1.60411031402,1.56655166337,1.11446877241,1.43763936426,1.5679708701,1.5131671587,1.08081704363,3.41035352639
2024-06-24,0.247836872899,0.378795910833,0.522591398075,1.58860257171,1.55383559642,1.09810484081,1.4246664604,1.55541928271,1.5043938544,1.06441784759,3.43143970509
2024-06-25,0.246026829284,0.377257496653,0.5203151432,1.58830774455,1.54889098004,1.09459710316,1.41363212202,1.52587666896,1.47645401517,1.0493897561,3.40805363826
2024-06-26,0.247286285557,0.382004417982,0.525696201249,1.61264454988,1.57997307274,1.10824864602,1.43527296383,1.5449028979,1.48389297585,1.06097419734,3.42822943293
2024-06-27,0.242748535804,0.375009358815,0.515300140057,1.57889961674,1.55994766246,1.092551528,1.42242607757,1.53702109724,1.48109434741,1.06052487165,3.48968622124
2024-06-28,0.244727415232,0.377586285412,0.517413449413,1.58632682077,1.5654073407,1.09592009504,1.41785650049,1.54168726186,1.48443931877,1.05498043405,3.44299427032
2024-07-01,0.245975351876,0.381660557028,0.522950872721,1.60788630769,1.57927583277,1.10297299495,1.41966043209,1.55058584511,1.48844359927,1.05924967639,3.43937037382
2024-07-02,0.243854085982,0.377989677495,0.515599446356,1.59401711762,1.57720456402,1.097556477,1.41152188358,1.53736146888,1.48107733735,1.0503859832,3.44025084652
2024-07-03,0.24193830305,0.376025958908,0.513061381733,1.58585544734,1.56456135947,1.09093318355,1.40679877709,1.53921762005,1.47385293882,1.05590610561,3.48535802254
2024-07-04,0.23757442972,0.371141606634,0.508539053458,1.57442030716,1.5518363408,1.07364071799,1.39689512325,1.52881337583,1.46283942487,1.04892836827,3.52519162008
2024-07-05,0.237475688278,0.373624779095,0.507116331391,1.57300907779,1.55392705495,1.07797288153,1.39516102623,1.53156549615,1.46591810543,1.05007784816,3.53051989216
2024-07-08,0.232646489667,0.370796976117,0.503521734765,1.557370383,1.53897320328,1.06094267173,1.36555014481,1.50982116141,1.45150495644,1.03921579247,3.56579508681
2024-07-09,0.234727422032,0.374076061567,0.512269314364,1.57311909636,1.56643737423,1.07332682303,1.38244031074,1.53825698761,1.46706715603,1.06189826507,3.61172936297
2024-07-10,0.236319797007,0.377821304775,0.511318872698,1.56251144532,1.56503105024,1.06498371289,1.38113720912,1.53297032161,1.45830659156,1.05414602037,3.5608606931
2024-07-11,0.243564128968,0.384810200954,0.522889505689,1.59259188306,1.58870971088,1.08392709611,1.40013839188,1.56146211152,1.47845310758,1.07068861562,3.50758347072
2024-07-12,0.244725072533,0.38367249139,0.519123444908,1.58132952294,1.58700356884,1.07941465079,1.40107185553,1.55690338726,1.47823905174,1.07860834199,3.51680972357
2024-07-15,0.244380824725,0.382506704948,0.52014406303,1.5818938597,1.59074365704,1.08212390995,1.40124018463,1.5562356946,1.4718630515,1.07488442976,3.50961487915
2024-07-16,0.249438351658,0.384790833655,0.525486164649,1.58766395007,1.60489582186,1.09650502043,1.41761377118,1.5679697576,1.48428156339,1.08450934908,3.46840886594
2024-07-17,0.248734757313,0.38250226634,0.524811653791,1.58159876145,1.60730718106,1.10007174967,1.42678351411,1.57838490097,1.48955104152,1.08530961664,3.48075162154
2024-07-18,0.250109679239,0.385760138915,0.52787112106,1.5980816604,1.60991460269,1.10505015549,1.43816126481,1.59005531863,1.49136399032,1.08496066212,3.46039204965
2024-07-19,0.253253154298,0.390351844747,0.530938650328,1.60433755293,1.63219712246,1.11230577452,1.44912997024,1.59907796984,1.49278733256,1.09131783329,3.43717617593
2024-07-22,0.254693928419,0.388442856458,0.527457665424,1.60204681059,1.62036569259,1.10373756999,1.43704014482,1.59143725204,1.47845030756,1.08788113699,3.40679775342
2024-07-23,0.248602972393,0.378643009794,0.516952561235,1.5710387216,1.57298360251,1.08528303803,1.39992344463,1.54653156193,1.43424570433,1.05518215465,3.38587085463
2024-07-24,0.249708526853,0.378421259243,0.514323520771,1.5589325496,1.55458486908,1.07009895914,1.38492849653,1.53023614862,1.42513048353,1.03866602398,3.31781665782
2024-07-25,0.246065263217,0.373612470467,0.510818044107,1.55029944643,1.56191271023,1.06523861737,1.38520769921,1.53506677537,1.43277934682,1.05715762186,3.42529163246
2024-07-26,0.248182173696,0.376964799691,0.513619476272,1.5482470195,1.57434383795,1.07452386045,1.39763986237,1.54680249991,1.44736316207,1.06296542915,3.4146415453
2024-07-29,0.244793063425,0.374175768705,0.509977744627,1.54655516357,1.56234225334,1.06770972163,1.38592456124,1.53386955512,1.44332674416,1.05885343079,3.44806171626
2024-07-30,0.243683696472,0.373307529432,0.506414594303,1.53743356793,1.55592315816,1.06205657598,1.37884180421,1.52794822929,1.43963003025,1.05889210139,3.46381376335
2024-07-31,0.249999478127,0.384028677201,0.52377165597,1.57938259794,1.59700820053,1.09537967946,1.4142615747,1.57208836927,1.48716420179,1.07575311145,3.42919400783
2024-08-01,0.246583047371,0.379435414255,0.517719614862,1.55793694745,1.58451961881,1.09283356337,1.40286687693,1.56523083099,1.49470903069,1.0810344342,3.49289187135
2024-08-02,0.244076731554,0.375670782011,0.512246454534,1.53934768797,1.56995258629,1.08404165015,1.38505115634,1.55219791358,1.48061170476,1.06809429661,3.48658385415
2024-08-05,0.239808372005,0.370327004541,0.503818316791,1.51458427443,1.55015527714,1.06274927449,1.367727901,1.53050130302,1.45652118359,1.05365279079,3.50041499976
2024-08-06,0.241891222793,0.37369530803,0.506381215625,1.5184158125,1.56195651902,1.06864559983,1.37897425366,1.54389924882,1.46167841644,1.07025353951,3.52516274572
2024-08-07,0.241839498308,0.371204366303,0.503610587066,1.51175452641,1.55874471338,1.06876414703,1.38623367826,1.54323269759,1.46472697469,1.07321024096,3.53565522143
2024-08-08,0.241920786011,0.369295159467,0.499196706248,1.51167161842,1.55591824094,1.0706117893,1.39119949332,1.54203181178,1.46537027813,1.07517723255,3.54094699601
2024-08-09,0.239909825315,0.368611337894,0.495454803385,1.49924833123,1.54212795468,1.06486424279,1.38527903441,1.53470187021,1.45573853373,1.07064260462,3.55544686473
2024-08-12,0.238468479679,0.368839017699,0.49445640452,1.49014151057,1.54281920551,1.06029914172,1.39004417771,1.53360214119,1.45065925723,1.06262227779,3.55017317884
2024-08-13,0.238170952978,0.369050157745,0.495350007214,1.498189542,1.54901557815,1.06318029489,1.39529847208,1.53536813303,1.45975110283,1.06773341853,3.57167866582
2024-08-14,0.234974660034,0.364664812087,0.489182714957,1.48365384918,1.52539772982,1.05392236822,1.38689443476,1.52394416644,1.44865702417,1.05998531357,3.59369296263
2024-08-15,0.236541702053,0.365893098195,0.493099674859,1.49505872063,1.53646876941,1.06410375789,1.40533385042,1.54027117782,1.4594909518,1.07436820314,3.61848933167
2024-08-16,0.235047986171,0.365218229646,0.492352555828,1.48881478712,1.5329925623,1.06746007397,1.40180844038,1.54210288674,1.45361264905,1.06898761565,3.62321749898
2024-08-19,0.23543440212,0.367404054861,0.494865336065,1.49114993134,1.53671773404,1.07120962053,1.40256397454,1.5462825319,1.45121232014,1.06487693969,3.60332828474
2024-08-20,0.234238351277,0.363686171593,0.489249616315,1.469437787,1.51967807446,1.05452642748,1.38797935865,1.5299607435,1.43310750341,1.05146195174,3.57624025987
2024-08-21,0.232539335534,0.361618517573,0.483850859813,1.47085851425,1.51201377608,1.04752848379,1.38590387485,1.53124848876,1.4237224944,1.04437962956,3.57809158073
2024-08-22,0.230918272479,0.361568118956,0.483954603156,1.47442052885,1.49959026095,1.03367345096,1.37061273344,1.50795162947,1.40462438229,1.02950820013,3.55208475341
2024-08-23,0.230165261291,0.360815118529,0.487177983278,1.47579156613,1.50926373435,1.03262857544,1.37633180302,1.51074517941,1.41075702624,1.03457155177,3.58113784469
2024-08-26,0.230290512272,0.359490189696,0.486791842756,1.47342755029,1.50953988489,1.03543799642,1.36949128574,1.51982427764,1.40889493004,1.04203303449,3.60501676121
2024-08-27,0.226941975436,0.357417651955,0.481234161778,1.46676410236,1.50898447459,1.02783802135,1.35819481932,1.50168017223,1.39270186263,1.02868924351,3.61127130055
2024-08-28,0.226368584494,0.355492382106,0.479512660012,1.46081792791,1.49935989455,1.02721586584,1.35948614964,1.49334819072,1.39407716117,1.03311842608,3.63594442209
2024-08-29,0.229524698888,0.358026716776,0.485811147287,1.46327888866,1.49679084504,1.02025236836,1.36092506986,1.49703199374,1.39202835865,1.02838035207,3.56857562231
2024-08-30,0.232427850067,0.36503085102,0.49991285536,1.49281022514,1.5298867255,1.0330137793,1.37390408959,1.49751399667,1.40246208378,1.04378896205,3.57690768086
2024-09-02,0.22577195023,0.353280804819,0.487769495771,1.45245011567,1.50855761115,1.01112072044,1.34562265962,1.47641273062,1.39027639469,1.03837234045,3.66077553837
2024-09-03,0.223400430967,0.351370761605,0.489231977157,1.46229058917,1.52065195608,1.01993415645,1.35783072258,1.48917162015,1.40468939073,1.0534878408,3.75251810509
2024-09-04,0.223333511567,0.351909544094,0.489150634923,1.45739337508,1.50794045661,1.00845873692,1.34866928642,1.4731774637,1.39386353625,1.04032405311,3.70675282655
2024-09-05,0.223505456761,0.352545944659,0.49005229771,1.46077144523,1.51641832181,1.01122963564,1.35657100494,1.47870870238,1.40356820604,1.04785631724,3.73073700898
2024-09-06,0.221239982373,0.3491179844,0.485007358126,1.44773227624,1.50898865223,0.997210782998,1.34002365765,1.45888993,1.38776486324,1.03093990832,3.70832377949
2024-09-09,0.219064273791,0.344574765871,0.481263574873,1.43341467275,1.48838191352,0.986169976773,1.32617160751,1.44157221692,1.37402767395,1.0198311085,3.70483330762
2024-09-10,0.219141437773,0.345040071023,0.482482456263,1.43805586517,1.48979870509,0.985033716161,1.32779036389,1.44036301467,1.37163171902,1.02118339609,3.70844088213
2024-09-11,0.220036485672,0.344836739871,0.481566483924,1.42772516215,1.48359443745,0.980779075223,1.32440793856,1.4399682272,1.37408062691,1.02500518919,3.70717324449
2024-09-12,0.21829498819,0.343712121069,0.480426835211,1.41716079308,1.47384669457,0.97846556464,1.32113878674,1.43699096545,1.36736702259,1.01708771246,3.70787855878
2024-09-13,0.21701641866,0.341298522246,0.481325212214,1.4120731075,1.46569748605,0.975378207303,1.31134946383,1.41980123881,1.35374412934,1.0047875004,3.68475441691
2024-09-18,0.215409492967,0.342257562741,0.4843602556,1.42219299142,1.47135594113,0.98054049266,1.31445866472,1.41982829311,1.35455537015,1.00643292861,3.71807276054
2024-09-19,0.219255883389,0.345855390799,0.489623488865,1.44060687721,1.48585558158,0.992690053078,1.32877469821,1.43362934871,1.37323692192,1.01721586797,3.69151768274
2024-09-20,0.219046995085,0.347002302632,0.487871017181,1.43685171912,1.48330277611,0.992492454466,1.32449477142,1.431606146,1.37941760878,1.02310867255,3.71641987297
2024-09-23,0.217737126921,0.346344119488,0.488885215718,1.4362850677,1.48458029823,0.997278868154,1.33076736306,1.43374927522,1.39532112574,1.02751838169,3.75466167816
2024-09-24,0.22541774834,0.357584825331,0.508343453505,1.49139694458,1.54111021157,1.04606965684,1.38667551999,1.50097758895,1.46095966245,1.07811530892,3.80710351319
2024-09-25,0.229304626937,0.361864594625,0.514304835357,1.51336631877,1.56155818498,1.05392321063,1.40718822894,1.52669137396,1.47510434008,1.0939704218,3.7974461184
2024-09-26,0.239750142037,0.374905665055,0.534668137771,1.57522929238,1.63068859482,1.08941362331,1.46012694444,1.59814863851,1.5527857464,1.14801868783,3.81207613897
2024-09-27,0.26335070991,0.400361380579,0.565921037244,1.67625787901,1.73037499772,1.1463217127,1.53263422266,1.64709329,1.61372307335,1.1559869674,3.46328152626
2024-09-30,0.306798791209,0.443006125691,0.624371668584,1.8359339112,1.90376736059,1.26023635916,1.66751734976,1.77159216234,1.72637773526,1.22331460275,3.09361337938
2024-10-08,0.36072971087,0.494789625879,0.656315388573,1.9519420442,2.00176039476,1.29755768838,1.73984324425,1.83522670623,1.78807137414,1.30829192855,2.76469687469
2024-10-09,0.314498784691,0.452054329473,0.601125968121,1.80832933843,1.8542807739,1.21398997206,1.60409762986,1.74836657571,1.65500665041,1.27159959164,3.04148029321
2024-10-10,0.295242746947,0.446979758588,0.614647448988,1.83213448331,1.86582931213,1.2542359359,1.64676546675,1.77225333661,1.67047867669,1.26975392168,3.22328856838
2024-10-11,0.285084523037,0.433972449912,0.605319670309,1.78068341102,1.79973740385,1.21555542328,1.59584517679,1.71962589327,1.59826189066,1.22548439666,3.22181132285
2024-10-14,0.289867713559,0.445048996079,0.614581625065,1.8187321034,1.84171397571,1.23306003919,1.61896982943,1.75036115183,1.62596823906,1.25538985161,3.24637704786
2024-10-15,0.281152977335,0.435113535971,0.597714664955,1.77019667712,1.79047208915,1.20204340792,1.56917885832,1.70969348504,1.58504432314,1.22667872971,3.26973228046
2024-10-16,0.277267119027,0.433678619479,0.589750836703,1.75802820635,1.78340797807,1.19127374016,1.54907256187,1.70848859316,1.59257690452,1.20777341988,3.26453133694
2024-10-17,0.273143431593,0.431168718325,0.583278431954,1.74470823783,1.76805770705,1.18588818051,1.53449635829,1.68739698296,1.57071663073,1.18982191092,3.26456172202
2024-10-18,0.286695510974,0.45175116667,0.605588071051,1.8136084225,1.82848829994,1.22660565833,1.58501540135,1.74860889784,1.61919814623,1.22246296973,3.19214825109
2024-10-21,0.287806286112,0.456192095996,0.614061527809,1.83229858882,1.87726059408,1.23656418081,1.59091326052,1.75415097294,1.61097967702,1.22063835841,3.17501606499
2024-10-22,0.286784845113,0.462103643671,0.617174126026,1.84018149941,1.89413855326,1.24689165423,1.61135535884,1.76645338931,1.62459702771,1.2354762614,3.22487941405
2024-10-23,0.2908143702,0.467010622664,0.620735513689,1.84069944622,1.90420078163,1.24640583825,1.62079959614,1.77439597123,1.6331205343,1.24112107374,3.19430190027
2024-10-24,0.282641105443,0.45934743126,0.611215621106,1.81598833384,1.89218275538,1.23543876239,1.60730223661,1.75872603591,1.61924587919,1.23559465328,3.26985347639
2024-10-25,0.28876213786,0.462186572723,0.618162202292,1.83210547268,1.92930384497,1.25380944462,1.61618986685,1.77896144068,1.62638918984,1.25941814906,3.26208574975
2024-10-28,0.290083621758,0.468332208595,0.617655802407,1.84721748473,1.94275727196,1.26231344697,1.62677397788,1.78958841679,1.6280750149,1.261593318,3.25279124172
2024-10-29,0.281590685623,0.457462952425,0.606428211049,1.82209682848,1.91727211556,1.24209245995,1.61001738443,1.77652092767,1.6265033157,1.25454428276,3.32985031365
2024-10-30,0.27896665402,0.455114805436,0.603216811906,1.79609645504,1.90340037611,1.23596591182,1.59938161182,1.7595075035,1.60843810607,1.24647572331,3.33946404382
2024-10-31,0.282852741712,0.459860858027,0.603849248398,1.81136738568,1.89781503761,1.24235711979,1.6179529637,1.74933614536,1.60162779695,1.24432166191,3.28717332632
2024-11-01,0.273273442288,0.457003448482,0.59831615374,1.78792697959,1.8904978524,1.24112332409,1.62600636386,1.74879909625,1.61219349715,1.25775900351,3.43399711317
2024-11-04,0.274584157847,0.459311494566,0.602276335013,1.81325604253,1.908856509,1.25906832973,1.65032131134,1.78577091088,1.65079247057,1.28481086407,3.49138481009
2024-11-05,0.286725054234,0.473343510892,0.618549397294,1.8693277063,1.95479259157,1.29405552942,1.68759227027,1.82090065418,1.69633553343,1.30611372049,3.39490026505
2024-11-06,0.288590317121,0.474891491957,0.615514297027,1.88671714066,1.97060630772,1.28959001922,1.69050925839,1.80961006162,1.68969547186,1.29728104019,3.34985682325
2024-11-07,0.29561732755,0.493203889599,0.63530191476,1.95032391945,2.02947066309,1.33039192284,1.73452339188,1.84543934967,1.72327319859,1.31585965851,3.31626367287
2024-11-08,0.290435029201,0.486986112339,0.633347467866,1.9322813868,2.02054971594,1.32477523609,1.73780226779,1.83820077505,1.72238116601,1.31336188158,3.36810423297
2024-11-11,0.303296315671,0.488879932866,0.640264187458,1.93902328847,2.0318303526,1.34267823012,1.74840011166,1.84510326124,1.75942617678,1.34078931618,3.28929242794
2024-11-12,0.298349841203,0.483237012567,0.637955835171,1.93305846566,2.00954182233,1.32184928013,1.73090270494,1.82845490393,1.73533387698,1.33286308691,3.32349263117
2024-11-13,0.3009033938,0.482682870283,0.643552955608,1.94630126458,2.0171275285,1.32627446759,1.73848602516,1.84210885164,1.74614251159,1.34679853075,3.32979513547
2024-11-14,0.289286970954,0.470725233669,0.628593498048,1.9014228935,1.96990173774,1.29643396035,1.70321224022,1.81641703535,1.72613133348,1.33107616156,3.4194707598
2024-11-15,0.285684295196,0.464792926512,0.613029614106,1.86922774707,1.9313845534,1.2735020127,1.66896406848,1.7759341497,1.69994379186,1.31504561067,3.42087390154
2024-11-18,0.279920741533,0.465477390874,0.606936684219,1.85766865496,1.91712470574,1.26359370969,1.64813027528,1.75775190067,1.71581449454,1.29590058938,3.44008590186
2024-11-19,0.277463095614,0.468562528284,0.616184434804,1.88070966558,1.9542458469,1.28246001175,1.67655786023,1.77911678918,1.73480795218,1.30342565809,3.49026511979
2024-11-20,0.277929536432,0.470792139886,0.616939253788,1.89273999527,1.96423220931,1.28976814861,1.68579732033,1.78101004958,1.73640339247,1.30864185191,3.49836539647
2024-11-21,0.281499245282,0.468334727387,0.616548262183,1.8921921039,1.96378262052,1.29000730013,1.68565782878,1.77653033482,1.73531736,1.30971079505,3.45629020309
2024-11-22,0.272050160065,0.452647537461,0.595712792826,1.82104804323,1.8937568856,1.24402315334,1.62686276005,1.72564130662,1.68203810054,1.28045816493,3.49511062321
2024-11-25,0.271532803879,0.451594939279,0.594632147444,1.81173744509,1.89452281424,1.24564741925,1.62060091079,1.71521276417,1.67836230745,1.27126845271,3.47667321685
2024-11-26,0.265040526107,0.446978893075,0.593050537938,1.79682977039,1.89300191569,1.24330783443,1.62043714948,1.71116111643,1.68235122356,1.27620606146,3.57330296156
2024-11-27,0.270766867345,0.455219494079,0.604973126739,1.83154805911,1.92259549331,1.26676627168,1.64415711328,1.74465240327,1.72693698998,1.30642559599,3.58071279871
2024-11-28,0.266714514209,0.453740352264,0.598779986445,1.81262845601,1.90377140237,1.25731191393,1.63200790554,1.72531872736,1.71639550137,1.2991734789,3.61442554561
2024-11-29,0.270803287167,0.45834664868,0.603898411242,1.83105148679,1.92171718771,1.27948634833,1.65812074764,1.74543077027,1.74141614419,1.31971045904,3.61615172088
2024-12-02,0.274319326974,0.462540399417,0.607539666303,1.85191171915,1.94069060034,1.29279280739,1.67401912036,1.7610634777,1.75452814586,1.33206673391,3.60305809401
2024-12-03,0.272951592585,0.461045079027,0.606085798949,1.85294073095,1.93571293641,1.28569411743,1.67642377184,1.7681128893,1.75799270764,1.34172756145,3.64715387112
2024-12-04,0.272139461549,0.458843072319,0.604382204529,1.82809968444,1.92653960002,1.27375578519,1.66317662419,1.75991452748,1.73349968702,1.32154078637,3.60313274535
2024-12-05,0.271098547871,0.456225124998,0.6017424197,1.82240434357,1.92878586855,1.27822543599,1.66351468772,1.76447655365,1.73295348547,1.31988232406,3.61239272944
2024-12-06,0.272724353959,0.459818032607,0.60921525498,1.84031437057,1.95825858771,1.2993279314,1.68414398393,1.79020967024,1.75770829515,1.34190826514,3.65101174743
2024-12-09,0.2741596082,0.457207890089,0.604027216662,1.82876182333,1.95006538203,1.29276244604,1.69073500826,1.78807162239,1.75502542787,1.34345021462,3.63599300753
2024-12-10,0.274903306493,0.457066438245,0.608859980855,1.83127964027,1.96630279704,1.3002479913,1.70533089501,1.79258215795,1.76671083982,1.35145572243,3.64779642045
2024-12-11,0.273886471231,0.45691546869,0.611987374338,1.83543033817,1.96948330985,1.3045332856,1.71129775864,1.7996048004,1.76901141308,1.35639286377,3.67461533266
2024-12-12,0.277476183087,0.460299708931,0.617703785179,1.85076154342,1.98929189927,1.31092144573,1.72270188115,1.81180652224,1.78269923302,1.37252969726,3.67017016584
2024-12-13,0.271132369496,0.451710931519,0.603175218244,1.81449697591,1.93569008342,1.28496948901,1.68163728427,1.77556423031,1.75055217025,1.34430382934,3.67860312065
2024-12-16,0.26597089255,0.444841640928,0.596572770181,1.79611468291,1.91923032606,1.27695232053,1.67098662097,1.75890593762,1.7315578963,1.34501178128,3.75056900499
2024-12-17,0.266359866331,0.44313028254,0.593978206972,1.7952619257,1.91361157317,1.27382303213,1.6692416409,1.75604769903,1.7306430183,1.34769537016,3.75256711467
2024-12-18,0.267498866506,0.44691608552,0.596759821042,1.79648973339,1.92015742747,1.28089866075,1.68387250022,1.76493471238,1.73790521274,1.35542633871,3.75804686021
2024-12-19,0.274100827665,0.447133115529,0.59436553127,1.7990650365,1.91807409623,1.27695741143,1.68253183297,1.75761817016,1.73835793726,1.35206261072,3.65597075963
2024-12-20,0.276177617189,0.447286009971,0.590114633156,1.79019062804,1.91741358084,1.2696816184,1.67821565662,1.75611758076,1.72891681791,1.3421853577,3.60156239108
2024-12-23,0.27118672929,0.441224824526,0.583870567702,1.77866306725,1.90924447428,1.27245009703,1.67918846635,1.7553982521,1.74070542576,1.35338907262,3.6967108629
2024-12-24,0.273655793208,0.447099678664,0.593331650689,1.80205708176,1.93211014251,1.28493811158,1.70150593537,1.77825030599,1.7580021971,1.37404175302,3.71946526153
2024-12-25,0.275160658836,0.445268447494,0.59355708811,1.79548676686,1.92984472252,1.28742668693,1.69479847896,1.77681412887,1.74990700318,1.36837707992,3.68367748243
2024-12-26,0.277057754253,0.44277014239,0.593226977164,1.78011639518,1.93568303432,1.28945900239,1.69976677967,1.77657697627,1.75732455814,1.37415208489,3.67382670493
2024-12-27,0.271456113414,0.439727351876,0.592529259924,1.77576265862,1.93348107377,1.29171169527,1.70505961511,1.78153952094,1.76192250499,1.38249994032,3.77042346951
2024-12-30,0.273684985177,0.441715057909,0.594444621961,1.78502976843,1.9292125651,1.2998115658,1.70709124246,1.78466559741,1.75649097303,1.38709722411,3.75200322167
2024-12-31,0.266811853198,0.436027881503,0.580994632969,1.76463025966,1.8811245073,1.26904773642,1.6689742145,1.7548920559,1.72406227606,1.3702073721,3.80054249257
2025-01-02,0.259574032764,0.426393487135,0.563676127587,1.71756899788,1.83073137073,1.22678793945,1.62037347696,1.69545775762,1.65910717525,1.32753851783,3.78528947828
2025-01-03,0.254485911706,0.41771665293,0.552901870487,1.69021117781,1.8084451842,1.20621934256,1.59907913847,1.68340539839,1.64671852339,1.32472814221,3.85147461512
2025-01-06,0.255029905703,0.418698467365,0.54988169485,1.69429161281,1.79624405101,1.2103055435,1.59630794524,1.68339314034,1.64698407382,1.32528488338,3.84486028112
2025-01-07,0.258690240825,0.419459353071,0.553378297929,1.6972665709,1.79776313551,1.22843304225,1.60703766339,1.70379233156,1.66225079601,1.33936124522,3.83051439034
2025-01-08,0.257840535692,0.416621882996,0.553246291897,1.68650812831,1.79658450517,1.22836357082,1.59460446497,1.70934142828,1.66563175899,1.340537713,3.8464609095
2025-01-09,0.255345513115,0.420855513316,0.557223538541,1.68122403861,1.79352350803,1.22198122424,1.58398685416,1.70198696004,1.65237014381,1.32895597699,3.85044965625
2025-01-10,0.25342778094,0.415271838133,0.549211903025,1.65252598102,1.76480273343,1.20178917679,1.55865286158,1.66788206135,1.62892340463,1.30789843091,3.81835678449
2025-01-13,0.252985981616,0.411113592384,0.546723696623,1.64673133396,1.76855168208,1.20325564105,1.55579319428,1.67172072212,1.63184797891,1.318083084,3.85474699033
2025-01-14,0.259880251403,0.42714767065,0.561629348932,1.69538605987,1.82603511093,1.23547334051,1.59669378234,1.72273824065,1.6778683846,1.34662996487,3.83318464773
2025-01-15,0.256557550292,0.421702631139,0.559007982633,1.6756574043,1.8152122872,1.22880355684,1.58448656207,1.71496267479,1.67298537422,1.35058543285,3.89345310863
2025-01-16,0.25570916727,0.424811956582,0.562346684859,1.67972807959,1.82369372855,1.23224979226,1.58652572603,1.72775974785,1.67739815818,1.36524632388,3.94859221527
2025-01-17,0.255745750823,0.429933905966,0.563373638411,1.68626635301,1.83867809839,1.23565702876,1.58476088188,1.73462763428,1.68275691824,1.37226504605,3.96832698791
2025-01-20,0.254500193913,0.435626912475,0.563393764954,1.68644352411,1.83669811918,1.23980910304,1.59131402023,1.73073351058,1.68614867404,1.36645359704,3.97084831115
2025-01-21,0.256638690177,0.43677735998,0.564954345953,1.67769207679,1.82745445818,1.24079630163,1.58729474167,1.72536506639,1.6808372853,1.3616564077,3.92354194622
2025-01-22,0.255781023913,0.438903013645,0.557813431227,1.67008005058,1.80987266366,1.23312146248,1.57170297446,1.71797666993,1.66537149368,1.35102258721,3.90601331465
2025-01-23,0.253325358025,0.435575536723,0.558161665861,1.67488725494,1.8165204145,1.23536308292,1.57762932491,1.72769280876,1.67496708444,1.3625255598,3.97677046522
2025-01-24,0.254050138246,0.439837858047,0.564931631276,1.68619381427,1.83316884301,1.24428371773,1.59152410989,1.74892804237,1.69539265826,1.37819096442,4.01111490627
2025-01-27,0.252001198283,0.43541352494,0.560764486001,1.6719901014,1.83069016155,1.23795934423,1.59531734991,1.74428733581,1.7032717957,1.37683374676,4.03951487837
2025-02-05,0.249551705219,0.429386464151,0.556439258177,1.65953916617,1.82449700807,1.2276212195,1.59918149833,1.75758806704,1.70838100398,1.38202961259,4.094023862
2025-02-06,0.255046412876,0.439436279382,0.564065963152,1.68359513113,1.84409374874,1.24876955269,1.61385092314,1.77345330799,1.71984355296,1.39523520785,4.04299965504
2025-02-07,0.259296687832,0.446684199098,0.576200741608,1.71580089938,1.87421961571,1.26768922594,1.63161983441,1.78596669905,1.72904499585,1.4023775502,3.99632073272
2025-02-10,0.259796630806,0.450624586944,0.577361963847,1.71611232425,1.87689964143,1.27211662606,1.63799991087,1.79606926231,1.72576566173,1.39760901555,3.97502675849
2025-02-11,0.25854853131,0.442845853857,0.573318137448,1.70790191449,1.86455528906,1.26591540569,1.63364198102,1.78620659579,1.72646933483,1.3975300721,3.99389881723
2025-02-12,0.263028584574,0.445862602587,0.577459158721,1.71878958062,1.87800076691,1.27326397354,1.64017116485,1.79996112511,1.74478428708,1.41645481028,3.97877733064
2025-02-13,0.258865264172,0.4421903813,0.57031882387,1.70736047531,1.87440182476,1.26751649921,1.63050360314,1.79816120141,1.7455110233,1.41297483695,4.03197985446
2025-02-14,0.259511327117,0.447658073744,0.571911656403,1.73115359727,1.88566051836,1.273369909,1.65137889283,1.81263258807,1.75865197084,1.4165853744,4.03221985343
2025-02-17,0.262425100431,0.449029249191,0.573876757954,1.72253528636,1.89171533214,1.28502336683,1.65628400033,1.8165702224,1.75663078219,1.42091070918,3.99925818699
2025-02-18,0.260953562746,0.443419677166,0.56279261342,1.70359547244,1.86453432152,1.26425531866,1.63853022675,1.8016145037,1.73322273436,1.40978855988,3.99037974758
2025-02-19,0.26404896632,0.444277563514,0.565543735007,1.71441309174,1.88816951566,1.28047054595,1.64719977336,1.81398856956,1.74523698348,1.42395842207,3.98315381072
2025-02-20,0.263694902578,0.444244230991,0.562858360953,1.71070423235,1.9025270198,1.27521151529,1.64863153356,1.80630471479,1.73750243899,1.42293613754,3.98563525352
2025-02-21,0.266943692475,0.448908434576,0.574796022701,1.73935666808,1.92456124999,1.29299921423,1.66749405787,1.81678088163,1.74251403573,1.41870728756,3.92468620644
2025-02-24,0.265826780498,0.447237946089,0.57219677931,1.74036033696,1.92145548814,1.30461350389,1.6776893417,1.81759391953,1.74400856043,1.42218762204,3.95073531563
2025-02-25,0.262423319413,0.444614038247,0.566487624687,1.73865459073,1.89409201605,1.29566732341,1.66049708946,1.79983856544,1.72032176986,1.40627007896,3.95709998673
2025-02-26,0.266169577137,0.450802897465,0.570486977314,1.75221906911,1.91415739203,1.31539798856,1.67772242642,1.81437254308,1.73513428808,1.42214682075,3.94528542426
2025-02-27,0.266210504987,0.446594397542,0.57171579304,1.75241979311,1.9168197287,1.31944034884,1.68439335627,1.81690480946,1.73174147196,1.42996228,3.96636023186
2025-02-28,0.261016510682,0.437717590532,0.560875460456,1.71201895557,1.85568029897,1.28898630565,1.63664126066,1.77751992892,1.71903009036,1.41574664206,4.00431665821
2025-03-03,0.257066347768,0.437949433241,0.562789117588,1.72315531032,1.87833664032,1.29101539517,1.639189424,1.77731710828,1.72602887509,1.42131519013,4.08066720687
2025-03-04,0.255867631976,0.438919228407,0.562392642117,1.72449002894,1.9013687338,1.2975098875,1.64309530552,1.77481723624,1.72679540161,1.42836526167,4.11993671176
2025-03-05,0.255815063142,0.439697770459,0.56139202492,1.72503532066,1.90729390917,1.30171360201,1.64377862208,1.77473318819,1.73395907593,1.4437324126,4.16510774536
2025-03-06,0.257406269729,0.444612147392,0.565054174147,1.74701749384,1.92763507161,1.32070216751,1.67773764006,1.80762093792,1.76122297246,1.45509225766,4.17197285331
2025-03-07,0.255631644892,0.442020010056,0.560558636792,1.73454009088,1.9239025165,1.32149749387,1.67805550978,1.8041069129,1.7568934733,1.45478076745,4.19984241382
2025-03-10,0.254254486562,0.446329470184,0.561316301706,1.73410561885,1.9096680281,1.31912840189,1.67583631819,1.80153899246,1.74871688036,1.45000020832,4.20866701193
2025-03-11,0.255097809415,0.451171324061,0.56029971453,1.74202117804,1.91703642647,1.3238541971,1.68458328116,1.80332566485,1.75526008805,1.45358366382,4.20510859558
2025-03-12,0.252605018829,0.446611899217,0.557100062576,1.74103384818,1.90473665388,1.31939111588,1.68694289905,1.80620210266,1.75812091834,1.44689387633,4.22684744743
2025-03-13,0.251985405465,0.446152526057,0.553883075119,1.72853120934,1.89663241445,1.31444501884,1.68080507141,1.79711891858,1.75137514572,1.43701564473,4.20835793038
2025-03-14,0.254931592212,0.45127856281,0.560616894045,1.75325521979,1.94395545542,1.33926158699,1.71974886147,1.83855334342,1.78883541657,1.48140938755,4.28916310968
2025-03-17,0.253248540612,0.450149764053,0.560075614051,1.75349966079,1.94574357425,1.3398375943,1.71339694331,1.84329474876,1.79098295816,1.48222193213,4.31983263204
2025-03-18,0.253593376533,0.451444007303,0.558980586949,1.75995001862,1.94930055831,1.34529621658,1.71878504127,1.84814513965,1.79673689605,1.48150464639,4.31186005179
2025-03-19,0.250169404607,0.449478755565,0.558153755896,1.75131321716,1.94673278254,1.33655919503,1.71480375535,1.84193142958,1.79364045894,1.48693580927,4.38588518919
2025-03-20,0.248525262918,0.447119098875,0.552686953395,1.74448479126,1.93280657963,1.3279363546,1.69979067828,1.83326492311,1.78774547624,1.48217228672,4.40065917586
2025-03-21,0.245981864595,0.439880105801,0.545385776267,1.72509794818,1.91052236062,1.3160146158,1.67897013635,1.80623197748,1.76190201879,1.46795595904,4.40348622182
2025-03-24,0.24586915209,0.437740950612,0.547910122252,1.72600478364,1.92326401195,1.32089129293,1.68590458287,1.81651457738,1.76661754444,1.4764060263,4.43085196876
2025-03-25,0.245434321856,0.436516163204,0.548482739826,1.72064450457,1.91203761546,1.32222859314,1.69090973176,1.82234719549,1.77390512805,1.48580038447,4.46688159312
2025-03-26,0.24479198963,0.435316561918,0.547639713585,1.71413155072,1.9117646965,1.32348026367,1.68735808603,1.82550691459,1.76469816736,1.48146685743,4.46554374722
2025-03-27,0.243445724431,0.433348140101,0.54511801917,1.71663877575,1.91487428335,1.32614089772,1.6918167113,1.83327349365,1.77911366955,1.48770721794,4.50891272508
2025-03-28,0.242395828608,0.431203397963,0.544390145268,1.70596009094,1.89911477743,1.32033559963,1.6849639317,1.82400327225,1.76636794087,1.47650635924,4.49441074616
2025-03-31,0.241442971082,0.429243400651,0.538983339307,1.69406455632,1.88185182442,1.30153221749,1.66881007557,1.81169976731,1.73910443344,1.46309865397,4.47126588864
2025-04-01,0.241006318031,0.430394299918,0.539001896304,1.70318193367,1.90074074989,1.31224399466,1.67467696602,1.82135948994,1.75502395303,1.47140157279,4.50472616316
2025-04-02,0.238809427093,0.428108836475,0.538816473079,1.6983731657,1.89484786834,1.30887949613,1.678478631,1.82246382444,1.76165013871,1.47785944005,4.56555984763
2025-04-03,0.235967619533,0.422057212933,0.539224365085,1.67753475519,1.87901091545,1.30676043426,1.67766995626,1.80590750179,1.75177318804,1.4793933131,4.6246281421
2025-04-07,0.223170470328,0.400360535848,0.511541066902,1.56220455074,1.74911988227,1.17971563208,1.53189591862,1.6397581718,1.59762063314,1.3386536282,4.43547747698
2025-04-08,0.227079462393,0.410825265504,0.524759896573,1.59859907117,1.80578524291,1.21716432684,1.57967197518,1.64890829977,1.58430733399,1.29966910216,4.22861606335
2025-04-09,0.23240869579,0.41517152956,0.533113656838,1.62643058697,1.82914177083,1.23607233505,1.6036748466,1.66848250986,1.60634538133,1.31068102964,4.16520494744
2025-04-10,0.238689896895,0.423876594645,0.539361329265,1.65316591642,1.85458517924,1.25133461483,1.6205162431,1.67962733611,1.63017749137,1.330385091,4.1152513136
2025-04-11,0.236886276945,0.424892840252,0.53723966079,1.66323591283,1.85448711384,1.25829475586,1.63072023807,1.67750537517,1.63723188369,1.35324432269,4.2170574811
2025-04-14,0.235714454431,0.425288890212,0.537808148049,1.67056333876,1.86563588649,1.26460189107,1.64300309564,1.68116255729,1.64520755087,1.36460101448,4.27330867852
2025-04-15,0.234931681379,0.423999393685,0.53731136872,1.67351730794,1.85207480305,1.26255026042,1.63781961513,1.67016184133,1.64123548358,1.36520804042,4.28940063712
2025-04-16,0.236365209641,0.424050926499,0.536698901843,1.69304266943,1.85093620628,1.26752797989,1.63029213963,1.66918612778,1.64800485769,1.36292472419,4.25605312754
2025-04-17,0.236309320232,0.424089401561,0.535789189153,1.68794100226,1.84409924924,1.26450471376,1.63036489304,1.66509639437,1.64990255184,1.36427709869,4.26128259427
2025-04-18,0.234748199238,0.42154963748,0.535444314245,1.68933946908,1.84238382779,1.26874136675,1.62841464463,1.66911112703,1.66201748171,1.36681350718,4.29735614162
2025-04-21,0.238037777092,0.423580538941,0.541794933131,1.6966056602,1.85058166949,1.27329276248,1.63442461795,1.6819702506,1.66650152602,1.36409140813,4.22857788266
2025-04-22,0.236661566972,0.422771227819,0.539521065177,1.68497976527,1.85439895649,1.27166335528,1.63467139728,1.68443334913,1.66485763062,1.37117799032,4.27499316854
2025-04-23,0.236726768322,0.420270774567,0.539256493055,1.68097874388,1.85879514902,1.27201281247,1.63716068356,1.69195115124,1.67349709191,1.3707072929,4.27234787034
2025-04-24,0.232959744881,0.417692846492,0.537142835334,1.67204973245,1.86443095107,1.27134358581,1.63303885601,1.68839995195,1.6771778671,1.37370400898,4.3496740115
2025-04-25,0.233102805627,0.416364421706,0.535787147405,1.67688318307,1.86734398361,1.27565103635,1.63119278107,1.69150452365,1.688454095,1.38393396628,4.37939484382
2025-04-28,0.231922348726,0.414800604649,0.531834299287,1.66952906003,1.85108532225,1.27395995557,1.63180597018,1.68769418595,1.67955832647,1.37726955204,4.38048332597
2025-04-29,0.230934310742,0.413751787676,0.528855030012,1.66243459357,1.85011625404,1.26823047236,1.63046437971,1.69010291582,1.67506560317,1.37789187478,4.40112443875
2025-04-30,0.233081414623,0.413789010966,0.531751537012,1.66153896937,1.85324842434,1.27017913173,1.63232430844,1.6860926138,1.67006954488,1.37220913144,4.34205388384
2025-05-06,0.237294360005,0.419664221488,0.539676925769,1.68830895135,1.88144486928,1.28395324957,1.6448838007,1.7055399476,1.69402576322,1.39469792088,4.33473210822
2025-05-07,0.236877167459,0.420078265508,0.540226740243,1.69236078021,1.89097128112,1.28724731994,1.65418972105,1.72026434387,1.71262825933,1.41063231821,4.39187733035
2025-05-08,0.237133821799,0.418281724873,0.544798584529,1.70537049987,1.91704324772,1.29008314319,1.65964218641,1.72536670359,1.71220815346,1.41549653406,4.40226306991
2025-05-09,0.234326022233,0.414854167625,0.543961250128,1.70032804382,1.89701645009,1.28497497338,1.65157689305,1.71783879783,1.70468774391,1.41788551031,4.46181820533
2025-05-12,0.234984424664,0.417608864126,0.552889919098,1.7248834254,1.92755311232,1.30782110363,1.67023206947,1.74247037637,1.72943231438,1.43610989297,4.50663021257
2025-05-13,0.233204647068,0.417867481079,0.555000253812,1.72511781407,1.93459073727,1.31130960551,1.67917833688,1.74486229138,1.73523497281,1.44053682487,4.5546556106
2025-05-14,0.23347128674,0.421129576005,0.556796022818,1.73580364551,1.95360866665,1.3297499855,1.69483203411,1.76008174536,1.75856414071,1.45530211039,4.59613247886
2025-05-15,0.229462904622,0.415940702408,0.550900178791,1.72276057534,1.9382714546,1.3146585414,1.66960156609,1.74815757324,1.7353830098,1.43676324599,4.61649236859
2025-05-16,0.228327642495,0.415399773265,0.548626388521,1.71714402224,1.93293355336,1.3105740312,1.65752098276,1.74669211425,1.73577261173,1.43428760295,4.63137781448
2025-05-19,0.226106432586,0.413629847646,0.546083713347,1.71751321146,1.92961488843,1.3078558705,1.65743499076,1.75074674336,1.73909044995,1.43249456683,4.6706428483
2025-05-20,0.227421934039,0.416836377445,0.546716740697,1.72122226687,1.94258142235,1.31301677423,1.66817876607,1.75734791023,1.74753729804,1.4380801735,4.66168060267
2025-05-21,0.228934356908,0.417188336333,0.54982187281,1.72548923661,1.94985222845,1.32158234335,1.67047103652,1.76769726088,1.75630364824,1.439104737,4.63400027811
2025-05-22,0.227562637466,0.416540207851,0.550421802425,1.72026134005,1.94612162427,1.3161936674,1.66496795235,1.76172355311,1.75980270609,1.43330613342,4.64309425192
2025-05-23,0.225032770399,0.412163995928,0.546619152089,1.70616675627,1.93546012334,1.30393232202,1.64953740962,1.74931010176,1.74946782769,1.42059907265,4.65354898849
2025-05-26,0.221632969117,0.411782135577,0.545558205871,1.70196990725,1.9375425226,1.30264561898,1.64436668151,1.74951769042,1.74836143066,1.42665475985,4.74369194386
2025-05-27,0.219488923232,0.408583562085,0.540175014661,1.68868091458,1.92754428767,1.29250376653,1.63759406284,1.74793335292,1.74913858018,1.4273889718,4.79202303454
2025-05-28,0.220068874823,0.406825607031,0.538466540895,1.69094551839,1.92069076134,1.28941229276,1.6383658005,1.74231205046,1.74901874048,1.42795086293,4.78124753726
2025-05-29,0.221788166392,0.408285646106,0.541055955815,1.70828909005,1.94951155966,1.30117869013,1.66339446048,1.76120897091,1.77243767787,1.44275776555,4.7934723285
2025-05-30,0.219782106431,0.40530488457,0.534842911694,1.70008291032,1.93828199344,1.29656095993,1.65570495342,1.75297463175,1.77145282218,1.44779627851,4.8535691268
2025-06-03,0.22105102069,0.406455113959,0.535598107915,1.70529508359,1.94106083969,1.29967085767,1.65250053297,1.75748902231,1.77384633095,1.45598850753,4.85301049313
2025-06-04,0.221963381217,0.408229193223,0.535778680394,1.71352651471,1.95317356915,1.30734546859,1.6637294123,1.77353594323,1.78836750359,1.47651289478,4.90139091068
2025-06-05,0.223491221222,0.409716566085,0.537278207976,1.71815767116,1.96491149406,1.31150206773,1.66388436773,1.7722767352,1.79525289083,1.47493624288,4.86241936894
2025-06-06,0.222637216985,0.406944710624,0.536101855965,1.71295536814,1.96829690657,1.31527343133,1.66793298137,1.77437475628,1.80283768431,1.48100714523,4.90101356839
2025-06-09,0.223656324601,0.409510499981,0.538464039584,1.72032581217,1.98069881591,1.31718430192,1.67593128615,1.79239044467,1.82330699143,1.49912083294,4.93852209934
2025-06-10,0.221175396029,0.40671119227,0.534215210779,1.71776304472,1.96202965909,1.30545499399,1.65898619868,1.78018887436,1.81442324912,1.48897328459,4.9598742606
2025-06-11,0.220886574063,0.408214782517,0.538555603732,1.72159187211,1.9853017428,1.31818085705,1.67707859024,1.794136503,1.8320600404,1.49735915723,4.99428504299
2025-06-12,0.220800616318,0.408953691971,0.53898356111,1.72203112875,1.98873237634,1.31788435071,1.69026899696,1.78781977022,1.82936165689,1.49695930996,4.99489491423
2025-06-13,0.218370518565,0.408069062983,0.536302505952,1.71614767499,1.96431982497,1.30638392992,1.67662210901,1.78729817233,1.81457583499,1.49248226128,5.03492942159
2025-06-16,0.217816683038,0.406625815469,0.534884234248,1.71307540403,1.96826823987,1.3089571131,1.68556643025,1.78970841033,1.8253267493,1.49892777379,5.06944321824
2025-06-17,0.217162066907,0.408051184148,0.536007593594,1.70884474684,1.97129487036,1.30896551325,1.68761760675,1.79245764027,1.8277581296,1.49551866154,5.07314891148
2025-06-18,0.217687157761,0.409558820296,0.538223003603,1.70202470388,1.96629877067,1.30585128626,1.69511970842,1.79300326957,1.82839122207,1.4997938983,5.07538480402
2025-06-19,0.216304104539,0.407489468692,0.531314359621,1.67882620078,1.94755533334,1.29430056515,1.67610004419,1.77167116572,1.80458435688,1.49019583777,5.07515038208
2025-06-20,0.215099986775,0.405395140934,0.531463529181,1.6780046836,1.95190713148,1.29023909921,1.67368522047,1.77803853643,1.805157334,1.49380703376,5.11570126412
2025-06-23,0.214716699519,0.407350302681,0.533015288534,1.67486881121,1.94755672365,1.29310291589,1.69075635674,1.79218797761,1.81704028558,1.50502844183,5.16324585313
2025-06-24,0.21663017313,0.412924292593,0.540955332869,1.69637012884,1.98215728621,1.31134045442,1.70479589663,1.81151410684,1.83620604954,1.5184529324,5.1632878759
2025-06-25,0.223264838694,0.422032533893,0.549296988579,1.71689132233,2.00036404394,1.32307853143,1.71760926238,1.8291321305,1.85498143912,1.53358037137,5.05659219998
2025-06-26,0.221048327511,0.419771330229,0.547328194959,1.71650185694,1.99975997999,1.3161223575,1.71466533967,1.82569589501,1.85347136487,1.52717112135,5.08565976417
2025-06-27,0.219059327441,0.417715693102,0.545180717128,1.71069634887,1.99828920923,1.31753534236,1.7181512054,1.82747734665,1.86543052615,1.5343915909,5.15546571114
2025-06-30,0.221314904307,0.419989401219,0.552555592146,1.72687237859,2.00602517792,1.32580668056,1.72403513601,1.83168787546,1.87349328404,1.54406217986,5.134874305
2025-07-01,0.21921124246,0.41954893244,0.556103665717,1.73056937715,2.00506545005,1.33196198883,1.72427475295,1.83445045284,1.8756966938,1.54696010537,5.19331999339
2025-07-02,0.218156570812,0.420036544372,0.557713086132,1.73120036961,2.00993233322,1.34168359288,1.72373989586,1.82815326354,1.8829091021,1.54969807975,5.22749784377
2025-07-03,0.218424439076,0.422113634347,0.558840869659,1.74269926012,2.02576506561,1.35284992911,1.7477409433,1.83871489992,1.89543207649,1.55542552134,5.24039916143
2025-07-04,0.217375705839,0.421714066081,0.559016198713,1.74519312557,2.03017860975,1.35363662332,1.75048450118,1.84304789989,1.89577655332,1.5580119828,5.27427424963
2025-07-07,0.218081503762,0.419049681264,0.556320458385,1.73774306653,2.02424233694,1.35026821428,1.74927633774,1.83656895445,1.89265390902,1.54964702641,5.22883164575
2025-07-08,0.223091641882,0.423492930381,0.55782028256,1.75301996982,2.05525208989,1.35586363318,1.77464843245,1.86199773876,1.91082612308,1.56609531229,5.16420599877
2025-07-09,0.222075173771,0.420774496039,0.556034637795,1.75112911421,2.05777629627,1.34855788756,1.76855853763,1.8592574362,1.90046350553,1.56458635594,5.18275978013
2025-07-10,0.223418702712,0.424529314418,0.55570220892,1.76138538795,2.06292545425,1.35624455775,1.77603604854,1.87183522801,1.90973910622,1.56809059743,5.16301263805
2025-07-11,0.222473488751,0.425470580568,0.557955048781,1.77384302471,2.07725713158,1.35830603312,1.78943921939,1.87143006873,1.91493281933,1.56825667313,5.18540252584
2025-07-14,0.219914348073,0.423403497788,0.555833621928,1.77704026419,2.07713384568,1.36821098493,1.79641606188,1.88416177153,1.92821906592,1.5801540547,5.28438926953
2025-07-15,0.221579576876,0.423954777529,0.559145084635,1.77840932775,2.07942990926,1.36126135614,1.78730605339,1.87127709877,1.92774436721,1.57712856533,5.2342570618
2025-07-16,0.219462358457,0.422684130769,0.558886850934,1.77453411243,2.07738678434,1.36197499016,1.78752454999,1.87005938827,1.92432774083,1.57774701576,5.28632353762
2025-07-17,0.222476248419,0.424888018278,0.56577468531,1.78189157033,2.1017577418,1.37027207686,1.80104868915,1.8922222661,1.94213015983,1.5897191534,5.25383940446
2025-07-18,0.223766009254,0.423890351752,0.569006502915,1.79244758881,2.11322950967,1.38004753575,1.81549263764,1.90975983633,1.95735710438,1.59906270985,5.25426072033
2025-07-21,0.225902221403,0.428369531676,0.579972765901,1.81828793204,2.13842798798,1.3853715452,1.83322603303,1.92865666562,1.97098103792,1.6135685641,5.25176410172
2025-07-22,0.233858388441,0.435663245629,0.589481084939,1.84376090308,2.15033069227,1.39251047235,1.84138520246,1.93694772873,1.97319673094,1.63295305974,5.12989121775
2025-07-23,0.229184956441,0.431716961063,0.588527435766,1.8372927268,2.15185105836,1.39105489147,1.8475406678,1.93668638212,1.96916341031,1.64878943515,5.28215676917
2025-07-24,0.232619345685,0.437339601546,0.593492317876,1.85758151582,2.18529125078,1.40181657242,1.86664433215,1.95506199363,1.9967542727,1.6701454602,5.27141982752
2025-07-25,0.229708821033,0.435444699606,0.589520095364,1.84782625468,2.17237120071,1.3952057849,1.86510542646,1.95906023464,1.99288292976,1.67007966532,5.3371679715
2025-07-28,0.229053124003,0.433095353035,0.590965877436,1.86108230924,2.17296496847,1.39701746399,1.85996333638,1.95905313897,1.98900192032,1.67019521659,5.35277203319
2025-07-29,0.235310094509,0.438753525234,0.594601811744,1.86554221962,2.16296140244,1.40438238341,1.86993433147,1.96497251259,1.9861141366,1.66642556039,5.19447079296
2025-07-30,0.23374855486,0.435353791046,0.592158613475,1.85403240886,2.15224278196,1.40803196712,1.87563112478,1.96681040644,2.0078247426,1.6807028832,5.27344610368
2025-07-31,0.228369200228,0.425350366097,0.584408695774,1.81697277547,2.11481479154,1.37712269532,1.84772957221,1.92485177023,1.96911026954,1.65135682199,5.3027286838
2025-08-01,0.22509626811,0.423468175108,0.577033403508,1.80918584181,2.11465696925,1.3727304908,1.8465976152,1.92651272559,1.97536220328,1.65503058177,5.39052304452
2025-08-04,0.225301683528,0.422085064669,0.579249836319,1.82227514789,2.12063825286,1.3811390037,1.850757398,1.93219829369,1.97894169516,1.66458224945,5.41671412336
2025-08-05,0.225024180741,0.42409708333,0.585099850521,1.84597743507,2.13942497565,1.39401151146,1.86931422493,1.94873338532,1.99484099042,1.67766028074,5.46594305723
2025-08-06,0.227381896961,0.426031489084,0.586467145558,1.85329821097,2.14828519046,1.39607876319,1.87739816305,1.95624607379,2.00141109129,1.68325952453,5.426915779
2025-08-07,0.226943968242,0.425280838203,0.585772077156,1.853892046,2.14839829079,1.39655004709,1.8745931989,1.95744871175,2.00296587394,1.6844776321,5.44129505023
2025-08-08,0.226183993261,0.426935547251,0.58332762771,1.84497716161,2.14162336999,1.40155571466,1.86860344219,1.95214844627,2.0026169761,1.67822809445,5.43932888948
2025-08-11,0.227430087389,0.42847942385,0.583600985351,1.84930210409,2.16330333155,1.40497721135,1.88659196451,1.96824324963,2.01710240526,1.69433672171,5.46157240853
2025-08-12,0.229705556349,0.426154182292,0.587671438232,1.84985559425,2.17613682359,1.40290407105,1.89969595783,1.97215527172,2.0244527373,1.69758164227,5.41738840146
2025-08-13,0.233450928883,0.430183954309,0.594053710299,1.87381799034,2.19878770354,1.41002464507,1.89997542682,1.97780092118,2.02003021097,1.69215889124,5.31175203732
2025-08-14,0.23113262882,0.428347085286,0.592294964037,1.87504993874,2.16716615772,1.40301397016,1.88914600731,1.9623007824,2.00638145099,1.68463623622,5.34088684188
2025-08-15,0.23361185818,0.434535932986,0.602847801729,1.89794320939,2.19786549949,1.42579880568,1.89881740537,1.97980324608,2.01945580477,1.69168168885,5.30593471299
2025-08-18,0.237420228017,0.441148760273,0.608191965369,1.94026543983,2.21723144874,1.43835237358,1.91746832878,1.99082446552,2.0247464732,1.69395325851,5.22656144404
2025-08-19,0.238440636971,0.440190679247,0.603380756735,1.93424210169,2.22545150484,1.43543443137,1.91662607993,1.97759469331,2.02487499393,1.68366204691,5.17234545788
2025-08-20,0.239028843134,0.446379150979,0.613284504451,1.97280690095,2.25986783607,1.45139394618,1.93593171109,1.99673367357,2.05111338906,1.70312071993,5.21936447616
2025-08-21,0.238854278485,0.448626914414,0.612446007638,1.97441603625,2.27043527005,1.45316030944,1.94597736022,2.00581915711,2.06895775296,1.71673478787,5.26489773768
2025-08-22,0.243553649572,0.461075129029,0.614675090944,1.99336667072,2.3216962422,1.49497694485,1.98363496483,2.05031423436,2.11153756108,1.74194035575,5.23861345188
2025-08-25,0.248473263435,0.473256657937,0.627677785535,2.01531312077,2.3602756224,1.52378822347,2.02230124556,2.09620884437,2.14964517423,1.77049079955,5.21865811256
2025-08-26,0.247158112727,0.469430770855,0.627094063073,2.02056990495,2.35961746333,1.53053569567,2.01754352883,2.09032678681,2.15924025134,1.77111962785,5.24813360598
2025-08-27,0.242721500705,0.462104504124,0.616384965831,1.98915340827,2.33767968385,1.50327756748,1.97324017908,2.05544875836,2.11293445413,1.74851781839,5.27536716677
2025-08-28,0.25416944918,0.470039426723,0.627516915432,2.00716032905,2.36168551293,1.51973264953,1.98883052342,2.06723434717,2.13203953746,1.7643314167,5.07426514593
2025-08-29,0.252567776039,0.472064251608,0.632514358523,2.02980554135,2.39262097598,1.52492252226,1.99310074594,2.08103229283,2.13857391263,1.76098030615,5.09660322891
2025-09-01,0.255404257135,0.480202266028,0.640227423108,2.05767940435,2.42895914782,1.52267549081,1.9924622578,2.06903554889,2.13681454812,1.75861381207,5.03251637699
2025-09-02,0.250978713575,0.470174821292,0.621129239098,2.02707413224,2.4123046576,1.51694601673,1.98549351163,2.05905341834,2.13306701304,1.75967098799,5.12274307756
2025-09-03,0.250287092141,0.466746109176,0.616197635538,1.9989629544,2.3771967159,1.51161147527,1.95938830674,2.02653763853,2.10532957444,1.75092959048,5.11141190701
2025-09-04,0.241917160453,0.449452033277,0.602754709029,1.96211572593,2.34207323248,1.49945252479,1.94330791557,2.01739989611,2.09554132518,1.73982901349,5.2499388604
2025-09-05,0.250221850148,0.46266722836,0.613258452353,2.02651095578,2.39721748798,1.52095439365,1.97684867561,2.04003968429,2.13076045818,1.75882591973,5.12703876027
2025-09-08,0.250460588677,0.463550414902,0.620536875548,2.06285338811,2.42295594338,1.54322668847,1.99766194384,2.05375339335,2.14454441434,1.76076424255,5.12779729292
2025-09-09,0.247924800236,0.456191188326,0.616775976767,2.04774345939,2.40942907703,1.53055618132,1.98543436709,2.04340244812,2.13980317501,1.76348292547,5.18763118321
2025-09-10,0.246943793527,0.455413953017,0.611095077809,2.04415170551,2.40214292036,1.5172364509,1.98428818213,2.04142188234,2.14905079718,1.77076405414,5.2295768452
2025-09-11,0.259068863601,0.466662429514,0.621800060813,2.07015289827,2.4436396574,1.54226872417,2.01070787899,2.06068018228,2.17735760932,1.79290037469,5.03817681053
2025-09-12,0.25890386226,0.46476186727,0.618715434458,2.05536831955,2.43792587403,1.52824546846,1.99887426975,2.05334885153,2.16499548143,1.78300375559,5.01357543341
2025-09-15,0.258881812686,0.469859125106,0.624454260734,2.07998843328,2.42627987192,1.52291703692,1.99419811748,2.04903738036,2.1584204036,1.78462270959,5.01855470387
2025-09-16,0.260594845418,0.468163631505,0.624254013883,2.08255407472,2.42347908784,1.51363464542,1.98938435308,2.05208805004,2.16092332596,1.78062697,4.9741102413
2025-09-17,0.262465384464,0.468358506032,0.630826618897,2.11259322828,2.43839900089,1.53057465443,1.99322802369,2.06162822604,2.16600307703,1.77972029956,4.93587353564
2025-09-18,0.260473861038,0.459511172439,0.623536712768,2.07957090272,2.40170944718,1.51616905548,1.97035518715,2.03438133257,2.14236625105,1.75564767501,4.90656276231
2025-09-19,0.257649196939,0.460330801055,0.622280516414,2.08544373992,2.40718141952,1.5319294051,1.98001441068,2.0407013779,2.14465361705,1.75998511349,4.97189311365
2025-09-22,0.257573765475,0.455077248593,0.615820949163,2.10579949806,2.40921867582,1.52757062579,1.99099740328,2.04823265342,2.15734009529,1.77667504131,5.0204971566
2025-09-23,0.257383923499,0.451635054947,0.612387073573,2.09428145784,2.37408982361,1.52356040617,1.99603737321,2.04123482878,2.160312095,1.78307286334,5.04227631333
2025-09-24,0.262235632179,0.457906380677,0.62281556389,2.12088257105,2.38943513508,1.542197386,2.01593820976,2.06088754631,2.17086219802,1.7900411145,4.96693420194
2025-09-25,0.266856381558,0.462911264523,0.628414550521,2.12608570546,2.41936806562,1.54599506898,2.00772778242,2.05633279421,2.15909314115,1.78003816356,4.85165805076
2025-09-26,0.260305588195,0.457691224816,0.619233627,2.10858019528,2.42665925829,1.54666026128,2.00536052432,2.06327239379,2.16285094268,1.78082107568,4.97289050463
2025-09-29,0.262965876532,0.465200845174,0.62535272086,2.12216065386,2.45736846672,1.56148148034,2.0363222734,2.08421449614,2.20464692374,1.8168066628,5.02255692219
2025-09-30,0.263711767134,0.472899793871,0.634177409805,2.14443725307,2.47631342054,1.57702540626,2.04759810483,2.09419725887,2.20512345879,1.81846959564,5.01290784388
2025-10-09,0.272471141442,0.487620695413,0.645963917203,2.18656813779,2.51610901079,1.59508677259,2.07273528945,2.11610981275,2.23690695282,1.84116470594,4.90896330763
2025-10-10,0.267625314852,0.472607743737,0.634284698378,2.18424363525,2.47892739221,1.56506397004,2.06996474709,2.0950458805,2.23094392231,1.8091827756,4.91099682031
2025-10-13,0.265584412464,0.472753500844,0.634797508281,2.19434286442,2.46509846896,1.55553066975,2.05092704912,2.0818193898,2.23686849587,1.79144207476,4.90029109045
2025-10-14,0.25974751643,0.463329015066,0.627837666651,2.16464132526,2.44571664164,1.54685520017,2.05309932665,2.06889765415,2.23982858966,1.80566928133,5.04690445294
2025-10-15,0.262568468994,0.465958174276,0.633639120898,2.19410064778,2.47695547208,1.56751575484,2.08221172238,2.09946547354,2.27295982948,1.81824917525,5.02725444698
2025-10-16,0.262604200196,0.463250497938,0.636592472333,2.19745250304,2.467804605,1.5673792892,2.07742013616,2.09591126944,2.27278844859,1.8182014225,5.02643829027
2025-10-17,0.256005485413,0.453283966059,0.621529996956,2.15802964913,2.42022155462,1.52142616077,2.03632184968,2.05385168336,2.21136233765,1.7732063291,5.02835312154
2025-10-20,0.256504286574,0.452062537679,0.623301464853,2.15236109015,2.43887783168,1.53426457036,2.05028231861,2.07034466547,2.21099957274,1.78580205329,5.05427408296
2025-10-21,0.259639200366,0.455069680787,0.632527026612,2.17600136712,2.4680702053,1.5444462269,2.06772696946,2.10301284943,2.23062046078,1.79461231722,5.01743764103
2025-10-22,0.257398589981,0.455223644456,0.626224941173,2.17433421896,2.45208049735,1.53774068081,2.05638204366,2.08591957577,2.23178354527,1.7924129051,5.05458747028
2025-10-23,0.258007181908,0.455989261574,0.628509854506,2.18191959731,2.45500980214,1.5384076712,2.06959260487,2.10555411763,2.24569427645,1.79840171521,5.05952481714
2025-10-24,0.257708874256,0.462288999406,0.631186579387,2.20644079694,2.47910686883,1.548911051,2.09700135892,2.12490883024,2.25116627822,1.79455000098,5.05453843311
2025-10-27,0.265152435413,0.467082276865,0.6391752838,2.22788652911,2.49800317739,1.56676242754,2.12150719811,2.14764850621,2.25961978173,1.80102312291,4.92677737223
2025-10-28,0.264121633118,0.465038032378,0.631315191282,2.23099293697,2.48229498916,1.5507162826,2.10851547614,2.14363681901,2.2543141141,1.79407678759,4.92692862832
2025-10-29,0.269118059912,0.468139298374,0.635289645093,2.27924246657,2.54340253153,1.58511748725,2.1458463401,2.17212587643,2.26901693409,1.81244122775,4.88415799657
2025-10-30,0.269013027103,0.462585187357,0.631349560841,2.24721535405,2.52067880559,1.57345077132,2.14129491139,2.17749846461,2.27036917071,1.81010012263,4.87975541245
2025-10-31,0.265389084246,0.460520383286,0.621611678659,2.22662089952,2.51367472839,1.55627927447,2.1131554576,2.15225308017,2.24590929038,1.80384827705,4.92863781025
2025-11-03,0.267681897053,0.464749965932,0.626834620457,2.25841932652,2.53042990207,1.55630933537,2.11020647012,2.16294563908,2.23058932603,1.80077108228,4.87764935395
2025-11-04,0.264696828405,0.457397161654,0.617382560178,2.23454335645,2.51070642766,1.54639631297,2.09852276979,2.14644497576,2.22006547711,1.79361174641,4.91265061695
2025-11-05,0.267014303453,0.45787074081,0.619031118855,2.23396767295,2.52333931247,1.54911704878,2.1039792422,2.14683232113,2.21815210182,1.79129870859,4.86330400916
2025-11-06,0.272559378934,0.465537076433,0.63258375638,2.27365720139,2.54236573539,1.55866224258,2.11565666379,2.16470605842,2.22967532705,1.80874642452,4.80967781471
2025-11-07,0.273832950411,0.464688641875,0.630326433796,2.26460585719,2.53548728796,1.56171126136,2.11220165267,2.17358761714,2.22446509265,1.81397822781,4.80111593285
2025-11-10,0.279435739435,0.464949057482,0.628989692037,2.28211834107,2.54620865309,1.57684555355,2.13414350821,2.19265252146,2.25767880433,1.83233490315,4.75146739268
2025-11-11,0.279381068872,0.460348814964,0.621477898716,2.25657843793,2.52412473294,1.56592259478,2.11393011641,2.17793572184,2.23826234333,1.82171660152,4.72486245126
2025-11-12,0.275603777877,0.45866043644,0.620114314889,2.25430090615,2.51076963127,1.55703786004,2.10521606197,2.16134370998,2.21899773374,1.80892892057,4.75557705007
2025-11-13,0.280043155969,0.466357183244,0.627184129309,2.2813523577,2.52580289678,1.57976360063,2.12226187771,2.17587010046,2.22514401522,1.80992717917,4.68159940394
2025-11-14,0.273362561967,0.45813556425,0.615924006986,2.24739132168,2.49100883422,1.55646224774,2.10550099444,2.15604558537,2.20391566054,1.80146529768,4.77139401009
2025-11-17,0.272706935281,0.452334980689,0.615404972477,2.22743021567,2.48342278517,1.54420289095,2.08557509899,2.15131885541,2.20069776883,1.79072900872,4.75440128359
2025-11-18,0.267865150655,0.44652704757,0.605971139313,2.21085574752,2.47419730232,1.53672958956,2.07437280762,2.14499002635,2.18239866819,1.78695321264,4.82878869221
2025-11-19,0.267411734669,0.447160975463,0.607264115069,2.22733145106,2.48047973402,1.53639156287,2.06985735965,2.14510141899,2.19183596034,1.79126530961,4.84861474494
2025-11-20,0.263701515349,0.441985591333,0.606946610688,2.21770393021,2.46154579177,1.52497914227,2.06375826525,2.14212892482,2.18122014892,1.78776711636,4.9064181817
2025-11-21,0.259372443865,0.431924218522,0.588595350445,2.15426983225,2.40596402907,1.48478915744,2.02306343315,2.09719390181,2.13055092606,1.73636286017,4.84588882872
2025-11-24,0.260108085154,0.432407679758,0.593087252463,2.15164101595,2.41469678092,1.4842483142,2.03469624857,2.10033609374,2.13335274786,1.72329869238,4.79568491181
2025-11-25,0.261800417564,0.438132193744,0.602093900148,2.17008989058,2.41808903829,1.49329488451,2.04556987887,2.10944433536,2.14989299757,1.73164545424,4.78771071128
2025-11-26,0.262311759488,0.438992879012,0.601174968398,2.17128438738,2.41940541474,1.49484098305,2.04255461161,2.11164710488,2.15093401916,1.73023800524,4.77446811474
2025-11-27,0.262018384362,0.43873488037,0.601351642119,2.17411460786,2.41653308378,1.49424367507,2.04702922513,2.11019685406,2.14863398837,1.73224305234,4.78534076694
2025-11-28,0.262663590665,0.436985905766,0.601386669437,2.17463088824,2.43324993736,1.50309243431,2.06225345915,2.12060720899,2.15953836938,1.7441960318,4.80657735958
2025-12-01,0.265277026084,0.440564278432,0.611996223697,2.20586667355,2.47153233994,1.51915455548,2.07804404045,2.14285213424,2.17519221042,1.75596005963,4.79117192795
2025-12-02,0.262801611262,0.441301006809,0.60857876545,2.18731598964,2.45182596913,1.51135880684,2.07045555901,2.12486187599,2.15396354426,1.74348370528,4.80183844742
2025-12-03,0.261370750653,0.441849905753,0.610034013051,2.17881985847,2.43074856995,1.49990410906,2.07275997527,2.11453053088,2.14329840168,1.72892052303,4.78787335837
2025-12-04,0.262182424378,0.441705117522,0.6091537833,2.17423641703,2.43567673825,1.49812908003,2.07717793779,2.10752568973,2.1476591449,1.72346944388,4.75790926765
2025-12-05,0.263501013987,0.445126029689,0.612574635738,2.20738064835,2.4537551832,1.50550963513,2.08409591479,2.12661696182,2.16341515041,1.73450522659,4.76444641446
2025-12-08,0.267020858744,0.450003702106,0.614964477313,2.20876123194,2.46091369283,1.50508520481,2.09441023011,2.13590736201,2.15680997858,1.73416988269,4.69988182818
2025-12-09,0.267932051764,0.445362015305,0.605465557999,2.18694809897,2.44987535258,1.49497878243,2.07149549512,2.11119789548,2.13836879045,1.72241920829,4.6519975224
2025-12-10,0.265659850391,0.445386501008,0.611955167424,2.19046866184,2.45430133851,1.49634256058,2.08700854768,2.11790923382,2.14622445296,1.72847940095,4.70781652701
2025-12-11,0.26011053694,0.441566135452,0.603725311107,2.17549580865,2.43241706913,1.48162162478,2.06151468748,2.09592065757,2.13538225111,1.72661330549,4.80107449089
2025-12-12,0.261352288663,0.443309846003,0.610897489159,2.18130944024,2.44716715807,1.48777384135,2.07980006744,2.1091297225,2.15165337325,1.74777724652,4.83700356686
2025-12-15,0.257837550319,0.438342576163,0.604827441459,2.16491472367,2.43608174146,1.48371111608,2.08083400591,2.10722694583,2.15741383153,1.74951340908,4.90685779726
2025-12-16,0.254432677427,0.434821549086,0.598020396012,2.13895897377,2.41625886158,1.47289063838,2.05513674956,2.09159696672,2.14003065594,1.73408179959,4.92837427777
2025-12-17,0.258014213042,0.444863061325,0.612664583692,2.16366234817,2.46174403039,1.49112519763,2.08536623358,2.11572317748,2.1690840031,1.75584430671,4.92085021892
2025-12-18,0.253638734932,0.438458469768,0.610314840639,2.15019614214,2.45070228438,1.49042741359,2.08117165132,2.11298043578,2.18449502747,1.77682506194,5.06309911103
2025-12-19,0.254299543749,0.43669695665,0.611405396233,2.15843884339,2.47297405517,1.50331257352,2.09890214384,2.12970009171,2.18952274336,1.79047552452,5.08880541306
2025-12-22,0.256753694067,0.44171045809,0.612355328514,2.16895149053,2.4759230917,1.51071656508,2.11756182799,2.13617799303,2.20090274677,1.81105957317,5.09819826062
2025-12-23,0.257368010084,0.442414810939,0.613079580149,2.16277142246,2.46807113557,1.50291787866,2.12142728461,2.12394165447,2.19601078528,1.80532549564,5.06985853406
2025-12-24,0.258602540424,0.445948729106,0.615605289124,2.1714136439,2.47619192089,1.51615520984,2.130825283,2.13716799333,2.19971032928,1.80993204002,5.05847614754
2025-12-25,0.258712036749,0.447810725109,0.619693083848,2.16936491988,2.48013451976,1.52356142003,2.14062800726,2.14352917426,2.20684804417,1.81745351072,5.07735564109
2025-12-26,0.260869893237,0.452108095517,0.622365176333,2.17602742768,2.49915376121,1.51999811618,2.14748843385,2.14912299754,2.20793577458,1.81947890204,5.04066487137
2025-12-29,0.257013078092,0.446741174292,0.62457393282,2.17205476196,2.49728584979,1.51549417069,2.13420500325,2.14738495064,2.20987509735,1.82160847788,5.12108803014
