datetime,valid_pairs,rank_ic,missing_pairs,tied_observations,Group-1,count_1,Group-2,count_2,Group-3,count_3,Group-4,count_4,Group-5,count_5,Group-6,count_6,Group-7,count_7,Group-8,count_8,Group-9,count_9,Group-10,count_10,Long-Short,return_date
2016-01-04,287,-0.453377951761,13,59,0.0269009005278,29,0.00748171051964,29,0.00674118893221,29,0.00709409359843,28,0.00213403743692,29,0.000683946884237,29,-0.00301694869995,28,-0.00941216945648,29,-0.0262924116105,29,-0.028844948858,28,-0.0557458493859,2016-01-05
2016-01-05,287,-0.0431905492881,13,0,0.028852917254,29,0.0326586179435,29,0.0259505379945,29,0.0302556660026,28,0.0294430423528,29,0.0244966205209,29,0.0254641510546,28,0.0207428503782,29,0.02168664895,29,0.017298463732,28,-0.011554453522,2016-01-06
2016-01-06,287,0.290838734436,13,0,-0.0852157920599,29,-0.08964753896,29,-0.0865662321448,29,-0.0855054333806,28,-0.0863046720624,29,-0.090598128736,29,-0.0829249471426,28,-0.0849993154407,29,-0.073715493083,29,-0.0667033717036,28,0.0185124203563,2016-01-07
2016-01-07,288,-0.359599524914,12,56,0.0417003706098,29,0.0341332405806,29,0.0333405472338,29,0.0287871602923,29,0.0265382956713,28,0.0350835882127,29,0.0188437756151,29,0.0237909369171,29,0.00750534702092,29,0.00714752310887,28,-0.0345528475009,2016-01-08
2016-01-08,288,0.126937575604,12,0,-0.0557893291116,29,-0.0655931457877,29,-0.073294557631,29,-0.0516854301095,29,-0.0720674544573,28,-0.059215772897,29,-0.0614282526076,29,-0.0580078028142,29,-0.0579750798643,29,-0.0478222407401,28,0.00796708837152,2016-01-11
2016-01-11,288,0.0799461643321,12,55,0.00701093859971,29,0.00978471059352,29,0.00292522530071,29,0.00503440573812,29,0.0153491813689,28,0.0162137728184,29,0.00535204308107,29,0.012755651027,29,0.00490762433037,29,0.0137545149773,28,0.00674357637763,2016-01-12
2016-01-12,286,0.273209530703,14,2,-0.0352681949735,29,-0.0345255099237,29,-0.0263011734933,28,-0.0297144893557,29,-0.0287194810808,28,-0.0241462253034,29,-0.0187587533146,29,-0.023879179731,28,-0.0206905044615,29,-0.018041357398,28,0.0172268375754,2016-01-13
2016-01-13,285,-0.188567905014,15,19,0.0405680797994,29,0.0313913337886,28,0.0316978693008,29,0.0302135478705,28,0.0287164486945,29,0.0203484352678,28,0.020347751677,29,0.0276948418468,28,0.0237556453794,29,0.0324564240873,28,-0.00811165571213,2016-01-14
2016-01-14,285,0.0874934553956,15,0,-0.0361643098295,29,-0.0410326980054,28,-0.0374161712825,29,-0.0451241470873,28,-0.0403978675604,29,-0.0489475391805,28,-0.042859185487,29,-0.0413243882358,28,-0.0412119626999,29,-0.0296305529773,28,0.00653375685215,2016-01-15
2016-01-15,283,-0.0800756405675,17,0,0.00393115263432,29,0.00822832528502,28,0.00907491985708,28,0.00874796230346,29,0.0130705107003,28,0.00853312481195,28,0.0108852609992,29,-0.000423005636549,28,0.00541691714898,28,0.00716938730329,28,0.00323823466897,2016-01-18
2016-01-18,285,-0.178491731572,15,0,0.0362868234515,29,0.0406933613122,28,0.0337807163596,29,0.0348075851798,28,0.0356719940901,29,0.0345470868051,28,0.0344072692096,29,0.0353321991861,28,0.0302821844816,29,0.0295043624938,28,-0.00678246095777,2016-01-19
2016-01-19,286,0.0930682119258,14,0,-0.0143718514591,29,-0.0171855576336,29,-0.0114535819739,28,-0.0051725837402,29,-0.0168287269771,28,-0.00945128686726,29,-0.0145870326087,29,-0.0150751071051,28,-0.0120828766376,29,-0.0133044915274,28,0.00106735993177,2016-01-20
2016-01-20,286,0.198618582957,14,0,-0.048278324306,29,-0.0460872650146,29,-0.0340517833829,28,-0.0369432196021,29,-0.0330305285752,28,-0.031325545162,29,-0.031876116991,29,-0.040681283921,28,-0.0361423902214,29,-0.0322409495711,28,0.0160373747349,2016-01-21
2016-01-21,285,-0.0210269343912,15,45,0.011806181632,29,0.0112472791225,28,0.0149665577337,29,0.0181497037411,28,0.01637205109,29,0.0165552441031,28,0.0121121238917,29,0.00922029744834,28,0.00623392453417,29,0.0168937761337,28,0.00508759450167,2016-01-22
2016-01-22,283,0.05334230629,17,0,0.0078929066658,29,0.00597838824615,28,0.00963766686618,28,0.0128355147317,29,0.00989696569741,28,0.0083371270448,28,0.00842264574021,29,0.00781000498682,28,0.0068547767587,28,0.0112074930221,28,0.00331458635628,2016-01-25
2016-01-25,284,0.101896196096,16,0,-0.0711650326848,29,-0.0789619833231,28,-0.0745478644967,29,-0.0764219686389,28,-0.06914024055,28,-0.0826018378139,29,-0.074431873858,28,-0.0784674957395,29,-0.0674823448062,28,-0.0675536617637,28,0.00361137092113,2016-01-26
2016-01-26,283,-0.159431137369,17,54,-0.00937529839575,29,-0.0007563829422,28,-0.00680220359936,28,-0.00629554549232,29,-0.0012113644043,28,0.00395075138658,28,-0.00472010206431,29,-0.0114405704662,28,-0.0223036427051,28,-0.0110002113506,28,-0.00162491295487,2016-01-27
2016-01-27,283,0.262603041551,17,2,-0.0448265522718,29,-0.0487424321473,28,-0.0337827391922,28,-0.0393768809736,29,-0.046146966517,28,-0.0403201244771,28,-0.028533950448,29,-0.0373182781041,28,-0.0231618974358,28,-0.026945495978,28,0.0178810562938,2016-01-28
2016-01-28,283,-0.0307685058175,17,10,0.0374215207994,29,0.0312295462936,28,0.045555151999,28,0.0422799624503,29,0.0446236915886,28,0.0371872298419,28,0.0382804721594,29,0.0348537303507,28,0.0382090806961,28,0.0363851003349,28,-0.00103642046452,2016-01-29
2016-01-29,280,0.116849554436,20,0,-0.020947676152,28,-0.0165010988712,28,-0.023487156257,28,-0.0132946586236,28,-0.018217517063,28,-0.0161562301219,28,-0.0147158140317,28,-0.0154838068411,28,-0.0122474152595,28,-0.0179634150118,28,0.00298426114023,2016-02-01
2016-02-01,280,-0.259455751076,20,0,0.0284541007131,28,0.0313408002257,28,0.0318891443312,28,0.0333261527121,28,0.0305770169944,28,0.0311658121645,28,0.0274799969047,28,0.0232792366296,28,0.0247962865978,28,0.0170676354319,28,-0.0113864652812,2016-02-02
2016-02-02,280,-0.152551121901,20,0,-0.000125580598251,28,0.000969165121205,28,-0.00332025112584,28,-0.00315324962139,28,-0.000863439287059,28,-0.000789650832303,28,-0.000422865152359,28,-0.0027529427316,28,-0.00607045646757,28,-0.00687386933714,28,-0.00674828873889,2016-02-03
2016-02-03,281,-0.156312961243,19,0,0.0150415403768,29,0.019999852404,28,0.0163564123213,28,0.0208475980908,28,0.0257762987167,28,0.0180483050644,28,0.0170474220067,28,0.0149174015969,28,0.0145935500041,28,0.0113917542621,28,-0.00364978611469,2016-02-04
2016-02-04,282,0.16592117458,18,0,-0.010654669255,29,-0.0128219937906,28,-0.00743558583781,28,-0.00925604999065,28,-0.0107975136489,28,-0.0103032402694,29,-0.00924334768206,28,-0.00985882524401,28,-0.01041445788,28,0.00164699763991,28,0.0123016668949,2016-02-05
2016-02-05,282,-0.132531205332,18,12,0.0136113064364,29,-0.00053747423226,28,-0.00323282601312,28,-0.0105599034578,28,-0.00590578140691,28,-0.00506137358025,29,-0.0107975173742,28,-0.0114347422495,28,-0.00911876745522,28,-0.0020198461134,28,-0.0156311525498,2016-02-15
2016-02-15,280,0.0279236433409,20,0,0.0263510085642,28,0.0364760383964,28,0.0377096757293,28,0.045002065599,28,0.0478569641709,28,0.0416512005031,28,0.0397483296692,28,0.0387567020953,28,0.0390979088843,28,0.0281105972826,28,0.00175958871841,2016-02-16
2016-02-16,280,-0.202751178203,20,0,0.00865056924522,28,0.0184151083231,28,0.0192719809711,28,0.0200779195875,28,0.01167829521,28,0.0137002468109,28,0.00976984016597,28,0.00767108565196,28,0.0100451754406,28,4.14678033849e-05,28,-0.00860910144183,2016-02-17
2016-02-17,282,0.197876551573,18,0,-0.00961805414408,29,-0.00167866481934,28,-0.00344179570675,28,0.00225062249228,28,-0.00195231393445,28,-0.00434451876208,29,0.00208942801692,28,0.000568875228055,28,-0.00251069664955,28,0.000990422675386,28,0.0106084768195,2016-02-18
2016-02-18,282,0.183644225855,18,9,9.48659289861e-05,29,-0.00414418755099,28,-0.000497641332913,28,0.00470681721345,28,-0.00240509002469,28,-0.000213302409975,29,0.00210450170562,28,0.0018669643905,28,0.0022832879331,28,0.00125459267292,28,0.00115972674394,2016-02-19
2016-02-19,281,0.180566066232,19,0,0.017978373915,29,0.021475257352,28,0.0250517595559,28,0.0273660160601,28,0.0378241352737,28,0.0252017118037,28,0.0298012327403,28,0.0257088635117,28,0.0248672701418,28,0.0268251262605,28,0.00884675234556,2016-02-22
2016-02-22,283,0.019829747852,17,0,-0.000743728247471,29,-0.0094176037237,28,-0.00917791295797,28,-0.0144444433972,29,-0.005493034143,28,-0.00825503654778,28,-0.00991211272776,29,-0.0113186789677,28,-0.0028874638956,28,-0.0133923208341,28,-0.0126485925866,2016-02-23
2016-02-23,282,0.124094591065,18,0,-0.00127588678151,29,0.00957107078284,28,0.00482718413696,28,0.00999112613499,28,0.00881890766323,28,0.013815629296,29,0.00624301610515,28,0.0123927211389,28,0.00956048909575,28,0.00433294475079,28,0.0056088315323,2016-02-24
2016-02-24,285,0.340427125672,15,2,-0.0748656019568,29,-0.0892610475421,28,-0.0833625793457,29,-0.0843924060464,28,-0.0890241414309,29,-0.0823104903102,28,-0.0801257267594,29,-0.0796266272664,28,-0.0660656318069,29,-0.0453478805721,28,0.0295177213848,2016-02-25
2016-02-25,285,-0.418023232341,15,68,0.0232539251447,29,0.0180444307625,28,0.0183755494654,29,0.0248772036284,28,0.0210475437343,29,0.0119991945103,28,0.0106949843466,29,0.00468413112685,28,-0.00716635258868,29,-0.00904360413551,28,-0.0322975292802,2016-02-26
2016-02-26,285,0.193106547858,15,0,-0.0333500802517,29,-0.041540954262,28,-0.0496228225529,29,-0.051044292748,28,-0.0433970727026,29,-0.0507958121598,28,-0.0436710529029,29,-0.0392843224108,28,-0.0267166830599,29,-0.0182194281369,28,0.0151306521147,2016-02-29
2016-02-29,284,0.0690070770187,16,12,0.036160286516,29,0.0166392661631,28,0.0173239707947,29,0.0239764358848,28,0.028597202152,28,0.0228997841477,29,0.0249406602234,28,0.0233168732375,29,0.0312566123903,28,0.0244973190129,28,-0.0116629675031,2016-03-01
2016-03-01,284,-0.341407193393,16,0,0.0541182607412,29,0.0655468925834,28,0.0569405555725,29,0.0624598301947,28,0.0531805455685,28,0.0537209957838,29,0.0550506934524,28,0.0474133230746,29,0.0433254949749,28,0.0345752388239,28,-0.0195430219173,2016-03-02
2016-03-02,284,0.217229860532,16,0,-0.00548327574506,29,-0.00124656944536,28,0.00276672630571,29,-0.00112134648953,28,0.00360572128557,28,0.00349819450639,29,0.00558045925573,28,0.00597354862839,29,0.00652046268806,28,-0.00125143572222,28,0.00423184002284,2016-03-03
2016-03-03,284,-0.158765001028,16,5,-0.00603398773819,29,-0.00894807092845,28,0.00803131517023,29,0.00252181082033,28,0.0145419258624,28,0.00107122492045,29,-0.00796223524958,28,-0.00879154726863,29,-0.00509129464626,28,-0.0233917571604,28,-0.0173577694222,2016-03-04
2016-03-04,282,0.575605750624,18,0,-0.00315064610913,29,0.00564845977351,28,0.00368981482461,28,0.0106221307069,28,0.012670240365,28,0.0160707067698,29,0.0211661513895,28,0.0190695822239,28,0.0242789946496,28,0.0266232769936,28,0.0297739231028,2016-03-07
2016-03-07,282,0.2663683242,18,0,-0.0174763910472,29,-0.00227200775407,28,0.00204517575912,28,0.00212001171894,28,0.00537631753832,28,-0.00453385803849,29,0.0012383206049,28,0.000114449430839,28,0.00696037290618,28,0.000238465407165,28,0.0177148564544,2016-03-08
2016-03-08,283,0.134529053013,17,0,-0.0224409420043,29,-0.0248112846166,28,-0.0225172620267,28,-0.0180792380124,29,-0.0191604997963,28,-0.0328235849738,28,-0.0199828110635,29,-0.0182370506227,28,-0.0189408995211,28,-0.0173827074468,28,0.00505823455751,2016-03-09
2016-03-09,283,0.430925301318,17,0,-0.0301777143031,29,-0.0269590206444,28,-0.0248886682093,28,-0.0233177021146,29,-0.0207584891468,28,-0.0208003856242,28,-0.0200322121382,29,-0.00919031258672,28,-0.0156053109095,28,-0.00860915612429,28,0.0215685581788,2016-03-10
2016-03-10,283,0.0394130013276,17,22,-0.000536020437721,29,0.00326995970681,28,-0.000547702831682,28,-0.00176831777208,29,-0.0008824042161,28,-0.00132340192795,28,0.00478541431949,29,0.00659612659365,28,-0.000560153799597,28,-0.000473735592095,28,6.2284845626e-05,2016-03-11
2016-03-11,285,0.0528125635832,15,0,0.0256954897195,29,0.0279524736106,28,0.0221613422036,29,0.0294533167034,28,0.0333897583187,29,0.0247642695904,28,0.0308438185602,29,0.0254537817091,28,0.028448516503,29,0.028878480196,28,0.00318299047649,2016-03-14
2016-03-14,285,0.307360161242,15,0,-0.0123597569764,29,-0.00998511072248,28,-0.0057007339783,29,-0.00134260952473,28,-0.000279508793028,29,0.000940565543715,28,0.00176502298564,29,0.00159151211847,28,0.000269661686616,29,0.00474335253239,28,0.0171031095088,2016-03-15
2016-03-15,285,-0.0971965170033,15,0,-0.00932085886598,29,-0.0037296754308,28,-0.00100751582067,29,0.0052648675628,28,-0.0023486984428,29,-0.00199767318554,28,-0.00259531359188,29,-0.00242628157139,28,-0.00784505065531,29,-0.0108271641657,28,-0.0015063052997,2016-03-16
2016-03-16,285,0.442020929856,15,4,0.00720980670303,29,0.0147543232888,28,0.0175807029009,29,0.0212515927851,28,0.0285433605313,29,0.028943227604,28,0.0305128581822,29,0.0259321127087,28,0.0280691795051,29,0.0253040660173,28,0.0180942593142,2016-03-17
2016-03-17,284,-0.562659849229,16,0,0.0500334352255,29,0.0387535616755,28,0.0347265787423,29,0.0287925582379,28,0.0237231403589,28,0.0175546649843,29,0.0167824756354,28,0.0196929052472,29,0.0150131797418,28,0.00709099834785,28,-0.0429424368776,2016-03-18
2016-03-18,284,-0.467561750377,16,0,0.0550442971289,29,0.0503768660128,28,0.0268737431616,29,0.0275289025158,28,0.0260224491358,28,0.0220424477011,29,0.0224078577012,28,0.0213888417929,29,0.0130097055808,28,0.011264081113,28,-0.0437802160159,2016-03-21
2016-03-21,284,0.43398678772,16,0,-0.0309374984354,29,-0.00683007901534,28,-0.00265396456234,29,-0.00954926665872,28,-0.00146015838254,28,-0.00924636982381,29,-0.00416384404525,28,-0.0030409633182,29,-0.00401391088963,28,-0.000810838188045,28,0.0301266602473,2016-03-22
2016-03-22,284,0.0741992765975,16,7,0.00123099412303,29,0.0048836809583,28,0.00860460661352,29,0.00805120170116,28,0.0098230112344,28,0.0057748677209,29,0.00143290846609,28,0.00638243881986,29,0.00780462566763,28,0.000375500734663,28,-0.000855493388372,2016-03-23
2016-03-23,282,0.346955710589,18,0,-0.0346377156675,29,-0.0292370505631,28,-0.00937729422003,28,-0.0231023393571,28,-0.0178936384618,28,-0.014688687399,29,-0.0151481395587,28,-0.0178794320673,28,-0.0128947729245,28,-0.0150918262079,28,0.0195458894596,2016-03-24
2016-03-24,282,0.124918085861,18,26,-0.00807532574981,29,0.00293121370487,28,0.0104235345498,28,0.00909150671214,28,0.0114346761256,28,0.00592074310407,29,0.00489295786247,28,0.00743021070957,28,0.00609540287405,28,0.0087310327217,28,0.0168063584715,2016-03-25
2016-03-25,280,0.227943069823,20,0,-0.0181460082531,28,-0.00638827029616,28,-0.0067171282135,28,-0.00962260365486,28,-0.00803767330945,28,-0.0105584962294,28,-0.00561448279768,28,-0.00359467952512,28,-0.00425097346306,28,-0.00465237023309,28,0.01349363802,2016-03-28
2016-03-28,281,0.144890022019,19,5,-0.0168957002461,29,-0.0158341489732,28,-0.0185636132956,28,-0.0162697453052,28,-0.0136137027293,28,-0.0186017565429,28,-0.0154644446447,28,-0.0140214664862,28,-0.015343086794,28,-0.0101729547605,28,0.0067227454856,2016-03-29
2016-03-29,282,-0.253877341237,18,2,0.0298580788076,29,0.0405354462564,28,0.0357703343034,28,0.0337566323578,28,0.0329206846654,28,0.0296016521752,29,0.0277007054538,28,0.0269393827766,28,0.0310412440449,28,0.0243193414062,28,-0.00553873740137,2016-03-30
2016-03-30,281,0.0872727784297,19,0,0.00295162620023,29,-0.00320712802932,28,0.00317663163878,28,0.0048394757323,28,0.000985254184343,28,0.0035704204347,28,-7.35201974749e-05,28,0.00112616375554,28,0.00157228112221,28,0.00501482607797,28,0.00206319987774,2016-03-31
2016-03-31,283,0.222979430169,17,4,-0.00495543982834,29,0.00511007849127,28,-0.00683712121099,28,-0.0059849312529,29,0.00241761119105,28,-0.00307278335094,28,-0.0004615393118,29,0.0116380555555,28,-0.00261240778491,28,0.0026561957784,28,0.00761163560674,2016-04-01
2016-04-01,281,0.0387209129384,19,0,0.0229680649936,29,0.0190684366971,28,0.0183213409036,28,0.0201024152339,28,0.0209454875439,28,0.0260375440121,28,0.0267676245421,28,0.0202398858964,28,0.0212149452418,28,0.0145282996818,28,-0.00843976531178,2016-04-05
2016-04-05,279,-0.0122219866186,21,0,-5.25819414179e-05,28,0.00961008667946,28,-0.00506975594908,28,-0.00241941842251,28,0.00467122253031,28,-0.000976790324785,28,-0.00385501980782,28,-0.00577833829448,28,-0.00333334924653,28,0.000728134764358,27,0.000780716705776,2016-04-06
2016-04-06,279,0.369059477574,21,0,-0.020282804966,28,-0.0258517563343,28,-0.0224109254777,28,-0.020579924807,28,-0.0159131474793,28,-0.0209771990776,28,-0.0202595125884,28,-0.0140840262175,28,-0.0122686009854,28,-0.0104657057673,27,0.0098170991987,2016-04-07
2016-04-07,279,0.0518047408308,21,29,-0.00571782048792,28,-0.00953655131161,28,-0.00925273541361,28,-0.00997285544872,28,-0.0104237003252,28,-0.0130966603756,28,-0.00836743600667,28,-0.0119105279446,28,-0.009591168724,28,-0.00540308607742,27,0.000314734410495,2016-04-08
2016-04-08,277,-0.217437068348,23,0,0.0232630502433,28,0.0289159081876,28,0.0190892368555,28,0.0217995289713,27,0.0233729742467,28,0.0210448466241,28,0.0202673785388,27,0.019456660375,28,0.0144938528538,28,0.0102538578212,27,-0.013009192422,2016-04-11
2016-04-11,276,0.0496055086696,24,3,0.00315243867226,28,-0.00828761700541,28,-0.00547328684479,27,-0.00533954799175,28,-0.00687690777704,27,-0.00639729853719,28,-0.0039814687334,28,-0.00925161410123,27,-0.00524104293436,28,0.00266353064217,27,-0.000488908030093,2016-04-12
2016-04-12,276,-0.164556488793,24,0,0.0239489581436,28,0.0183069389313,28,0.0173011794686,27,0.0207675416023,28,0.018281493336,27,0.013983421959,28,0.0183952059597,28,0.0151964118704,27,0.0136928008869,28,0.014545140788,27,-0.00940381735563,2016-04-13
2016-04-13,278,0.275744637725,22,0,-0.00518482271582,28,0.0033144291956,28,0.00199330714531,28,0.00760078663006,28,0.0100738648325,27,0.00679105287418,28,0.0102730244398,28,0.00730874482542,28,0.00988814700395,28,0.00727195199579,27,0.0124567747116,2016-04-14
2016-04-14,278,0.420646674412,22,0,-0.0132271843031,28,-0.00654520932585,28,-0.00685096206143,28,-0.00532074039802,28,-0.00700752390549,27,-0.00365893961862,28,-0.00423618080094,28,-0.00320601463318,28,0.000508838449605,28,-0.000148536986671,27,0.0130786473164,2016-04-15
2016-04-15,282,-0.0362384216525,18,0,-0.0108983842656,29,-0.0168745052069,28,-0.0160330273211,28,-0.013664169237,28,-0.0174329970032,28,-0.0156637318432,29,-0.0213723219931,28,-0.0211985558271,28,-0.0201261956245,28,-0.0147566217929,28,-0.00385823752731,2016-04-18
2016-04-18,283,0.143852081533,17,8,-0.00314970873296,29,0.0034748762846,28,0.00731579307467,28,0.00546859251335,29,0.00189203233458,28,0.00847149733454,28,0.00235636485741,29,0.00205265847035,28,0.00527328904718,28,0.00413320120424,28,0.0072829099372,2016-04-19
2016-04-19,283,0.0807117680602,17,0,-0.0272085703909,29,-0.0354796238244,28,-0.0269031524658,28,-0.0284803025424,29,-0.029905050993,28,-0.0375543162227,28,-0.0358927175403,29,-0.0318523310125,28,-0.0271081775427,28,-0.0217847917229,28,0.00542377866805,2016-04-20
2016-04-20,281,0.142749187423,19,0,-0.00257565849461,29,-0.0159794408828,28,-0.0142520349473,28,-0.00816079135984,28,-0.00757840508595,28,-0.00464070495218,28,-0.00263892975636,28,-0.0110522853211,28,-0.0127838300541,28,-0.00736718717963,28,-0.00479152868502,2016-04-21
2016-04-21,281,0.213206810387,19,13,-0.0202643051744,29,0.00158818275668,28,0.00841076858342,28,0.00693365093321,28,0.00837235990912,28,0.0075128567405,28,0.0101873958483,28,0.00180231465492,28,0.0059658032842,28,0.00717036845163,28,0.027434673626,2016-04-22
2016-04-22,280,0.0285831270617,20,0,-0.00384079781361,28,-0.00220247893594,28,-0.00754053238779,28,-0.000813118065707,28,-0.00307398405857,28,-0.00188882218208,28,-0.00757972057909,28,-0.00854226760566,28,-0.00390902580693,28,-0.00534842256457,28,-0.00150762475096,2016-04-25
2016-04-25,280,0.216835888002,20,0,0.00192097888794,28,0.00336800515652,28,0.00665165716782,28,0.0145542025566,28,0.00956395454705,28,0.00661270087585,28,0.0105652445927,28,0.0087034041062,28,0.00637270091102,28,0.0085608875379,28,0.00663990864996,2016-04-26
2016-04-26,280,0.262853094535,20,0,-0.00877848081291,28,-0.00994091574103,28,-0.00641539460048,28,-0.00902199745178,28,-0.00627370830625,28,-0.00417845789343,28,-0.00588745530695,28,-0.00362610188313,28,-0.000336244702339,28,-0.00165018439293,28,0.00712829641998,2016-04-27
2016-04-27,280,-0.0836967051777,20,13,0.000844914990012,28,0.00289828213863,28,-0.000773225503508,28,-0.00173053145409,28,-0.00520204659551,28,-0.00298008741811,28,-0.00304597406648,28,-0.00203682482243,28,-0.00233031180687,28,-0.00522716110572,28,-0.00607207609573,2016-04-28
2016-04-28,280,0.149512376474,20,0,-0.00590371247381,28,0.00306887715124,28,-0.00334404408932,28,-0.00489480374381,28,-0.001610575011,28,0.00494456058368,28,0.000158678201842,28,0.00209182081744,28,-0.000191173385247,28,-0.00256322743371,28,0.0033404850401,2016-04-29
2016-04-29,281,0.00428641795563,19,0,0.0275069326162,29,0.0238212812692,28,0.0244742501527,28,0.0236823223531,28,0.0259831119329,28,0.0236789081246,28,0.0219986997545,28,0.027672143653,28,0.026169564575,28,0.0228162314743,28,-0.00469070114195,2016-05-03
2016-05-03,283,0.137300975176,17,0,-0.00534872151911,29,0.00155365036335,28,-0.00110026344191,28,-0.000165489211213,29,-0.00157369242515,28,0.00311766145751,28,0.00506579456851,29,0.00130227208138,28,0.00063521519769,28,-0.00527883414179,28,6.98873773217e-05,2016-05-04
2016-05-04,283,0.169809924454,17,0,0.0087827546522,29,-0.001210719347,28,0.0026232174132,28,0.00703424401581,29,0.00248984573409,28,0.00211767852306,28,0.00388055620715,29,0.00328146340325,28,0.00305754807778,28,0.00571135338396,28,-0.00307140126824,2016-05-05
2016-05-05,283,0.22730844128,17,0,-0.0314919129014,29,-0.0388468913734,28,-0.0330444388092,28,-0.0384808517992,29,-0.0311468262225,28,-0.0356650836766,28,-0.0352864190936,29,-0.0318315476179,28,-0.0247565768659,28,-0.0260066837072,28,0.00548522919416,2016-05-06
2016-05-06,283,-0.00234821161497,17,47,-0.0252121128142,29,-0.0310701560229,28,-0.0263572987169,28,-0.0314249508083,29,-0.0373791046441,28,-0.0333804003894,28,-0.0315639711916,29,-0.0246066115797,28,-0.0264236163348,28,-0.0315220579505,28,-0.00630994513631,2016-05-09
2016-05-09,282,0.05391519048,18,6,0.00188754545525,29,0.00142867863178,28,-0.00150604976807,28,0.00304091605358,28,0.00403435528278,28,0.00210496061482,29,0.00453737610951,28,0.00350435497239,28,0.00273907603696,28,-0.00287109822966,28,-0.00475864368491,2016-05-10
2016-05-10,282,-0.0700204726443,18,3,0.0217869523913,29,0.0103553999215,28,0.00661233486608,28,-0.00189695192967,28,-0.00116487278137,28,0.00226733181626,29,-0.000216843822272,28,0.00197045924142,28,0.00257104844786,28,0.00669022323564,28,-0.0150967291556,2016-05-11
2016-05-11,282,0.137560540086,18,6,-0.00852163508534,29,-0.00217962265015,28,0.00494726235047,28,0.00298884930089,28,0.00123563839588,28,0.00165902741719,29,0.00838562846184,28,0.00244815018959,28,0.00143531174399,28,-0.00119491771329,28,0.00732671737205,2016-05-12
2016-05-12,283,0.302742807166,17,0,-0.00682779029012,29,-0.00900880992413,28,-0.0111571745947,28,-0.00849280040711,29,-0.003698481014,28,-0.00122152059339,28,-0.00496158702299,29,-0.0048100524582,28,-0.00144626200199,28,-0.00177558616269,28,0.00505220412742,2016-05-13
2016-05-13,281,0.00652745680179,19,0,0.0108372792602,29,0.00733178434893,28,0.0134980184957,28,0.0118915140629,28,0.014387239702,28,0.0051531875506,28,0.00605869945139,28,0.0114494692534,28,0.0106750326231,28,0.00746923685074,28,-0.00336804240942,2016-05-16
2016-05-16,281,0.193592476581,19,0,-0.00945424847305,29,-0.00397789059207,28,-0.00499883294106,28,-0.00403127074242,28,0.00740791438147,28,-0.00117670430336,28,0.00157018646132,28,-0.00320172519423,28,-0.000815285078716,28,-0.00242528319359,28,0.00702896527946,2016-05-17
2016-05-17,281,0.216081357577,19,6,-0.0193383116275,29,-0.0176153350621,28,-0.0197513364255,28,-0.0166336745024,28,-0.0148623269051,28,-0.0158247891814,28,-0.0103139774874,28,-0.0106614846736,28,-0.00812845956534,28,-0.00939800031483,28,0.00994031131268,2016-05-18
2016-05-18,283,0.354577605071,17,0,-0.00528902839869,29,-0.00374884274788,28,-0.00232481095009,28,0.00401937775314,29,-0.0040777749382,28,0.000149812010932,28,-0.000169527935213,29,0.000315444805892,28,0.00310684950091,28,0.00437507685274,28,0.00966410525143,2016-05-19
2016-05-19,284,0.00433477442769,16,9,0.0107001066208,29,0.00707614189014,28,0.00561075378209,29,0.00564239919186,28,0.00660471618176,28,0.00943287089467,29,0.00446531176567,28,0.00455489847809,29,0.00624032970518,28,0.00661686295643,28,-0.00408324366435,2016-05-20
2016-05-20,285,-0.0481059858585,15,0,0.00179340096656,29,0.00528598250821,28,0.010764294304,29,0.00856944266707,28,0.0131824733689,29,0.00551701849326,28,0.00607709633186,29,0.0054160929285,28,0.00464996602386,29,0.0044735413976,28,0.00268014043104,2016-05-23
2016-05-23,284,0.173108950503,16,0,-0.00825982447714,29,-0.0105998814106,28,-0.00828468147665,29,-0.0061775255017,28,-0.0144787235186,28,-0.0119422348216,29,-0.00949119497091,28,-0.0100339921191,29,-0.00693868938833,28,-0.0040207314305,28,0.00423909304664,2016-05-24
2016-05-24,284,0.316128843756,16,0,-0.00746098067611,29,-0.00836102012545,28,-0.00826180167496,29,-0.00755887804553,28,0.000263569614617,28,-0.00217935955152,29,-0.00298677384853,28,0.00109479750972,29,0.000374074501451,28,-0.00114130333532,28,0.0063196773408,2016-05-25
2016-05-25,284,-0.0242048346625,16,21,0.00258271861821,29,0.00587287126109,28,0.00186092685908,29,0.00301997573115,28,0.00250783143565,28,0.00374766043387,29,0.0037146997638,28,0.00128270429559,29,-6.69573055347e-05,28,-0.000108486841782,28,-0.00269120546,2016-05-26
2016-05-26,286,0.277537591084,14,2,-0.00625493610278,29,0.00163230195176,29,-0.000547398405615,28,-0.00377186201513,29,0.0006480748998,28,0.00135254859924,29,-0.000489302736241,29,-0.00101003900636,28,0.000806814641692,29,-0.00127213983797,28,0.00498279626481,2016-05-27
2016-05-27,286,0.312858934558,14,4,-0.00768942479044,29,-0.00396353844553,29,-0.00771054858342,28,-0.003931296058,29,-0.00151217414532,28,-0.00413033878431,29,-0.00160659803078,29,0.00107757747173,28,0.00313770351931,29,-0.0028091201093,28,0.00488030468114,2016-05-30
2016-05-30,288,-0.0505482680877,12,0,0.0388925783336,29,0.0506496690214,29,0.0410167500377,29,0.045441262424,29,0.0434338636696,28,0.041383035481,29,0.035138938576,29,0.0358298197389,29,0.0374183282256,29,0.0334052070975,28,-0.00548737123609,2016-05-31
2016-05-31,288,0.225500412285,12,0,-0.0110838804394,29,0.00166777498089,29,0.000497110944707,29,0.000369069894077,29,0.00273245363496,28,0.00168339756783,29,0.00328617473133,29,0.00317609729245,29,0.00113345636055,29,-0.00195497693494,28,0.00912890350446,2016-06-01
2016-06-01,289,0.0223208849362,11,12,0.00835998076946,29,0.00168037414551,29,0.00184743769933,29,0.00554821407422,29,0.00762257073075,29,0.00446661189198,29,0.00574531825259,29,0.00394517183304,29,0.00211434322409,29,0.00200527044944,28,-0.00635471032001,2016-06-02
2016-06-02,289,0.248125591015,11,0,0.000627421075478,29,0.00207595177926,29,0.00753821572289,29,0.00830009859055,29,0.00789874792099,29,0.00934065040201,29,0.00266455579549,29,0.00693056918681,29,0.00906287226826,29,0.00821658503264,28,0.00758916395716,2016-06-03
2016-06-03,290,0.232186898938,10,0,-0.000821004679892,29,-0.00740318046883,29,-0.00522258970886,29,-0.00446741143242,29,-0.00154392269906,29,-0.00185829610564,29,0.00120226060972,29,0.00335148279555,29,0.00376000069082,29,-0.00164098991081,29,-0.000819985230919,2016-06-06
2016-06-06,291,0.205171436325,9,2,-0.00375838484615,30,-0.0014706911752,29,-0.00237973197363,29,6.6107713792e-05,29,-6.7723209213e-05,29,0.00234836549498,29,-0.00240016193129,29,-0.002163924044,29,-0.00020936850342,29,-0.000319635058986,29,0.00343874978716,2016-06-07
2016-06-07,290,0.233428932946,10,4,-0.0117181828246,29,-0.00150954106357,29,-0.00784892868251,29,-0.00238232989796,29,-0.00809394475073,29,0.00214324332774,29,-0.0040710279718,29,-0.00364564405754,29,-0.00144955411088,29,-0.00398686015978,29,0.00773132266477,2016-06-08
2016-06-08,290,0.17271419924,10,2,-0.0510621480644,29,-0.0428442060947,29,-0.0428217947483,29,-0.0313441716135,29,-0.0393104627728,29,-0.0380505770445,29,-0.0388714522123,29,-0.0311876889318,29,-0.0337727144361,29,-0.039334718138,29,0.0117274299264,2016-06-13
2016-06-13,290,0.0587908387714,10,59,-0.00349523685873,29,0.00273225642741,29,0.00373599654995,29,0.00279980478808,29,0.00343426759355,29,0.000212056882447,29,0.00110567023512,29,-0.00120058760513,29,0.00495726475492,29,0.00163470255211,29,0.00512993941084,2016-06-14
2016-06-14,290,-0.257676707925,10,0,0.0273127295077,29,0.021872298792,29,0.0264275670052,29,0.0196538679302,29,0.0205413214862,29,0.0205572210252,29,0.0172290671617,29,0.0147508587688,29,0.0185124613345,29,0.00895799417049,29,-0.0183547353372,2016-06-15
2016-06-15,290,0.139233793816,10,0,0.00589556340128,29,-0.0129492469132,29,-0.0106312278658,29,-0.0107174189761,29,-0.0122818043455,29,-0.00832451414317,29,-0.00590074667707,29,-0.00907578971237,29,-0.00632074149325,29,-0.00757170142606,29,-0.0134672648273,2016-06-16
2016-06-16,290,0.21271835826,10,6,-0.00557636795565,29,0.0062478678301,29,0.0125490259379,29,0.0138782449067,29,0.00815397314727,29,0.00640282547101,29,0.0130946431309,29,0.00863672513515,29,0.00811808649451,29,0.00446459744126,29,0.0100409653969,2016-06-17
2016-06-17,288,0.152736206806,12,0,-0.0103864567354,29,0.00317686190829,29,-0.00282770814374,29,0.00375611404888,29,-0.00135547562968,28,0.00261899735779,29,-0.00116289686412,29,4.97986547998e-05,29,0.000179103735718,29,0.000823529728223,28,0.0112099864637,2016-06-20
2016-06-20,287,0.320372134823,13,0,-0.0101820090786,29,-0.0102374656126,29,-0.0061703119427,29,-0.00399385392666,28,-0.00296214525588,29,-0.00532643776387,29,-0.00157585099805,28,-0.000876274600159,29,-0.000667504209559,29,-0.00149255560245,28,0.00868945347611,2016-06-21
2016-06-21,286,-0.149188450236,14,6,0.0168622285128,29,0.0195868071169,29,0.0165270101279,28,0.0121619496495,29,0.0110752983019,28,0.0114766443148,29,0.00917162559927,29,0.0102480053902,28,0.00806242600083,29,0.0104762082919,28,-0.00638602022082,2016-06-22
2016-06-22,288,0.0601688293127,12,0,-0.003036940936,29,-0.00506040547043,29,-0.00409127492458,29,-0.00513656577095,29,-0.00758971273899,28,-0.00149201729801,29,-0.00483028450981,29,-0.00571066560224,29,-0.00517207803205,29,-0.00443360442296,28,-0.00139666348696,2016-06-23
2016-06-23,288,0.131167672168,12,0,-0.0160630308092,29,-0.0127147743478,29,-0.012240123935,29,-0.0139539837837,29,-0.00620519276708,28,-0.0149675421417,29,-0.0127644557506,29,-0.0127002391964,29,-0.0147328190506,29,-0.0144967669621,28,0.00156626384705,2016-06-24
2016-06-24,288,-0.351100537682,12,0,0.0228082314134,29,0.0245433971286,29,0.0246809851378,29,0.0231966692954,29,0.0178272631019,28,0.0138684511185,29,0.0223470106721,29,0.0159758199006,29,0.0112084709108,29,0.0102630620822,28,-0.0125451693311,2016-06-27
2016-06-27,288,-0.146127593933,12,0,0.00560739543289,29,0.00658458285034,29,0.0120323505253,29,0.0111696189269,29,0.0126639604568,28,0.00764228124171,29,0.00540167931467,29,0.0060219662264,29,0.00570733984932,29,0.00258393585682,28,-0.00302345957607,2016-06-28
2016-06-28,288,0.455972816096,12,0,-0.00567187508568,29,-0.00219443137757,29,0.000724005280063,29,-0.00015051200171,29,0.00425565475598,28,0.00378816085868,29,0.0105390613899,29,0.0151144489646,29,0.00618227384984,29,0.00681019667536,28,0.012482071761,2016-06-29
2016-06-29,288,0.35847629141,12,0,-0.0087763601914,29,-0.00216425699182,29,0.000297069549561,29,-0.00037464190973,29,-0.00102415890433,28,-0.000243400703766,29,0.0056665726006,29,0.00184059969615,29,0.00477708410472,29,0.00616641994566,28,0.0149427801371,2016-06-30
2016-06-30,290,0.215055185686,10,3,-0.00305444607511,29,-0.00469098193571,29,-0.00305474014021,29,0.00313749816269,29,0.00047810736578,29,-0.00449195411056,29,-0.00176595814992,29,8.22893489385e-05,29,0.000924087828025,29,0.000858078768943,29,0.00391252484405,2016-07-01
2016-07-01,290,-0.170527376463,10,13,0.0411764681339,29,0.0362843982875,29,0.0203505344689,29,0.0168389622122,29,0.0209360700101,29,0.0200741086155,29,0.0178595408797,29,0.0207486152649,29,0.0162561889738,29,0.0184712074697,29,-0.0227052606642,2016-07-04
2016-07-04,292,-0.0559364468052,8,2,0.00753262219951,30,0.00549985840917,29,0.00619169976562,29,0.0130904689431,29,0.00686903251335,29,0.00673548178747,30,0.00685554323718,29,0.00417746556923,29,0.00405989633873,29,-0.00481820944697,29,-0.0123508316465,2016-07-05
2016-07-05,291,0.230430962596,9,0,-0.00588055653498,30,0.00536507554352,29,0.00463119661435,29,0.00746824638918,29,0.00508157955483,29,0.0117911472917,29,0.0032209281344,29,-0.0011431821622,29,0.010900828056,29,0.00246492540464,29,0.00834548193961,2016-07-06
2016-07-06,289,0.0768208899999,11,0,-0.00109783944208,29,-0.000712030916475,29,-0.000264083530055,29,-0.000344687490724,29,0.000292669079499,29,0.00273291417398,29,0.000506359967403,29,-0.0031934750732,29,-0.00034176686313,29,-0.000478825386381,28,0.000619014055701,2016-07-07
2016-07-07,289,0.202165733952,11,0,-0.0129071148112,29,-0.00629455270246,29,-0.00642462866381,29,-0.00119788071606,29,-0.00120741128922,29,0.000741506461054,29,-0.00114034779835,29,-0.00304038776085,29,-0.00725155044347,29,-0.000976300681941,28,0.0119308141293,2016-07-08
2016-07-08,290,0.00843981115229,10,12,0.00612999452278,29,0.00878492742777,29,-0.0007308536442,29,0.00922671053559,29,0.0053836228326,29,0.00172395748086,29,-0.000991387641989,29,0.00153611029964,29,0.00208798982203,29,0.00340625736862,29,-0.00272373715416,2016-07-11
2016-07-11,291,-0.197067522951,9,8,0.0280856695026,30,0.0326998904347,29,0.0332926437259,29,0.0285828914493,29,0.0275392811745,29,0.0262712948024,29,0.0190252717584,29,0.0202735532075,29,0.018282417208,29,0.0155346971005,29,-0.0125509724021,2016-07-12
2016-07-12,290,0.45463251606,10,0,-0.00986121036112,29,0.0007373423432,29,0.000570032105315,29,0.00508714746684,29,0.0107864700258,29,0.0122835859656,29,0.0110503891483,29,0.0108417700976,29,0.0135341743007,29,0.015309099108,29,0.0251703094691,2016-07-13
2016-07-13,289,0.156813661042,11,0,-0.00703586591408,29,-0.0017515195068,29,0.000990641536191,29,-0.00202870368958,29,-0.00128800293896,29,0.000874026096426,29,-0.0022679422982,29,0.000540605920833,29,-0.00145611888729,29,0.000540848297533,28,0.00757671421161,2016-07-14
2016-07-14,291,0.226103037679,9,0,-0.00520565314218,30,0.000716770533472,29,-0.00854684319347,29,0.0035388818942,29,-0.00125108507928,29,0.00310177635401,29,0.00233050668612,29,-0.00165635137819,29,-0.000279710220639,29,0.00203672982752,29,0.00724238296971,2016-07-15
2016-07-15,292,-0.0598235158806,8,6,-0.00763109931722,30,-0.00371353584342,29,-0.00419616512954,29,-0.00507709477097,29,-0.00263879005797,29,-0.00441558752209,30,-0.0109072532505,29,-0.00131329381838,29,-0.00730190007016,29,-0.0135194696486,29,-0.00588837033138,2016-07-18
2016-07-18,291,0.335336023794,9,7,-0.0104644121602,30,-0.00343531370163,29,-0.00392597075552,29,-0.00040466414066,29,-0.000578547362238,29,-0.00235475762747,29,0.00106791383587,29,0.0059689716436,29,0.00353132025339,29,0.00162821391132,29,0.0120926260715,2016-07-19
2016-07-19,290,0.215219298837,10,0,-0.00141854945105,29,-0.00504106888548,29,-0.00587841169909,29,-0.00205253739841,29,-0.0019762001466,29,-0.00414073467255,29,-0.00437146238983,29,-0.00224611884914,29,-0.00203187717125,29,-0.000101745128632,29,0.00131680432241,2016-07-20
2016-07-20,289,0.0740903672806,11,22,0.00523677375168,29,0.00280255894177,29,0.00195503840223,29,0.00845260266215,29,0.00353141082451,29,0.00543053820729,29,0.00402268674225,29,0.00322148716077,29,0.00247489172034,29,0.00560302799568,28,0.000366254244,2016-07-21
2016-07-21,289,0.0790202019951,11,4,-0.00408195611089,29,-0.00606573047116,29,-0.010867157951,29,-0.0083838943392,29,-0.00668804813176,29,-0.00985045265406,29,-0.0091585163027,29,-0.00976892746985,29,-0.00794741418213,29,-0.011058209464,28,-0.00697625335306,2016-07-22
2016-07-22,287,-0.0929063614802,13,9,0.0178012773395,29,0.000347842433257,29,0.000766102632042,29,0.000589509087149,28,-0.00119468872435,29,0.000655044743326,29,0.000782134302426,28,-0.000362794962712,29,-0.000697731971741,29,0.003476904938,28,-0.0143243724015,2016-07-25
2016-07-25,287,0.197010814389,13,0,0.00249827932566,29,0.0159980542958,29,0.0134898014367,29,0.0145690189674,28,0.015166874975,29,0.0115771749988,29,0.0172104183584,28,0.0145315341651,29,0.011263278313,29,0.014836856164,28,0.0123385768384,2016-07-26
2016-07-26,288,-0.0296823190855,12,0,-0.0120446123183,29,-0.0277782697231,29,-0.0374964438379,29,-0.0138522898778,29,-0.0383540727198,28,-0.0303683206439,29,-0.0245450288057,29,-0.0226119514555,29,-0.0250132400542,29,-0.0238151121885,28,-0.0117704998702,2016-07-27
2016-07-27,288,0.0569493487207,12,0,0.000938649813179,29,0.00465781334788,29,-0.0020229939837,29,0.00763291306794,29,0.00328370928764,28,0.00462696282193,29,0.00776936486363,29,0.00318008451723,29,0.00430357037112,29,0.00107461423613,28,0.000135964422952,2016-07-28
2016-07-28,287,0.146210675733,13,2,-0.00446364376694,29,-0.00722067710012,29,-0.00536577031016,29,-0.0126012992114,28,-0.00528271635994,29,-0.0101326946169,29,-0.00688841519877,28,-0.00555796269327,29,-0.00575586222112,29,-0.00138467981014,28,0.0030789639568,2016-07-29
2016-07-29,288,0.14938446094,12,12,-0.0213463585824,29,-0.0132469888777,29,-0.0148699060082,29,-0.0074629127048,29,-0.00794704444706,28,-0.0110449399799,29,-0.0133730443195,29,-0.00820920802653,29,-0.00915093906224,29,-0.0104601383209,28,0.0108862202615,2016-08-01
2016-08-01,290,0.194561926917,10,0,0.00411609513685,29,0.00557096442208,29,0.00799229834229,29,0.00588657101616,29,0.00709525076672,29,0.00791170913726,29,0.0092123541981,29,0.00521437451243,29,0.0105875134468,29,0.0103206345811,29,0.0062045394443,2016-08-02
2016-08-02,291,-0.0370708049595,9,0,0.00656680064276,30,0.0037293494679,29,0.00469347508624,29,0.0042906999588,29,0.00276771280915,29,0.000359366677003,29,0.00124622217845,29,0.000653299794067,29,0.00082225020742,29,0.000738805742003,29,-0.00582799490076,2016-08-03
2016-08-03,290,0.212746856359,10,3,-0.000942589889746,29,0.00684488425031,29,-0.00259834108874,29,0.00265789031982,29,0.0030055642128,29,0.00259541650303,29,0.00409958465025,29,0.00323979603127,29,0.00241317413747,29,0.00223297695629,29,0.00317556684604,2016-08-04
2016-08-04,290,0.181146816239,10,0,0.000905339082237,29,-0.000825361930765,29,-0.00510781165212,29,-0.0013829797972,29,-0.00399214029312,29,-0.00331312417984,29,-0.00258635240607,29,0.00103405013215,29,-0.00201107910834,29,-0.00110559014138,29,-0.00201092922362,2016-08-05
2016-08-05,290,0.106609923482,10,17,0.0152916209772,29,0.00882005039603,29,0.00985020026565,29,0.014958973974,29,0.00888495426625,29,0.0104211242869,29,0.0120452400297,29,0.0197502020746,29,0.0166554003954,29,0.0106087494642,29,-0.00468287151307,2016-08-08
2016-08-08,290,0.358647696044,10,0,0.00139409094118,29,-0.00139670737553,29,0.00335316406563,29,0.0111534353346,29,0.0147069487721,29,0.010618657805,29,0.00877203606069,29,0.0079487496987,29,0.00601199967787,29,0.0074935820885,29,0.00609949114732,2016-08-09
2016-08-09,290,0.22225814284,10,0,-0.00924802478403,29,-0.00505689298734,29,-0.00690119620413,29,-0.00602814229205,29,-0.000157366535859,29,-0.00643767369911,29,-0.00352822081186,29,-0.00304272864014,29,-0.00346190552227,29,0.00119316170458,29,0.0104411864886,2016-08-10
2016-08-10,290,0.129588540031,10,15,-0.0133576067165,29,-0.0120867099613,29,-0.0111732790247,29,-0.00757368281484,29,-0.0063590449281,29,-0.00965455081314,29,-0.0065512759611,29,-0.00509655475616,29,-0.00747570721433,29,-0.00814202148467,29,0.00521558523178,2016-08-11
2016-08-11,291,0.00326168562976,9,36,0.0185711365193,30,0.0150027293712,29,0.0149190463126,29,0.0183061193675,29,0.0217930432409,29,0.0168906971812,29,0.0140268923715,29,0.0153768621385,29,0.0120920082554,29,0.024093516171,29,0.00552237965167,2016-08-12
2016-08-12,290,-0.275023537542,10,0,0.0487009622157,29,0.0346762612462,29,0.0370972305536,29,0.0302476175129,29,0.0331274978817,29,0.0237165279686,29,0.0209439881146,29,0.0268816910684,29,0.023100161925,29,0.0239150803536,29,-0.024785881862,2016-08-15
2016-08-15,290,0.186389913298,10,0,-0.00595800019801,29,-0.00372786144726,29,0.00048658149899,29,0.00270955101587,29,-0.0061690271832,29,-0.00204338901676,29,0.00297411973588,29,0.00488205812871,29,0.00250096572563,29,-0.00509984744713,29,0.00085815275088,2016-08-16
2016-08-16,290,0.356026580781,10,0,-0.00937879271805,29,-0.00626122765243,29,-0.000399624492275,29,-0.00104554975405,29,-0.00134773703758,29,-0.000947742606513,29,0.00686609558761,29,0.00277968728915,29,0.00317711452954,29,0.00776088656858,29,0.0171396792866,2016-08-17
2016-08-17,290,0.0705931704618,10,0,-0.0025799870491,29,0.00313641293906,29,-0.000346703774994,29,-0.0042210528627,29,0.00427495408803,29,-0.00105637311935,29,0.000367080356227,29,-0.00143274560105,29,-0.00014530585031,29,-0.00310778012499,29,-0.000527793075889,2016-08-18
2016-08-18,290,0.18173757205,10,3,-0.00581107055768,29,-0.0016816360876,29,0.00405680527911,29,-0.000146512320498,29,0.00120797241107,29,0.00144611345604,29,0.00405350653455,29,-0.000130248474306,29,0.000926354841795,29,0.000562832283322,29,0.00637390284101,2016-08-19
2016-08-19,290,0.272929017468,10,0,-0.016995286569,29,-0.0161222480237,29,-0.0138019304723,29,-0.0106135588139,29,-0.0096750613302,29,-0.00682184798643,29,-0.00870499759912,29,-0.00763830635697,29,-0.0119611993432,29,-0.00348992180079,29,0.0135053647682,2016-08-22
2016-08-22,289,0.12358982736,11,18,-0.00507235713303,29,-0.000884828914423,29,0.00314164976589,29,0.00158814515453,29,0.00244163023308,29,0.00174696894828,29,0.00269312271848,29,0.00171028124169,29,0.000370541529264,29,0.000824830378406,28,0.00589718751144,2016-08-23
2016-08-23,288,0.267435411002,12,0,-0.00751432077959,29,-0.00540207792073,29,-0.00117648055311,29,-0.00290348823182,29,-0.00157147855498,28,-0.00301531469449,29,4.51864871138e-05,29,-0.00149131030776,29,0.00172793655656,29,0.00173306255601,28,0.00924738333561,2016-08-24
2016-08-24,289,0.11001599239,11,2,-0.00958229321986,29,-0.012476939708,29,-0.0132527472451,29,-0.00729097984731,29,-0.0061057456769,29,-0.00874307006598,29,-0.00877114571631,29,-0.00498774973676,29,-0.00674491282552,29,-0.00339387566783,28,0.00618841755204,2016-08-25
2016-08-25,289,0.15886070468,11,0,-0.000643306761049,29,0.00211078533903,29,-0.00147158931941,29,0.00331240287051,29,-0.00155194464605,29,0.000741198135074,29,0.00107332342304,29,0.00066893879557,29,0.0014884842094,29,0.00259552476928,28,0.00323883153033,2016-08-26
2016-08-26,288,0.0153286947243,12,5,0.00689732842147,29,0.00103312521242,29,0.00258024595678,29,-0.00124241772573,29,0.00298423646018,28,9.12670438993e-05,29,6.19251150056e-05,29,0.00226415647194,29,0.00107443740126,29,0.00225343881175,28,-0.00464388960972,2016-08-29
2016-08-29,289,0.222272882413,11,0,-0.00621643988416,29,-0.00102442502975,29,0.00300837378018,29,0.0010217592353,29,0.00125313631725,29,0.00083726644516,29,0.00196093926206,29,-0.00362495915033,29,0.0010319763096,29,0.00351944356225,28,0.00973588344641,2016-08-30
2016-08-30,288,0.0664248585594,12,2,-0.000952272559516,29,0.000280071952147,29,0.00243193935603,29,0.00323601416312,29,0.00290209264494,28,0.00591974845156,29,0.00117257540114,29,0.00706822285429,29,0.000628500129096,29,0.00358219863847,28,0.00453447119799,2016-08-31
2016-08-31,288,0.259449396065,12,0,-0.0157369617373,29,-0.00902787595987,29,-0.0130234425887,29,-0.00936728715897,29,-0.00703137880191,28,-0.0102322222665,29,-0.00714807864279,29,-0.00357124116272,29,-0.0030506295152,29,-0.00761117879301,28,0.00812578294426,2016-09-01
2016-09-01,287,-0.0239265511562,13,50,0.00448920810595,29,0.00240576686338,29,0.00661353208125,29,0.00214638677426,28,0.00264016515575,29,-0.000259444641415,29,0.00141166360117,28,0.00105128611904,29,0.00051747931866,29,2.04358775591e-06,28,-0.0044871645182,2016-09-02
2016-09-02,288,0.301705874119,12,2,0.00261162687093,29,-0.000688187021296,29,-0.000232425227296,29,0.000827067880891,29,0.00267916917801,28,0.00270665925927,29,0.00105265912134,29,0.00312455976382,29,0.00449352012947,29,0.00937562156469,28,0.00676399469376,2016-09-05
2016-09-05,289,0.0626543059502,11,5,0.0102409841493,29,0.0173021163791,29,0.0121771814302,29,0.00681554246694,29,0.00936817936599,29,0.00664971815422,29,0.00814220868051,29,0.00923977419734,29,0.00952303223312,29,0.0118153076619,28,0.00157432351261,2016-09-06
2016-09-06,290,0.261820347422,10,0,-0.00232201209292,29,-0.00582564296201,29,-0.00410258350894,29,-0.00128403818235,29,-0.00211037229747,29,0.00181652966421,29,0.000645473075565,29,0.00208252063021,29,0.000597840757109,29,-0.00158406747505,29,0.000737944617867,2016-09-07
2016-09-07,290,0.150390739109,10,6,-0.00275043793954,29,0.000110079505248,29,-0.00333371455781,29,-2.31101603276e-05,29,0.00475788721815,29,0.0023832321167,29,0.000858734420035,29,2.04423376999e-05,29,0.000501817674376,29,-0.00115171994548,29,0.00159871799406,2016-09-08
2016-09-08,289,0.119233795678,11,0,-0.0106682674959,29,-0.00863579008728,29,-0.00953320786357,29,-0.0100441249087,29,-0.00392835494131,29,-0.00821950286627,29,-0.0080749867484,29,-0.00678552221507,29,-0.00910629238933,29,-0.00533774495125,28,0.00533052254468,2016-09-09
2016-09-09,289,-0.140586620667,11,40,-0.0140947066247,29,-0.0214299038053,29,-0.0217617880553,29,-0.0185233075172,29,-0.0206909645349,29,-0.0212565474212,29,-0.0205769129097,29,-0.0237165037543,29,-0.0225639957935,29,-0.0285740140826,28,-0.0144793074578,2016-09-12
2016-09-12,289,0.463522366312,11,10,-0.00870124809444,29,-0.00145731505472,29,-0.00359985535033,29,0.000503077579197,29,0.00150189106353,29,-0.000806516618468,29,0.00182825943921,29,0.00486142467707,29,0.00576382037252,29,0.00306227593683,28,0.0117635240313,2016-09-13
2016-09-13,289,0.123666051326,11,0,-0.00691844476387,29,-0.00503884535283,29,-0.00558059569448,29,-0.00710815610364,29,-0.00549573311582,29,-0.00543763302267,29,-0.00681340508163,29,-0.00587844010442,29,-0.00610118266195,29,-0.00197893590666,28,0.00493950885721,2016-09-14
2016-09-14,287,0.139935621577,13,0,0.00431782193482,29,0.0110985310748,29,0.00489499233663,29,0.0134807992727,28,0.00916309189051,29,0.00671206694096,29,0.00690226908773,28,0.00879007764161,29,0.00868075061589,29,0.00892038829625,28,0.00460256636143,2016-09-19
2016-09-19,285,0.0443288414215,15,0,-0.00415712408721,29,0.00121830613352,28,-0.00166766392067,29,-0.000973380054347,28,-0.00143599510193,29,-0.00224647996947,28,-0.00285665527917,29,0.00530032394454,28,-0.00273556332104,29,-0.00352921220474,28,0.000627911882475,2016-09-20
2016-09-20,286,0.196242833179,14,4,-9.92109016806e-06,29,0.000237136046053,29,0.00322111370042,28,0.00433227932081,29,0.0027289390564,28,0.00391206238419,29,0.00322107411921,29,0.00396449211985,28,0.00215081917122,29,0.00325257214718,28,0.00326249323734,2016-09-21
2016-09-21,288,0.140380610632,12,3,0.00501604750752,29,0.00527426507324,29,0.00479410635307,29,0.00493233185261,29,0.00554939266294,28,0.00655303103849,29,0.00370998005383,29,0.00620169285685,29,0.00485921325162,29,0.00424977717921,28,-0.000766270328313,2016-09-22
2016-09-22,287,0.0552397436197,13,19,-0.012890172191,29,-0.00554631510749,29,-0.00261732004583,29,-0.00131135329138,28,-0.00325243850239,29,-0.00238612596877,29,-0.00280467956327,28,-0.00505451485515,29,-0.00394288403913,29,-0.00358788250014,28,0.00930228969082,2016-09-23
2016-09-23,286,0.136093852906,14,26,-0.0263343174011,29,-0.0211831759661,29,-0.0192945990711,28,-0.0184400901198,29,-0.0144937830046,28,-0.0197084471583,29,-0.0198985524476,29,-0.0217641629279,28,-0.0186338089406,29,-0.0171342361718,28,0.00920008122921,2016-09-26
2016-09-26,286,-0.0648598511346,14,39,0.0120660336688,29,0.00748941395432,29,0.00716711580753,28,0.00724063022062,29,0.00503706512973,28,0.00623199017718,29,0.00740849552676,29,0.00726778572425,28,0.00609372835606,29,0.00952140521258,28,-0.00254462845623,2016-09-27
2016-09-27,285,0.132191929802,15,0,-0.00505773164332,29,-0.00209914147854,28,-0.00304576032795,29,-0.00441746413708,28,-0.00254749436863,29,-0.00485670147464,28,-0.00413121841848,29,-0.00170062913094,28,-0.00352983223274,29,-0.00120035023428,28,0.00385738140903,2016-09-28
2016-09-28,284,0.144348038314,16,13,0.00171831762418,29,0.00432478124276,28,0.00588302779943,29,0.00175368355121,28,0.00473968265578,28,0.00453401636332,29,0.00131727114785,28,0.00311409193091,29,0.00482016801834,28,0.00644873315468,28,0.0047304155305,2016-09-29
2016-09-29,284,0.0351551172098,16,13,0.00190298107918,29,0.00252841203474,28,0.00545316748321,29,0.00192964076996,28,0.00157771795057,28,0.00154856150039,29,0.0040337741375,28,0.00364171015099,29,0.00290137319826,28,0.00424233311787,28,0.00233935203869,2016-09-30
2016-09-30,283,0.0705588007436,17,5,0.00929346773773,29,0.0172315109521,28,0.0112818544731,28,0.0208762027323,29,0.0142025882378,28,0.0117449956015,28,0.0160094425082,29,0.0179240610451,28,0.0161349270493,28,0.0183763168752,28,0.00908284913749,2016-10-10
2016-10-10,284,0.0837634533666,16,2,0.00736265536398,29,0.00417110975832,28,0.00433828728274,29,0.00514163728803,28,0.00616005901247,28,0.00340339634567,29,0.00530539220199,28,0.00315455743112,29,0.00234086392447,28,0.00969991553575,28,0.00233726017177,2016-10-11
2016-10-11,286,0.263276568638,14,0,-0.0089487368241,29,0.0003858928103,29,-0.00219673337415,28,-0.00195465632714,29,-0.00335304019973,28,-0.000777164415922,29,-0.00155193638057,29,0.00255734147504,28,-0.00302995904349,29,-0.00141352624632,28,0.00753521057777,2016-10-12
2016-10-12,288,0.191774048878,12,2,0.000814610510133,29,4.65553384856e-05,29,-0.00177837244701,29,0.0063310880214,29,0.00228675780818,28,0.00133386976086,29,0.00179853313603,29,0.00484712561592,29,0.0040699695237,29,0.0014712959528,28,0.000656685442664,2016-10-13
2016-10-13,288,0.103326765721,12,0,0.00191704567987,29,0.00465792603791,29,-0.00178119435441,29,0.00367659539916,29,-0.00334760756232,28,-4.56283851236e-06,29,0.000407609448303,29,0.000406209757784,29,-0.000779246445745,29,0.00097403145628,28,-0.000943014223594,2016-10-14
2016-10-14,287,0.12733954065,13,0,-0.00808339659125,29,-0.0123960189521,29,-0.0106598874554,29,-0.0103952568024,28,-0.00425439467654,29,-0.010423050262,29,-0.00939661730081,28,-0.0077999625355,29,-0.0084976516664,29,-0.00802961178124,28,5.37848100066e-05,2016-10-17
2016-10-17,289,0.0558096667535,11,25,0.01957863383,29,0.0158700495958,29,0.0142672099173,29,0.0147043997422,29,0.0170351881534,29,0.0134372049943,29,0.0140298362821,29,0.0163206774741,29,0.014495594427,29,0.0162305440754,28,-0.00334808975458,2016-10-18
2016-10-18,289,0.120947539266,11,0,-0.000766817887779,29,-0.00156235904433,29,-0.00491268653423,29,-0.00316766626202,29,0.00399535894394,29,-0.00196465943009,29,-0.00108828011435,29,0.000505095929839,29,-0.00339323491789,29,-0.00067586771911,28,9.09501686692e-05,2016-10-19
2016-10-19,289,0.295225559127,11,5,-0.000971013098024,29,-0.00468884268776,29,-0.00248044729233,29,-0.00278191105463,29,-0.000352958159056,29,0.0123593378812,29,-0.000209641861147,29,0.0021382982377,29,0.00280430610292,29,0.00160494237207,28,0.00257595547009,2016-10-20
2016-10-20,289,0.260938329534,11,3,-0.00373556069098,29,-0.00484243128449,29,0.00451683998108,29,0.00102561712265,29,-0.00192100834101,29,0.000120197903016,29,0.00105552223977,29,0.00511374138296,29,0.00439028721303,29,0.000933519448154,28,0.00466908013914,2016-10-21
2016-10-21,289,-0.126608867022,11,0,0.0163641609251,29,0.0119099942967,29,0.0150475958362,29,0.0141949616373,29,0.0144089004025,29,0.0143941678107,29,0.0145712187514,29,0.00998633448035,29,0.00982444453984,29,0.0090591525659,28,-0.00730500835925,2016-10-24
2016-10-24,291,0.265316100658,9,0,0.000902338826563,30,-0.00314591266215,29,-0.00293580000289,29,0.000100756515167,29,0.000618404359557,29,-0.000497513799928,29,0.00137480371632,29,0.00089773023501,29,0.0011755268788,29,0.00893247313797,29,0.00803013431141,2016-10-25
2016-10-25,291,0.117506622616,9,0,-0.00851503014565,30,-0.00552634522319,29,-0.00278236740269,29,-0.00475946161896,29,-0.000412610068452,29,-0.00534770218655,29,-0.00460695195943,29,-0.00307982554659,29,-0.00626085745171,29,-0.00335107999854,29,0.00516395014711,2016-10-26
2016-10-26,291,0.207407290832,9,5,-0.00463636731729,30,-0.00684804143384,29,-0.00238042650744,29,-0.00262415618636,29,-0.0020771746058,29,-0.000688803615049,29,0.000124177022371,29,-0.0021524450276,29,0.000796659267507,29,-0.000575953512453,29,0.00406041380484,2016-10-27
2016-10-27,291,0.204162712494,9,2,-0.0109769105911,30,-0.00830224063247,29,-0.00660250522196,29,-0.00606724712998,29,-0.0062091043219,29,-0.00399426976219,29,-0.00176420086063,29,-0.00262303184718,29,-0.00393171748146,29,-0.00145892228466,29,0.00951798830647,2016-10-28
2016-10-28,290,-0.00238027883462,10,28,-0.000914242758881,29,-0.00209124945104,29,-0.00048198577133,29,-0.000914205738809,29,0.00270157447085,29,-0.00263602985069,29,-0.00431151641533,29,2.41481029661e-05,29,-0.00317917601205,29,-0.00225018640049,29,-0.00133594364161,2016-10-31
2016-10-31,290,-0.0168885743165,10,0,0.00676483521238,29,0.00643498916179,29,0.00677710352466,29,0.00590793415904,29,0.00769684417173,29,0.00671989750117,29,0.00564548047259,29,0.00532713439316,29,0.0086327875033,29,0.00451307278126,29,-0.00225176243111,2016-11-01
2016-11-01,290,-0.0416875677311,10,0,0.00239192624576,29,-0.0125313075259,29,-0.00477933883667,29,-0.00825523305684,29,-0.00953430775553,29,-0.00577213428915,29,-0.0109464898705,29,-0.0103871058673,29,-0.0085191661492,29,-0.00780297350138,29,-0.0101948997471,2016-11-02
2016-11-02,290,0.19783360118,10,16,0.00836318917572,29,0.00668583251536,29,0.00766686536372,29,0.00956977624446,29,0.0146977445111,29,0.00839614029974,29,0.00708249909803,29,0.0124140074477,29,0.0104297008365,29,0.00827078800648,29,-9.24011692405e-05,2016-11-03
2016-11-03,290,0.092378134759,10,0,-0.00574703235179,29,-0.00365353445522,29,-0.00520856818184,29,-0.00404747389257,29,-0.00402421783656,29,-0.00360476155765,29,-0.00152586656623,29,-0.0015776938526,29,-0.00798608269542,29,-0.00398772349581,29,0.00175930885598,2016-11-04
2016-11-04,290,0.0143719220773,10,11,-0.00100147514604,29,0.000173320033355,29,0.00477705756202,29,0.002925157547,29,0.000339666323271,29,0.000880868290551,29,0.00694935303181,29,-0.00219245813787,29,-0.00315525825135,29,0.00301699806005,29,0.00401847320609,2016-11-07
2016-11-07,290,0.249098651349,10,0,-0.00349656678736,29,0.00204171193764,29,0.00564649375156,29,0.00628184666857,29,0.00669183628634,29,0.00696512358263,29,0.0074503403157,29,0.00499377772212,29,0.0104535939172,29,0.00423142407089,29,0.00772799085826,2016-11-08
2016-11-08,290,-0.0678696852841,10,0,0.00324671017006,29,-0.00253936741501,29,-0.0115060228854,29,-0.00788640137762,29,-0.00941329170018,29,-0.010457190685,29,-0.00977647304535,29,-0.0105444872752,29,-0.0105525422841,29,-0.00338379689492,29,-0.00663050706498,2016-11-09
2016-11-09,290,0.140307414348,10,0,0.0108168786392,29,0.0133962426335,29,0.00964941270649,29,0.0171542912722,29,0.0141809154302,29,0.0138120893389,29,0.014590324834,29,0.0127403978258,29,0.0134781142697,29,0.0119561143219,29,0.00113923568279,2016-11-10
2016-11-10,290,-0.146038875046,10,0,0.0212330576032,29,0.0157996974885,29,0.0115408794954,29,0.00751625280827,29,0.0128700919449,29,0.0106471814215,29,0.00487047433853,29,0.0084273237735,29,0.00556702865288,29,0.0110564865172,29,-0.010176571086,2016-11-11
2016-11-11,291,-0.326056509536,9,0,0.0146221136674,30,0.0125600453466,29,0.01127750054,29,0.00997340865433,29,0.00163309124764,29,0.00272163236514,29,0.00378980301321,29,0.00416343798861,29,0.00268238782883,29,-0.00140480743721,29,-0.0160269211046,2016-11-14
2016-11-14,290,0.470217976494,10,0,-0.00610843999311,29,-0.0118301203474,29,-0.00341721856967,29,-0.00464639160782,29,-0.00225669750944,29,0.00487594166771,29,0.00592247769237,29,0.00538272503763,29,0.00686282943934,29,0.00283662625588,29,0.008945066249,2016-11-15
2016-11-15,290,0.190562674243,10,2,-0.00221231486648,29,-0.000904629996512,29,-0.00241212802939,29,0.00104948773514,29,0.000433354551205,29,0.000475542299682,29,0.00308221159503,29,0.00293838977814,29,-0.000489220547024,29,2.49003533099e-05,29,0.00223721521979,2016-11-16
2016-11-16,288,-0.0824802981721,12,5,-0.000438819668489,29,0.00238343770616,29,0.00589709263295,29,0.00356481806375,29,0.00151172711048,28,0.00432917382568,29,-0.000395176728489,29,0.00159466266632,29,0.000811763864476,29,-0.0025783542078,28,-0.00213953453931,2016-11-17
2016-11-17,289,0.361547888779,11,0,-0.0166254919022,29,-0.0137505242601,29,-0.00754981813952,29,-0.0111950123683,29,-0.00810441654176,29,-0.00885379314423,29,-0.00356645206921,29,-0.00264787068591,29,-0.00536343967542,29,-0.00328556564637,28,0.0133399262559,2016-11-18
2016-11-18,289,-0.0481680866028,11,10,0.00586154358461,29,0.00790679827332,29,0.00877679418772,29,0.0090064574033,29,0.00278841843829,29,0.0031800516881,29,0.00423801783472,29,0.0052056373097,29,0.00438501732424,29,0.00300422101282,28,-0.0028573225718,2016-11-21
2016-11-21,289,0.101012499014,11,0,0.00645909830928,29,0.0104449987411,29,0.00803402159363,29,0.0073545021005,29,0.00903412140906,29,0.00662728818133,29,0.0120663745329,29,0.012538404204,29,0.00737782614306,29,0.0073977583088,28,0.00093865999952,2016-11-22
2016-11-22,289,0.195777536447,11,0,-0.000574048201088,29,-0.00628890888765,29,-0.00289831892587,29,-0.00788033008575,29,-0.00234156637453,29,0.000150261257659,29,-0.00500173820183,29,-0.00764185376465,29,0.00460344133899,29,0.00363605795428,28,0.00421010615537,2016-11-23
2016-11-23,289,0.0823815547135,11,2,0.00919997040182,29,-0.000817243417259,29,0.000477893598145,29,0.00159307394642,29,0.0042964159511,29,0.00247580418363,29,0.00513818953186,29,0.00432221032679,29,0.00471367081627,29,-0.00288210599683,28,-0.0120820763987,2016-11-24
2016-11-24,289,0.0310251797508,11,2,0.00953962653875,29,0.00789190176874,29,0.00694682495669,29,0.00917345099151,29,0.00635803584009,29,0.0107416510582,29,0.00833137240261,29,0.00576961645856,29,0.00609817169607,29,0.008036211133,28,-0.00150341540575,2016-11-25
2016-11-25,289,-0.00524958067227,11,0,0.00638513732702,29,0.010855906643,29,0.000270031654509,29,0.00320128328167,29,0.00745863327757,29,0.00538325915113,29,0.00610547652468,29,0.00585092324764,29,0.00221374537796,29,0.00228486093692,28,-0.00410027639009,2016-11-28
2016-11-28,286,-0.071795558399,14,2,0.00837448146194,29,0.0022109746933,29,0.00839791167527,28,0.0088467579335,29,-0.000531988509465,28,0.000889058748726,29,-0.00204798881896,29,0.00562024349347,28,0.000414126901887,29,0.00300025939941,28,-0.00537422206253,2016-11-29
2016-11-29,287,0.253307424205,13,5,-0.0128490617499,29,-0.0148826818913,29,-0.00688136229292,29,-0.00781324040145,28,-0.00334987766109,29,-0.00810921378434,29,-0.00708647305146,28,-0.00805916264653,29,-0.0080162268132,29,0.0016774876276,28,0.0145265493775,2016-11-30
2016-11-30,287,0.0814050822277,13,0,-0.00150213565212,29,0.015841640532,29,0.0131325861439,29,0.0136807495728,28,0.00963421352208,29,0.00901477131993,29,0.00403146678582,28,0.00922392960638,29,0.00856848619878,29,0.00585450883955,28,0.00735664449167,2016-12-01
2016-12-01,288,0.0717110739483,12,0,-0.0158255659044,29,-0.0149196349084,29,-0.00692621991038,29,-0.0126772848889,29,-0.00854580756277,28,-0.0151085974649,29,-0.00842089671642,29,-0.00800421927124,29,-0.0139352492988,29,-0.0138428341597,28,0.00198273174465,2016-12-02
2016-12-02,287,0.246781941009,13,16,-0.0224725883454,29,-0.0254413373768,29,-0.0183466225863,29,-0.0139855211601,28,-0.0199918504804,29,-0.00620926870033,29,-0.011868596077,28,-0.00836070068181,29,-0.00183931097854,29,-0.00508023565635,28,0.0173923526891,2016-12-05
2016-12-05,286,0.176178428382,14,9,-0.00987423863262,29,-0.0042228596285,29,-0.00403526006266,28,-0.00794817693532,29,-0.00395791884512,28,-0.00498758908361,29,-0.00652808137238,29,-0.00524637103081,28,0.00225828425027,29,-0.00218427181244,28,0.00768996682018,2016-12-06
2016-12-06,285,0.0473213819525,15,13,0.0105593120679,29,0.0133672887459,28,0.0061798854731,29,0.00439429050311,28,0.00310290465131,29,0.0101765310392,28,0.00886270962656,29,0.00866603199393,28,0.00786257814616,29,0.00740864221007,28,-0.00315066985786,2016-12-07
2016-12-07,286,0.273376875697,14,0,-0.00473410729319,29,-0.00761569151655,29,-0.0101718055084,28,-0.0068079684861,29,-0.00467909220606,28,-0.00713575072587,29,-0.00559396389872,29,-0.00161065801512,28,-0.00504504796118,29,-0.000469697377412,28,0.00426440991578,2016-12-08
2016-12-08,288,-0.0723948391918,12,12,0.000725970196072,29,0.00396840553731,29,0.00449549546465,29,0.0025571892038,29,0.00613365229219,28,0.00491798948497,29,0.000386468309443,29,0.00199598493055,29,-0.00175431882963,29,-0.00148679525591,28,-0.00221276545199,2016-12-09
2016-12-09,288,-0.229945293701,12,3,-0.0178149715066,29,-0.0257563106716,29,-0.0284391641617,29,-0.0354424789548,29,-0.0365904532373,28,-0.0384825356305,29,-0.0338992215693,29,-0.0358809195459,29,-0.0347745753825,29,-0.0413912162185,28,-0.0235762447119,2016-12-12
2016-12-12,289,0.307342437306,11,11,-0.0040665208362,29,-0.00534914480522,29,0.00127868202981,29,0.00467852689326,29,0.00572937726974,29,0.00606197305024,29,0.0053916554898,29,0.0110121723264,29,0.0040802708827,29,0.00894549489021,28,0.0130120157264,2016-12-13
2016-12-13,290,0.0742620964599,10,0,-0.0145949209109,29,-0.00612364150584,29,-0.00224949978292,29,-0.0128329070285,29,-0.011109072715,29,-0.00874822307378,29,-0.00779350893572,29,-0.00914772599936,29,-0.00327175250277,29,-0.0091582396999,29,0.00543668121099,2016-12-14
2016-12-14,288,-0.0108863302306,12,16,0.00118498143274,29,-0.00712984381244,29,-0.0101232053712,29,-0.00522255711257,29,0.0025185176637,28,-0.00489133782685,29,0.000933803385124,29,0.000353833718691,29,-0.00668923184276,29,-0.00216795504093,28,-0.00335293647368,2016-12-15
2016-12-15,287,0.20058387602,13,0,-0.00122144096531,29,-0.00496419752017,29,0.00586221320555,29,0.00645886361599,28,0.00651357928291,29,0.0033440918196,29,0.00805970560759,28,0.00422755395994,29,0.00497538689524,29,0.0048004812561,28,0.00602192222141,2016-12-16
2016-12-16,287,0.0836028859874,13,0,-0.00397672317922,29,-0.00576706184074,29,-0.00347771309316,29,-0.00400638999417,28,-0.0035329440143,29,-0.00349937635474,29,0.000999676296487,28,-0.00354766426608,29,-0.00437550712377,29,-0.0032563698478,28,0.000720353331417,2016-12-19
2016-12-19,289,0.171543549156,11,2,-0.0125810895115,29,-0.00964920502156,29,-0.00472348742187,29,-0.00401045940816,29,-0.000462856783997,29,-0.00597553420812,29,-0.00362660549581,29,-0.00486355600879,29,-0.00723191583529,29,-0.000596961821429,28,0.0119841276901,2016-12-20
2016-12-20,288,0.135129283387,12,0,0.00446438975632,29,0.0115574225783,29,0.0121504496783,29,0.0114507265389,29,0.0105049926788,28,0.014539219439,29,0.0123822335154,29,0.0119322249666,29,0.00993746705353,29,0.0113258613274,28,0.00686147157103,2016-12-21
2016-12-21,288,-0.0879384675316,12,0,0.00316395214759,29,0.00091093161609,29,0.00291352230124,29,-0.00115756946616,29,-0.00383226573467,28,-0.00334021751769,29,-0.00216661230661,29,4.68348625873e-05,29,-0.000331346323946,29,-0.00455395458266,28,-0.00771790673025,2016-12-22
2016-12-22,290,-0.0983985323352,10,4,-0.00059559836518,29,-0.0099885398522,29,-0.00833515264094,29,-0.0122193405405,29,-0.0118187190965,29,-0.00868907291442,29,-0.0101405177265,29,-0.0103047033772,29,-0.0103574721143,29,-0.010711049661,29,-0.0101154512959,2016-12-23
2016-12-23,289,0.0815578903441,11,15,0.00074827671051,29,0.00309038767591,29,0.00293581024744,29,0.00362722412683,29,0.00294685782865,29,0.00336866965517,29,0.00278423563577,29,0.0033994235564,29,0.00799027644098,29,0.00415315385908,28,0.00340487714857,2016-12-26
2016-12-26,289,0.189129860576,11,0,-0.00550832832232,29,-0.00315515347756,29,-0.00493973307312,29,-0.000798833789304,29,-0.00341493100859,29,-0.00316201406531,29,-0.00179618597031,29,-0.00035402897629,29,-0.000665113853756,29,-0.000968847947661,28,0.00453948037466,2016-12-27
2016-12-27,290,0.0856972351996,10,19,-0.00469379592687,29,-0.00541058089584,29,-0.00400448869914,29,-0.00502390880138,29,-0.00709324888885,29,-0.00399664370343,29,-0.00316974218003,29,-0.00194619852118,29,-0.0056745740585,29,-0.00477118324488,29,-7.73873180151e-05,2016-12-28
2016-12-28,289,0.117399867838,11,5,-0.0060241878964,29,-0.0019785144832,29,-0.00410734582692,29,-0.000168629761902,29,0.00332570495084,29,-0.000397460215027,29,-0.00220661330968,29,0.00340090738609,29,-0.000643602747004,29,0.000255642196862,28,0.00627983009326,2016-12-29
2016-12-29,289,0.0505849685012,11,9,-0.0049553392455,29,0.00677008274943,29,0.0025879740715,29,0.000939136953093,29,0.00377208599821,29,0.000596934347413,29,-0.000562320521567,29,0.00318687339313,29,0.00513566564769,29,0.00160448043607,28,0.00655981968157,2016-12-30
2016-12-30,289,0.256555937323,11,7,0.00199276814237,29,0.00940208416432,29,0.00946645066142,29,0.00603511603549,29,0.010519919917,29,0.0104634519666,29,0.00755496462807,29,0.0131656173617,29,0.0119916759431,29,0.00998597871512,28,0.00799321057275,2017-01-03
2017-01-03,290,0.231944314105,10,0,0.00717278802767,29,0.00279914913699,29,0.00687944283709,29,0.0102881621569,29,0.00595817295834,29,0.0112824132666,29,0.00678599905223,29,0.0143960341811,29,0.0146630387753,29,0.00975215807557,29,0.0025793700479,2017-01-04
2017-01-04,289,0.0908567474087,11,0,-0.00369847426191,29,0.000202043302124,29,-7.26210637367e-05,29,0.00146836042404,29,0.00112277059816,29,0.00157308578491,29,0.00390437152237,29,0.000571096781641,29,-0.00141181005165,29,-0.000320870953146,28,0.00337760330876,2017-01-05
2017-01-05,288,-0.117350705934,12,5,-0.00823041237891,29,-0.00549301598221,29,-0.00246194936335,29,0.000665025436319,29,-0.00275162933394,28,-0.00424354849383,29,-0.00617456855252,29,-0.00846469774842,29,-0.00714552402496,29,-0.0126143861562,28,-0.00438397377729,2017-01-06
2017-01-06,288,-0.0879586375469,12,10,0.00832508131862,29,0.0027208966203,29,0.0105218375102,29,0.00859833415598,29,0.00883941352367,28,0.00363192684017,29,0.00552766909823,29,0.0036396260839,29,0.00425981450826,29,0.00466542365029,28,-0.00365965766832,2017-01-09
2017-01-09,288,0.368230044378,12,0,-0.0145129561424,29,-0.00734540494159,29,0.000487681099912,29,-0.000896809448022,29,-0.00242487667128,28,0.0023997775279,29,4.32544729847e-05,29,0.000322781765135,29,0.00167957460508,29,-0.00168717117049,28,0.0128257849719,2017-01-10
2017-01-10,288,0.136627677778,12,10,-0.0135810170323,29,-0.00866760499775,29,-0.00794591195881,29,-0.005874754861,29,-0.0114203346893,28,-0.00867894012481,29,-0.00889438204467,29,-0.00875848717988,29,-0.00653174426407,29,-0.00550374155864,28,0.00807727547362,2017-01-11
2017-01-11,288,0.12669359921,12,32,-0.0093503575772,29,-0.0094149094075,29,-0.00885726232082,29,-0.00793990585953,29,-0.00764252897352,28,-0.00614673504606,29,-0.00773908337578,29,-0.00773392478004,29,-0.00535024423152,29,-0.00863835029304,28,0.000712007284164,2017-01-12
2017-01-12,288,0.0153808878893,12,18,-0.00932689197361,29,-0.00728783104569,29,-0.0013134253677,29,0.0018973412225,29,-0.00765250390396,28,-0.00767604215071,29,-0.00468190992251,29,-0.00334351835772,29,-0.00690848473459,29,-0.00441800057888,28,0.00490889139473,2017-01-13
2017-01-13,286,-0.496842862849,14,7,0.00342120183632,29,0.00519575318322,29,0.00341437547468,28,0.00107816781383,29,-0.00357605516911,28,-0.0116646746174,29,-0.00770505145192,29,-0.0237097907811,28,-0.020120613277,29,-0.0305250901729,28,-0.0339462920092,2017-01-16
2017-01-16,287,0.42432364563,13,0,-0.0035959770903,29,-0.000388289307011,29,-0.000459753238829,29,0.00214949250221,28,0.00409307982773,29,0.00795524660498,29,0.00728794094175,28,0.0070726540871,29,0.00848132558167,29,0.0140282129869,28,0.0176241900772,2017-01-17
2017-01-17,287,0.350942909596,13,0,-0.010591648519,29,-0.00275813508779,29,-0.000735582958441,29,-0.00057590007782,28,0.00645257905126,29,0.00158301298507,29,0.00368580641225,28,0.00290699652396,29,0.00468550249934,29,0.0058284914121,28,0.0164201399311,2017-01-18
2017-01-18,286,0.0172227167288,14,6,-0.00207931827754,29,-0.00420326599851,29,-0.0041029388085,28,-0.00147488410585,29,0.000182777643204,28,-0.00559535296634,29,0.000445635145297,29,-0.00181498483289,28,-0.00639880122617,29,-0.0012271872256,28,0.000852131051943,2017-01-19
2017-01-19,286,0.0437444374647,14,3,0.0121132321656,29,0.00962682254612,29,0.00999462418258,28,0.0100124459714,29,0.00859814696014,28,0.00860874447972,29,0.0103298835456,29,0.0102107329294,28,0.00976709276438,29,0.0102732265368,28,-0.00184000562876,2017-01-20
2017-01-20,288,0.0132991886698,12,0,0.00238479417749,29,0.00432709977031,29,0.00699774548411,29,0.00680635496974,29,0.00480240164325,28,0.00501426728442,29,0.00116971030366,29,0.00671009160578,29,0.00328515726142,29,0.00590967060998,28,0.00352487643249,2017-01-23
2017-01-23,288,-0.00678396264257,12,0,0.00240466091782,29,-0.0029852965381,29,-0.00253310496919,29,0.00149889034219,29,-0.000482863601064,28,-0.00367273553275,29,-0.00339911109768,29,-0.00659118639305,29,0.00159079243895,29,-0.000718357332516,28,-0.00312301825034,2017-01-24
2017-01-24,287,0.158751015946,13,10,0.000496506690979,29,0.00307204388082,29,0.00327788549475,29,0.00114175467752,28,0.00513795111328,29,0.00290986988693,29,0.00568417366594,28,0.00633243238553,29,0.00526317441836,29,0.0028541428037,28,0.00235763611272,2017-01-25
2017-01-25,287,0.0659342522404,13,0,0.00261080055498,29,0.00727442232892,29,0.00484957778826,29,0.00529424613342,28,0.00665174704045,29,0.00319285015576,29,0.00582213047892,28,0.00304476357996,29,0.0044499267824,29,0.00419229501858,28,0.00158149446361,2017-01-26
2017-01-26,287,0.247870668478,13,2,-0.0134021807462,29,-0.00659364275634,29,-0.00394418742508,29,-0.00461538555101,28,-0.00670388666913,29,-0.00549757480621,29,-0.00351676763967,28,-0.00351965008304,29,-0.00090708816424,29,-0.00104784755968,28,0.0123543331865,2017-02-03
2017-02-03,286,0.0869125422969,14,15,0.00290792761371,29,0.00373892136849,29,0.00559028144926,28,0.00626162625849,29,0.00455819722265,28,0.00475123850629,29,0.00535407569259,29,0.00432087061927,28,0.00462566176429,29,0.00537437619641,28,0.00246644858271,2017-02-06
2017-02-06,286,-0.0552434705424,14,0,0.00103919871617,29,-0.000462090159999,29,-0.00384670286439,28,0.00152325839736,29,-0.00432972377166,28,-0.00216151098721,29,-0.00573655869812,29,-0.0037499431055,28,0.000302172935335,29,-0.00117764936294,28,-0.00221684807912,2017-02-07
2017-02-07,286,0.140399353599,14,0,0.00371517590247,29,0.00595791591331,29,0.00721377786249,28,0.0113540049642,29,0.00825359579176,28,0.00503983395174,29,0.00705758435652,29,0.00811374653131,28,0.00636763591319,29,0.00484814168885,28,0.00113296578638,2017-02-08
2017-02-08,286,0.175948078255,14,0,-5.92387950746e-05,29,0.000850036216434,29,0.00333593785763,28,0.00687984749675,29,0.00833570118994,28,0.00550159113482,29,0.00702253682539,29,0.00528463721275,28,0.00472057471052,29,0.00225985259749,28,0.00231909139256,2017-02-09
2017-02-09,285,-0.084089985718,15,0,0.0106572592631,29,0.00761360349134,28,0.00485208723694,29,0.00339893996716,28,0.0039523798041,29,0.00241950363852,28,0.00463809631765,29,0.00551101984456,28,0.00300111225806,29,0.00155465514399,28,-0.00910260411911,2017-02-10
2017-02-10,285,0.0644960288761,15,0,0.00692052254453,29,0.0077393501997,28,0.0090161236003,29,0.00507208285853,28,0.0034621336963,29,0.00885089393705,28,0.00490531837568,29,0.00523052876815,28,0.00545106874779,29,0.00981436856091,28,0.00289384601638,2017-02-13
2017-02-13,284,0.0825650392421,16,0,-0.000792834267486,29,-0.000616999634076,28,-0.00177095260005,29,0.00488325534388,28,0.00644953968003,28,-0.00250313826837,29,0.000753928499762,28,0.00154759758152,29,0.00172556936741,28,0.00384536175989,28,0.00463819602737,2017-02-14
2017-02-14,285,0.272480521,14,2,-0.0154246548191,29,-0.0104206223041,28,-0.00651185866445,29,-0.0102656418458,28,-0.00828397087753,29,-0.00486076949164,28,-0.00293317949399,29,-0.00869918521494,28,-0.00286260154098,29,-0.00746023654938,28,0.00796441826969,2017-02-15
2017-02-15,285,0.0525816419539,14,9,0.00485409516841,29,0.00434530619532,28,0.00605379324406,29,0.00776736019179,28,0.00770266493782,29,0.00715520558879,28,0.01361451298,29,0.00476316036656,28,0.00343779870309,29,0.00845214724541,28,0.003598052077,2017-02-16
2017-02-16,284,0.276802543968,15,0,-0.0150925414637,29,-0.0072939908132,28,-0.010097312741,29,-0.0103689450771,28,-0.0075718825683,28,-0.00792419910431,29,-0.00490752095357,28,-0.00171915418468,29,-0.00544770481065,28,0.00328317284584,28,0.0183757143095,2017-02-17
2017-02-17,283,-0.045167587153,16,19,0.0102125676349,29,0.0241023506969,28,0.0139323538169,28,0.0140700321645,29,0.0141235804185,28,0.0160525273532,28,0.0173527039587,29,0.0130025194958,28,0.00986920110881,28,0.0115436315536,28,0.00133106391877,2017-02-20
2017-02-20,283,0.307935333419,16,0,0.00256924796849,29,0.00826401822269,28,0.00412122486159,28,0.00572147266939,29,0.000522688031197,28,0.00732471700758,28,0.00958898104727,29,0.0088026272133,28,0.007176799234,28,0.00952803902328,28,0.00695879105479,2017-02-21
2017-02-21,282,0.0573260534648,17,0,0.000530286110006,29,0.00202238559723,28,0.00348353385925,28,0.00365751981735,28,0.00137168599758,28,0.00272861216217,29,0.00257119117305,28,0.00395064707845,28,0.00369952409528,28,0.00310369255021,28,0.00257340644021,2017-02-22
2017-02-22,281,0.125820138785,18,0,-0.00596332550049,29,-0.00935881678015,28,-0.00526503799483,28,-0.0021288159769,28,-0.00631718337536,28,-0.00190808519255,28,-0.00344887585379,28,-0.0022720482666,28,-0.00475330231711,28,-0.00593249266967,28,3.08328308165e-05,2017-02-23
2017-02-23,281,0.126563738076,18,0,-0.00261152605526,29,0.00653469981626,28,-0.000689896114636,28,-0.00224221171811,28,0.000579782878049,28,-0.000626159540843,28,0.00277999672107,28,0.0058875232935,28,0.000594300858211,28,0.00523888645694,28,0.0078504125122,2017-02-24
2017-02-24,281,0.130988507712,18,0,-0.012494686991,29,-0.00971819274127,28,-0.0115136802197,28,-0.00578217441216,28,-0.00656229676679,28,-0.00323319225572,28,-0.00925814639777,28,-0.00728178862482,28,-0.00637476146221,28,-0.0092241121456,28,0.00327057484537,2017-02-27
2017-02-27,282,0.241591843269,17,11,-0.00205536349677,29,0.00459511158988,28,0.00290551572107,28,0.00158720358741,28,0.00441767042503,28,0.00334535376169,29,0.00749129056931,28,0.00543307000771,28,0.00469307834283,28,0.00510496553034,28,0.0071603290271,2017-02-28
2017-02-28,282,0.124763319944,17,2,0.00302543304861,29,0.0035012087319,28,0.00250095757656,28,-0.000812319747638,28,0.0046525192447,28,0.00359464716166,29,0.00145608186722,28,0.00178769661579,28,0.00403919396922,28,0.00157603190746,28,-0.00144940114114,2017-03-01
2017-03-01,282,0.131825155309,17,4,-0.0109043288976,29,-0.00638482812792,28,-0.0112037658691,28,-0.00661027198657,28,-0.00484166201204,28,-0.00574402790517,29,-0.0041565191932,28,-0.00545227527618,28,-0.00580714223906,28,-0.00850638560951,28,0.00239794328809,2017-03-02
2017-03-02,282,-0.0172945790889,17,24,0.00168932927772,29,-0.00167211249936,28,-0.00119180767797,28,-0.0022898784373,28,-0.00136885477696,28,-0.00533102313057,29,-0.00324050453492,28,-0.00338973966427,28,0.00225423485972,28,-0.00156469002832,28,-0.00325401930604,2017-03-03
2017-03-03,284,-0.0946474704468,15,0,0.00711924675852,29,0.0184465218335,28,0.00751693919301,29,0.00675662280992,28,0.00501168845221,28,0.00690772430971,29,0.00561242038384,28,0.00873723067343,29,0.0077633750625,28,0.00387473823503,28,-0.00324450852349,2017-03-06
2017-03-06,285,0.0649090412046,14,0,0.00198242370971,29,0.00139154703356,28,0.000755400513299,29,0.00135869637597,28,0.00151882704813,29,-0.00184421881568,28,0.00117455271538,29,8.41596265673e-05,28,-0.00110992067493,29,0.00277275918052,28,0.000790335470811,2017-03-07
2017-03-07,285,0.266408810346,14,0,-0.0090103559196,29,-0.00486903544515,28,-0.00637594191357,29,-0.00635828496888,28,-0.00307392864488,29,0.00106399192009,28,-0.00392922433093,29,9.85796941677e-05,28,-0.000182229894563,29,-0.00125531642698,28,0.00775503949262,2017-03-08
2017-03-08,285,-0.0196484990992,14,3,-0.0072917221114,29,-0.00692141707987,28,-0.00510237971321,29,-0.00823304709047,28,-0.00820034369826,29,-0.00856477860361,28,-0.00714236684144,29,-0.00756461685523,28,-0.00752561865374,29,-0.0092995762825,28,-0.0020078541711,2017-03-09
2017-03-09,284,0.0114246426138,15,8,0.00340559775941,29,0.00385251641273,28,-0.00283194822259,29,0.000243946909904,28,0.000925574975554,28,0.000648514949717,29,-0.0012122860644,28,-0.00200190627947,29,-0.000131868888275,28,-0.00081743724877,28,-0.00422303500818,2017-03-10
2017-03-10,283,-0.215727748834,16,14,0.0132810594514,29,0.0196912642568,28,0.0124008720741,28,0.0111631816253,29,0.0127318007872,28,0.00806985795498,28,0.00713456887752,29,0.00700945733115,28,0.00593773787841,28,0.00749546708539,28,-0.00578559236601,2017-03-13
2017-03-13,282,0.0942606281056,17,0,-0.00368994474411,29,-0.00544886523858,28,-0.00344922067598,28,0.00105114921462,28,6.09010457993e-05,28,-0.00234432867728,29,-0.00240174145438,28,-0.000465699617052,28,-0.00237692683004,28,0.000706776976585,28,0.0043967217207,2017-03-14
2017-03-14,282,0.036103828464,17,4,0.00362782855518,29,-1.13248825073e-06,28,-0.000361208396498,28,0.00397885916755,28,0.000566676259041,28,0.00044414709555,29,0.00291553139687,28,0.00231074006297,28,0.0015436836984,28,-0.000506690586917,28,-0.0041345191421,2017-03-15
2017-03-15,282,0.459307651025,17,2,-0.000685636361595,29,0.00412103300914,28,0.00612516934052,28,0.00291239796206,28,0.00500090001151,28,0.00507901236415,29,0.0087794046849,28,0.0155236124992,28,0.00997019652277,28,0.0148301571608,28,0.0155157935224,2017-03-16
2017-03-16,284,0.239340120637,15,0,-0.0142636978999,29,-0.0151840597391,28,-0.0145249143243,29,-0.010165293701,28,-0.0113232880831,28,-0.0108328107744,29,-0.00971072725952,28,-0.00989730190486,29,-0.00969458092004,28,-0.00945959519595,28,0.00480410270393,2017-03-17
2017-03-17,285,-0.0073178225633,14,21,0.00051720184274,29,0.00265440973453,28,0.00159056845587,29,-0.00688266102225,28,0.00267965835519,29,0.00538219092414,28,0.00618894351646,29,0.000224241186515,28,-0.000829281460028,29,0.000158473849297,28,-0.000358727993444,2017-03-20
2017-03-20,285,-0.126984967372,14,3,0.00626208027825,29,0.00415443303064,28,0.00832204800099,29,0.00605312827975,28,0.00230335374363,29,0.00214578420855,28,0.000371546571841,29,-0.00141868635546,28,-0.000444998004241,29,0.00264413026161,28,-0.00361795001663,2017-03-21
2017-03-21,285,-0.36399772481,14,0,0.0119565604255,29,-0.00065703690052,28,-0.00560346152633,29,-0.00438260613009,28,-0.00727158598602,29,-0.00648471480235,28,-0.0077879675664,29,-0.00805289205164,28,-0.0135783515871,29,-0.0093256784603,28,-0.0212822388858,2017-03-22
2017-03-22,284,0.140707116897,15,7,0.00364199792966,29,0.00118154287338,28,-0.00178754120134,29,0.00496952002868,28,0.0005526606692,28,0.0049883229658,29,0.00290136039257,28,0.00396225368604,29,0.00121928111184,28,0.00371788442135,28,7.58864916861e-05,2017-03-23
2017-03-23,284,0.0576887311675,15,3,0.00278020719998,29,0.0088101522997,28,0.00792542379349,29,0.00927476771176,28,0.00927297119051,28,0.0115815503523,29,0.00834275968373,28,0.00915255583823,29,0.00356081756763,28,0.00905572902411,28,0.00627552182414,2017-03-24
2017-03-24,284,0.251999789569,15,0,-0.00357462000102,29,-0.00914308615029,28,-0.00742156757042,29,-0.00249231490307,28,-0.00422821287066,28,-0.00320729101077,29,-0.0034468898084,28,0.00145264330786,29,0.000384811835829,28,0.00132414698601,28,0.00489876698703,2017-03-27
2017-03-27,284,0.0581990536501,15,5,-0.00617927312851,29,-0.00591962877661,28,-0.00232582679018,29,-3.22929440699e-06,28,-0.00111385749187,28,-0.00103378295898,29,-0.00153853429947,28,-0.00431934092194,29,-0.00622215447947,28,-0.000707928615157,28,0.00547134451335,2017-03-28
2017-03-28,287,-0.150378995226,12,10,0.00263180001639,29,0.00215009995736,29,-0.000182067524293,29,-0.000160706898896,28,-0.00400182092562,29,-0.00261063827202,29,-0.00439854199067,28,-0.0017841294175,29,-0.00426850048825,29,-0.00433107977733,28,-0.00696287979372,2017-03-29
2017-03-29,286,-0.0451062845179,13,17,-0.0101546505466,29,-0.0141248581931,29,-0.0129644935951,28,-0.0124493734911,29,-0.00770798092708,28,-0.0068252068013,29,-0.0118823219091,29,-0.0128388302401,28,-0.00906288437545,29,-0.0179188717157,28,-0.00776422116905,2017-03-30
2017-03-30,287,0.226738405106,12,5,-0.00714630074799,29,0.00596295949072,29,0.0050762873143,29,0.00663614505902,28,0.00455649569631,29,0.00197976408526,29,0.000295430421829,28,0.00962338596582,29,0.0107410158962,29,0.0084374146536,28,0.0155837154016,2017-03-31
2017-03-31,287,0.253209934781,12,3,0.0160712432116,29,0.0117679033428,29,0.0170214045793,29,0.0258099734783,28,0.0185621157289,29,0.0200718846172,29,0.0201310720295,28,0.0267358068377,29,0.0161363016814,29,0.018844300881,28,0.0027730576694,2017-04-05
2017-04-05,285,0.100480269962,14,7,-9.79900360107e-05,29,0.00369311869144,28,0.000881256710272,29,-0.00110116170254,28,-0.00171397672966,29,0.00417770212516,28,0.00208113109693,29,0.00272498163395,28,0.00383143173531,29,0.0163016524166,28,0.0163996424526,2017-04-06
2017-04-06,285,0.23115932506,14,5,-0.00153740111273,29,0.00130468176212,28,0.00328253046609,29,0.000814725237433,28,0.000220072673983,29,0.00369888963178,28,0.00199881289154,29,0.000474316737382,28,0.00272742006928,29,0.0163915473968,28,0.0179289485095,2017-04-07
2017-04-07,284,-0.247033569212,15,6,0.023275854066,29,-0.0058724838309,28,-0.00331285898574,29,-0.00689063547179,28,-0.00102249428164,28,-0.00929250381887,29,-0.00322890700772,28,-0.00802927836776,29,-0.0101466048509,28,-0.00842952914536,28,-0.0317053832114,2017-04-10
2017-04-10,284,-0.164870617509,15,10,0.0297118555754,29,0.00630923453718,28,0.0108511447906,29,0.00557817751542,28,0.00624395906925,28,0.00151095096953,29,0.0059810387902,28,0.00445996690542,29,0.00222543510608,28,0.00816301163286,28,-0.0215488439426,2017-04-11
2017-04-11,285,0.242505631211,14,0,-0.018254108727,29,-0.00973503105342,28,-0.00393921555951,29,-0.00612606760114,28,-0.00784198008478,29,0.00241849245504,28,0.0042667244561,29,0.00246803252958,28,-0.000931359594688,29,0.00423750514165,28,0.0224916138686,2017-04-12
2017-04-12,285,0.0724407491096,14,6,0.00680059380829,29,0.00665697036311,28,0.00272923288867,29,0.00107955292333,28,-0.000724089564756,29,0.00584144657478,28,2.08225737879e-05,29,0.00374931516126,28,4.66005549242e-05,29,0.00381025252864,28,-0.00299034127966,2017-04-13
2017-04-13,283,0.0608850759813,16,4,-0.0121631929651,29,-0.0117075890303,28,-0.00827747583389,28,-0.00916574336588,29,-0.00806563626975,28,-0.0127317523584,28,-0.00719647761434,29,-0.00735201779753,28,-0.0107239829376,28,-0.0101822102442,28,0.00198098272085,2017-04-14
2017-04-14,282,0.135024323531,17,4,-0.0220633372664,29,-0.00237973663025,28,-0.00684175314382,28,-0.00528137618676,28,-0.00512112909928,28,-0.0070514595136,29,-0.000110147251689,28,-0.00338354706764,28,-0.00365326669998,28,-0.00035771727562,28,0.0217056199908,2017-04-17
2017-04-17,284,0.0565177974813,15,4,-0.0102794338018,29,-0.00657775765285,28,-0.00464561488479,29,-0.0109023051336,28,-0.0040480196476,28,-0.00144484743942,29,-0.00866884645075,28,-0.00572141306475,29,-0.00385332317092,28,-0.0108909709379,28,-0.000611537136137,2017-04-18
2017-04-18,283,-0.194246588479,16,40,0.00122690200806,29,-0.00464325491339,28,-0.00364665477537,28,-0.0114251291379,29,-0.00992081873119,28,-0.0115236146376,28,-0.00750642409548,29,-0.00610732613131,28,-0.00903537217528,28,-0.0124078094959,28,-0.013634711504,2017-04-19
2017-04-19,281,0.0136255804836,18,3,-0.00740214064717,29,-0.00046121221385,28,0.000607516092714,28,0.00871539954096,28,0.0178192090243,28,0.00536643201485,28,0.00563991069794,28,0.0110687743872,28,-0.00453389948234,28,-0.00637093838304,28,0.00103120226413,2017-04-20
2017-04-20,280,0.308849369533,19,0,-0.0165787432343,28,-0.00596071360633,28,-0.000870185263921,28,-0.000568800722249,28,0.00311523256823,28,0.00284320744686,28,0.00460947817191,28,0.00173821835779,28,0.00334083614871,28,0.00433756411076,28,0.020916307345,2017-04-21
2017-04-21,279,-0.330377042454,20,4,-0.00706159649417,28,-0.01442365814,28,-0.00800100620836,28,-0.00940441899002,28,-0.00434362655506,28,-0.0191371943802,28,-0.020294547081,28,-0.0299400277436,28,-0.0222094357014,28,-0.0238951444626,27,-0.0168335479684,2017-04-24
2017-04-24,278,0.27144280329,21,9,0.0023004966788,28,-0.00638681650162,28,-0.00642673904076,28,0.00249701947905,28,-0.00253111124039,27,0.0056098527275,28,0.00445188162848,28,0.00494348164648,28,0.00183724297676,28,0.00224888534285,27,-5.16113359481e-05,2017-04-25
2017-04-25,279,-0.0402119206115,20,8,-2.95447443932e-05,28,0.00983436591923,28,-0.00242788228206,28,0.00567951798439,28,0.000131724140374,28,-0.0012387058232,28,-0.00269050034694,28,0.00329455104657,28,-0.000546410679817,28,0.00141691719182,27,0.00144646193621,2017-04-26
2017-04-26,279,-0.0337536725116,20,8,-0.00272165238857,28,0.00340085360222,28,-0.00431503588334,28,0.000647987646516,28,-0.00143661664333,28,0.00330057740211,28,0.00584153831005,28,-0.000978474156,28,-0.00485329562798,28,0.00131547893398,27,0.00403713132255,2017-04-27
2017-04-27,280,0.0641017306647,19,0,-0.00101462437306,28,0.00346650392748,28,-0.00270000519231,28,0.000361548998626,28,0.00387784838676,28,-0.00665542902425,28,0.00438356818631,28,-0.00197162153199,28,0.00302366912365,28,0.00315727293491,28,0.00417189730797,2017-04-28
2017-04-28,281,0.0015838485844,18,0,-0.00110285030678,29,-0.00312156346627,28,-0.00993022788316,28,-0.00670865597203,28,-0.00711612636223,28,-0.00644780043513,28,-0.00478707486764,28,-0.00182957737707,28,-0.00326109561138,28,-0.00923476461321,28,-0.00813191430643,2017-05-02
2017-05-02,281,-0.0573967422639,18,8,-0.0189276188612,29,4.49908620794e-05,28,-0.00108144967817,28,-0.00130858377088,28,-0.00579031882808,28,-0.00722775282338,28,-0.00448656314984,28,0.000195192435058,28,-0.00509699108079,28,-0.00916730891913,28,0.00976030994207,2017-05-03
2017-05-03,281,0.0186914786976,18,3,-0.00895754806697,29,-0.000953340088017,28,-0.00320717482828,28,-0.00501676741987,28,-0.00107518269215,28,0.00110048055649,28,-0.00430042622611,28,-0.00297297746874,28,-0.00502537190914,28,-0.00621961057186,28,0.00273793749511,2017-05-04
2017-05-04,281,-0.140009586741,18,6,-0.0139822484925,29,-0.0112923784181,28,-0.00872058328241,28,-0.00576971052215,28,-0.00498649477959,28,-0.00773046491668,28,-0.00837810989469,28,-0.00906151719391,28,-0.015344157815,28,-0.0250986348838,28,-0.0111163863912,2017-05-05
2017-05-05,281,-0.359261243244,18,23,-0.00426607113332,29,-0.00222783209756,28,-0.00268810777925,28,0.00184046791401,28,-0.0099566327408,28,-0.0151035171002,28,-0.0183426644653,28,-0.0174499861896,28,-0.0164031200111,28,-0.0232605468482,28,-0.0189944757149,2017-05-08
2017-05-08,282,0.380040978771,17,18,-0.0115106534213,29,-0.00295407208614,28,-0.00846645236015,28,-0.00178981258068,28,0.00133106543217,28,0.00217340933159,29,0.00729719223455,28,0.00582101522014,28,0.00517606502399,28,0.00163490010891,28,0.0131455535302,2017-05-09
2017-05-09,282,0.140631599599,17,0,-0.0216393992305,29,-0.00892630405724,28,-0.0158849637955,28,-0.0172501914203,28,-0.016485914588,28,-0.0140785044059,29,-0.0134222162887,28,-0.0118215251714,28,-0.00938152801245,28,-0.0122266877443,28,0.00941271148622,2017-05-10
2017-05-10,281,-0.15986116298,18,31,-0.00385326356627,29,0.00831027515233,28,0.00692052906379,28,0.005087739788,28,-0.00185826851521,28,-0.00341246812604,28,0.00389144034125,28,-0.00430709356442,28,0.0060717696324,28,-0.0102190095931,28,-0.00636574602686,2017-05-11
2017-05-11,280,0.215986289598,19,0,-0.00329042971134,28,0.00787264294922,28,0.00213903398253,28,-0.000746775942389,28,0.00304606975988,28,0.00391720468178,28,0.00449433922768,28,0.00867566280067,28,-0.000961999816354,28,0.0098989540711,28,0.0131893837824,2017-05-12
2017-05-12,280,0.140759235484,19,2,-3.31593400915e-05,28,0.0033515158575,28,0.00437505962327,28,0.00668022269383,28,0.00497134262696,28,0.00673069059849,28,0.00564421294257,28,0.00454369420186,28,0.00202420772985,28,0.00196307036094,28,0.00199622970104,2017-05-15
2017-05-15,279,0.0797258160373,20,10,0.0136625422165,28,0.0120431082323,28,0.013099768199,28,0.0121743744239,28,0.019248412922,28,0.00815474335104,28,0.0171770285815,28,0.0136580150574,28,0.0132242990658,28,0.0122514981776,27,-0.00141104403883,2017-05-16
2017-05-16,278,-0.107558545551,21,0,0.000854826415889,28,0.000864580273628,28,0.00152860151138,28,0.00246829213575,28,0.00577352242544,27,-0.00190169899724,28,-0.00277538807131,28,-0.0019088749541,28,-0.000561439548619,28,-0.0081410035491,27,-0.00899582996499,2017-05-17
2017-05-17,278,0.214088999965,21,9,-0.00760791776702,28,-0.00674179615453,28,-0.00992381107062,28,-0.0042717969045,28,-0.00516066513956,27,0.00164525210857,28,-0.00720979692414,28,-0.00463721808046,28,-0.00319046201184,28,-0.00186654378194,27,0.00574137398507,2017-05-18
2017-05-18,279,0.0972378162345,20,9,0.00376445264556,28,-0.00514109013602,28,0.00355360773392,28,-0.0015240375651,28,-0.00101482437458,28,-0.00197113631293,28,-0.000178471207619,28,3.15840770782e-05,28,0.00135104788933,28,0.000950720568653,27,-0.0028137320769,2017-05-19
2017-05-19,281,-0.0800562597612,18,2,-0.0039907200262,29,-0.00629652384669,28,0.00122344703414,28,-0.00559201603755,28,-0.00886144395918,28,-0.00355553627014,28,-0.00538168428466,28,-0.0106148570776,28,-0.00992467813194,28,-0.00706768268719,28,-0.003076962661,2017-05-22
2017-05-22,281,-0.408040879374,18,7,-0.0121718505397,29,0.00839950144291,28,0.00411310140043,28,0.00203297822736,28,0.000130027532578,28,-0.00590630108491,28,-0.00719976006076,28,-0.00983909796923,28,-0.0250794403255,28,-0.0325868278742,28,-0.0204149773344,2017-05-23
2017-05-23,281,0.348173352978,18,7,-0.0026532493066,29,-0.000471508916235,28,-0.0032894143369,28,-0.00160514249001,28,0.00183770910371,28,0.000692786939908,28,0.0125108640641,28,0.00142179429531,28,0.00646513700485,28,0.0105605227873,28,0.0132137720939,2017-05-24
2017-05-24,281,0.145955264464,18,0,0.0124453576282,29,0.0185036994517,28,0.0114412112162,28,0.00853223074228,28,0.0127100264654,28,0.0187258422375,28,0.0188695173711,28,0.01387010701,28,0.0203146543354,28,0.0151672577485,28,0.00272190012038,2017-05-25
2017-05-25,280,0.230492930766,19,0,-0.00476203020662,28,-0.00290913460776,28,-0.0059508937411,28,-0.00277297827415,28,0.0020712018013,28,0.000488064106321,28,1.0909779121e-05,28,-0.000122068180644,28,0.000719483417924,28,0.00247455062345,28,0.00723658083007,2017-05-26
2017-05-26,279,-0.092913677139,20,10,0.000337451696396,28,0.00484542548656,28,0.00437945546582,28,0.00901102554053,28,0.00684334570542,28,0.00450094882399,28,0.00387467234395,28,0.00301980553195,28,0.00427450006828,28,0.000351557013346,27,1.410531695e-05,2017-05-31
2017-05-31,279,-0.432199468991,20,17,-0.00145354436245,28,0.0052647953853,28,0.00447860779241,28,0.000167787075043,28,0.00206759152934,28,-0.0172409415245,28,-0.00698286062106,28,-0.01420061104,28,-0.0202732346952,28,-0.0212832130492,27,-0.0198296686867,2017-06-01
2017-06-01,278,0.469700219285,21,19,-0.00580086233094,28,-0.00703791202977,28,-0.00399136124179,28,0.000763937830925,28,0.00325567857362,27,0.00357540161349,28,0.0015749548329,28,0.0121936267242,28,0.00848746765405,28,0.0115470997989,27,0.0173479621299,2017-06-02
2017-06-02,276,-0.495894862741,23,4,0.0121678430587,28,-0.000539734959602,28,0.00638601090759,27,0.00678606331348,28,0.00623973878101,27,0.00449421582744,28,-0.00107723043766,28,-0.00686207972467,27,-0.00972025562078,28,-0.010314851068,27,-0.0224826941267,2017-06-05
2017-06-05,275,0.0962453215852,24,6,0.00339206634089,28,0.000350409070961,27,0.00942525733262,28,0.00654509104788,27,0.00561578571796,28,0.00746208848432,27,0.00637982552871,28,0.00910251028836,27,0.00202828855254,28,0.00348492246121,27,9.28561203182e-05,2017-06-06
2017-06-06,274,-0.0495887318357,25,0,0.0166641306132,28,0.0136207649484,27,0.0136607885361,28,0.0157491471618,27,0.0238615106791,27,0.0129337115213,28,0.0143064921722,27,0.0160271264613,28,0.0117106419057,27,0.015043316409,27,-0.00162081420422,2017-06-07
2017-06-07,274,-0.0201842156813,25,0,0.0095278089866,28,0.00240329024382,27,0.00111592456233,28,0.0025638982188,27,0.00226696766913,27,0.0009351457702,28,-4.26327751484e-05,27,0.00371809094213,28,0.00641989707947,27,0.00372394360602,27,-0.00580386538059,2017-06-08
2017-06-08,274,0.0658105778794,25,5,-0.000851379998494,28,0.010828753002,27,-0.00066261633765,28,0.0034700257238,27,0.00397025421262,27,0.00258511304855,28,0.00347740342841,27,0.000980400596745,28,-0.00126954144798,27,0.00839166063815,27,0.00924304063665,2017-06-09
2017-06-09,274,-0.130880057891,25,2,-0.00213236035779,28,-0.00377262965776,27,0.000758716021664,28,-0.0100190993398,27,-0.00724054034799,27,-0.00401806598529,28,-0.00696946959943,27,-0.011120332405,28,-0.00904888752848,27,-0.00766266928986,27,-0.00553030893207,2017-06-12
2017-06-12,275,0.364739279212,24,18,0.00147756084334,28,0.00656483368948,27,0.00637023150921,28,0.00764580350369,27,0.00520194647834,28,0.000477428780869,27,0.0156478080899,28,0.0130181293935,27,0.015276200138,28,0.0129177551717,27,0.0114401943283,2017-06-13
2017-06-13,276,-0.00360572944444,23,0,-0.00212091417052,28,-0.0117902308702,28,-0.00743998866528,27,-0.00631002429873,28,-0.0105099435896,27,-0.00542342662811,28,-0.00757154403254,28,-0.00436732266098,27,-0.0104272710159,28,-0.00633971346542,27,-0.0042187992949,2017-06-14
2017-06-14,276,0.120153100212,23,7,0.00341703626327,28,0.00279871909879,28,0.0060354359448,27,-0.0014974687947,28,0.00541185447946,27,0.00688791042194,28,0.00730987964198,28,0.00269628898241,27,0.00338287441991,28,0.00542543781921,27,0.00200840155594,2017-06-15
2017-06-15,277,0.0917716616514,22,0,-0.00257752626203,28,0.000469697377412,28,-0.00292006554082,28,-0.00411034515128,27,-0.000934692390729,28,-0.00155258609448,28,-0.00334745203145,27,-0.000955347495619,28,0.000382936414098,28,-0.00285187247209,27,-0.000274346210063,2017-06-16
2017-06-16,276,0.10125666845,23,10,0.00696168607101,28,0.00653635617346,28,0.00757198408246,27,0.00616203248501,28,0.00868791528046,27,0.00978044979274,28,0.00884994864464,28,0.0094380248338,27,0.00756795471534,28,0.00851266272366,27,0.00155097665265,2017-06-19
2017-06-19,276,0.204316392831,23,0,-0.0042162197642,28,-0.00417148834094,28,-0.00422998936847,27,-0.00315213832073,28,0.00223167520016,27,-0.00108795927372,28,0.00164669961669,28,-0.00131520302966,27,-0.000124841928482,28,0.000972633017227,27,0.00518885278143,2017-06-20
2017-06-20,277,0.0540933056817,22,8,0.0068600201048,28,0.00775374239311,28,0.00667550321668,28,0.0142093366012,27,0.00236674281769,28,0.00883817672729,28,0.00922222062945,27,0.00512752588838,28,0.00678221462294,28,0.0106603084132,27,0.00380028830841,2017-06-21
2017-06-21,278,0.249643334566,21,0,-0.0155231971294,28,-0.00761793972924,28,-0.00208072573878,28,-0.00257349875756,28,-0.00450410461053,27,-0.00591798778623,28,-0.000406701641623,28,-0.00566497677937,28,0.00197294983082,28,-0.000318427890306,27,0.0152047692391,2017-06-22
2017-06-22,278,-0.284065867599,21,22,0.0201344750822,28,0.00950615573674,28,0.00446994835511,28,0.00973696168512,28,0.00416879542172,27,0.00365943345241,28,0.00410629576072,28,0.00105385913048,28,0.00276323943399,28,0.00062838307349,27,-0.0195060920087,2017-06-23
2017-06-23,278,-0.0263395496532,21,0,0.0149628305808,28,0.0241564065218,28,0.0168734006584,28,0.013593708165,28,0.0207837596536,27,0.0140681862831,28,0.0115362768993,28,0.0108623253182,28,0.0137873273343,28,0.0137754837051,27,-0.00118734687567,2017-06-26
2017-06-26,278,0.192392818304,21,0,-0.00321456580423,28,-0.00185703171883,28,-3.57521421392e-05,28,0.00423947628587,28,-0.000414327339968,27,0.0013880005572,28,0.00231546792202,28,0.00387129397132,28,0.000407238083426,28,0.00496407551691,27,0.00817864132114,2017-06-27
2017-06-27,277,0.0528776336697,22,0,-0.00348663539626,28,-0.00891904067248,28,-0.00928665231913,28,-0.00511474534869,27,-0.00445808470249,28,-0.00559923285618,28,-0.00611742120236,27,-0.00726861832663,28,-0.00710232136771,28,-0.00769070582464,27,-0.00420407042839,2017-06-28
2017-06-28,277,0.02775652531,22,14,0.00751898111776,28,0.00473768776283,28,0.00858811847866,28,0.00972401257604,27,0.00532841263339,28,0.00270291301422,28,0.00810435786843,27,0.00498835975304,28,0.00409034732729,28,0.00606381660327,27,-0.00145516451448,2017-06-29
2017-06-29,277,0.0886946358283,22,2,-0.00127081573009,28,-0.00160821422469,28,-0.000257334526395,28,0.00230859173462,27,0.00213200063445,28,0.000602681713644,28,-0.00134750432335,27,0.00191498862114,28,0.00214981171302,28,-0.000473874591989,27,0.000796941138105,2017-06-30
2017-06-30,283,0.13257080422,17,0,0.00213676085696,29,0.000277408544207,28,-0.00173264741898,28,0.00129052693956,29,-0.00336434575729,28,0.00378807960078,28,0.000150394844241,29,0.00662362808362,28,0.00278580398299,28,0.00560497166589,28,0.00346821080893,2017-07-03
2017-07-03,283,0.02235346177,17,0,-0.00810939725488,29,-0.0053489273414,28,-0.00626661535352,28,-0.00874285493046,29,-0.00519973458722,28,-0.00482925539836,28,-0.00647783093154,29,-0.0111556136981,28,-0.00167339190375,28,-0.00835362542421,28,-0.000244228169322,2017-07-04
2017-07-04,282,0.124658669876,18,7,0.00796620361507,29,0.0101998234168,28,0.0100798178464,28,0.00145541341044,28,0.00703055504709,28,0.0105224112049,29,0.00774835469201,28,0.00765035394579,28,0.00818614009768,28,0.0102818990126,28,0.00231569539756,2017-07-05
2017-07-05,281,-0.0661055539025,19,0,0.0112448371947,29,0.00246991217136,28,-0.00490733142942,28,-0.00127711042296,28,-0.00149588077329,28,-0.0035152498167,28,-0.000876137171872,28,-0.00448346557096,28,-0.000522172893398,28,-0.000239191314904,28,-0.0114840285096,2017-07-06
2017-07-06,281,-0.0858473844523,19,0,0.0149858351797,29,0.00235029193573,28,9.16740755201e-05,28,0.000444152537966,28,-0.00097094476223,28,0.0063015264459,28,0.00309946271591,28,0.00352592137642,28,0.00355951068923,28,-0.0017001607921,28,-0.0166859959718,2017-07-07
2017-07-07,280,-0.0784574545666,20,0,0.00369026395492,28,-2.3130860427e-05,28,-0.00308139203116,28,-0.00427875993773,28,0.00540482578799,28,-0.00209847302176,28,-0.0114549845457,28,-0.00404472881928,28,-0.001190730487,28,-0.00204984843731,28,-0.00574011239223,2017-07-10
2017-07-10,280,0.220574168892,20,6,-0.0101816849783,28,-0.0092998938635,28,-0.00663779908791,28,-0.00761000579223,28,-0.000851060671266,28,-0.00346749392338,28,0.00129161775112,28,0.00516831455752,28,-0.00648386124521,28,-0.000344231724739,28,0.00983745325357,2017-07-11
2017-07-11,280,-0.0900358717144,20,16,-0.00199269829318,28,0.00454989913851,28,-0.00345819769427,28,-0.00882535334677,28,-0.00218259426765,28,1.75982713699e-05,28,-0.00274883420207,28,-0.00378420739435,28,-0.00248156487942,28,-0.00722528761253,28,-0.00523258931935,2017-07-12
2017-07-12,280,0.130978820679,20,0,0.00215475261211,28,0.00402153609321,28,0.00386602547951,28,0.00314879207872,28,0.00927505083382,28,0.0111113637686,28,0.00562938814983,28,0.00849508773535,28,0.0126171093434,28,0.00421746727079,28,0.00206271465868,2017-07-13
2017-07-13,281,0.0380054624544,19,2,0.0007613733178,29,0.000572672928683,28,0.00115448026918,28,0.00540651613846,28,0.00398908555508,28,-0.000329990463797,28,0.00224471511319,28,0.00626205140725,28,0.00341181247495,28,-0.0102816205472,28,-0.011042993865,2017-07-14
2017-07-14,280,-0.432268768373,20,0,-0.0087778782472,28,-0.0148281073198,28,-0.0133070927113,28,-0.0146336685866,28,-0.020933136344,28,-0.0333116352558,28,-0.0310182012618,28,-0.0417685844004,28,-0.0466636158526,28,-0.0465536750853,28,-0.0377757968381,2017-07-17
2017-07-17,281,0.0314926644854,19,13,0.012843016535,29,0.00828006025404,28,0.00367626128718,28,0.00022778766288,28,0.00453113671392,28,0.00451276358217,28,0.00385219487362,28,0.00710298959166,28,0.0091163860634,28,0.000498224573676,28,-0.0123447919614,2017-07-18
2017-07-18,281,-0.11077555027,19,0,0.0255887340754,29,0.0238422714174,28,0.0256236977875,28,0.0192173011601,28,0.0309432111681,28,0.0175956580788,28,0.0175424553454,28,0.0254196543247,28,0.0175793860108,28,0.0146845430136,28,-0.0109041910619,2017-07-19
2017-07-19,282,0.298798321172,18,0,-0.00412616226822,29,0.0037033429835,28,-0.000297009944916,28,0.00135310634505,28,0.0121185267344,28,0.00791896786541,29,0.00541028147563,28,0.00542841013521,28,0.00535367429256,28,0.00854632910341,28,0.0126724913716,2017-07-20
2017-07-20,282,0.0901809178443,18,2,-0.00235113594681,29,0.0016895532608,28,-0.00258544716053,28,-0.00319012580439,28,-0.00245132832788,28,0.00592802092433,29,6.23230444035e-05,28,-0.00263944896869,28,0.000419318675995,28,-0.00154070765711,28,0.000810428289697,2017-07-21
2017-07-21,282,0.0709106457445,18,3,0.00130557396915,29,0.00247061252594,28,0.00021457245748,28,0.00432307599112,28,0.00772381247953,28,-0.00213384837843,29,0.00429369090125,28,0.00213395687751,28,0.00504953321069,28,0.00313273933716,28,0.00182716536801,2017-07-24
2017-07-24,281,0.250012574564,19,2,-0.0122842378914,29,-0.0133482599631,28,-0.00525414291769,28,-0.00728126522154,28,-0.00764503004029,28,-0.00401715282351,28,-0.00168458477128,28,-0.00277028768323,28,-0.00909848511219,28,-0.00198174151592,28,0.0103024963755,2017-07-25
2017-07-25,281,-0.137763652099,19,4,0.00296443095431,29,0.00237409141846,28,0.000616267323494,28,-0.0044719427824,28,-0.00206113490276,28,-0.00481398170814,28,-0.000550970435143,28,-0.00662895385176,28,-0.00510646635666,28,-0.00653716502711,28,-0.00950159598142,2017-07-26
2017-07-26,284,0.182148566663,16,2,0.0107368994504,29,0.000690196233336,28,0.0113874841481,29,0.00458971923217,28,-0.000140185860801,28,0.00848025921732,29,0.00671480828896,28,0.0142414364964,29,0.0151086645201,28,0.0112539213151,28,0.000517021864653,2017-07-27
2017-07-27,285,0.430402563141,15,0,-0.00662452820688,29,-0.00994623731822,28,-0.00115348759573,29,-9.75366128841e-05,28,0.0100744226947,29,0.00499162077904,28,0.00218961969949,29,0.00397495506331,28,0.00193929672241,29,0.00876436103135,28,0.0153888892382,2017-07-28
2017-07-28,284,-0.068243035369,16,12,0.0224409047514,29,0.0120819257572,28,0.00777354743332,29,0.00703472970054,28,0.00626215338707,28,0.00620137434453,29,0.00484080612659,28,0.00690352078527,29,0.00238571851514,28,0.0012089589145,28,-0.0212319458369,2017-07-31
2017-07-31,284,0.207436397692,16,0,-0.0111944843084,29,0.00808283034712,28,0.00634598312899,29,0.00111769570503,28,0.00274676503614,28,0.0118211079389,29,0.00706323143095,28,0.00538120605052,29,0.00396440923214,28,0.00524583691731,28,0.0164403212257,2017-08-01
2017-08-01,284,-0.131011683992,16,0,-0.00469214562327,29,0.00194181501865,28,-0.00512322271243,29,0.00102785229683,28,-0.00037097078166,28,-0.00473308376968,29,-0.00520592695102,28,-0.0103680165485,29,-0.0074164038524,28,-0.00986338686198,28,-0.00517124123871,2017-08-02
2017-08-02,285,0.043119545227,15,8,0.00590554997325,29,-0.00164158432744,28,-0.00178525154479,29,-0.00694846455008,28,-0.00345076364465,29,-0.00552855432034,28,-0.0095791798085,29,-0.00298993079923,28,-2.10836024053e-05,29,-0.0018369385507,28,-0.00774248852395,2017-08-03
2017-08-03,285,0.134752667642,15,0,-0.0135420523584,29,-0.00711986655369,28,-0.00433449912816,29,0.00344191910699,28,-0.00360276992433,29,-0.00510625774041,28,0.00140828103758,29,0.00188540352974,28,0.00057130435016,29,-0.004280439578,28,0.00926161278039,2017-08-04
2017-08-04,283,0.122445514193,17,18,-0.000113978465379,29,0.0129446638748,28,0.00122861133423,28,0.00883775111288,29,0.0074783670716,28,0.00447671115398,28,0.0050448118709,29,0.011879469268,28,0.0035227749031,28,0.00360731780529,28,0.00372129627067,2017-08-07
2017-08-07,282,0.100654150184,18,0,-0.000419548887294,29,0.00456245243549,28,0.000926711712964,28,0.0130057763308,28,0.00416117487475,28,0.00290482421406,29,0.00379791855812,28,0.00322892842814,28,0.00106075615622,28,0.00391587195918,28,0.00433542084647,2017-08-08
2017-08-08,282,0.242422628998,18,0,-0.0109722260386,29,-0.00557007547468,28,0.00100805296097,28,0.00669856788591,28,-0.00444046733901,28,0.00361917749979,29,0.00481123803183,28,0.00312998471782,28,0.00180553959217,28,0.000442656019004,28,0.0114148820576,2017-08-09
2017-08-09,282,0.26610576133,18,8,-0.0136821800843,29,-0.0147710740566,28,-0.00120643631089,28,-0.00508685177192,28,-0.00332419364713,28,-0.00236686761491,29,0.00126883387566,28,-0.00177297845948,28,-0.0019950333517,28,-0.000247067626333,28,0.013435112458,2017-08-10
2017-08-10,281,-0.070840647232,19,2,-0.0218797437847,29,-0.0178538300097,28,-0.0187880340964,28,-0.0167585443705,28,-0.0161689724773,28,-0.0172151010484,28,-0.0221288856119,28,-0.0244858972728,28,-0.0176737904549,28,-0.0214552413672,28,0.000424502417445,2017-08-11
2017-08-11,281,0.210210477388,19,4,0.0126496572047,29,0.0153168290854,28,0.0077961194329,28,0.0173412654549,28,0.0222836341709,28,0.0179219376296,28,0.0236966405064,28,0.0160829462111,28,0.018470691517,28,0.0164142716676,28,0.00376461446285,2017-08-14
2017-08-14,281,0.120100056805,19,0,-0.000313160737278,29,-0.00119874940719,28,0.00156517757569,28,0.00793623458594,28,-0.000979038188234,28,-0.000136064627441,28,0.000778521818575,28,0.000669677334372,28,0.00552243227139,28,0.00237477035262,28,0.00268793108989,2017-08-15
2017-08-15,281,-0.0109488716161,19,3,0.0023925777059,29,0.00167492881883,28,0.00151779607404,28,0.00785021483898,28,-0.00121930881869,28,0.00258842529729,28,0.00316357822157,28,-0.000564028101508,28,0.000688463449478,28,-0.000197365880013,28,-0.00258994358592,2017-08-16
2017-08-16,277,0.0478031177008,23,0,0.0158502310514,28,0.0105227427557,28,0.00454201037064,28,0.0117218736559,27,0.00910546723753,28,0.00618579145521,28,0.00934350304306,27,0.00913766026497,28,0.00698338216171,28,0.00747759686783,27,-0.00837263418362,2017-08-17
2017-08-17,277,0.248285137511,23,0,-0.00230188667774,28,-0.00677858712152,28,-0.00728717446327,28,-0.00601464509964,27,0.00163400173187,28,0.00050063431263,28,0.001371988561,27,0.000617195444647,28,0.00104049278889,28,0.00131858943496,27,0.0036204761127,2017-08-18
2017-08-18,276,0.152605031967,24,4,-0.000327874498907,28,0.0062352931127,28,0.00399757083505,27,0.00849481392652,28,0.00769285811111,27,0.00544899469241,28,0.0098395626992,28,0.00378920184448,27,0.00509738503024,28,0.00768171623349,27,0.0080095907324,2017-08-21
2017-08-21,279,0.191300359798,21,2,-0.0130292112008,28,-0.0019981819205,28,-0.00193049863447,28,-0.00300042750314,28,-0.00313114491291,28,-0.00640138983727,28,-0.00377174792811,28,-0.00453765038401,28,-0.0011304190848,28,0.00732163572684,27,0.0203508469276,2017-08-22
2017-08-22,279,0.0787694082696,21,4,-0.00590341864154,28,-0.00805284269154,28,-0.00247537018731,28,-0.00588563317433,28,-0.00209794938564,28,-0.00100551976357,28,-0.00350414426066,28,0.00222221878357,28,-0.0036650064867,28,-0.00403567589819,27,0.00186774274334,2017-08-23
2017-08-23,279,0.123409698785,21,5,-0.00782617274672,28,-0.0114674950019,28,-0.0114977126941,28,-0.00777690112591,28,-0.00777692440897,28,-0.00688825547695,28,-0.00715997815132,28,-0.00805116165429,28,-0.0127222817391,28,-0.00617103651166,27,0.00165513623506,2017-08-24
2017-08-24,279,0.259146921269,21,13,0.00969557464123,28,0.0146655803546,28,0.0109091913328,28,0.0135571444407,28,0.0138605106622,28,0.0165529064834,28,0.0151215111837,28,0.0188745688647,28,0.0180558022112,28,0.0164375286549,27,0.00674195401371,2017-08-25
2017-08-25,280,-0.252497697561,20,0,0.0238165892661,28,0.0258973333985,28,0.0246430840343,28,0.0187682118267,28,0.0140189994127,28,0.0121039533988,28,0.00999272335321,28,0.0142555404454,28,0.00515955034643,28,0.0064302617684,28,-0.0173863274977,2017-08-28
2017-08-28,279,0.240004641473,21,0,-0.0127524584532,28,-0.00939530320466,28,-0.00024051751825,28,-0.00372532010078,28,-0.00225059268996,28,-0.00613201316446,28,-0.000940233469009,28,0.000590556417592,28,-0.00389419286512,28,2.54600145126e-05,27,0.0127779184677,2017-08-29
2017-08-29,279,0.331313854798,21,0,-0.0033755004406,28,-0.00524450419471,28,-0.00256562652066,28,-0.00132879405282,28,0.0112584102899,28,0.001580140437,28,0.00780351040885,28,0.00484607694671,28,0.00239539146423,28,0.00862029753625,27,0.0119957979769,2017-08-30
2017-08-30,278,-0.00947618999745,22,4,0.00500955339521,28,0.0044385981746,28,-0.00105713307858,28,-0.00535424472764,28,-0.000495694286656,27,0.0014084194554,28,0.00126535550226,28,0.00164922862314,28,-0.000718187016901,28,-0.00110601715278,27,-0.00611557054799,2017-08-31
2017-08-31,279,0.0139036908672,21,0,0.000388232729165,28,0.00884633604437,28,0.00169993937016,28,0.00607639318332,28,0.00794157199562,28,0.00393444532529,28,0.00527966860682,28,0.00423915032297,28,0.00468178931624,28,-0.00107395648956,27,-0.00146218921873,2017-09-01
2017-09-01,283,-0.0551356677395,17,3,0.0115634491667,29,0.00915013253689,28,0.00676683429629,28,0.00332197849639,29,0.00401691859588,28,0.00704381288961,28,0.00300496001728,29,0.00597282405943,28,0.00287790806033,28,5.7169370848e-05,28,-0.0115062797959,2017-09-04
2017-09-04,283,0.23496323117,17,0,-0.00665057543665,29,-0.00849311053753,28,0.000699500960764,28,0.00324612855911,29,-0.00181386305485,28,0.00445700949058,28,0.000381375168217,29,-0.000227055381401,28,0.00118829100393,28,5.04830059072e-05,28,0.00670105844256,2017-09-05
2017-09-05,285,0.0880653615464,15,7,0.00331207178533,29,-0.000884200853761,28,-0.00669246492907,29,0.000819523411337,28,0.00242373440415,29,-0.00107093155384,28,0.00516896415502,29,0.00413878913969,28,-0.000481036200654,29,0.00414131814614,28,0.000829246360809,2017-09-06
2017-09-06,284,0.346831368692,16,0,-0.0160937644541,29,-0.0105045540258,28,-0.00576902041212,29,-0.00463663879782,28,-0.00814714562148,28,-0.00394175807014,29,-0.00199051829986,28,-0.00566222332418,29,0.00110733078327,28,-0.00335029186681,28,0.0127434725873,2017-09-07
2017-09-07,285,-0.0374273499918,15,22,0.00409591384232,29,-0.000828836637083,28,0.000288513198029,29,4.33410923506e-06,28,-0.00029626180185,29,0.000682766956743,28,-0.00429747626185,29,-0.00130324275233,28,0.00209602410905,29,-0.000296409649309,28,-0.00439232349163,2017-09-08
2017-09-08,285,-0.0324641165208,15,2,0.00863470695913,29,0.00490151112899,28,0.00703059602529,29,0.00542444409803,28,0.00561435474083,29,0.00233244686387,28,0.00281268148683,29,0.00193463056348,28,0.00150038255379,29,0.00354046490975,28,-0.00509424204938,2017-09-11
2017-09-11,284,0.0355305589329,16,0,-0.0048154592514,29,0.00715879676864,28,0.00314804399386,29,-0.00103481113911,28,-0.00179709494114,28,-0.00395265128464,29,-0.000514285929967,28,0.000664743885864,29,0.00218653050251,28,0.0015095344279,28,0.0063249936793,2017-09-12
2017-09-12,285,0.187568752947,15,5,0.00125599117018,29,-0.000430517975474,28,-0.00148342596367,29,0.00293922843412,28,0.00109568343032,29,-0.000639191712253,28,0.00319588603452,29,0.000491825572681,28,0.00355384266004,29,0.00226309685968,28,0.0010071056895,2017-09-13
2017-09-13,284,0.0450994662821,16,3,0.000736411253456,29,-0.00136606825981,28,-0.00230075768195,29,-0.000814129190985,28,-0.00213399110362,28,-0.00334994145669,29,-0.00254459679127,28,-0.00206506252289,29,1.43902643686e-05,28,-0.00377840222791,28,-0.00451481348136,2017-09-14
2017-09-14,283,0.0346535231473,17,5,0.00125139544252,29,0.00184726284351,28,-0.00469727581367,28,-0.00124443811364,29,-0.000478184636449,28,-0.00155576004181,28,-0.00593754742295,29,-0.00209005596116,28,0.000375032424927,28,-0.00071735464735,28,-0.00196875008987,2017-09-15
2017-09-15,281,-0.0264461558647,19,2,0.00738809024915,29,0.00689565902576,28,0.00870876852423,28,0.00514623941854,28,0.00858509354293,28,0.00273331138305,28,-0.000533659534995,28,0.00783344637603,28,0.00603870628402,28,0.00537846982479,28,-0.00200962042436,2017-09-18
2017-09-18,281,0.224402633403,19,3,-0.0043757702224,29,-0.00525040086359,28,-0.00603021448478,28,-0.000850807351526,28,-0.00799412559718,28,-0.00501339975744,28,-0.00751380855218,28,0.00137168809306,28,-0.00306341471151,28,-0.0015947073698,28,0.00278106285259,2017-09-19
2017-09-19,283,0.0568841382193,17,5,0.0134399924427,29,-0.000490441918373,28,0.00795874837786,28,0.00673822918907,29,0.00339577463455,28,0.0028921556659,28,0.00342860305682,29,0.00274914712645,28,0.00715646380559,28,0.00626534223557,28,-0.00717465020716,2017-09-20
2017-09-20,283,0.291604174388,17,0,-0.00717850401998,29,-0.0151885133237,28,-0.0101988846436,28,-0.00865777209401,29,-0.00671178102493,28,-0.00854770187289,28,-0.00381156709045,29,-0.00217187823728,28,-0.00183768570423,28,0.000302195549011,28,0.00748069956899,2017-09-21
2017-09-21,287,-0.123957158417,13,41,-0.00754476431757,29,0.00190509809181,29,-3.88560620195e-05,29,-0.0023488488514,28,-0.00556936953217,29,-0.00424870755523,29,-0.00538966059685,28,-0.00367998471484,29,-0.00258714566007,29,-0.00805715192109,28,-0.000512387603521,2017-09-22
2017-09-22,288,-0.135269216986,12,7,-0.011852373369,29,-0.00564833777025,29,-0.0042683747597,29,-0.00918756891042,29,-0.0085770720616,28,-0.0120476754382,29,-0.0137565443292,29,-0.0110142640769,29,-0.0111561175436,29,-0.0126010198146,28,-0.000748646445572,2017-09-25
2017-09-25,288,0.268932849494,12,13,-0.000853575533256,29,-0.00329293473624,29,0.0025671350304,29,0.00242782058194,29,-0.00161008327268,28,0.00764126423746,29,0.00100813235622,29,0.00388153665699,29,0.00495072081685,29,-0.000227613112656,28,0.0006259624206,2017-09-26
2017-09-26,286,-0.240913184774,14,2,0.00987257249653,29,0.00990172103047,29,0.00391671480611,28,0.00592386722565,29,0.00779208773747,28,0.00256458227523,29,-8.98180360309e-07,29,-0.00206815125421,28,-0.00216436176561,29,-0.00129418715369,28,-0.0111667596502,2017-09-27
2017-09-27,286,-0.0937374198557,14,9,0.0058445087634,29,0.00108459894545,29,-0.00461886404082,28,-0.00458986777812,29,-0.0011366030667,28,0.00198143301532,29,-0.00475796544924,29,-0.00324291200377,28,-0.00224329880439,29,-0.00379813578911,28,-0.00964264455251,2017-09-28
2017-09-28,285,0.242020939127,15,22,0.00118181831203,29,0.0030219128821,28,0.00343669904396,29,0.00297441869043,28,0.00493924785405,29,0.00465926295146,28,0.00537397759035,29,0.00378465442918,28,0.00887540914118,29,0.00809243135154,28,0.00691061303951,2017-09-29
2017-09-29,285,0.0216463361294,15,5,0.0146145448089,29,0.0171040911227,28,0.00635640602559,29,0.00884662382305,28,0.00889910664409,29,0.00986380223185,28,0.0116962110624,29,0.0115734850988,28,0.0132879307494,29,0.0117825996131,28,-0.00283194519579,2017-10-09
2017-10-09,285,-0.0577414297091,15,6,0.00344659946859,29,0.00641228910536,28,0.00556975789368,29,0.00245654792525,28,0.00448657292873,29,0.00362115027383,28,-0.003071133513,29,0.00521585112438,28,0.00455752108246,29,0.00358376535587,28,0.000137165887281,2017-10-10
2017-10-10,285,-0.0243863146261,15,0,0.000579020066652,29,0.00327006191947,28,-0.00093796744477,29,0.000310523173539,28,-0.00389249785803,29,-0.00352005241439,28,0.0012019687565,29,-0.00114421336912,28,-0.00163297401741,29,-0.00213088304736,28,-0.00270990311401,2017-10-11
2017-10-11,286,-0.106081870988,14,2,0.00114006211516,29,0.00160785170738,29,0.00617895368487,28,0.00315891462378,29,-0.00589790707454,28,-0.00142591365147,29,-0.00372835271992,29,-0.0020885062404,28,-0.00206481176428,29,-0.00338492216542,28,-0.00452498428058,2017-10-12
2017-10-12,286,0.101535498591,14,0,0.00549279805273,29,-0.00127783115022,29,0.00253837672062,28,0.00960333552212,29,0.00132039189339,28,0.0052884798497,29,0.00230468343943,29,0.00300898728892,28,0.00474807946011,29,0.00196702987887,28,-0.00352576817386,2017-10-13
2017-10-13,286,0.164741285471,14,6,-0.00879583507776,29,-0.0100336652249,29,-0.00611081952229,28,-0.0190313439816,29,-0.00943155400455,28,-0.00651923520491,29,-0.00773925008252,29,-0.0096187395975,28,-0.00410021562129,29,0.000749507104047,28,0.00954534218181,2017-10-16
2017-10-16,287,0.0892922782436,13,31,-0.00356779224239,29,-0.00602924637496,29,-0.00386418565176,29,0.00434898259118,28,-0.00196128059179,29,0.000969391432591,29,-0.00226947665215,28,0.00253267749213,29,0.00108451675624,29,-0.00333798141219,28,0.000229810830206,2017-10-17
2017-10-17,286,0.00743837963904,14,3,-0.00217844289728,29,0.006287205033,29,0.00795557256788,28,0.00874791666865,29,-0.00176174298394,28,-0.00222125742584,29,0.00281498557888,29,0.00118300528266,28,0.00198734831065,29,0.0015943859471,28,0.00377282884438,2017-10-18
2017-10-18,284,-0.355398678084,16,11,0.0058701899834,29,0.001629576087,28,-0.00404013646767,29,-0.0081412922591,28,-0.00685196276754,28,-0.0132492426783,29,-0.0113225942478,28,-0.0202692039311,29,-0.0104815764353,28,-0.0143162757158,28,-0.0201864656992,2017-10-19
2017-10-19,284,0.371438285798,16,7,-0.000811241799966,29,0.00175745144952,28,-0.00473603699356,29,0.00537033611909,28,0.00816695578396,28,0.0117735723034,29,0.00981644261628,28,0.00834555830806,29,0.0133681893349,28,0.0057482207194,28,0.00655946251936,2017-10-20
2017-10-20,284,-0.138680955498,16,2,-0.00199866900221,29,0.00739152310416,28,0.00867312774062,29,0.0034230586607,28,0.00547853531316,28,0.00364181702025,29,0.00253807427362,28,-0.00219115312211,29,0.000154565481353,28,-0.00320252147503,28,-0.00120385247283,2017-10-23
2017-10-23,284,0.132150041922,16,5,0.00141526502557,29,0.00441358983517,28,0.00588976731524,29,-9.55930809141e-05,28,0.00698311207816,28,0.00960541609675,29,0.0051798033528,28,0.00412632664666,29,0.00652414327487,28,0.00833040010184,28,0.00691513507627,2017-10-24
2017-10-24,283,0.275602741758,17,0,0.000743824872188,29,-0.0027912047226,28,0.00416052760556,28,0.00160492083523,29,0.00131111487281,28,0.00554945645854,28,0.0121139064431,29,0.00319186062552,28,0.00712167378515,28,0.00647946773097,28,0.00573564285878,2017-10-25
2017-10-25,284,0.0568324160998,16,0,-0.00344618223608,29,-0.00113094493281,28,0.00579678174108,29,0.0074442201294,28,0.00664397422224,28,0.00174714368768,29,0.00298308464698,28,0.00330933835357,29,0.00171382934786,28,0.00321144494228,28,0.00665762717836,2017-10-26
2017-10-26,284,0.10624768101,16,0,0.000724492419977,29,-0.000651444715913,28,-0.00619244994596,29,-0.00497715407982,28,-0.00437868898734,28,-0.00139839074109,29,0.00283720670268,28,-0.00348286586814,29,-0.00083231710596,28,-0.00163709057961,28,-0.00236158299958,2017-10-27
2017-10-27,284,-0.39006379474,16,6,0.000773244886659,29,0.00215876102448,28,-0.0078491140157,29,-0.00207359879278,28,-0.0157782174647,28,-0.00854762084782,29,-0.0171753130853,28,-0.0196442585438,29,-0.0272842533886,28,-0.0252307858318,28,-0.0260040307185,2017-10-30
2017-10-30,283,0.180233660973,17,4,0.00752098392695,29,-0.00291302171536,28,-0.00588524760678,28,0.00238976604305,29,-0.00140529661439,28,0.0113248014823,28,0.00837014429271,29,0.00563303055242,28,0.00445564929396,28,0.0063414699398,28,-0.00117951398715,2017-10-31
2017-10-31,284,0.0435064366969,16,0,0.000529741402715,29,-0.00500325439498,28,-0.00329128629528,29,0.0034004044719,28,-0.00552390096709,28,0.00246907095425,29,0.00197075726464,28,0.00235728756525,29,-0.00232618837617,28,-0.00370118231513,28,-0.00423092371784,2017-11-01
2017-11-01,284,-0.0585363138501,16,8,-0.000726060592569,29,-0.0015382085694,28,-0.00220976001583,29,-0.00658662617207,28,-0.00111187563743,28,-0.00679146824405,29,0.00115468888544,28,-0.00432157097384,29,-0.0036957541015,28,-0.00174255459569,28,-0.00101649400312,2017-11-02
2017-11-02,285,-0.105674598958,15,8,-0.00505645945668,29,-0.00483155902475,28,-0.0015276176855,29,-0.00283327070065,28,-0.002968800487,29,-0.00605105282739,28,-0.00149530998897,29,-0.00903771352023,28,-0.0103485956788,29,-0.00720869842917,28,-0.00215223897249,2017-11-03
2017-11-03,284,0.23557857348,16,0,0.00841404404491,29,0.00245486199856,28,0.00350011209957,29,0.0012459413847,28,0.00818800460547,28,0.00166633003391,29,0.0111654000357,28,0.0120128253475,29,0.0108223091811,28,0.0111539280042,28,0.00273988395929,2017-11-06
2017-11-06,286,0.0547014076017,14,0,-0.00113531027455,29,0.00907019712031,29,0.014014095068,28,0.017192337662,29,0.00689339218661,28,0.0092128701508,29,0.00395884411409,29,0.00994869880378,28,0.00758181372657,29,0.00502601498738,28,0.00616132526193,2017-11-07
2017-11-07,287,0.134009297583,13,0,0.00420874357224,29,-0.00244345539249,29,-0.00184450473171,29,0.00048064548173,28,0.00542387040332,29,0.00472871167585,29,0.000891274656169,28,0.00627071084455,29,0.00354215595871,29,0.00017473740445,28,-0.00403400616779,2017-11-08
2017-11-08,287,0.136820019112,13,2,-0.0031960667111,29,0.00120882538613,29,0.00943374820054,29,0.00344285578467,28,0.00747283361852,29,-0.000403502897825,29,0.00533609092236,28,0.00825316738337,29,0.00707440124825,29,0.00752029661089,28,0.010716363322,2017-11-09
2017-11-09,287,-0.323656466638,13,0,0.0116138644516,29,0.017056722194,29,0.00963801983744,29,0.00837003346533,28,-0.00125597266015,29,-0.000863459601533,29,-0.00503950053826,28,-0.00297964434139,29,-0.00486596487463,29,-0.00327281234786,28,-0.0148866767995,2017-11-10
2017-11-10,287,-0.0924318345307,13,7,0.011545826681,29,0.00700725149363,29,0.00324362516403,29,0.00517768925056,28,0.000372179609258,29,0.00073529931251,29,-0.00300855515525,28,0.00214515882544,29,0.00475957477465,29,0.00645373994485,28,-0.00509208673611,2017-11-13
2017-11-13,287,-0.0727190538181,13,3,-0.00408261409029,29,-0.000743041804526,29,-0.0057184305042,29,-0.00786729995161,28,-0.00550965825096,29,-0.00618211971596,29,-0.00888606719673,28,-0.00824181828648,29,-0.0112605160102,29,-0.00524776941165,28,-0.00116515532136,2017-11-14
2017-11-14,287,0.238602870489,13,8,-0.0130574274808,29,-0.0126354405656,29,-0.0156826302409,29,-0.010634819977,28,-0.00520471436903,29,-0.00633396580815,29,-0.00850120186806,28,-0.0148437414318,29,-0.00436252774671,29,-0.000909637135919,28,0.0121477903449,2017-11-15
2017-11-15,287,-0.376621432613,13,15,0.0135554485023,29,0.00616927165538,29,0.0118048433214,29,0.00896853674203,28,-0.00670218281448,29,-0.00370037136599,29,-0.0079278582707,28,-0.00457943929359,29,-0.0186735000461,29,-0.00598319945857,28,-0.0195386479609,2017-11-16
2017-11-16,286,0.0225351142222,14,27,-0.00780198676512,29,-0.00905507989228,29,-0.00966628920287,28,-0.00487487670034,29,-0.0200676172972,28,-0.00994591042399,29,-0.0139754991978,29,-0.0104121398181,28,-0.00615520495921,29,-0.00567152677104,28,0.00213045999408,2017-11-17
2017-11-17,286,0.18598773363,14,7,-0.00141575629823,29,-0.000174713539309,29,-0.00196949928068,28,0.000538797234185,29,0.00683890935034,28,0.00521261943504,29,0.0066105639562,29,0.00906000006944,28,0.011435658671,29,0.0154065620154,28,0.0168223183136,2017-11-20
2017-11-20,285,0.0333847272178,15,0,0.0116165755317,29,0.0090893227607,28,0.00971877388656,29,0.0203462224454,28,0.0123241171241,29,0.010624198243,28,0.00711562903598,29,0.0123305255547,28,0.0116071822122,29,0.0124890403822,28,0.000872464850545,2017-11-21
2017-11-21,285,0.319876872346,15,3,-0.0040619415231,29,-0.0063394755125,28,-0.00383081519976,29,-0.00479593640193,28,0.0036681110505,29,0.00194969133008,28,0.0140470694751,29,0.00867794267833,28,0.0106951389462,29,0.00721583841369,28,0.0112777799368,2017-11-22
2017-11-22,285,0.15509617989,15,0,-0.0233679413795,29,-0.0321407429874,28,-0.0361746773124,29,-0.0255835391581,28,-0.027714766562,29,-0.0304898899049,28,-0.0197887606919,29,-0.0276481229812,28,-0.0209387298673,29,-0.0204482953995,28,0.00291964598,2017-11-23
2017-11-23,285,0.118610709016,15,16,-0.00084605300799,29,0.00289910612628,28,-0.00438972609118,29,0.00264927954413,28,-0.0020133482758,29,0.00459270831198,28,0.00310557661578,29,0.00054935895605,28,0.00462161470205,29,0.00654010241851,28,0.0073861554265,2017-11-24
2017-11-24,285,0.0790402377735,15,0,-0.0263423677534,29,-0.0128695303574,28,-0.00745471194386,29,-0.0105563336983,28,-0.0118809463456,29,-0.0122982645407,28,-0.0105489492416,29,-0.00888633728027,28,-0.00662553496659,29,-0.0191258452833,28,0.00721652247012,2017-11-27
2017-11-27,286,0.253940097339,14,7,0.000874554272741,29,0.00626824004576,29,0.00289162131958,28,0.00380272907205,29,0.00535812554881,28,0.0062774377875,29,0.0138380117714,29,0.0100719975308,28,0.0141873955727,29,0.00969010777771,28,0.00881555350497,2017-11-28
2017-11-28,286,-0.0969133087306,14,0,0.00139209930785,29,0.00590977771208,29,0.0100744133815,28,-0.00342468963936,29,-0.00315404357389,28,0.00302851619199,29,-0.00249884463847,29,0.0012863172451,28,-0.00279881223105,29,-0.00746602471918,28,-0.00885812402703,2017-11-29
2017-11-29,285,0.386057295931,15,0,-0.0153141245246,29,-0.0105912219733,28,-0.0157734565437,29,-0.0110456198454,28,-0.0134709682316,29,-0.00799683202058,28,-0.00473149493337,29,-0.00374798476696,28,-0.00461692223325,29,-0.0047341180034,28,0.0105800065212,2017-11-30
2017-11-30,285,0.151701488141,15,9,0.00370077439584,29,0.00286946329288,28,0.00470843398944,29,-0.000975138391368,28,2.76853302239e-06,29,0.00518141267821,28,0.00710622174665,29,0.0017992897192,28,0.00857826787978,29,0.00571225164458,28,0.00201147724874,2017-12-01
2017-12-01,285,-0.0137242686398,15,3,-0.00494525767863,29,0.00631425017491,28,0.000526676943991,29,-0.00826707668602,28,-0.00101071188692,29,-0.000787041033618,28,-0.00401764269918,29,-0.00639671320096,28,-0.00928119383752,29,-0.00155955553055,28,0.00338570214808,2017-12-04
2017-12-04,285,-0.17052219465,15,14,-0.00169235258363,29,-0.00323603418656,28,-0.00694456789643,29,0.000149156359839,28,-0.00628535496071,29,0.00849796831608,28,-0.011719500646,29,-0.01400786452,28,-0.0094084944576,29,-0.0135029787198,28,-0.0118106261361,2017-12-05
2017-12-05,285,0.218652003033,15,0,-0.00833797641098,29,-0.00265105487779,28,0.000755926652346,29,0.00548812327906,28,0.00252166693099,29,0.00448725465685,28,0.00429022731259,29,0.00636813277379,28,0.0050818468444,29,-0.0024744910188,28,0.00586348539218,2017-12-06
2017-12-06,286,0.0988324483255,14,0,-0.00304889888503,29,-0.0138399433345,29,-0.00216310145333,28,-0.00336652179249,29,-0.00460396055132,28,-0.0116898296401,29,-0.00787166878581,29,-0.00682720541954,28,-0.00549309840426,29,-0.00551738077775,28,-0.00246848189272,2017-12-07
2017-12-07,286,0.185381871905,14,17,0.00795023236424,29,0.0091723324731,29,-0.0012189426925,28,0.00163833028637,29,0.00440734205768,28,0.00430240901187,29,0.00865637045354,29,0.0121112978086,28,0.00870795268565,29,0.00862544961274,28,0.000675217248499,2017-12-08
2017-12-08,285,-0.419729892752,15,5,0.0207734275609,29,0.0199568960816,28,0.0226492024958,29,0.0157600790262,28,0.0127173969522,29,0.0146561581641,28,0.00849476549774,29,0.00584105914459,28,0.0035455392208,29,0.00445832544938,28,-0.0163151021115,2017-12-11
2017-12-11,285,0.0166655521394,15,0,-0.00792226474732,29,-0.0105842864141,28,-0.0140881557018,29,-0.014293121174,28,-0.0150509765372,29,-0.0144167141989,28,-0.0133927958086,29,-0.0135254757479,28,-0.00953589193523,29,-0.00713888881728,28,0.000783375930041,2017-12-12
2017-12-12,285,-0.00634258863164,15,36,0.00804450362921,29,0.00888028275222,28,0.00882100686431,29,0.0037620535586,28,0.00529424473643,29,0.0071366452612,28,0.0052616246976,29,0.00548428297043,28,0.0041767237708,29,0.00601515825838,28,-0.00202934537083,2017-12-13
2017-12-13,284,-0.23503095083,16,0,-0.00275992532261,29,0.000412274675909,28,-0.00350539642386,29,0.00123830570374,28,-0.00307050556876,28,-0.0071427943185,29,-0.00740445079282,28,-0.00428220722824,29,-0.00799351278692,28,-0.00980539806187,28,-0.00704547273926,2017-12-14
2017-12-14,283,0.0939951768907,17,7,-0.00907402858138,29,-0.00834144465625,28,-0.0109056020156,28,-0.00930675584823,29,-0.00369007256813,28,-0.00686908187345,28,-0.0108363358304,29,-0.00602837558836,28,-0.00364419608377,28,-0.0065746223554,28,0.00249940622598,2017-12-15
2017-12-15,282,0.069573156854,18,8,-0.0131975580007,29,-0.0028382751625,28,-0.00384694966488,28,0.00229564937763,28,-0.003593391506,28,-0.000189405065612,29,-0.000471677107271,28,-0.00299910339527,28,-0.00295704603195,28,-0.00269374460913,28,0.0105038133916,2017-12-18
2017-12-18,283,0.0964940362399,17,5,0.00872359983623,29,0.013131772168,28,0.0069884210825,28,0.00937480758876,29,0.0135763268918,28,0.00756367202848,28,0.0104236742482,29,0.00617434084415,28,0.0106534147635,28,0.00818677898496,28,-0.000536820851266,2017-12-19
2017-12-19,283,-0.14149285966,17,2,-0.000184262622497,29,0.00317087769508,28,-0.0056697386317,28,-0.00635322602466,29,-0.00707827275619,28,-0.0103397024795,28,-0.0115636074916,29,-0.0142013086006,28,-0.010689182207,28,-0.00356488558464,28,-0.00338062296214,2017-12-20
2017-12-20,283,-0.0418532451998,17,9,0.00302713504061,29,0.00936571415514,28,0.00544179743156,28,0.00444998824969,29,0.00488341692835,28,0.00718206586316,28,0.00718735624105,29,0.0125978570431,28,0.00358064472675,28,-0.00103200762533,28,-0.00405914266594,2017-12-21
2017-12-21,283,-0.0457248872029,17,0,0.00221084314398,29,-0.000842747918796,28,-0.00849145185202,28,-0.00192483339924,29,-0.00329390796833,28,-0.000374127703253,28,-0.00708950776607,29,-0.0015974874841,28,-0.00491321319714,28,-0.00372283160686,28,-0.00593367475085,2017-12-22
2017-12-22,283,-0.0595071665677,17,12,-0.00567656569183,29,-0.00401506666094,28,-0.00698581989855,28,-0.0111403586343,29,-0.0102675706148,28,-0.00947920978069,28,-0.0150971924886,29,-0.0118881659582,28,-0.00576213654131,28,-0.00550358835608,28,0.000172977335751,2017-12-25
2017-12-25,283,0.153848312441,17,9,0.00197380571626,29,0.00331336259842,28,0.00526649598032,28,0.0108826262876,29,0.00317395594902,28,0.0100186960772,28,0.0063915909268,29,0.0107785444707,28,0.0052571403794,28,0.007921715267,28,0.00594790955074,2017-12-26
2017-12-26,285,0.11864229738,15,0,-0.0124039752409,29,-0.0150086535141,28,-0.00596370361745,29,-0.00862868782133,28,-0.00648194970563,29,-0.00263716490008,28,-0.00815445184708,29,-0.00769113004208,28,-0.0102268932387,29,-0.00677386997268,28,0.00563010526821,2017-12-27
2017-12-27,285,-0.0709587954659,15,9,0.0152319874614,29,0.0124451350421,28,0.000499390298501,29,0.00542288366705,28,0.00303236371838,29,0.0044632172212,28,0.00115108699538,29,0.00455701770261,28,0.00094440887915,29,0.00319512817077,28,-0.0120368592907,2017-12-28
2017-12-28,285,0.190408816612,15,7,-0.00878054089844,29,0.00141447782516,28,0.0104394061491,29,0.0116051798686,28,0.00588506273925,29,0.00559002812952,28,0.00463858339936,29,0.00899470690638,28,0.00779897999018,29,0.00796694401652,28,0.016747484915,2017-12-29
2017-12-29,290,0.202150697413,10,2,0.0123655982316,29,0.00620988523588,29,0.0126188397408,29,0.0121495518833,29,0.012502271682,29,0.0114164473489,29,0.014494754374,29,0.0138343609869,29,0.020358260721,29,0.0159863345325,29,0.00362073630095,2018-01-02
2018-01-02,290,0.0841001637479,10,2,0.0079215047881,29,0.0105396984145,29,0.00373256625608,29,0.0127427065745,29,0.0135230813175,29,0.0163765996695,29,0.0117744328454,29,0.0112678222358,29,0.0103497961536,29,0.00586810614914,29,-0.00205339863896,2018-01-03
2018-01-03,290,0.156376605367,10,2,-0.00210316642188,29,0.00383443874307,29,-0.00245337863453,29,0.00424226792529,29,0.00346321891993,29,0.00454025017098,29,0.00607273494825,29,0.00397311011329,29,0.010272548534,29,0.00197142572142,29,0.0040745921433,2018-01-04
2018-01-04,290,0.168625556672,10,0,-0.00567932799459,29,0.00569734489545,29,-0.00432755192742,29,0.00240994943306,29,-0.000492013758048,29,0.00178718974348,29,0.00349626457319,29,0.00661579472944,29,0.00145840644836,29,0.00150903337635,29,0.00718836137094,2018-01-05
2018-01-05,290,-0.22115584859,10,4,0.0223625544459,29,0.0146203124896,29,0.00453797075897,29,0.00760815059766,29,0.00737501634285,29,0.00304092629813,29,0.00266550527886,29,-4.81153365399e-05,29,0.0057520722039,29,0.000573809782509,29,-0.0217887446634,2018-01-08
2018-01-08,291,0.22367953457,9,2,-0.00310596823692,30,-0.00634856242687,29,0.000205457210541,29,-0.00131375005003,29,-0.00611062068492,29,0.00381000293419,29,0.00883599370718,29,0.00553336832672,29,0.00535014970228,29,-0.00187769019976,29,0.00122827803716,2018-01-09
2018-01-09,290,0.0101356363109,10,2,0.00146155932453,29,-0.00798986107111,29,-0.00785694271326,29,-0.00206091906875,29,0.000673419446684,29,0.00372875342146,29,-0.00346773653291,29,-0.000698609626852,29,-0.00314773153514,29,-0.0064725568518,29,-0.00793411617633,2018-01-10
2018-01-10,290,0.127079093347,10,2,0.00665041105822,29,-0.00373799633235,29,0.00192490941845,29,-0.00139510224108,29,-0.00408128229901,29,0.00243055215105,29,-0.00365095911548,29,0.00576873496175,29,0.00180772459134,29,0.00156445335597,29,-0.00508595770225,2018-01-11
2018-01-11,289,0.202359420635,11,0,-0.0105662243441,29,-0.00287917559035,29,-0.00535376090556,29,0.000409825093811,29,-0.00180608034134,29,-0.003807263216,29,0.00370556325652,29,0.00231038290076,29,0.00215621641837,29,-0.00146016688086,28,0.00910605746321,2018-01-12
2018-01-12,289,-0.31358711359,11,8,-0.00233913073316,29,-0.00968649424613,29,0.000452152627986,29,-0.00859903451055,29,-0.0127824423835,29,-0.0166407898068,29,-0.0212432965636,29,-0.02497690171,29,-0.0217123646289,29,-0.0277116466314,28,-0.0253725158982,2018-01-15
2018-01-15,289,0.0826676163501,11,11,0.0184223651886,29,0.0109258228913,29,0.00252469046973,29,0.00421178154647,29,0.00687683233991,29,0.0144999707118,29,0.00747678382322,29,0.00945798121393,29,0.0191897526383,29,0.00664169015363,28,-0.011780675035,2018-01-16
2018-01-16,288,0.0446617234261,12,2,-0.00266966316849,29,-0.00388245121576,29,0.0141042387113,29,-0.00307440967299,29,0.00241097179241,28,0.0121164340526,29,-0.00301354308613,29,0.00596150243655,29,0.00259687565267,29,0.0016815130366,28,0.00435117620509,2018-01-17
2018-01-17,288,0.153107127463,12,0,-0.000505852280185,29,0.00491200853139,29,0.000793407729361,29,-0.00197850214317,29,0.00508569180965,28,0.00442728493363,29,0.00299573969096,29,0.001544107683,29,0.00441044569016,29,0.00757666770369,28,0.00808251998387,2018-01-18
2018-01-18,288,-0.0123153219767,12,3,0.00856074970216,29,0.000471719366033,29,0.00791539624333,29,0.00930910464376,29,0.00724961096421,28,0.00920787733048,29,0.00112613115925,29,0.00875561591238,29,0.00710255932063,29,-0.00211854279041,28,-0.0106792924926,2018-01-19
2018-01-19,288,0.250039185659,12,5,-0.000430694955867,29,0.00514262309298,29,0.00755379302427,29,0.00835657119751,29,0.0138222360983,28,0.010433007963,29,0.0117425443605,29,0.012467302382,29,0.0158179812133,29,0.014035044238,28,0.0144657391938,2018-01-22
2018-01-22,288,0.196947543294,12,0,-0.000645785476081,29,0.00497329840437,29,0.00661022076383,29,0.0103141171858,29,0.012933130376,28,0.00903625693172,29,0.00836045574397,29,0.00793828628957,29,0.0143444212154,29,0.006232640706,28,0.00687842618208,2018-01-23
2018-01-23,287,0.0395509630077,13,0,0.0121034197509,29,0.000873234763276,29,0.00855891872197,29,0.0108647448942,28,0.00408438546583,29,0.000619925325736,29,0.00382379768416,28,0.0108334030956,29,0.0125148808584,29,0.00549207860604,28,-0.00661134114489,2018-01-24
2018-01-24,287,0.261339426172,13,4,-0.0104289921001,29,-0.0190254338086,29,-0.00695423828438,29,0.00104455440305,28,0.00628682039678,29,0.00185922090895,29,0.00221798685379,28,-0.00111680815462,29,-0.00160950422287,29,-0.004018726293,28,0.00641026580706,2018-01-25
2018-01-25,288,-0.104625212755,12,12,0.00500482926145,29,0.000457231333712,29,0.000393526308471,29,0.00656250445172,29,-0.000684731756337,28,0.00561716826633,29,0.00205254973844,29,-0.000531058874913,29,-0.00146647368092,29,-0.00531992968172,28,-0.0103247589432,2018-01-26
2018-01-26,288,-0.125164023245,12,11,-0.00850874558091,29,-0.0150086944923,29,-0.00798287428916,29,-0.0100464681163,29,-0.00912674609572,28,-0.0163635406643,29,-0.0153748746961,29,-0.0162686780095,29,-0.0177223104984,29,-0.0157187320292,28,-0.00720998644829,2018-01-29
2018-01-29,288,0.241203518361,12,5,-0.016806114465,29,-0.0108073623851,29,-0.0115655437112,29,-0.0117265619338,29,-0.00950349867344,28,-0.00726777501404,29,-0.00249221199192,29,-0.00473432894796,29,-0.00549659645185,29,-0.00145373807754,28,0.0153523763875,2018-01-30
2018-01-30,288,0.0147474179421,12,10,-0.0167777463794,29,-0.000505282951053,29,-0.00387276033871,29,-0.0126164183021,29,-0.0111144548282,28,-0.016577295959,29,-0.00945940893143,29,-0.00805429182947,29,-0.00563507853076,29,-0.00572727853432,28,0.0110504678451,2018-01-31
2018-01-31,288,-0.194569083915,12,11,-0.0115285106003,29,-0.0196537356824,29,-0.0164241623133,29,-0.0151880346239,29,-0.0132291810587,28,-0.0147268194705,29,-0.0333167538047,29,-0.0246157385409,29,-0.0228460654616,29,-0.0326189659536,28,-0.0210904553533,2018-02-01
2018-02-01,287,0.160676258056,13,11,-0.00285673746839,29,0.00260635698214,29,0.0112284747884,29,0.0104565387592,28,0.00709048612043,29,0.0126011082903,29,0.0113391363993,28,0.0152162639424,29,0.0104687195271,29,0.00186534656677,28,0.00472208403517,2018-02-02
2018-02-02,287,-0.0417098055934,13,0,0.000164103912539,29,0.00094671495026,29,-0.00453962944448,29,-0.00226467219181,28,0.0122531978413,29,0.00431527756155,29,0.000525508599821,28,-0.0122078489512,29,0.00931321363896,29,-0.00605258112773,28,-0.00621668504027,2018-02-05
2018-02-05,285,-0.0869403376131,15,3,-0.0300362352282,29,-0.0305850766599,28,-0.0366715714335,29,-0.0413363464177,28,-0.0492374226451,29,-0.0385012440383,28,-0.0526557788253,29,-0.0409769937396,28,-0.0410789325833,29,-0.0340470410883,28,-0.00401080586016,2018-02-06
2018-02-06,285,0.316283940891,15,27,-0.0229800548404,29,-0.0252815932035,28,-0.0168507881463,29,-0.0199334044009,28,-0.0027200949844,29,-0.0133062321693,28,-0.00673506781459,29,0.00642075296491,28,-0.00285809813067,29,-0.00858730915934,28,0.0143927456811,2018-02-07
2018-02-07,285,-0.0406544145377,15,6,0.011499306187,29,-0.00642143189907,28,-0.00355418189429,29,-0.0126218097284,28,-0.00306163378991,29,0.00944074150175,28,-0.000555589271244,29,-0.00190571160056,28,0.00319184316322,29,-0.00439379038289,28,-0.0158930965699,2018-02-08
2018-02-08,284,-0.210964031679,16,0,-0.0283209718764,29,-0.0432249307632,28,-0.0528490059078,29,-0.0395412035286,28,-0.04345991835,28,-0.0379268787801,29,-0.0609817169607,28,-0.0495883114636,29,-0.0492658801377,28,-0.0540017858148,28,-0.0256808139384,2018-02-09
2018-02-09,285,0.156094501197,15,10,0.00672798510641,29,0.013024459593,28,0.0158508829772,29,0.0205115191638,28,0.0219529289752,29,0.0211149249226,28,0.0172172412276,29,0.0206116642803,28,0.0179317519069,29,0.0167906582355,28,0.0100626731291,2018-02-12
2018-02-12,285,-0.0477366882676,15,0,0.00372435105965,29,0.00809556245804,28,0.0101220076904,29,0.00712138833478,28,0.00832582544535,29,0.0086034880951,28,0.00775260152295,29,0.00601083459333,28,0.00647228769958,29,0.00046970587573,28,-0.00325464518392,2018-02-13
2018-02-13,286,-0.238518612573,14,14,0.0115242246538,29,0.00932794809341,29,0.0108220726252,28,0.00380427460186,29,0.00699595874175,28,0.00256391032599,29,0.00486964173615,29,0.00237329932861,28,-0.00251745968126,29,-0.000475189503049,28,-0.0119994141569,2018-02-14
2018-02-14,286,-0.120391599137,14,0,0.0225529074669,29,0.0165001899004,29,0.0241376515478,28,0.0352261587977,29,0.02339537628,28,0.0227711163461,29,0.0211836062372,29,0.0151999276131,28,0.0197572875768,29,0.0150181734934,28,-0.00753473397344,2018-02-22
2018-02-22,286,0.253857738028,14,0,0.00247941748239,29,0.000344775879057,29,-0.00174314843025,28,0.00345267914236,29,0.00349638494663,28,0.00183852168266,29,0.00488091958687,29,0.00943557918072,28,0.00705695152283,29,0.00825196690857,28,0.00577254942618,2018-02-23
2018-02-23,286,0.0807000444998,14,0,0.0251886844635,29,0.00971741322428,29,0.0135090369731,28,0.019855260849,29,0.0198583025485,28,0.0184371788055,29,0.0166019424796,29,0.0233273971826,28,0.0168894007802,29,0.0233414508402,28,-0.00184723362327,2018-02-26
2018-02-26,287,-0.173969677109,13,0,0.00187842804007,29,-0.0050481618382,29,-0.00390930613503,29,-0.00486061628908,28,-0.00323086767457,29,-0.00418489752337,29,-0.0101342927665,28,-0.0120262214914,29,-0.0169187039137,29,-0.0152555489913,28,-0.0171339770313,2018-02-27
2018-02-27,287,-0.0826282114549,13,5,0.00665458710864,29,0.00532501935959,29,-0.00113751972094,29,-0.00339522748254,28,-0.00567756220698,29,0.00116138008889,29,0.000576841004658,28,-0.0034647048451,29,-0.00730950059369,29,-0.00966616626829,28,-0.0163207533769,2018-02-28
2018-02-28,286,-0.0348762946484,14,4,0.0118762087077,29,0.00183074222878,29,0.00863417331129,28,0.00444870768115,29,0.0137319201604,28,0.00983702298254,29,0.00652204314247,29,0.007294267416,28,0.00390784302726,29,0.000601659936365,28,-0.0112745487713,2018-03-01
2018-03-01,286,0.179510065686,14,0,-0.018948437646,29,-0.0111385770142,29,-0.00658317143098,28,-0.00259966077283,29,-0.00390998600051,28,-0.00458746310323,29,-0.00518880831078,29,-0.00781590398401,28,-0.00604493869469,29,-0.00677439570427,28,0.0121740419418,2018-03-02
2018-03-02,286,0.0474188751136,14,11,0.00584664614871,29,0.0022053020075,29,0.0029826995451,28,0.00101024529431,29,0.00108854472637,28,-0.00281033222564,29,0.00296982191503,29,0.00403375690803,28,0.00439734896645,29,0.00160200463142,28,-0.00424464151729,2018-03-05
2018-03-05,286,0.198868419929,14,2,-0.00146617973223,29,0.0172844566405,29,0.0125678675249,28,0.0121242981404,29,0.0207126922905,28,0.0122694848105,29,0.0165670830756,29,0.0143256615847,28,0.0155437318608,29,0.0142763936892,28,0.0157425734214,2018-03-06
2018-03-06,287,0.258541874793,13,0,-0.0126709695905,29,-0.0137687493116,29,-0.0128137366846,29,-0.0141947371885,28,-0.0066545070149,29,-0.00565706472844,29,-0.00613187486306,28,-0.00434563914314,29,-0.00782448705286,29,-0.00526599818841,28,0.00740497140214,2018-03-07
2018-03-07,287,0.0616527592154,13,19,0.00470182811841,29,0.00511419586837,29,0.00773293618113,29,0.00897842645645,28,0.0130725689232,29,0.0029032106977,29,0.00999174173921,28,0.00383181404322,29,0.00936823431402,29,0.00691725965589,28,0.00221543153748,2018-03-08
2018-03-08,287,0.130006224473,13,0,0.00384031282738,29,0.00566791882738,29,0.0115975942463,29,0.0203605256975,28,0.0151665480807,29,0.00598981464282,29,0.00693483883515,28,0.0133949946612,29,0.0120317200199,29,0.0103083150461,28,0.00646800221875,2018-03-09
2018-03-09,287,-0.378915085382,13,0,0.0112258093432,29,0.0123120835051,29,0.0162036605179,29,0.0188321359456,28,0.00900468975306,29,0.0107494471595,29,0.0024368125014,28,0.00215983809903,29,0.00445341877639,29,-0.00341871171258,28,-0.0146445210557,2018-03-12
2018-03-12,287,0.235274603848,13,0,-0.00982339866459,29,-0.0107536250725,29,-0.00891394261271,29,-0.0118360323831,28,-0.00966935697943,29,-0.0122891459614,29,-0.00743479793891,28,-0.00388631317765,29,-0.00844203773886,29,-0.000456550304079,28,0.00936684836051,2018-03-13
2018-03-13,287,0.219301994101,13,24,-0.0168599151075,29,-0.00755385681987,29,-0.00643908977509,29,-0.00834397319704,28,-0.00613934220746,29,-0.00615296466276,29,-0.00221208599396,28,-0.00498317461461,29,-0.00170425709803,29,-0.00392485922202,28,0.0129350558855,2018-03-14
2018-03-14,287,0.079469677519,13,17,0.000415540969698,29,-0.00313984928653,29,0.00280964164995,29,-0.00264058145694,28,-0.00504639837891,29,0.00142616441008,29,0.00160872505512,28,-0.00121774547733,29,-0.00118722382467,29,0.0042627430521,28,0.0038472020824,2018-03-15
2018-03-15,288,0.292409025112,12,0,-0.0129564115778,29,-0.0167424734682,29,-0.010462148115,29,-0.00358269130811,29,-0.0107151288539,28,-0.00673116464168,29,-0.00400596857071,29,-0.00747213279828,29,-0.00489890994504,29,-0.00386178283952,28,0.00909462873824,2018-03-16
2018-03-16,287,0.0921303506876,13,37,-0.00117391557433,29,-0.000503634568304,29,0.000712927023415,29,-0.00342023163103,28,-0.000445742043667,29,-0.00214107497595,29,-0.00119686766993,28,0.00214144890197,29,-0.00202537397854,29,0.00329669890925,28,0.00447061448358,2018-03-19
2018-03-19,287,-0.167910532999,13,7,0.0127659998834,29,0.0027673675213,29,0.00778079219162,29,-0.00155078305397,28,-0.00137032719795,29,-0.00161898136139,29,-0.00409445818514,28,5.46800692973e-05,29,-0.00288368086331,29,-0.00185068801511,28,-0.0146166878985,2018-03-20
2018-03-20,287,0.237985625062,13,0,-0.0115194628015,29,-0.00930205546319,29,-0.00249256356619,29,-0.00213770987466,28,-0.00332732847892,29,0.000475051085232,29,-0.00176531285979,28,-0.00235776253976,29,0.00036068004556,29,-0.000323832035065,28,0.0111956307665,2018-03-21
2018-03-21,288,-0.0114460402396,12,14,-0.00982182007283,29,-0.00552197964862,29,-0.00876937434077,29,-0.00450414000079,29,-0.00791799183935,28,-0.00723724346608,29,-0.00416594929993,29,-0.00871669221669,29,-0.00630178721622,29,-0.0127590000629,28,-0.00293717999011,2018-03-22
2018-03-22,288,-0.248771842315,12,12,-0.0282052531838,29,-0.0267326440662,29,-0.0157877467573,29,-0.0370030961931,29,-0.0438319370151,28,-0.0490868985653,29,-0.0395505353808,29,-0.0392878204584,29,-0.0444380566478,29,-0.0429386869073,28,-0.0147334337234,2018-03-23
2018-03-23,288,0.446047021701,12,5,-0.00997398234904,29,-0.0115497093648,29,-0.0125079425052,29,-0.000577540253289,29,0.0078769819811,28,0.00862298347056,29,0.00699604582042,29,0.0170422121882,29,0.01935858652,29,0.0148892272264,28,0.0248632095754,2018-03-26
2018-03-26,287,-0.273260695434,13,0,0.0202791523188,29,0.0230266600847,29,0.0227817427367,29,0.018432976678,28,0.0134171079844,29,0.0212247539312,29,0.0135096032172,28,0.0154172657058,29,0.00667182309553,29,0.00700253900141,28,-0.0132766133174,2018-03-27
2018-03-27,286,0.149944021758,14,0,-0.0101353749633,29,-0.0187715571374,29,-0.0168700367212,28,-0.012154606171,29,-0.0174467284232,28,-0.0105493990704,29,-0.0111087374389,29,-0.0112834852189,28,-0.0102316616103,29,-0.0082386797294,28,0.00189669523388,2018-03-28
2018-03-28,286,0.159652287042,14,8,0.000934707699344,29,0.0121108619496,29,0.00954056438059,28,0.00999042671174,29,0.0110153723508,28,0.0135154686868,29,0.0142443552613,29,0.0125619852915,28,0.0120478905737,29,0.011084026657,28,0.0101493189577,2018-03-29
2018-03-29,287,0.283134907534,13,0,-0.00582613609731,29,0.00477490760386,29,0.00763697270304,29,0.0119876349345,28,0.00924708507955,29,0.0076955948025,29,0.00877271406353,28,0.00810734182596,29,0.0161370038986,29,0.0113712102175,28,0.0171973463148,2018-03-30
2018-03-30,287,-0.0550151269602,13,2,0.0164891257882,29,0.0031966031529,29,-0.00656513078138,29,-0.000128856729134,28,0.00630089314654,29,-0.00136044924147,29,-0.0015056154225,28,-0.000493682688102,29,0.00080741889542,29,-0.00310118915513,28,-0.0195903149433,2018-04-02
2018-04-02,287,-0.117567923892,13,15,0.00190717808437,29,-0.00804829970002,29,-0.00955687090755,29,-0.0126277105883,28,-0.0117192799225,29,-0.00654609035701,29,-0.0118040787056,28,-0.00912461616099,29,-0.00839170720428,29,-0.0142937814817,28,-0.016200959566,2018-04-03
2018-04-03,287,0.23805822906,13,0,-0.0078626004979,29,-0.0109838824719,29,-0.00921173300594,29,-0.00202741357498,28,-0.00922800507396,29,-0.00830450095236,29,-0.000149258543388,28,-0.00171457487158,29,-0.00153100083116,29,-0.00222717016004,28,0.00563543033786,2018-04-04
2018-04-04,287,0.11975889161,13,28,-0.00437043234706,29,-0.00200715567917,29,-0.00239169178531,29,-0.00110006332397,28,0.000577044906095,29,-0.0035497052595,29,0.00586895411834,28,-0.000356612523319,29,0.00297246524133,29,-0.000674535112921,28,0.00369589723414,2018-04-09
2018-04-09,287,0.199944541988,13,6,-0.00638699531555,29,0.0130461761728,29,0.0105709703639,29,0.019458964467,28,0.00956515222788,29,0.018799783662,29,0.020576864481,28,0.021018171683,29,0.0165863484144,29,0.00798972137272,28,0.0143767166883,2018-04-10
2018-04-10,287,0.0118125550917,13,3,0.00781071791425,29,0.00369588867761,29,-0.000448009057436,29,0.00172918394674,28,0.000252055702731,29,0.00071136088809,29,0.00837131030858,28,0.00196507875808,29,0.00277521274984,29,0.00595930637792,28,-0.00185141153634,2018-04-11
2018-04-11,287,0.063275706478,13,3,-0.00896188337356,29,-0.0107725383714,29,-0.0122795598581,29,0.00124444498215,28,-0.0108421426266,29,-0.00223551527597,29,-0.0073780673556,28,-0.00721785938367,29,-0.00846718717366,29,-0.00897534843534,28,-1.34650617838e-05,2018-04-12
2018-04-12,287,0.140744419738,13,20,-0.00824726652354,29,-0.00744706811383,29,-0.00454489747062,29,-0.0062678582035,28,-0.00336392386816,29,-0.00335659040138,29,-0.00298471748829,28,-0.00643597822636,29,-0.00401744572446,29,-0.000998548115604,28,0.00724871840794,2018-04-13
2018-04-13,285,-0.0961898180679,15,27,-0.00929385796189,29,-0.00114406854846,28,-0.0100286845118,29,-0.00990673247725,28,-0.0181051250547,29,-0.0156444068998,28,-0.0105185015127,29,-0.0134590845555,28,-0.0151075478643,29,-0.0141286468133,28,-0.00483478885144,2018-04-16
2018-04-16,283,0.365990078966,17,12,-0.0336801223457,29,-0.0147835081443,28,-0.0257351566106,28,-0.0188273377717,29,-0.0147739518434,28,-0.0202815383673,28,-0.0132658500224,29,-0.00929342396557,28,-0.011560969986,28,-0.00858954247087,28,0.0250905798748,2018-04-17
2018-04-17,284,-0.030555351486,16,25,0.00668345671147,29,0.009143082425,28,0.00622892193496,29,0.00899293832481,28,0.00449601467699,28,0.00814205594361,29,0.00427121575922,28,0.00440223235637,29,0.00787307973951,28,0.00576352654025,28,-0.000919930171221,2018-04-18
2018-04-18,283,-0.0173584011501,17,0,0.0047384025529,29,0.00937520805746,28,0.0107273608446,28,0.00981441885233,29,0.0108803678304,28,0.0130417067558,28,0.0122315715998,29,0.00680157542229,28,0.00741323595867,28,0.00475704902783,28,1.86464749277e-05,2018-04-19
2018-04-19,284,-0.0464654706779,16,0,-0.0142574552447,29,-0.0173124466091,28,-0.0143518177792,29,-0.020320886746,28,-0.0217498410493,28,-0.0183543227613,29,-0.0118610691279,28,-0.0221831370145,29,-0.0149042773992,28,-0.0176272951066,28,-0.00336983986199,2018-04-20
2018-04-20,285,0.0152449093598,15,13,-0.00666897045448,29,-0.00583416642621,28,-0.00752321397886,29,0.00311450241134,28,-0.0113903712481,29,-0.00567357242107,28,-0.00306383706629,29,0.00208627106622,28,-0.00600759731606,29,-0.00860260240734,28,-0.00193363195285,2018-04-23
2018-04-23,285,-0.135335679887,15,0,0.0191543884575,29,0.0247540827841,28,0.0243667438626,29,0.0212937686592,28,0.0202013868839,29,0.0238231327385,28,0.0195618420839,29,0.0177645701915,28,0.0170994866639,29,0.0184437464923,28,-0.00071064196527,2018-04-24
2018-04-24,285,0.0557829272384,15,0,-0.00244416249916,29,-5.55302431167e-05,28,-0.000723337288946,29,-0.006293467246,28,-0.00497495708987,29,-0.000440559204435,28,-0.00215118308552,29,0.000145703554153,28,0.00096567539731,29,0.00144721358083,28,0.00389137607999,2018-04-25
2018-04-25,285,0.152420607447,15,6,-0.0194890927523,29,-0.0212511811405,28,-0.0217076111585,29,-0.0154805993661,28,-0.0199351459742,29,-0.0189085211605,28,-0.0182107239962,29,-0.015181614086,28,-0.0119437268004,29,-0.013385807164,28,0.00610328558832,2018-04-26
2018-04-26,285,0.20561679533,15,28,-0.000199515241547,29,0.00678291916847,28,0.00542561151087,29,-0.000108299507701,28,0.000884693232365,29,0.00810343492776,28,0.0123929604888,29,0.00351161183789,28,0.0127255851403,29,0.0102372020483,28,0.0104367172898,2018-04-27
2018-04-27,286,-0.0976635737401,14,3,0.00993462465703,29,0.00121418153867,29,0.00115585117601,28,-3.1898762245e-05,29,-0.000833364494611,28,-0.00905532855541,29,0.00462861917913,29,-0.00309543521143,28,0.000250732089626,29,-0.00232076225802,28,-0.0122553869151,2018-05-02
2018-05-02,287,0.0499190809162,13,6,0.0106687508523,29,0.00176249491051,29,0.00904408842325,29,0.0101931011304,28,0.0123654501513,29,0.00797255523503,29,0.0122060244903,28,0.00578040070832,29,0.0138830421492,29,0.00319940270856,28,-0.00746934814379,2018-05-03
2018-05-03,287,0.226837848914,13,0,-0.00562250614166,29,-0.0103897945955,29,-0.00197183061391,29,-0.0012361939298,28,-0.00260885618627,29,-0.00205895002,29,-0.00283015402965,28,0.00627425406128,29,0.000986407510936,29,-0.00157073989976,28,0.0040517662419,2018-05-04
2018-05-04,286,0.095731329939,14,7,0.0164326559752,29,0.0167338307947,29,0.0107900714502,28,0.013156070374,29,0.0179635547101,28,0.0191074889153,29,0.0129936197773,29,0.0168398022652,28,0.0131010515615,29,0.0147706316784,28,-0.00166202429682,2018-05-07
2018-05-07,286,0.0583414898288,14,0,0.00578186428174,29,0.00793850794435,29,0.00899276603013,28,0.00559226609766,29,0.00493404269218,28,0.0137743353844,29,0.00619092909619,29,0.00620821770281,28,0.0078620556742,29,0.00597209995613,28,0.000190235674381,2018-05-08
2018-05-08,287,0.027429106065,13,0,-0.000255576509517,29,-0.00118994922377,29,-0.00377352070063,29,-0.00368551490828,28,-0.00219296989962,29,-0.00332295685075,29,-0.000812662474345,28,-0.00378289306536,29,-0.00313215632923,29,0.00085277215112,28,0.00110834866064,2018-05-09
2018-05-09,287,-0.0197026502609,13,2,0.005834242329,29,0.00382713205181,29,0.0123387761414,29,0.00471456348896,28,0.0062593203038,29,0.000634896336123,29,0.000838318024762,28,0.00699467910454,29,0.00536092603579,29,0.00299218506552,28,-0.00284205726348,2018-05-10
2018-05-10,287,0.3606781324,13,0,-0.0158996805549,29,-0.0142979063094,29,-0.00605987897143,29,-0.0096555929631,28,-0.00441430788487,29,-0.00384627538733,29,-0.00798873603344,28,8.15350431367e-05,29,-0.00251227011904,29,0.0034363376908,28,0.0193360182457,2018-05-11
2018-05-11,287,-0.0166629857281,13,27,0.00107239035424,29,0.00396436871961,29,0.00824828632176,29,-4.14486457885e-05,28,-0.00513334944844,29,0.00459651276469,29,0.00365135702305,28,0.0047025680542,29,0.00431096134707,29,6.35640981272e-06,28,-0.00106603394443,2018-05-14
2018-05-14,287,0.0993416969247,13,8,0.00755040207878,29,0.00553604029119,29,0.00724496738985,29,0.00826770067215,28,0.00642074178904,29,0.00934997759759,29,0.00384720298462,28,0.0057470491156,29,0.0112736821175,29,0.0112411230803,28,0.00369072100148,2018-05-15
2018-05-15,287,-0.0637730627229,13,0,0.00136718456633,29,-0.00441591488197,29,-0.00113224575762,29,-0.0076365894638,28,-0.00749628525227,29,-5.43388814549e-05,29,-0.0085589485243,28,-0.008270483464,29,-0.00556479860097,29,-0.00486167008057,28,-0.00622885464691,2018-05-16
2018-05-16,287,0.194316557831,13,23,-0.00235069403425,29,-0.0124191213399,29,-0.00973145943135,29,-0.00624218815938,28,-0.00490953400731,29,-0.0024653179571,29,-0.00431127846241,28,-0.00270049949177,29,-0.00464600743726,29,-0.00104239373468,28,0.00130830029957,2018-05-17
2018-05-17,287,0.184658467588,13,11,0.00998559314758,29,0.00873570423573,29,0.00287559325807,29,0.00794870499521,28,0.00795728620142,29,0.00966873858124,29,0.00790479779243,28,0.00854194350541,29,0.0121189579368,29,0.0103577394038,28,0.000372146256268,2018-05-18
2018-05-18,288,0.310549074535,12,0,-0.000571261218283,29,0.00236086593941,29,0.00832838471979,29,0.00929113663733,29,0.00459861336276,28,0.0152980107814,29,0.00953882280737,29,0.0146534629166,29,0.00909381266683,29,0.0106023913249,28,0.0111736525432,2018-05-21
2018-05-21,288,-0.0754601526852,12,0,-0.000289791612886,29,0.00170101795811,29,0.00111736508552,29,-0.000846866925713,29,-0.000267818570137,28,-0.00452219601721,29,0.000502356153447,29,-0.00430499063805,29,-0.00443374505267,29,-0.0019156804774,28,-0.00162588886451,2018-05-22
2018-05-22,288,0.0991438358755,12,0,-0.0165921337903,29,-0.00936269573867,29,-0.0150636723265,29,-0.00989795383066,29,-0.0108240991831,28,-0.0142899444327,29,-0.0120165180415,29,-0.0113040581346,29,-0.011668683961,29,-0.00806896854192,28,0.00852316524833,2018-05-23
2018-05-23,287,0.0230019838839,13,39,-0.00828065723181,29,-0.00910171121359,29,-0.00475916359574,29,-0.00208180281334,28,-0.00539964437485,29,-0.0044840616174,29,-0.0058985077776,28,-0.00604512961581,29,-0.00541743542999,29,-0.00667170528322,28,0.00160895194858,2018-05-24
2018-05-24,286,-0.000395255599108,14,11,-0.0103774107993,29,-0.0123636582866,29,-0.00290233106352,28,-0.000359674973879,29,-0.0024520221632,28,-0.00512086134404,29,-0.0030465433374,29,-0.0068751424551,28,-0.00829332880676,29,-0.00678280415013,28,0.00359460664913,2018-05-25
2018-05-25,286,-0.0665909100813,14,16,0.0077205854468,29,-0.00397457974032,29,-0.0031295993831,28,-0.00136355694849,29,-0.0023193594534,28,-0.00106360996142,29,-0.002593124751,29,-0.00352977216244,28,-0.00296149379574,29,-0.00625935196877,28,-0.0139799374156,2018-05-28
2018-05-28,286,0.156623695409,14,10,-0.0261828843504,29,-0.00936098583043,29,-0.00828342977911,28,-0.00565060274675,29,-0.00612755119801,28,-0.00557683873922,29,-0.00652701267973,29,-0.00683219078928,28,-0.00349396676756,29,-0.00144952966366,28,0.0247333546868,2018-05-29
2018-05-29,286,-0.0268762961861,14,12,-0.0227505043149,29,-0.0274178981781,29,-0.0232466291636,28,-0.024304613471,29,-0.0330092646182,28,-0.026361240074,29,-0.0234385915101,29,-0.0235231202096,28,-0.0275185573846,29,-0.0260877925903,28,-0.00333728827536,2018-05-30
2018-05-30,285,-0.134963800893,15,13,0.0283612757921,29,0.0222834590822,28,0.0119647486135,29,0.0154649298638,28,0.0195013862103,29,0.0167652126402,28,0.0134380729869,29,0.015392950736,28,0.0146480659023,29,0.0129876732826,28,-0.0153736025095,2018-05-31
2018-05-31,285,0.345371312651,15,0,-0.021841160953,29,-0.0128658581525,28,-0.0066744685173,29,-0.0167592447251,28,-0.00280187861063,29,-0.00815648306161,28,0.00333643564954,29,-0.00146947160829,28,0.00121268734802,29,-0.00600684760138,28,0.0158343133517,2018-06-01
2018-06-01,283,0.151157602317,17,2,-0.00738539779559,29,-0.00431336229667,28,-0.00552909495309,28,0.00130396464374,29,-0.00261208834127,28,0.000334724783897,28,0.00371947372332,29,2.36289835698e-07,28,0.00269681843929,28,-0.00228699832223,28,0.00509839947335,2018-06-04
2018-06-04,285,0.00311389405473,15,8,0.00743130967021,29,0.0160792972893,28,0.0134185124189,29,0.00936803221703,28,0.00787720363587,29,0.00833936687559,28,0.0127207878977,29,0.0119712455198,28,0.00954109430313,29,0.0108778905123,28,0.00344658084214,2018-06-05
2018-06-05,283,-0.0474015996332,17,0,0.00486220791936,29,6.99907541275e-05,28,0.00251971185207,28,0.00579484179616,29,-0.00196900963783,28,-0.00616283714771,28,-0.000271266908385,29,0.00141292379703,28,0.000522849790286,28,-0.00100461498369,28,-0.00586682290304,2018-06-06
2018-06-06,283,0.143929402268,17,3,-0.00241776369512,29,-0.00466233491898,28,-0.00157624692656,28,-0.00664486549795,29,-0.00487685436383,28,-0.00294227036647,28,0.00275431619957,29,0.000292984506814,28,-0.00391901191324,28,0.00144089548849,28,0.00385865918361,2018-06-07
2018-06-07,284,0.0250982181799,16,12,-0.0179250519723,29,-0.0161023028195,28,-0.0128691382706,29,-0.0163652207702,28,-0.0148866670206,28,-0.0136383939534,29,-0.00954424869269,28,-0.0152540104464,29,-0.0182079523802,28,-0.0175403561443,28,0.000384695827961,2018-06-08
2018-06-08,284,0.129537082926,16,3,-0.00549378665164,29,-0.00716595584527,28,-0.00384569168091,29,0.00222246767953,28,-0.00312913954258,28,-0.00607418408617,29,0.000460311770439,28,-0.00179732253309,29,-0.0010032398859,28,-0.000294719415251,28,0.00519906723639,2018-06-11
2018-06-11,283,0.0538959506977,17,0,0.00631560944021,29,0.0154403662309,28,0.0119715528563,28,0.0101096797734,29,0.00665106950328,28,0.00484262639657,28,0.0155201638117,29,0.00744488602504,28,0.0103045124561,28,0.00914556439966,28,0.00282995495945,2018-06-12
2018-06-12,283,0.0516336756834,17,0,-0.0116172106937,29,-0.0111081898212,28,-0.0158541351557,28,-0.0121953608468,29,-0.0151316393167,28,-0.014246493578,28,-0.0185827929527,29,-0.0119627909735,28,-0.0136158717796,28,-0.00372623978183,28,0.00789097091183,2018-06-13
2018-06-13,284,0.133869478648,16,24,-0.00597975356504,29,-0.0064534759149,28,-0.0027114378754,29,-9.65467552305e-05,28,-0.00740440422669,28,-0.00315234996378,29,0.000278419669485,28,-0.00255075818859,29,0.00125306204427,28,-0.00344068231061,28,0.00253907125443,2018-06-14
2018-06-14,283,-0.11442762233,17,4,-0.011856874451,29,-0.00863945297897,28,-0.0055197859183,28,-0.00377139355987,29,-0.0115312719718,28,-0.00563893793151,28,-0.00501310639083,29,-0.0129844164476,28,-0.0137727642432,28,-0.0188164953142,28,-0.0069596208632,2018-06-15
2018-06-15,280,-0.237004551583,20,3,-0.0409824512899,28,-0.0317976884544,28,-0.0459190681577,28,-0.0480622462928,28,-0.0476560927927,28,-0.0430303551257,28,-0.0485849045217,28,-0.0614398047328,28,-0.070754699409,28,-0.0580102317035,28,-0.0170277804136,2018-06-19
2018-06-19,281,0.271856255687,19,28,-0.0094398399815,29,-0.000283464789391,28,-0.00242512999102,28,0.00835646037012,28,0.0124071454629,28,0.0119421202689,28,0.0107428431511,28,0.0180540345609,28,0.0178052969277,28,-0.0088561642915,28,0.000583675689995,2018-06-20
2018-06-20,282,0.109594722026,18,2,-0.0196758750826,29,-0.0115379644558,28,-0.0247617606074,28,-0.0149089759216,28,-0.0155544644222,28,-0.0232239980251,29,-0.0157111082226,28,-0.0102576417848,28,-0.0157440099865,28,-0.0156366694719,28,0.00403920561075,2018-06-21
2018-06-21,282,-0.0810605322553,18,14,0.0155924623832,29,0.00790026318282,28,0.0152479475364,28,0.00965247023851,28,0.014701411128,28,0.00878055766225,29,0.0134981973097,28,0.00818658713251,28,0.00976577866822,28,0.000907657376956,28,-0.0146848050063,2018-06-22
2018-06-22,282,0.000214578408946,18,3,-0.012587107718,29,-0.00945337954909,28,-0.00714236916974,28,-0.0182751622051,28,-0.017756620422,28,-0.0135427406058,29,-0.0045815599151,28,-0.00438991421834,28,-0.00882483553141,28,-0.0195413865149,28,-0.00695427879691,2018-06-25
2018-06-25,283,-0.0257382144877,17,30,-0.00186860968824,29,0.00219864514656,28,-0.00320205301978,28,-0.00171232840512,29,-0.000482963660033,28,-0.00174240558408,28,-0.00332604604773,29,-0.00428444799036,28,0.000307483336655,28,-0.00843693781644,28,-0.0065683281282,2018-06-26
2018-06-26,283,-0.0283866349575,17,0,-0.0113340653479,29,-0.0157714243978,28,-0.0122183328494,28,-0.0104334065691,29,-0.00988713558763,28,-0.012305855751,28,-0.0122220842168,29,-0.0127286761999,28,-0.0174530725926,28,-0.0194916557521,28,-0.00815759040415,2018-06-27
2018-06-27,283,0.121076388788,17,8,-0.0159676019102,29,-0.0123746013269,28,-0.00336507172324,28,-0.0079961065203,29,-0.00901742465794,28,-0.00811879336834,28,-0.00803981162608,29,-0.000741562689655,28,-0.00449749594554,28,-0.015705794096,28,0.00026180781424,2018-06-28
2018-06-28,283,0.119998946384,17,8,0.0241014678031,29,0.0216015912592,28,0.0301096774638,28,0.0231446065009,29,0.0227961111814,28,0.027870234102,28,0.0255742482841,29,0.0281418133527,28,0.0282313991338,28,0.0250463597476,28,0.000944891944528,2018-06-29
2018-06-29,287,-0.0415631327834,13,0,-0.0179349314421,29,-0.0276462044567,29,-0.025583518669,29,-0.0288752932101,28,-0.0208975728601,29,-0.0166351441294,29,-0.0213855244219,28,-0.0265155695379,29,-0.0253916755319,29,-0.029318375513,28,-0.0113834440708,2018-07-02
2018-07-02,287,-0.0257748378202,13,4,0.00645189033821,29,0.00660712551326,29,0.00319228298031,29,0.0152386445552,28,0.0073155532591,29,0.00019754828827,29,0.00500720320269,28,0.000855112913996,29,0.00904370006174,29,0.00496384734288,28,-0.00148804299533,2018-07-03
2018-07-03,287,0.302692445898,13,0,-0.0190441440791,29,-0.0271124690771,29,-0.0177911482751,29,-0.0120850009844,28,-0.0124631933868,29,-0.0154631957412,29,-0.0136942267418,28,-0.00691031990573,29,-0.00416704686359,29,-0.00983433239162,28,0.00920981168747,2018-07-04
2018-07-04,287,-0.0247496198165,13,9,-0.0148762362078,29,-0.0214770101011,29,-0.0159958563745,29,-0.0146968830377,28,-0.0116230538115,29,-0.0142476474866,29,-0.00902876071632,28,-0.0180173553526,29,-0.0159921925515,29,-0.0239019822329,28,-0.00902574602515,2018-07-05
2018-07-05,286,0.311836904316,14,12,-0.00732125062495,29,-0.00355988531373,29,0.00578308105469,28,-0.0017966052983,29,0.00171296729241,28,0.00394814368337,29,0.00767319789156,29,0.00403899792582,28,0.00670369528234,29,0.0121733974665,28,0.0194946480915,2018-07-06
2018-07-06,286,-0.0663157210332,14,0,0.0276539158076,29,0.0245811212808,29,0.0276170633733,28,0.0283971112221,29,0.0267570968717,28,0.027615332976,29,0.0232861991972,29,0.0240651667118,28,0.0222807712853,29,0.0208916403353,28,-0.00676227547228,2018-07-09
2018-07-09,286,-0.0401006241918,14,0,0.00909485481679,29,0.00829130038619,29,0.0145768886432,28,-0.000241941423155,29,0.00192326738033,28,0.00395544245839,29,0.00588143290952,29,0.00650544231758,28,0.0062125409022,29,0.00449409009889,28,-0.00460076471791,2018-07-10
2018-07-10,287,-0.0874115721677,13,0,-0.0154595514759,29,-0.0198233872652,29,-0.0179773773998,29,-0.0222635176033,28,-0.0252282842994,29,-0.0199659839272,29,-0.0213474910706,28,-0.022794784978,29,-0.0250884089619,29,-0.0216543246061,28,-0.00619477313012,2018-07-11
2018-07-11,287,-0.11674708888,13,0,0.0244200807065,29,0.0317569486797,29,0.025638345629,29,0.033404301852,28,0.0233550071716,29,0.0250122100115,29,0.0273534860462,28,0.0217098519206,29,0.0245482567698,29,0.0236648358405,28,-0.000755244866014,2018-07-12
2018-07-12,287,0.0197455420697,13,0,0.000580473220907,29,0.00218537962064,29,0.0085922665894,29,-0.00140779360663,28,0.00454428885132,29,0.00559011194855,29,-0.00064169295365,28,0.00539601454511,29,0.00287971622311,29,0.000853095727507,28,0.0002726225066,2018-07-13
2018-07-13,287,-0.224935390137,13,7,0.00889917463064,29,0.00273905950598,29,-0.00340756867081,29,0.00409536296502,28,-0.00799546204507,29,-0.00209023221396,29,-0.00337046175264,28,-0.00807800982147,29,-0.00760633172467,29,-0.00561521714553,28,-0.0145143917762,2018-07-16
2018-07-16,287,0.0570460202947,13,2,0.00268422113732,29,-0.00135922024492,29,-0.000715461268555,29,-0.00378580600955,28,-0.00646810280159,29,-0.00431262608618,29,-0.00510245980695,28,-0.00266264029779,29,-0.000505480275024,29,-0.00387707352638,28,-0.0065612946637,2018-07-17
2018-07-17,288,0.337001913348,12,0,-0.00857992190868,29,-0.0100233741105,29,-0.0122035620734,29,-0.00697274878621,29,-0.00145614787471,28,-5.28323253093e-05,29,-0.0051230667159,29,-0.00200610118918,29,0.000976482348051,29,-0.00304040731862,28,0.00553951459005,2018-07-18
2018-07-18,288,-0.00196970491169,12,33,-0.00153225043323,29,-0.00980609282851,29,-0.0072078583762,29,0.000630835012998,29,-0.0063704252243,28,-0.00461063114926,29,-0.0145414061844,29,-0.00800060015172,29,-0.00372663047165,29,-0.00273702619597,28,-0.00120477576274,2018-07-19
2018-07-19,288,0.284397148336,12,5,0.00933798402548,29,0.00925636664033,29,0.0145387221128,29,0.0137854442,29,0.0200937408954,28,0.0244861412793,29,0.01914280653,29,0.0190918408334,29,0.0223225597292,29,0.0176149718463,28,0.00827698782086,2018-07-20
2018-07-20,289,-0.173491561995,11,0,0.0213772486895,29,0.0204982534051,29,0.0236395057291,29,0.0177860688418,29,0.0175980255008,29,0.0144902095199,29,0.00445309188217,29,0.00980612076819,29,0.0102548105642,29,0.000299106759485,28,-0.02107814193,2018-07-23
2018-07-23,289,-0.0440686257698,11,2,0.0264769624919,29,0.0207285862416,29,0.015032671392,29,0.0247700866312,29,0.0155702894554,29,0.0194176603109,29,0.0157029498369,29,0.0222127623856,29,0.0182639546692,29,0.0156064266339,28,-0.010870535858,2018-07-24
2018-07-24,289,0.249297441609,11,0,-0.0134596498683,29,-0.00427314545959,29,0.000492122664582,29,-0.00195083534345,29,0.00431021116674,29,-0.00338558084331,29,0.00401905691251,29,0.00341239478439,29,-0.00501463934779,29,0.00200396776199,28,0.0154636176303,2018-07-25
2018-07-25,289,0.171754871335,11,3,-0.0161582455039,29,-0.0105641726404,29,-0.00691118324175,29,-0.00890505127609,29,-0.0100790364668,29,-0.00909214839339,29,-0.0105367032811,29,-0.00543820438907,29,-0.00229177391157,29,-0.012311341241,28,0.0038469042629,2018-07-26
2018-07-26,289,0.275804583982,11,4,-0.0128293856978,29,-0.00841384101659,29,-0.00332906120457,29,-0.00604671053588,29,-0.00989502854645,29,-0.00537163205445,29,0.000692332629114,29,-0.00539186270908,29,-0.000178330927156,29,-0.00240542204119,28,0.0104239636566,2018-07-27
2018-07-27,289,0.0190592787289,11,3,-0.00657602818683,29,-0.00426128832623,29,-0.0104561122134,29,-0.00899406149983,29,-0.00203149067238,29,0.000403710466344,29,-0.0133402533829,29,-0.000495624961331,29,-0.00776433758438,29,-0.00923915859312,28,-0.00266313040629,2018-07-30
2018-07-30,289,0.200235265475,11,4,-0.00564686581492,29,-0.0034510451369,29,0.00212625600398,29,0.00614073174074,29,0.0015249971766,29,0.00402645813301,29,0.00335790379904,29,0.000522611488122,29,0.00538519537076,29,0.00593751017004,28,0.011584375985,2018-07-31
2018-07-31,290,0.170420581291,10,4,-0.0228514503688,29,-0.0196010507643,29,-0.019718490541,29,-0.02572141774,29,-0.0138294659555,29,-0.0227401852608,29,-0.0181418396533,29,-0.0170513000339,29,-0.0127059882507,29,-0.0181037988514,29,0.00474765151739,2018-08-01
2018-08-01,290,-0.0729303326029,10,29,-0.0196414403617,29,-0.0132150324062,29,-0.025383464992,29,-0.0204048678279,29,-0.0237213037908,29,-0.0294565334916,29,-0.0242259856313,29,-0.0258590988815,29,-0.0289084669203,29,-0.0241134557873,29,-0.00447201542556,2018-08-02
2018-08-02,290,0.300025611658,10,0,-0.0297181978822,29,-0.0206466168165,29,-0.0183934103698,29,-0.01469818037,29,-0.0180018022656,29,-0.0116930585355,29,-0.00787505786866,29,-0.0160278789699,29,-0.0109958508983,29,-0.00658622710034,29,0.0231319707818,2018-08-03
2018-08-03,289,0.0602468828989,11,22,-0.022834463045,29,-0.024821491912,29,-0.0181507244706,29,-0.0185465347022,29,-0.0221676193178,29,-0.0174428708851,29,-0.0186218190938,29,-0.014465761371,29,-0.0200259163976,29,-0.0211660321802,28,0.00166843086481,2018-08-06
2018-08-06,289,0.0385628255496,11,8,0.0256241615862,29,0.0274576023221,29,0.0323940627277,29,0.0324371643364,29,0.0345534309745,29,0.0326622352004,29,0.0269105024636,29,0.0293046310544,29,0.0338194929063,29,0.0265803877264,28,0.000956226140261,2018-08-07
2018-08-07,290,0.115981196186,10,0,-0.0147048765793,29,-0.0187866725028,29,-0.019202388823,29,-0.0152067625895,29,-0.0164148658514,29,-0.0226413365453,29,-0.0128262639046,29,-0.0135677699,29,-0.0167548805475,29,-0.00664266850799,29,0.00806220807135,2018-08-08
2018-08-08,290,0.206856594741,10,9,0.009835078381,29,0.025353776291,29,0.0214066058397,29,0.0261224638671,29,0.0234304498881,29,0.0251855570823,29,0.0225001405925,29,0.0286412853748,29,0.0283722169697,29,0.0224090795964,29,0.0125740012154,2018-08-09
2018-08-09,289,-0.305157487196,11,0,0.0201436802745,29,0.00210665003397,29,0.00801356509328,29,0.00631617056206,29,0.00219654431567,29,0.00287391804159,29,0.000789038080256,29,0.00171668361872,29,0.000720708514564,29,-0.00201310426928,28,-0.0221567845438,2018-08-10
2018-08-10,289,-0.293957122964,11,0,0.00974014308304,29,0.00425730925053,29,0.00295397546142,29,0.00140966428444,29,0.00484876614064,29,-0.00235140742734,29,-0.00419833743945,29,-0.00517435511574,29,-0.00428057927638,29,-0.0090517103672,28,-0.0187918534502,2018-08-13
2018-08-13,290,0.317825211677,10,0,-0.00691603403538,29,-0.00838537048548,29,-0.0100429756567,29,-0.00830680318177,29,-0.00380599498749,29,-0.00108356925193,29,-0.00135500880424,29,0.00316749163903,29,0.000231594880461,29,-0.00124575558584,29,0.00567027844954,2018-08-14
2018-08-14,290,0.173703898238,10,0,-0.0243514105678,29,-0.0255295298994,29,-0.0247150976211,29,-0.0241613779217,29,-0.025535998866,29,-0.0189643781632,29,-0.0217857770622,29,-0.0265678521246,29,-0.018808959052,29,-0.0196108277887,29,0.00474058277905,2018-08-15
2018-08-15,290,0.153396865238,10,38,-0.0205869525671,29,-0.00612793723121,29,-0.00365876127034,29,-0.00987252313644,29,-0.00668043736368,29,-0.00824575219303,29,-0.00446241907775,29,-0.0026422534138,29,-0.00459276791662,29,-0.00135388865601,29,0.0192330639111,2018-08-16
2018-08-16,290,0.0782708535838,10,5,-0.0190501529723,29,-0.0158335380256,29,-0.0182783268392,29,-0.0183171741664,29,-0.0165943056345,29,-0.0116225834936,29,-0.0170151032507,29,-0.00914986804128,29,-0.0149735333398,29,-0.0182499717921,29,0.000800181180239,2018-08-17
2018-08-17,291,0.0925079654288,9,17,-0.00111958978232,30,0.00667440285906,29,0.00117301323917,29,0.00997627619654,29,0.00728048104793,29,0.013637968339,29,0.0133139248937,29,0.0156778711826,29,0.00795718748122,29,0.00636822823435,29,0.00748781801667,2018-08-20
2018-08-20,292,-0.227681462854,8,0,0.0208401847631,30,0.0283479578793,29,0.0188216231763,29,0.011100852862,29,0.0160898119211,29,0.0143863754347,30,0.010379454121,29,0.0102495262399,29,0.0102999145165,29,0.00973471719772,29,-0.0111054675654,2018-08-21
2018-08-21,292,0.0893712332414,8,0,-0.0082390923053,30,-0.00910734105855,29,-0.0139742065221,29,-0.00987244024873,29,-0.00491027999669,29,-0.00555679388344,30,-0.010203840211,29,-0.0069854836911,29,-0.00796764437109,29,-0.00572575163096,29,0.00251334067434,2018-08-22
2018-08-22,292,0.188704158509,8,13,0.00479451240972,30,-0.000697261304595,29,0.000117768504424,29,0.00491491053253,29,0.00279231718741,29,0.00549362087622,30,0.00539433117956,29,0.00366246281192,29,0.00902448873967,29,0.00774091482162,29,0.00294640241191,2018-08-23
2018-08-23,292,0.104901152307,8,0,-0.00507747149095,30,-0.00115659728181,29,0.00350102689117,29,0.00490253977478,29,-0.00200916151516,29,-0.000459041184513,30,0.000447306141723,29,0.00161041680258,29,0.00255620479584,29,0.00290761329234,29,0.00798508478329,2018-08-24
2018-08-24,292,0.192346177427,8,5,0.0207563322037,30,0.021295465529,29,0.0227265320718,29,0.024456711486,29,0.0260308701545,29,0.0239854380488,30,0.0258592329919,29,0.0265898834914,29,0.0238552056253,29,0.0265159644186,29,0.0057596322149,2018-08-27
2018-08-27,293,0.105258462402,7,0,0.00283167161979,30,7.11576722097e-05,29,-0.00290701724589,29,0.000279903411865,30,-0.00456756958738,29,0.00983219500631,29,0.00291716051288,30,0.00144686573185,29,-0.000332063646056,29,0.00358420610428,29,0.000752534484491,2018-08-28
2018-08-28,293,0.0367309756615,7,4,-8.41100991238e-05,30,-0.00763874640688,29,-0.00364773231559,29,-0.00768079748377,30,-0.000430275656981,29,0.00239949813113,29,-0.00584738235921,30,-0.00370732881129,29,-0.00437645055354,29,-0.00294671184383,29,-0.00286260174471,2018-08-29
2018-08-29,293,0.0318451928017,7,4,-0.0124008115381,30,-0.0133497733623,29,-0.0142988376319,29,-0.00904016103595,30,-0.00704632559791,29,-0.0196530688554,29,-0.0114004928619,30,-0.00969816092402,29,-0.011545705609,29,-0.0113723995164,29,0.0010284120217,2018-08-30
2018-08-30,293,0.39372924309,7,49,-0.0193257890642,30,-0.00950002018362,29,-0.00684036267921,29,-0.00757876224816,30,-0.010613206774,29,-0.00710217515007,29,-0.000731368840206,30,-0.00501985801384,29,0.0023162139114,29,0.00651388335973,29,0.0258396724239,2018-08-31
2018-08-31,293,0.175677509894,7,10,-0.00638649845496,30,-0.0022619839292,29,-0.00842342711985,29,-0.00773327145725,30,-0.00556845683604,29,-0.00219536852092,29,-0.00380421290174,30,0.000496656750329,29,0.00238935300149,29,0.0011145574972,29,0.00750105595216,2018-09-03
2018-09-03,293,-0.0356528923238,7,0,0.0274933744222,30,0.00988408643752,29,0.00790100637823,29,0.00943720340729,30,0.0108541762456,29,0.00829473696649,29,0.00878229923546,30,0.0142405070364,29,0.00915615074337,29,0.0114531554282,29,-0.016040218994,2018-09-04
2018-09-04,293,0.155513848908,7,0,-0.0113135334104,30,-0.0204030927271,29,-0.0186490807682,29,-0.0198647156358,30,-0.0142904724926,29,-0.016955582425,29,-0.0168334245682,30,-0.0119638526812,29,-0.0137029150501,29,-0.0101671181619,29,0.00114641524851,2018-09-05
2018-09-05,293,0.0286073974073,7,68,-0.00676444778219,30,-0.00684368005022,29,-0.00663816928864,29,-0.00857440847903,30,-0.00931972917169,29,-0.0110139315948,29,-0.00682015623897,30,-0.00672165257856,29,-0.00668852496892,29,-0.00721380207688,29,-0.000449354294688,2018-09-06
2018-09-06,293,0.0560128430634,7,14,-0.00459817051888,30,0.000712400884368,29,0.000162067080964,29,0.00545405922458,30,0.00464264070615,29,0.00146564538591,29,0.00211831927299,30,0.00481644365937,29,0.00561513379216,29,0.00237563764676,29,0.00697380816564,2018-09-07
2018-09-07,292,0.133893537644,8,6,-0.0260641649365,30,-0.0146653717384,29,-0.0223520677537,29,-0.0172013565898,29,-0.0151236057281,29,-0.0145347518846,30,-0.0235912818462,29,-0.0181395970285,29,-0.015613257885,29,-0.0136575866491,29,0.0124065782875,2018-09-10
2018-09-10,292,0.180506876102,8,38,-0.00173434615135,30,0.000183039694093,29,-0.00205484963953,29,-0.00199488736689,29,-0.00047137614456,29,-0.00211496162228,30,0.00185248150956,29,-0.00280260224827,29,0.00658774981275,29,0.0038041472435,29,0.00553849339485,2018-09-11
2018-09-11,292,0.0561257646538,8,0,-0.00177667732351,30,-0.000591594609432,29,-0.00208164076321,29,-0.00227343617007,29,-2.78641437035e-05,29,-0.0027297756169,30,-0.00358059280552,29,-0.0052308193408,29,-0.00448584370315,29,0.0021753476467,29,0.0039520249702,2018-09-12
2018-09-12,292,0.035454780657,8,11,0.00810774322599,30,0.0122141921893,29,0.00851491652429,29,0.00585063965991,29,0.00737825362012,29,0.00835492368788,30,0.0127514535561,29,0.00746707664803,29,0.00946597848088,29,0.0116509525105,29,0.00354320928454,2018-09-13
2018-09-13,292,0.120138927364,8,0,-0.0107322894037,30,-0.00948153249919,29,-0.000191002050997,29,0.00270253838971,29,0.00146839534864,29,-0.000447885191534,30,-0.00838085729629,29,0.00270315492526,29,-0.00209075631574,29,0.00127536267973,29,0.0120076520834,2018-09-14
2018-09-14,291,0.0906433884397,9,14,-0.0168453399092,30,-0.0163770709187,29,-0.0142824361101,29,-0.0238937605172,29,-0.0118251461536,29,-0.0103703262284,29,-0.0139371510595,29,-0.0116949575022,29,-0.0103671094403,29,-0.0172816067934,29,-0.000436266884208,2018-09-17
2018-09-17,291,0.129167818864,9,22,0.0146974083036,30,0.0207176934928,29,0.0173719152808,29,0.0189207680523,29,0.0213220063597,29,0.0216161683202,29,0.022858094424,29,0.021216602996,29,0.0201317071915,29,0.0219682287425,29,0.00727082043886,2018-09-18
2018-09-18,290,0.0961432341191,10,0,0.00744715239853,29,0.0101763624698,29,0.0155168464407,29,0.0131710069254,29,0.0175791848451,29,0.016708439216,29,0.0162361897528,29,0.0137002142146,29,0.0104605285451,29,0.0130080785602,29,0.00556092616171,2018-09-19
2018-09-19,291,0.0515856045769,9,2,-0.00305680837482,30,-0.00259712245315,29,-0.000755388173275,29,-0.000589436502196,29,-9.51824495132e-06,29,-0.00125052186195,29,-0.00185240141582,29,0.00119478127453,29,-0.0040688556619,29,-0.00322948861867,29,-0.00017268024385,2018-09-20
2018-09-20,291,-0.00490002299829,9,9,0.022404525429,30,0.0236795395613,29,0.0328640341759,29,0.0248141847551,29,0.0289239473641,29,0.0223262943327,29,0.0233554635197,29,0.0292370691895,29,0.0228243041784,29,0.016730511561,29,-0.00567401386797,2018-09-21
2018-09-21,290,0.350523836214,10,0,-0.014921925962,29,-0.0159610398114,29,-0.0100020086393,29,-0.00676837889478,29,-0.00840782932937,29,-0.00654811691493,29,0.000132414803375,29,-0.00405760249123,29,-0.00129937718157,29,-0.00085586309433,29,0.0140660628676,2018-09-25
2018-09-25,290,0.163518103533,10,3,0.0105636781082,29,0.00503533054143,29,0.00639252830297,29,0.00418211054057,29,0.00844012480229,29,0.00676646921784,29,0.00960562564433,29,0.0121105145663,29,0.0104796886444,29,0.0101324319839,29,-0.000431246124208,2018-09-26
2018-09-26,289,-0.0561321124854,11,6,-0.00763134518638,29,4.54002401966e-05,29,-0.00480098137632,29,-0.0108307581395,29,-0.00881653372198,29,-0.0106919733807,29,-0.00914634950459,29,-0.00909674353898,29,-0.00836061406881,29,-0.0048139328137,28,0.00281741237268,2018-09-27
2018-09-27,289,0.065733337338,11,31,0.00924771185964,29,0.0128746051341,29,0.012727778405,29,0.00664887344465,29,0.00983607117087,29,0.0105180265382,29,0.00747343804687,29,0.0100276330486,29,0.0125136133283,29,0.0122575117275,28,0.00300979986787,2018-09-28
2018-09-28,290,0.0733507430282,10,0,-0.0342622026801,29,-0.0401731431484,29,-0.0439264923334,29,-0.0427068322897,29,-0.0436254180968,29,-0.043463524431,29,-0.0279693268239,29,-0.0398643687367,29,-0.03676282987,29,-0.0326897799969,29,0.00157242268324,2018-10-08
2018-10-08,290,0.028842262921,10,43,-0.000197907967959,29,-0.00881502591074,29,-0.00535982241854,29,0.00328907882795,29,-0.000553924473934,29,0.000581007567234,29,-0.00333543284796,29,0.0029156638775,29,-0.00534247327596,29,-0.00484560709447,29,-0.00464769912651,2018-10-09
2018-10-09,290,0.129603299895,10,3,-0.0015368378954,29,-0.00517532322556,29,-0.00313220149837,29,-0.00110332097393,29,-0.0037830164656,29,0.00398938404396,29,-0.00261711049825,29,-0.000812734011561,29,0.00153913791291,29,0.00557288201526,29,0.00710971991066,2018-10-10
2018-10-10,290,-0.350352730963,10,2,-0.0439153388143,29,-0.055385556072,29,-0.0550516210496,29,-0.0579261034727,29,-0.0619661808014,29,-0.0626003220677,29,-0.065730497241,29,-0.0757509917021,29,-0.06859177351,29,-0.0787416994572,29,-0.0348263606429,2018-10-11
2018-10-11,290,-0.118693493075,10,40,0.00596642680466,29,9.05106790015e-05,29,0.0087524484843,29,0.00644508516416,29,0.00418282765895,29,0.00664049386978,29,0.0168324094266,29,0.0145669616759,29,-0.00551699986681,29,-0.0339484475553,29,-0.03991487436,2018-10-12
2018-10-12,290,0.0855261257244,10,5,-0.0242845974863,29,-0.0176866240799,29,-0.0105955908075,29,-0.0189116373658,29,-0.0107966000214,29,-0.0157012213022,29,-0.0164442230016,29,-0.0146418521181,29,-0.0167743898928,29,-0.0259609334171,29,-0.00167633593082,2018-10-15
2018-10-15,290,0.0728026737918,10,25,-0.0142570380121,29,-0.021681305021,29,-0.0245265234262,29,-0.0171001683921,29,-0.0180452596396,29,-0.0167196728289,29,-0.0191971771419,29,-0.0165333859622,29,-0.0168086923659,29,-0.0130227990448,29,0.0012342389673,2018-10-16
2018-10-16,290,0.0952617251648,10,11,0.00367377139628,29,0.00416449829936,29,0.00642758002505,29,0.00459148781374,29,0.0161408670247,29,0.00858923234046,29,0.012201978825,29,0.00540793547407,29,0.012787623331,29,0.00792223587632,29,0.00424846448004,2018-10-17
2018-10-17,290,-0.132062908655,10,2,-0.017842579633,29,-0.0220499485731,29,-0.0241123624146,29,-0.0193442516029,29,-0.0228325966746,29,-0.0258500371128,29,-0.0271997842938,29,-0.0233379714191,29,-0.0296455174685,29,-0.0296385660768,29,-0.0117959864438,2018-10-18
2018-10-18,289,-0.0369695512132,11,25,0.035379294306,29,0.0346951037645,29,0.0277188196778,29,0.0260866880417,29,0.0269262827933,29,0.0268431082368,29,0.0225007757545,29,0.0309846159071,29,0.030984506011,29,0.0219483338296,28,-0.0134309604764,2018-10-19
2018-10-19,289,-0.303181875468,11,2,0.0642690211535,29,0.0578562244773,29,0.0533641427755,29,0.0598708093166,29,0.0592765137553,29,0.0553336814046,29,0.0435698702931,29,0.0442422293127,29,0.0387179516256,29,0.0379802472889,28,-0.0262887738645,2018-10-22
2018-10-22,289,-0.0303872608363,11,0,-0.0125841824338,29,-0.0143636632711,29,-0.023698784411,29,-0.0235105995089,29,-0.0265140719712,29,-0.022819513455,29,-0.0242279823869,29,-0.0164774432778,29,-0.0179117117077,29,-0.0213765110821,28,-0.00879232864827,2018-10-23
2018-10-23,288,0.149230285078,12,4,0.00913301389664,29,-0.000466885248898,29,-0.00998660363257,29,-0.00187079038005,29,-0.00790920853615,28,-0.00493334885687,29,0.000837714527734,29,0.00229037622921,29,0.00976172834635,29,0.00894463248551,28,-0.000188381411135,2018-10-24
2018-10-24,288,-0.303817938332,12,0,0.0455358102918,29,0.00621290877461,29,-0.00279937731102,29,-0.00258141756058,29,-0.000139072537422,28,-0.00547028006986,29,-0.00169810955413,29,-0.00430998299271,29,-0.000847427989356,29,-0.00489112734795,28,-0.0504269376397,2018-10-25
2018-10-25,288,0.273940671578,12,0,-0.0226360335946,29,-0.0100659066811,29,-0.00466676428914,29,-0.0012099291198,29,0.00191457779147,28,0.00106153194793,29,0.00477136392146,29,0.00346129923128,29,-0.00117505423259,29,-0.00457769213244,28,0.0180583414622,2018-10-26
2018-10-26,289,0.174239072185,11,0,-0.0345805026591,29,-0.019050758332,29,-0.0217773932964,29,-0.0160613059998,29,-0.0248633753508,29,-0.0175141319633,29,-0.0131931798533,29,-0.0139033487067,29,-0.0223761387169,29,-0.0153594082221,28,0.0192210944369,2018-10-29
2018-10-29,290,-0.152121773606,10,12,0.016333239153,29,0.0174022968858,29,0.0215055774897,29,0.0238236133009,29,0.0103081194684,29,0.00439463602379,29,0.0152700459585,29,0.0130314929411,29,0.00650555733591,29,0.00973437540233,29,-0.0065988637507,2018-10-30
2018-10-30,290,0.172113509802,10,2,-0.00769360922277,29,0.008948716335,29,0.0158935524523,29,0.0206860639155,29,0.0157663300633,29,0.0242170896381,29,0.0164221636951,29,0.0157428570092,29,0.0137231387198,29,0.0130727747455,29,0.0207663839683,2018-10-31
2018-10-31,290,-0.105588340229,10,0,0.0115871364251,29,0.0160341467708,29,0.00966749899089,29,0.0065352874808,29,0.00392269669101,29,0.0107918027788,29,0.00746343890205,29,0.00811807066202,29,0.00407600821927,29,0.00535687897354,29,-0.00623025745153,2018-11-01
2018-11-01,291,-0.168663035521,9,26,0.0380705818534,30,0.0393348708749,29,0.0381376743317,29,0.0390173308551,29,0.037382170558,29,0.0377767756581,29,0.0264327656478,29,0.0261946637183,29,0.0359092205763,29,0.0236213859171,29,-0.0144491959363,2018-11-02
2018-11-02,291,0.160657057148,9,0,-0.00140352244489,30,-0.005805214867,29,-0.00660639163107,29,-0.00293540535495,29,0.00110683566891,29,-0.00189324293751,29,0.00110798247624,29,0.00101470539812,29,0.00213984167203,29,-0.00178982678335,29,-0.000386304338463,2018-11-05
2018-11-05,292,0.262614465785,8,0,-0.0115704517812,30,-0.00653359200805,29,-0.0114131197333,29,-0.00935579556972,29,0.00903395749629,29,0.000967021798715,30,0.00114686531015,29,-0.0023861466907,29,-0.00205826759338,29,-0.00742101669312,29,0.00414943508804,2018-11-06
2018-11-06,294,0.14044775823,6,2,-0.0148122804239,30,-0.00432184245437,29,4.11848232034e-05,30,-0.00773005839437,29,-0.00842720922083,29,-0.00882401689887,30,0.000200014692382,29,-0.00925142597407,30,-0.00313181104138,29,-0.010918292217,29,0.00389398820698,2018-11-07
2018-11-07,294,0.222078514514,6,26,-0.00949004665017,30,-0.0115922978148,29,-0.0114102978259,30,-0.00844638328999,29,-0.00344674126245,29,-0.00501234130934,30,-0.00514599774033,29,-0.0016386230709,30,-0.00612352229655,29,-0.00614799093455,29,0.00334205571562,2018-11-08
2018-11-08,294,0.0680902769891,6,31,-0.00998112931848,30,-0.00611712830141,29,-0.00667070550844,30,-0.00870135147125,29,-0.010431244038,29,-0.0108914496377,30,-0.00341992336325,29,-0.0074800113216,30,-0.00662635546178,29,-0.00572331203148,29,0.004257817287,2018-11-09
2018-11-09,293,0.00706302332723,7,17,0.0215748082846,30,0.0214938092977,29,0.0164568629116,29,0.017838710919,30,0.0179604329169,29,0.0240653920919,29,0.0218624435365,30,0.0195391792804,29,0.0146944383159,29,0.0167432315648,29,-0.00483157671988,2018-11-12
2018-11-12,293,-0.11065485206,7,0,0.0125560704619,30,0.0189348924905,29,0.0137398801744,29,0.0180436652154,30,0.0115748681128,29,0.0134196421131,29,0.0124679030851,30,0.0120374560356,29,0.0100703425705,29,0.0084542054683,29,-0.00410186499357,2018-11-13
2018-11-13,293,0.114743755197,7,0,-0.00626010494307,30,-0.00788686424494,29,-0.00778200710192,29,-0.0075848242268,30,-0.00937047507614,29,-0.00517388479784,29,-0.00560087570921,30,-0.00339018693194,29,-0.0068376804702,29,-0.00568406330422,29,0.000576041638851,2018-11-14
2018-11-14,293,0.0589320006114,7,6,0.0199837367982,30,0.00897032860667,29,0.013654681854,29,0.0189645290375,30,0.0134377665818,29,0.0139728905633,29,0.0150060867891,30,0.0148471882567,29,0.0166079290211,29,0.0134826675057,29,-0.00650106929243,2018-11-15
2018-11-15,294,-0.173120035099,6,0,0.0180205013603,30,0.0223249625415,29,0.0122130094096,30,0.00321491225623,29,0.00280780834146,29,0.000517656386364,30,0.006335652899,29,0.00492984475568,30,0.00807333178818,29,0.00232266145758,29,-0.0156978399027,2018-11-16
2018-11-16,294,-0.0414559068376,6,3,0.0142104486004,30,0.0106890611351,29,0.0091240266338,30,0.0164459757507,29,0.00970578566194,29,0.00491554150358,30,0.00829417537898,29,0.0119124250486,30,0.0077469823882,29,0.00612140726298,29,-0.00808904133737,2018-11-19
2018-11-19,293,0.384497749773,7,0,-0.0336589328945,30,-0.0403792597353,29,-0.032512947917,29,-0.0293960087001,30,-0.0213757548481,29,-0.0204603672028,29,-0.0300039872527,30,-0.0236322339624,29,-0.0204833801836,29,-0.0129144666716,29,0.0207444662228,2018-11-20
2018-11-20,293,0.06308892602,7,30,-0.00285586505197,30,0.00218074489385,29,0.00695326412097,29,0.00203601527028,30,0.00598579831421,29,0.00484324106947,29,0.00251843128353,30,0.0061280191876,29,0.00110849842895,29,-0.000213933395571,29,0.0026419316564,2018-11-21
2018-11-21,294,0.328091705036,6,0,-0.0134315872565,30,-0.00734153063968,29,-0.00208710227162,30,-0.00268247211352,29,0.00158953259233,29,-0.0010594924679,30,-0.00117035163566,29,0.000714464986231,30,0.00376865570433,29,-0.0012292615138,29,0.0122023257427,2018-11-22
2018-11-22,294,0.243177505682,6,4,-0.0351866148412,30,-0.0371594578028,29,-0.032487038523,30,-0.0384230874479,29,-0.0309835691005,29,-0.0255534462631,30,-0.026993189007,29,-0.0291053429246,30,-0.027593864128,29,-0.0271869786084,29,0.00799963623285,2018-11-23
2018-11-23,294,0.17179815461,6,47,-0.00759397959337,30,-0.00493494188413,29,-0.00618530903012,30,-0.00611998094246,29,-0.0048519722186,29,-0.000667707121465,30,0.00177130615339,29,-0.000295331090456,30,0.000212134982576,29,-0.00465663149953,29,0.00293734809384,2018-11-26
2018-11-26,295,-0.075427161629,5,9,0.00646261777729,30,0.00189264479559,29,0.00441165361553,30,0.00547189731151,29,-0.00238844961859,30,0.00237592961639,29,0.00211375555955,30,-0.000647698994726,29,-0.000155164801981,30,-0.00115388631821,29,-0.00761650409549,2018-11-27
2018-11-27,295,0.026833681866,5,6,0.011902413331,30,0.0142776146531,29,0.0205830466002,30,0.0195432770997,29,0.0150982756168,30,0.0223252531141,29,0.0139229753986,30,0.0125560490415,29,0.00916189514101,30,0.0148499254137,29,0.00294751208276,2018-11-28
2018-11-28,296,0.496413506227,4,0,-0.0279718227684,30,-0.0305156242102,30,-0.0262083150446,29,-0.0220166817307,30,-0.0179145727307,29,-0.0122226933017,30,-0.00969619583338,30,-0.0142054148018,29,-0.00650442251936,30,-0.00873304065317,29,0.0192387821153,2018-11-29
2018-11-29,296,0.0234192627774,4,64,0.0100302360952,30,0.00906995963305,30,0.0114380698651,29,0.0122309029102,30,0.0102176293731,29,0.0113268112764,30,0.014786795713,30,0.0130725130439,29,0.0063662272878,30,0.0133143085986,29,0.00328407250345,2018-11-30
2018-11-30,296,-0.222211579839,4,0,0.0351750850677,30,0.0342990979552,30,0.0296213049442,29,0.0269068852067,30,0.031671449542,29,0.0291627049446,30,0.0299898758531,30,0.0260623265058,29,0.0233256015927,30,0.0226208679378,29,-0.0125542171299,2018-12-03
2018-12-03,297,0.148447634966,3,0,0.00559472059831,30,0.0017626642948,30,0.00349007849582,30,-0.00168416416273,29,0.00429242663085,30,0.00153206987306,30,0.00271703465842,29,0.00322941946797,30,0.0018427829491,30,0.00759023614228,29,0.00199551554397,2018-12-04
2018-12-04,297,-0.0916875453978,3,0,0.00506131630391,30,-0.000542863213923,30,-0.00679956469685,30,-0.0043831449002,29,-0.00372043647803,30,-0.00916406139731,30,-0.00804800447077,29,-0.0125579293817,30,-0.00308303441852,30,-0.00579771073535,29,-0.0108590270393,2018-12-05
2018-12-05,297,0.169495418885,3,2,-0.0205438900739,30,-0.0313916690648,30,-0.0218369923532,30,-0.0239431969821,29,-0.0245370175689,30,-0.0218541286886,30,-0.0191509462893,29,-0.017196809873,30,-0.0181955676526,30,-0.0144362822175,29,0.00610760785639,2018-12-06
2018-12-06,297,0.289542912419,3,32,-0.012486781925,30,0.00235355109908,30,-0.00279315304942,30,0.00354245817289,29,0.0071929693222,30,0.00814304128289,30,0.00187654746696,29,0.00705770263448,30,0.00377243966796,30,0.00730580696836,29,0.0197925888933,2018-12-07
2018-12-07,298,-0.0980773222579,2,8,-0.0123460451141,30,-0.0110179698095,30,-0.00673913769424,30,-0.0102597652003,30,-0.0136590562761,29,-0.0149311209098,30,-0.0104540074244,30,-0.0124250631779,30,-0.0100873056799,30,-0.0205361675471,29,-0.00819012243301,2018-12-10
2018-12-10,299,0.13300887049,1,15,0.00457484507933,30,0.00477998843417,30,-0.00118692917749,30,0.00472353305668,30,0.00447705574334,30,0.00807505007833,30,0.00716186780483,30,0.0115404808894,30,0.00586944026873,30,0.00458436179906,29,9.51671972871e-06,2018-12-11
2018-12-11,299,0.0275949372934,1,5,0.00114599859808,30,0.00352215371095,30,-0.00160152709577,30,0.00643729185686,30,0.00482711615041,30,0.00413477234542,30,0.00208435859531,30,0.00296699395403,30,0.00240965886042,30,-0.000652529066429,29,-0.0017985276645,2018-12-12
2018-12-12,299,-0.0199146834231,1,6,0.0169972386211,30,0.00813427753747,30,0.0181020870805,30,0.0152119398117,30,0.013420490548,30,0.0138886729255,30,0.0116865737364,30,0.00809683836997,30,0.0119570018724,30,0.0121099026874,29,-0.00488733593374,2018-12-13
2018-12-13,298,-0.0493247209473,2,0,-0.0143369277939,30,-0.0129227340221,30,-0.0204866547137,30,-0.0252066664398,30,-0.0230876728892,29,-0.0237897951156,30,-0.0174853634089,30,-0.0212574321777,30,-0.0149315875024,30,-0.0215556249022,29,-0.00721869710833,2018-12-14
2018-12-14,298,0.15055163161,2,67,-0.00500182108954,30,-0.000850868236739,30,-0.0066009638831,30,-0.00312583055347,30,0.000783486641012,29,0.00446287216619,30,0.00103355641477,30,-9.89258260233e-05,30,0.00299543142319,30,-0.00228044483811,29,0.00272137625143,2018-12-17
2018-12-17,298,0.067268813851,2,0,-0.0149593735114,30,-0.00709274224937,30,-0.00863199587911,30,-0.0107726594433,30,-0.00920023210347,29,-0.00929243583232,30,-0.00937245320529,30,-0.0117156188935,30,-0.00908618140966,30,-0.00696572335437,29,0.007993650157,2018-12-18
2018-12-18,298,0.165174727655,2,5,-0.0162853542715,30,-0.0129670165479,30,-0.0171129368246,30,-0.0109565174207,30,-0.0124704325572,29,-0.00768107362092,30,-0.0108495894819,30,-0.00934623461217,30,-0.0109012229368,30,-0.0136484401301,29,0.00263691414148,2018-12-19
2018-12-19,298,0.0451988967989,2,50,-0.00468114204705,30,-0.00140792131424,30,0.00139216973912,30,-0.00349744758569,30,-0.00242240261286,29,-0.000331407791236,30,-0.00352359423414,30,-0.00213598203845,30,-0.00187523965724,30,-0.000449934916105,29,0.00423120713094,2018-12-20
2018-12-20,298,0.12360332472,2,2,-0.0108471233398,30,-0.00990980025381,30,-0.0109523870051,30,-0.0166037175804,30,-0.00646937917918,29,-0.0101079726592,30,-0.00878588948399,30,-0.00783771090209,30,-0.0103566469625,30,-0.00726099684834,29,0.00358612649143,2018-12-21
2018-12-21,298,0.107252103726,2,2,-0.00691770901904,30,0.00609986204654,30,0.00359570188448,30,0.00394325051457,30,0.00825247261673,29,0.00715669989586,30,0.00447705201805,30,0.00550988316536,30,0.00532942032441,30,0.00790875311941,29,0.0148264621384,2018-12-24
2018-12-24,297,-0.385825406507,3,0,0.00666051125154,30,-0.00718613481149,30,-0.00722986645997,30,-0.0103613259271,29,-0.0130541324615,30,-0.0172131117433,30,-0.0132482461631,29,-0.0142578221858,30,-0.0200045946985,30,-0.0182498916984,29,-0.0249104029499,2018-12-25
2018-12-25,297,0.283403867905,3,0,-0.00909783225507,30,-0.0076551954262,30,-0.00691538630053,30,-0.00609058327973,29,-0.00565540371463,30,-0.00186511280481,30,-0.00355611788109,29,-0.00140742457006,30,-0.00128166482318,30,0.00201687938534,29,0.0111147116404,2018-12-26
2018-12-26,297,-0.118117247234,3,19,-0.00291560892947,30,-0.00169822969474,30,-0.00932558160275,30,-0.00206143897958,29,-0.00770877022296,30,-0.00984804984182,30,-0.000630016962532,29,-0.00451133446768,30,-0.0144491614774,30,-0.00337040633895,29,-0.000454797409475,2018-12-27
2018-12-27,297,0.0773226238647,3,71,-0.000961516285315,30,0.0055528562516,30,0.00560742616653,30,0.00436959788203,29,0.00619800109416,30,0.00924629345536,30,0.00912950001657,29,0.00642726011574,30,0.0100402152166,30,0.00212530232966,29,0.00308681861497,2018-12-28
2018-12-28,299,0.0897365044947,1,8,-0.0218674298376,30,-0.0179630350322,30,-0.0119902947918,30,-0.00449443049729,30,-0.00914456602186,30,-0.0161050856113,30,-0.008376237005,30,-0.0129958372563,30,-0.0154125057161,30,-0.00942134670913,29,0.0124460831285,2019-01-02
2019-01-02,299,-0.105470040344,1,14,-0.00231505045667,30,-0.000561958528124,30,-0.00122064549942,30,0.0012942890171,30,-0.0101856328547,30,-0.00352532067336,30,-0.00066365202656,30,-0.00799671653658,30,-0.00470387144014,30,-0.0104035632685,29,-0.00808851281181,2019-01-03
2019-01-03,299,-0.183682120366,1,6,0.0512446239591,30,0.0380158349872,30,0.033666934818,30,0.0229725372046,30,0.0238290950656,30,0.0234964061528,30,0.0206601377577,30,0.020152291283,30,0.0188536960632,30,0.02119859308,29,-0.030046030879,2019-01-04
2019-01-04,299,-0.0131594778061,1,0,0.00359008903615,30,0.00700108986348,30,0.0180542152375,30,0.0166448242962,30,0.0159716308117,30,0.0119141954929,30,0.0137355839834,30,0.00941491127014,30,0.0105537194759,30,0.00544693740085,29,0.0018568483647,2019-01-07
2019-01-07,299,0.198795431662,1,2,-0.00867609586567,30,-0.00356064643711,30,-0.00276921782643,30,-0.000965627026744,30,-0.00457355566323,30,-0.00291299028322,30,0.000170403713128,30,0.0044924817048,30,-0.00312220444903,30,0.000119303833344,29,0.00879539969901,2019-01-08
2019-01-08,299,0.269446733352,1,5,0.00295922369696,30,-0.000110562643385,30,0.000118714568089,30,0.0058396817185,30,0.00807685218751,30,0.00463680410758,30,0.00544779095799,30,0.00563621940091,30,0.0107012530789,30,0.0159256514162,29,0.0129664277192,2019-01-09
2019-01-09,299,0.0496410474405,1,32,-0.00897938385606,30,-0.00523110618815,30,0.00359507603571,30,-0.000395878159907,30,-0.0040212450549,30,-0.00881553720683,30,-0.00303025450557,30,-0.00637864274904,30,-0.00441213464364,30,-0.00493723992258,29,0.00404214393348,2019-01-10
2019-01-10,300,0.123333474072,0,13,-0.000324068474583,30,0.00480883335695,30,0.0096625899896,30,0.00840506516397,30,0.00728044519201,30,0.00427475152537,30,0.00526743941009,30,0.00700174784288,30,0.00821282621473,30,0.00441564898938,30,0.00473971746396,2019-01-11
2019-01-11,300,0.143156713974,0,0,-0.00981510058045,30,-0.0109362546355,30,-0.00138069188688,30,0.00160039262846,30,-0.0122576020658,30,-0.010158370249,30,-0.0055391532369,30,-0.00831825565547,30,-0.00466974172741,30,-0.00628308858722,30,0.00353201199323,2019-01-14
2019-01-14,300,0.129994566416,0,8,0.00705930171534,30,0.0154772521928,30,0.0161266680807,30,0.0143761551008,30,0.0171869266778,30,0.0183325428516,30,0.01665869914,30,0.0160183440894,30,0.0154788689688,30,0.0131633738056,30,0.00610407209024,2019-01-15
2019-01-15,300,-0.0173346134938,0,0,-0.0013842046028,30,0.00405734358355,30,0.000564589106943,30,-0.000996176386252,30,-0.00105206773151,30,-0.00641254801303,30,-0.00460394006222,30,-0.00182539026719,30,-0.00172726914752,30,-0.00234969658777,30,-0.000965491984971,2019-01-16
2019-01-16,300,0.0133906625357,0,8,-0.00287087564357,30,-0.00494156498462,30,-0.00805518217385,30,-0.00313945999369,30,-0.00646035466343,30,-0.00487018050626,30,-0.00677163014188,30,-0.0063154338859,30,-0.00761487474665,30,-0.00423147296533,30,-0.00136059732176,2019-01-17
2019-01-17,300,-0.034475539808,0,14,0.0171251464635,30,0.016681952402,30,0.0174698662013,30,0.0147285424173,30,0.0179262626916,30,0.0124449711293,30,0.0129756843671,30,0.0151623431593,30,0.0154954530299,30,0.0154087962583,30,-0.00171635020524,2019-01-18
2019-01-18,299,-0.0539549975833,1,0,0.0078344065696,30,0.00653671007603,30,0.00589976692572,30,0.00868773646653,30,0.00716184172779,30,0.00355763430707,30,0.00519464397803,30,0.00460774684325,30,0.000803327537142,30,0.00473203929141,29,-0.00310236727819,2019-01-21
2019-01-21,298,0.241949820867,2,5,-0.0152177708223,30,-0.0159422457218,30,-0.0188426543027,30,-0.0115200597793,30,-0.0150077259168,29,-0.0128071345389,30,-0.0151770990342,30,-0.0112472735345,30,-0.011530097574,30,-0.00714656012133,29,0.00807121070102,2019-01-22
2019-01-22,298,0.141839947176,2,14,-0.00621784944087,30,-0.00251063099131,30,-0.0023650249932,30,-0.000787130964454,30,-0.00147904409096,29,-0.00170000398066,30,-0.00245666108094,30,-0.000766305136494,30,0.00414249720052,30,0.00244590337388,29,0.00866375281475,2019-01-23
2019-01-23,299,0.114234929315,1,10,-0.00222935480997,30,0.00792514439672,30,0.00468187127262,30,0.00544379139319,30,0.00473639369011,30,0.00512794265524,30,0.00454932637513,30,0.00784513540566,30,0.00481015443802,30,0.00100566807669,29,0.00323502288666,2019-01-24
2019-01-24,299,-0.0181498494053,1,4,0.00748381623998,30,0.00358096766286,30,0.00383632583544,30,0.00189779803623,30,0.00341259827837,30,0.00302715506405,30,0.000731505977456,30,0.00283215241507,30,0.00558411888778,30,0.00197491352446,29,-0.00550890271552,2019-01-25
2019-01-25,299,-0.0641969928583,1,24,0.00446272315457,30,-0.00319467973895,30,0.00100949802436,30,-0.000250216311542,30,-0.000687154126354,30,-0.00302993459627,30,-0.00605155620724,30,-0.00383805623278,30,-0.000222849848797,30,0.000517658132594,29,-0.00394506502198,2019-01-28
2019-01-28,300,-0.0714013387377,0,14,-0.0104543287307,30,-0.00561867142096,30,0.00415780162439,30,0.00309933628887,30,-0.00411417102441,30,-0.00214010872878,30,-0.00345918326639,30,-0.00340327620506,30,-0.00752471666783,30,-0.00908974651247,30,0.00136458221823,2019-01-29
2019-01-29,300,-0.0492928175645,0,0,-0.00225943536498,30,-0.00676903920248,30,-0.00781681295484,30,-0.0083910766989,30,-0.00905058626086,30,-0.0128566483036,30,-0.0153458220884,30,-0.0092649301514,30,-0.0051528532058,30,-0.00753272557631,30,-0.00527329021133,2019-01-30
2019-01-30,300,0.056025244268,0,24,-0.00246934499592,30,9.41475227592e-05,30,-0.00127681496087,30,-0.0013080596691,30,0.000659215438645,30,-0.00165989995003,30,0.00795881543308,30,-0.00189161696471,30,0.0022787253838,30,-0.00326234893873,30,-0.000793003942817,2019-01-31
2019-01-31,300,0.180732906977,0,13,0.0201395507902,30,0.0159096829593,30,0.0217764079571,30,0.0147622609511,30,0.0244943071157,30,0.0261475015432,30,0.0241529271007,30,0.0194621477276,30,0.0223877113312,30,0.0250353682786,30,0.00489581748843,2019-02-01
2019-02-01,300,-0.314919869903,0,2,0.0239360947162,30,0.0312740877271,30,0.0289944875985,30,0.0248962882906,30,0.0249025654048,30,0.0222023334354,30,0.0185178536922,30,0.0166147667915,30,0.0103703178465,30,0.016876604408,30,-0.00705949030817,2019-02-11
2019-02-11,300,-0.0579818682267,0,0,0.0101930778474,30,0.0149026550353,30,0.0185038428754,30,0.0155028440058,30,0.0121556008235,30,0.010137300007,30,0.0109491469339,30,0.0123034222052,30,0.0103973764926,30,0.00918829441071,30,-0.00100478343666,2019-02-12
2019-02-12,300,0.13994601495,0,0,0.023543426767,30,0.0201635081321,30,0.0171208437532,30,0.0200981460512,30,0.0274253170937,30,0.0195425748825,30,0.0238702017814,30,0.0178839229047,30,0.0317325368524,30,0.0201835036278,30,-0.00335992313921,2019-02-13
2019-02-13,300,0.242681073177,0,0,0.00329101481475,30,-0.00496879825369,30,-0.0027891874779,30,0.00504632573575,30,0.0033091227524,30,0.000309278577333,30,0.00140306749381,30,0.00650643324479,30,0.00721395201981,30,0.00709235062823,30,0.00380133581348,2019-02-14
2019-02-14,300,0.0228749818331,0,3,-0.00736420741305,30,-0.0138993524015,30,-0.0154465790838,30,-0.00895414780825,30,-0.0088905710727,30,-0.0102212550119,30,-0.0178316906095,30,-0.00828588567674,30,-0.011036821641,30,-0.0145996967331,30,-0.00723548932001,2019-02-15
2019-02-15,300,-0.107000074386,0,32,0.0376983620226,30,0.0445766970515,30,0.0307463333011,30,0.0373049527407,30,0.0305024143308,30,0.0393726564944,30,0.0358102247119,30,0.0335941687226,30,0.0361509919167,30,0.0262513961643,30,-0.0114469658583,2019-02-18
2019-02-18,300,-0.125319819336,0,0,0.0144855137914,30,0.00232556462288,30,0.00201098527759,30,-0.00694773020223,30,0.00383378262632,30,-0.0082939285785,30,-0.00416643219069,30,-0.00556023325771,30,-0.00181888940278,30,-0.000652205955703,30,-0.0151377197471,2019-02-19
2019-02-19,298,0.0878043948749,2,0,-0.00460984092206,30,0.00188913941383,30,0.0103736901656,30,0.00202164659277,30,0.00242571998388,29,0.00405976967886,30,0.00424029817805,30,-0.00076412956696,30,0.00624006800354,30,0.00428020954132,29,0.00889005046338,2019-02-20
2019-02-20,298,-0.105453981516,2,0,0.00244532036595,30,0.00297719845548,30,0.00387403159402,30,-0.000971885514446,30,-0.000636702985503,29,-0.00461385631934,30,-0.00456971535459,30,-0.00567317195237,30,-0.00699242530391,30,-0.00558487698436,29,-0.00803019735031,2019-02-21
2019-02-21,300,-0.317354565296,0,9,0.0559858195484,30,0.0553443841636,30,0.0402851030231,30,0.0168319121003,30,0.0206507910043,30,0.0104074236006,30,0.00922977551818,30,0.0118856942281,30,0.0158664193004,30,0.0161097384989,30,-0.0398760810494,2019-02-22
2019-02-22,299,-0.515722712815,1,0,0.0995910987258,30,0.0675800740719,30,0.06057215482,30,0.0619781278074,30,0.0525316260755,30,0.0590270720422,30,0.0494121052325,30,0.0534094758332,30,0.0429626554251,30,0.0360943600535,29,-0.0634967386723,2019-02-25
2019-02-25,299,0.0782573484387,1,3,-0.0140691697598,30,-0.00459501938894,30,-0.00111767649651,30,0.00112145347521,30,0.00546457758173,30,0.000314702600008,30,0.00181359052658,30,-0.00534085044637,30,-0.00651103071868,30,-0.0024995454587,29,0.011569624301,2019-02-26
2019-02-26,299,0.206272858138,1,12,-0.0104710003361,30,-0.00884224381298,30,-0.00649810023606,30,-0.00789484009147,30,-0.00448416452855,30,0.000743138778489,30,0.00159295008052,30,-0.00246485462412,30,0.000248533498961,30,0.00468930928037,29,0.0151603096165,2019-02-27
2019-02-27,298,0.443557907897,2,0,-0.0250249076635,30,-0.0212003793567,30,-0.00687918858603,30,-0.00212557124905,30,-0.000469252991024,29,0.00164084637072,30,0.00898144487292,30,0.00668895849958,30,0.00427040457726,30,0.00327758328058,29,0.028302490944,2019-02-28
2019-02-28,298,0.0415618784728,2,9,0.0217156670988,30,0.0185731407255,30,0.0121411187574,30,0.0138173364103,30,0.0126592209563,29,0.0131323058158,30,0.0108049251139,30,0.0153239071369,30,0.0159187372774,30,0.0164410267025,29,-0.00527464039624,2019-03-01
2019-03-01,298,0.00932244335672,2,0,0.0252597667277,30,0.0118100699037,30,0.0129328947514,30,0.015698319301,30,0.0247135125101,29,0.0241493396461,30,0.0127775371075,30,0.0119279567152,30,0.0186809767038,30,0.0155028104782,29,-0.00975695624948,2019-03-04
2019-03-04,298,0.0150506096904,2,3,0.0280343126506,30,0.00962268281728,30,0.00735043268651,30,0.0147583922371,30,0.00826732628047,29,0.0163371674716,30,0.0105937104672,30,0.0200871210545,30,0.00954990740865,30,0.0102363163605,29,-0.01779799629,2019-03-05
2019-03-05,298,0.0368335658129,2,2,0.0124516384676,30,0.00791552849114,30,0.0211090520024,30,0.0179162323475,30,0.0225165449083,29,0.0197104830295,30,0.0141206784174,30,0.0203105546534,30,0.0070840138942,30,0.0105399219319,29,-0.00191171653569,2019-03-06
2019-03-06,298,-0.470261691941,2,0,0.0267584938556,30,0.0230888910592,30,0.0127674676478,30,0.000808376062196,30,-0.00357878627256,29,-0.0122803905979,30,-0.0068878591992,30,-0.0111371157691,30,-0.0189799927175,30,-0.0175572521985,29,-0.0443157460541,2019-03-07
2019-03-07,299,0.398604519879,1,3,-0.0600582547486,30,-0.078914500773,30,-0.0484074801207,30,-0.0486709363759,30,-0.0368075110018,30,-0.0451717041433,30,-0.0333941802382,30,-0.0347588211298,30,-0.0320529155433,30,-0.0277631767094,29,0.0322950780392,2019-03-08
2019-03-08,300,-0.0997887190571,0,48,0.0231422744691,30,0.04583472386,30,0.0235548336059,30,0.0311830565333,30,0.0261787865311,30,0.030453780666,30,0.0391036346555,30,0.0286152083427,30,0.02307491377,30,0.0161321479827,30,-0.00701012648642,2019-03-11
2019-03-11,300,-0.0846324573749,0,4,0.0192397180945,30,0.00823348946869,30,0.0132812364027,30,0.0107451137155,30,0.015637345612,30,0.0128874164075,30,0.0134170353413,30,0.0102541390806,30,0.00290795159526,30,0.00990453734994,30,-0.00933518074453,2019-03-12
2019-03-12,300,0.388555499374,0,0,-0.0324718281627,30,-0.0309940055013,30,-0.0253353323787,30,-0.0177076384425,30,-0.0127400476485,30,-0.00882763043046,30,-0.00831934809685,30,-0.0123635549098,30,-0.00131120881997,30,-0.00277431798168,30,0.029697510181,2019-03-13
2019-03-13,300,0.1978109623,0,6,-0.03193680197,30,-0.0118324793875,30,-0.0241888407618,30,-0.0241187755018,30,-0.0118621326983,30,-0.0187091641128,30,-0.0104009928182,30,-0.0108797764406,30,-0.00445565767586,30,-0.0160992313176,30,0.0158375706524,2019-03-14
2019-03-14,300,0.0285133229252,0,2,0.00252378592268,30,0.01480823569,30,0.00934313889593,30,0.0136049948633,30,0.0207336507738,30,0.0100799938664,30,0.0171723477542,30,0.0163108929992,30,0.00989705137908,30,0.00533326668665,30,0.00280948076397,2019-03-15
2019-03-15,300,-0.160808524899,0,3,0.0382590144873,30,0.032478261739,30,0.028356321156,30,0.033620968461,30,0.032926786691,30,0.0228852164,30,0.029688661918,30,0.0267664790154,30,0.0238930266351,30,0.0222886130214,30,-0.0159704014659,2019-03-18
2019-03-18,300,0.408763636861,0,0,-0.0109910769388,30,-0.00332676572725,30,-0.0109455566853,30,-0.00656344089657,30,0.000338206678862,30,0.000556200742722,30,0.00250657997094,30,0.00536563014612,30,0.00417335052043,30,0.00542365107685,30,0.0164147280157,2019-03-19
2019-03-19,300,0.355675311119,0,0,-0.0100983660668,30,-0.00515993824229,30,-0.00465012993664,30,-0.00901778694242,30,-0.00388002186082,30,0.00215445947833,30,-2.23815441132e-05,30,0.00342059927061,30,0.00931727699935,30,0.00280264415778,30,0.0129010102246,2019-03-20
2019-03-20,298,-0.0119413672021,2,0,-0.00133743090555,30,0.0149997891858,30,0.0104848165065,30,0.00417842669412,30,0.00647262856364,29,0.00419807014987,30,0.00348866777495,30,0.00378983607516,30,0.00202612672001,30,0.00447230925784,29,0.00580974016339,2019-03-21
2019-03-21,297,0.125305758161,3,6,0.000874519348145,30,-0.00733297085389,30,-0.00399049511179,30,0.00425627315417,29,0.00847561750561,30,0.00692014489323,30,-0.00109942827839,29,-0.00312278675847,30,-0.00195439066738,30,0.0038050187286,29,0.00293049938045,2019-03-22
2019-03-22,297,-0.0596400312347,3,0,-0.0105490004644,30,-0.0155507428572,30,-0.0096390247345,30,-0.0220756866038,29,-0.0232491530478,30,-0.0206243358552,30,-0.0239085759968,29,-0.0211171228439,30,-0.0191420223564,30,-0.0201742164791,29,-0.00962521601468,2019-03-25
2019-03-25,297,0.134955386867,3,27,-0.0242759101093,30,-0.0266875196248,30,-0.016336556524,30,-0.0140359438956,29,-0.0213378947228,30,-0.0150444749743,30,-0.0142299598083,29,-0.017311071977,30,-0.0197406224906,30,-0.015724580735,29,0.00855132937431,2019-03-26
2019-03-26,297,-0.158199773886,3,3,0.01684307307,30,0.0143140610307,30,0.0139638641849,30,0.0104573862627,29,0.0019617874641,30,0.00259053707123,30,0.00742408959195,29,0.00770991062745,30,0.00416873302311,30,0.00686691561714,29,-0.00997615745291,2019-03-27
2019-03-27,297,0.0852610204648,3,0,-0.00487888045609,30,-0.00613332586363,30,-0.0139488494024,30,-0.0104983653873,29,-0.00564260687679,30,-0.00862109102309,30,-0.0080916043371,29,-0.00702187232673,30,-0.00903465785086,30,-0.00581856630743,29,-0.000939685851336,2019-03-28
2019-03-28,297,-0.0162313467809,3,18,0.0292069558054,30,0.0397848524153,30,0.0351429954171,30,0.0477916300297,29,0.047739520669,30,0.0331159234047,30,0.0340337529778,29,0.0321294590831,30,0.0326427705586,30,0.034500528127,29,0.00529357232153,2019-03-29
2019-03-29,297,0.0720015317331,3,0,0.0285207219422,30,0.0255127903074,30,0.0405419915915,30,0.0317462794483,29,0.034149941057,30,0.0273434091359,30,0.032669596374,29,0.0349652804434,30,0.0312787406147,30,0.0271886717528,29,-0.00133205018938,2019-04-01
2019-04-01,297,-0.00706553056309,3,0,0.00247667636722,30,-0.00181987287942,30,0.00383215537295,30,-6.61591038806e-05,29,0.00483725080267,30,0.00189927418251,30,0.000487989396788,29,-0.00475502200425,30,0.000610874092672,30,-0.00462741684169,29,-0.00710409320891,2019-04-02
2019-04-02,296,0.180464233464,4,3,0.0116116842255,30,0.0178343337029,30,0.00534657342359,29,0.0182157717645,30,0.0187935568392,29,0.0155397178605,30,0.010432716459,30,0.0160005372018,29,0.022322056815,30,0.0174612663686,29,0.00584958214313,2019-04-03
2019-04-03,296,0.0371966486363,4,0,0.00847012363374,30,0.00305479555391,30,0.00757376290858,29,0.00760515546426,30,0.0133704114705,29,0.00726763624698,30,0.00637167692184,30,0.0050761369057,29,0.00402680644765,30,0.00988724268973,29,0.00141711905599,2019-04-04
2019-04-04,298,-0.162831572287,2,0,0.000287856644718,30,-0.00370115833357,30,0.00730068283156,30,-0.0009111702675,30,-0.00357001204975,29,-0.00126072962303,30,-0.0135689834133,30,-0.0173668544739,30,-0.011320238933,30,-0.00729379570112,29,-0.00758165234583,2019-04-08
2019-04-08,297,0.412449207051,3,0,-0.0247349478304,30,-0.00677102198824,30,0.00232097110711,30,0.00229151500389,29,-0.000127013525344,30,0.0040593566373,30,0.00191851938143,29,0.00979755166918,30,0.00783412437886,30,0.00873955804855,29,0.033474505879,2019-04-09
2019-04-09,298,0.124012944926,2,0,-0.00218878197484,30,0.00302146468312,30,-0.0084223607555,30,-0.00471833953634,30,0.00331219518557,29,-0.00447062077001,30,-0.00663509173319,30,-0.00125922157895,30,-0.00145153002813,30,0.0077127548866,29,0.00990153686143,2019-04-10
2019-04-10,298,0.2891919118,2,0,-0.0341551192105,30,-0.0247087683529,30,-0.0245964918286,30,-0.0226597059518,30,-0.0234439298511,29,-0.01645209454,30,-0.0172764137387,30,-0.0182173419744,30,-0.0128503106534,30,-0.0189461875707,29,0.0152089316398,2019-04-11
2019-04-11,298,0.131828971985,2,26,0.000549747550394,30,-0.00551590509713,30,-0.0029213805683,30,-0.00255676498637,30,0.00439954642206,29,-0.00178966321982,30,0.0030807077419,30,0.00237869028933,30,0.00131664867513,30,0.00512338895351,29,0.00457364140311,2019-04-12
2019-04-12,298,0.269675781509,2,0,-0.0174968615174,30,-0.0127435484901,30,-0.00947926286608,30,-0.00726803950965,30,-0.00811138004065,29,-0.00772241177037,30,-0.00925981160253,30,-0.00615578889847,30,-0.00555793428794,30,-0.00312087032944,29,0.014375991188,2019-04-15
2019-04-15,298,-0.0349984807486,2,44,0.0253730397671,30,0.0213305372745,30,0.0260132625699,30,0.022872665897,30,0.0197826735675,29,0.0240154843777,30,0.021940164268,30,0.0227811466902,30,0.0196800213307,30,0.0252360571176,29,-0.000136982649565,2019-04-16
2019-04-16,298,0.226725408223,2,0,8.77698257682e-05,30,-0.000968098640442,30,0.000655472278595,30,0.00493555841967,30,-0.00151962251402,29,0.00739193381742,30,0.00801750831306,30,0.00588763738051,30,0.000629121088423,30,0.000755583401769,29,0.000667813576001,2019-04-17
2019-04-17,299,-0.00225410158116,1,0,0.00193144276273,30,-0.00525686144829,30,-0.00190084578935,30,-0.00670829601586,30,-0.00228070025332,30,-0.00826690625399,30,-0.00118287606165,30,-0.00832908786833,30,-0.00769530143589,30,-0.00690701929852,29,-0.00883846206125,2019-04-18
2019-04-18,299,0.0622807288293,1,9,0.00669236574322,30,0.00701313791797,30,0.00699192471802,30,0.00650956248865,30,0.00624438934028,30,0.00797725748271,30,0.00686914706603,30,0.00598825607449,30,0.00582150602713,30,0.00718304421753,29,0.000490678474307,2019-04-19
2019-04-19,299,0.247677044286,1,0,-0.0180975496769,30,-0.0296983905137,30,-0.0249570216984,30,-0.0271703060716,30,-0.0177644751966,30,-0.0200332570821,30,-0.015816707164,30,-0.010706496425,30,-0.0167877562344,30,-0.00934188906103,29,0.00875566061586,2019-04-22
2019-04-22,300,0.0498488870429,0,11,-0.00984929222614,30,-0.00976097024977,30,-0.00690750265494,30,-0.00680788746104,30,-0.00509147439152,30,-0.00551621709019,30,-0.00584889063612,30,-0.00802842993289,30,-0.0107957916334,30,-0.00921656098217,30,0.000632731243968,2019-04-23
2019-04-23,300,0.137618647554,0,10,0.000102301441075,30,0.00502238888294,30,0.00615410599858,30,0.00399325275794,30,0.00369934248738,30,0.0176930595189,30,0.0069695035927,30,0.00143254199065,30,0.0115845883265,30,0.00748225068673,30,0.00737994924566,2019-04-24
2019-04-24,300,0.126707199714,0,0,-0.0370092317462,30,-0.0221287924796,30,-0.0288790781051,30,-0.0257218405604,30,-0.0265017841011,30,-0.0296083763242,30,-0.0290889777243,30,-0.0239514894783,30,-0.0241275429726,30,-0.0200409907848,30,0.0169682409614,2019-04-25
2019-04-25,300,0.0909182199702,0,26,-0.0179365742952,30,-0.0144332805648,30,-0.0158915203065,30,-0.0158485900611,30,-0.0118838632479,30,-0.010386550799,30,-0.0117757059634,30,-0.0107832215726,30,-0.0161420479417,30,-0.0113592585549,30,0.00657731574029,2019-04-26
2019-04-26,298,0.0385093832529,2,26,-0.0217078961432,30,-0.00828031543642,30,-0.0164828468114,30,-0.0189353916794,30,-0.012166896835,29,-0.00945254974067,30,-0.00893398933113,30,-0.0121428864077,30,-0.0131159741431,30,-0.0121570788324,29,0.00955081731081,2019-04-29
2019-04-29,296,0.11142817315,4,10,0.00331750512123,30,2.39710007008e-05,30,0.0119576314464,29,0.00693269586191,30,0.00335711659864,29,0.00453015370294,30,0.0127221923321,30,0.00789294578135,29,0.00780932884663,30,0.0078215515241,29,0.00450404640287,2019-04-30
2019-04-30,297,-0.102456536046,3,4,-0.0537249706686,30,-0.0604808554053,30,-0.0698238536716,30,-0.059207841754,29,-0.0730252787471,30,-0.0594378709793,30,-0.0644352957606,29,-0.070614181459,30,-0.0681641027331,30,-0.06800301373,29,-0.0142780430615,2019-05-06
2019-05-06,299,-0.0205116768835,1,54,0.0144838076085,30,0.00880029983819,30,0.0147865954787,30,0.0176912117749,30,0.00794850755483,30,0.0156194968149,30,0.0145124318078,30,0.0168571248651,30,0.00491801882163,30,-0.000121891498566,29,-0.0146056991071,2019-05-07
2019-05-07,298,0.196220941932,2,2,-0.0240781325847,30,-0.0113445101306,30,-0.0122131425887,30,0.00022236109362,30,-0.0122714471072,29,-0.0062628169544,30,-0.00459656538442,30,-0.0091584501788,30,-0.00741603551432,30,-0.0102239148691,29,0.0138542177156,2019-05-08
2019-05-08,298,-0.0521685129284,2,4,-0.0119628692046,30,-0.0147540252656,30,-0.0164706036448,30,-0.0116830309853,30,-0.017979240045,29,-0.0168075431138,30,-0.0151800913736,30,-0.0181911308318,30,-0.0168525278568,30,-0.0154444184154,29,-0.00348154921085,2019-05-09
2019-05-09,299,-0.244855954204,1,18,0.0436018668115,30,0.0342294387519,30,0.0350309237838,30,0.0392894744873,30,0.0330173894763,30,0.0340834259987,30,0.0269822087139,30,0.0292850416154,30,0.026980753988,30,0.0259489752352,29,-0.0176528915763,2019-05-10
2019-05-10,299,0.216679760275,1,0,-0.0252942480147,30,-0.0171265844256,30,-0.0166363511235,30,-0.0151887116954,30,-0.0107505079359,30,-0.0180789232254,30,-0.0141677418724,30,-0.0151714738458,30,-0.010317848064,30,-0.0102704800665,29,0.0150237679482,2019-05-13
2019-05-13,299,0.218243645876,1,13,-0.0157703757286,30,-0.00828138366342,30,-0.00708133587614,30,-0.00708890752867,30,-0.0018367508892,30,-0.00644844584167,30,-0.00482843723148,30,-0.00487127481028,30,-0.00488472962752,30,-0.00695653399453,29,0.00881384173408,2019-05-14
2019-05-14,299,-0.053699181157,1,9,0.0179432686418,30,0.0317727923393,30,0.0164141133428,30,0.0136649990454,30,0.0196848791093,30,0.0168425794691,30,0.0187331121415,30,0.0162940584123,30,0.0155530534685,30,0.0177922323346,29,-0.000151036307216,2019-05-15
2019-05-15,298,0.0397837255462,2,0,0.00431815208867,30,0.0141940768808,30,0.00794583372772,30,0.0100685693324,30,0.00269421422854,29,0.00831989850849,30,0.00831374339759,30,0.0104790842161,30,0.00834857858717,30,0.00725542288274,29,0.00293727079406,2019-05-16
2019-05-16,298,0.12357555982,2,0,-0.0374862365425,30,-0.0275454763323,30,-0.0314359590411,30,-0.0280345026404,30,-0.0338017717004,29,-0.0288523361087,30,-0.0324446111917,30,-0.0309000983834,30,-0.0254744980484,30,-0.0266320537776,29,0.0108541827649,2019-05-17
2019-05-17,297,0.0381546227485,3,9,-0.0228657703847,30,-0.00650113401935,30,0.000806727039162,30,-0.00978920795023,29,-0.00543725909665,30,-0.00894836615771,30,-0.0115512181073,29,-0.0107953390107,30,-0.00746224913746,30,0.000439818570158,29,0.0233055889548,2019-05-20
2019-05-20,297,-0.21817927806,3,4,0.0245162565261,30,0.0220725871623,30,0.0202647931874,30,0.022729055956,29,0.0158906262368,30,0.0162714645267,30,0.0152897462249,29,0.0208882894367,30,0.0133620779961,30,0.00900338869542,29,-0.0155128678307,2019-05-21
2019-05-21,298,-0.057099110955,2,2,-0.00860548019409,30,0.00119740958326,30,-0.000443446624558,30,-0.00355461449362,30,-0.00451757991686,29,-0.00652845297009,30,-0.00387326092459,30,-0.0053921896033,30,-0.00510422373191,30,-0.0097844293341,29,-0.00117894914001,2019-05-22
2019-05-22,299,0.267673410377,1,4,-0.0269755534828,30,-0.0188493598253,30,-0.0198898985982,30,-0.0210777353495,30,-0.0173962768167,30,-0.0168368089944,30,-0.0107361162081,30,-0.0127296410501,30,-0.0146341240034,30,-0.0143177015707,29,0.0126578519121,2019-05-23
2019-05-23,299,0.0995100140895,1,16,-0.0128028513864,30,-0.00308153638616,30,0.00130839145277,30,-0.00134167273063,30,-0.00134188134689,30,-0.000600572442636,30,-0.000589007162489,30,-0.00142791471444,30,-0.00274235219695,30,-0.00239068060182,29,0.0104121707845,2019-05-24
2019-05-24,299,0.190769417972,1,10,0.0178432054818,30,0.0140248378739,30,0.0151405809447,30,0.0157799646258,30,0.0203746389598,30,0.0200728345662,30,0.0155634041876,30,0.0211470685899,30,0.0189876873046,30,0.0215180311352,29,0.00367482565343,2019-05-27
2019-05-27,299,0.109825141654,1,0,0.00865564588457,30,-0.000158276161528,30,0.00224736123346,30,0.00873841252178,30,0.0148289520293,30,0.00480288080871,30,0.00611159205437,30,0.00650266790763,30,0.00886106491089,30,0.00540135428309,29,-0.00325429160148,2019-05-28
2019-05-28,299,0.414979027638,1,3,-0.00752545613796,30,-0.00807534251362,30,-0.00809641461819,30,-0.00415537552908,30,-0.00316502852365,30,-0.00228974828497,30,-0.000891145085916,30,0.000275176775176,30,-0.000456937152194,30,0.0037524823565,29,0.0112779384945,2019-05-29
2019-05-29,300,0.0760359968815,0,10,-0.00628714356571,30,-0.00543805537745,30,-0.0037727355957,30,-0.00794502906501,30,-0.00965392589569,30,-0.00632733525708,30,-0.00553696928546,30,-0.00883348565549,30,-0.00553982239217,30,-0.00509470282122,30,0.00119244074449,2019-05-30
2019-05-30,300,0.0605159557211,0,3,-0.000711921835318,30,0.00543804559857,30,0.000339410704328,30,-0.00231699156575,30,-0.00281112198718,30,-0.00142679014243,30,-0.00295840902254,30,-0.0005836248165,30,0.0016720474232,30,-0.000603882479481,30,0.000108039355837,2019-05-31
2019-05-31,299,0.17173112912,1,39,-0.00666173081845,30,-0.00780777726322,30,-0.00614223303273,30,-0.00675271358341,30,-0.00788636412472,30,0.00103234057315,30,-0.00164495909121,30,-0.00389532046393,30,-0.00188374321442,30,-0.00331694912165,29,0.0033447816968,2019-06-03
2019-06-03,299,0.0698953845315,1,7,-0.00898642558604,30,-0.0148534299806,30,-0.00983064994216,30,-0.00952052511275,30,-0.00990010332316,30,-0.0111738024279,30,-0.00685701565817,30,-0.0113695645705,30,-0.0106906052679,30,-0.00867449585348,29,0.000311929732561,2019-06-04
2019-06-04,299,-0.0263487668201,1,2,-0.00250349449925,30,0.00156055891421,30,-0.00508089270443,30,0.00734703755006,30,0.000898387050256,30,-0.00603763479739,30,0.00135476584546,30,0.00114363234024,30,0.00338798970915,30,-0.00760495848954,29,-0.00510146399029,2019-06-05
2019-06-05,299,0.080166906828,1,35,-0.0148472907022,30,-0.0189561601728,30,-0.00801437254995,30,-0.0123057784513,30,-0.0149053689092,30,-0.0111327730119,30,-0.0124419275671,30,-0.0102306865156,30,-0.011677024886,30,-0.00852064229548,29,0.00632664840668,2019-06-06
2019-06-06,299,0.0204848676953,1,24,0.00589782185853,30,0.000981974648312,30,0.0122000174597,30,0.0171077568084,30,0.0079100728035,30,0.0116460723802,30,0.0116945588961,30,0.00556792831048,30,0.0085368277505,30,0.00629354966804,29,0.000395727809519,2019-06-10
2019-06-10,299,-0.196391102332,1,0,0.0344753749669,30,0.0417938008904,30,0.0376897267997,30,0.0328778028488,30,0.0295549910516,30,0.0305878352374,30,0.0320555567741,30,0.0263956189156,30,0.0285827033222,30,0.0256045944989,29,-0.00887078046799,2019-06-11
2019-06-11,299,0.131477315394,1,0,-0.0105184949934,30,-0.0100892363116,30,-0.00751138525084,30,-0.0057887355797,30,-0.00382903008722,30,-0.00659548817202,30,-0.00633458280936,30,-0.00832446850836,30,-0.00515484809875,30,-0.00460405601189,29,0.00591443898156,2019-06-12
2019-06-12,299,0.184612690972,1,11,-0.000397471594624,30,0.00159719388466,30,-0.00275275507011,30,-0.00222668657079,30,-0.00187274219934,30,-0.00233089132234,30,0.00104364159051,30,0.00535214133561,30,0.00380438170396,30,0.00461191963404,29,0.00500939122867,2019-06-13
2019-06-13,299,0.181175810141,1,2,-0.0171333029866,30,-0.0156052112579,30,-0.0115357721224,30,-0.0104827424511,30,-0.0137842679396,30,-0.00900863390416,30,-0.0123044373468,30,-0.00608944473788,30,-0.0102566042915,30,-0.0118325185031,29,0.00530078448355,2019-06-14
2019-06-14,299,0.245530054938,1,36,-0.00225759344175,30,-0.00273375515826,30,-0.00439670262858,30,-0.00180719292257,30,0.00256865425035,30,-0.000428515661042,30,0.00264357519336,30,0.000736141228117,30,0.00612268270925,30,0.005430418998,29,0.00768801243976,2019-06-17
2019-06-17,298,0.078875474313,2,5,0.00050363939954,30,0.000528083241079,30,-0.00105042452924,30,-0.000436906033428,30,-0.000698938441928,29,-0.000190871956875,30,0.00262275128625,30,0.00467424606904,30,-0.000562717497814,30,-0.000475201115478,29,-0.000978840515018,2019-06-18
2019-06-18,299,0.0607666878598,1,5,0.00973712839186,30,0.0100765647367,30,0.0125746969134,30,0.0151761258021,30,0.0181534290314,30,0.012528443709,30,0.013840273954,30,0.01259749569,30,0.0124635184184,30,0.00966180022806,29,-7.53281638026e-05,2019-06-19
2019-06-19,300,0.111983154974,0,34,0.0256113931537,30,0.0156466476619,30,0.0283844005316,30,0.0247431900352,30,0.0174909625202,30,0.0236352570355,30,0.0239325333387,30,0.0246071740985,30,0.029234630987,30,0.0294983703643,30,0.00388697721064,2019-06-20
2019-06-20,300,-0.00102449726381,0,0,0.0186354275793,30,0.00664007244632,30,0.00658877473325,30,0.00450401101261,30,0.00501662679017,30,0.0131440423429,30,0.0092097138986,30,0.0068538505584,30,0.00777708087116,30,0.00675401696935,30,-0.0118814106099,2019-06-21
2019-06-21,299,0.205096768163,1,5,-0.00385723914951,30,0.000312596559525,30,-0.00360016617924,30,0.000651637732517,30,-0.000326734792907,30,0.000833092140965,30,0.000841126835439,30,0.0026722191833,30,0.00442704139277,30,0.00255772378296,29,0.00641496293247,2019-06-24
2019-06-24,299,-0.105803901712,1,0,0.00141552090645,30,-0.00499944668263,30,-0.00699721975252,30,-0.00635331682861,30,-0.00913201179355,30,-0.00755376415327,30,-0.0102956714109,30,-0.010333744809,30,-0.0104264700785,30,-0.00844098813832,29,-0.00985650904477,2019-06-25
2019-06-25,300,0.342915621632,0,0,-0.0263022240251,30,-0.00651481328532,30,-0.00550328288227,30,0.00112609262578,30,0.00923500675708,30,0.00423849234357,30,0.00534973759204,30,0.00395628996193,30,0.00123777589761,30,0.00236279168166,30,0.0286650157068,2019-06-26
2019-06-26,300,-0.0826189330123,0,6,0.0122867124155,30,0.00642775883898,30,0.00868452806026,30,0.0131152747199,30,0.00991450157017,30,0.00942059326917,30,0.00879366975278,30,0.00626665959135,30,0.00770879583433,30,0.00144096813165,30,-0.0108457442839,2019-06-27
2019-06-27,300,-0.0314661724332,0,5,-0.000404725462431,30,-0.00303737120703,30,-0.00539659056813,30,-0.00495477905497,30,-0.00156480271835,30,-0.00753913307562,30,-0.00665676593781,30,-0.00540427165106,30,-0.00539437355474,30,-0.000554180121981,30,-0.00014945465955,2019-06-28
2019-06-28,300,-0.134079267547,0,0,0.0366303138435,30,0.0277661029249,30,0.0357225388288,30,0.0222503188998,30,0.0360835902393,30,0.0204539597034,30,0.0242311339825,30,0.0245397891849,30,0.0211788769811,30,0.0269622988999,30,-0.0096680149436,2019-07-01
2019-07-01,300,0.0489164816277,0,0,-0.00761705217883,30,0.00468532834202,30,0.000110048058559,30,0.00675286864862,30,0.0114582004026,30,-0.000606520974543,30,-0.000145353871631,30,0.000783884548582,30,-0.000100523233414,30,0.00115196907427,30,0.0087690212531,2019-07-02
2019-07-02,300,-0.014440797443,0,0,-0.008624792099,30,-0.00591922784224,30,-0.00144229526632,30,-0.00658632908016,30,-0.0132394693792,30,-0.0106260636821,30,-0.00972946267575,30,-0.00352412462234,30,-0.00920670386404,30,-0.00901742372662,30,-0.000392631627619,2019-07-03
2019-07-03,300,0.0729992562528,0,3,-0.00386412930675,30,-0.0052773533389,30,-0.00751836318523,30,-0.00699004950002,30,-0.0024244049564,30,-0.00787708349526,30,-0.00659963302314,30,-0.000171643492649,30,-0.00462697725743,30,-0.000674368930049,30,0.0031897603767,2019-07-04
2019-07-04,300,0.0923559136925,0,3,-0.00013948083506,30,0.00564607977867,30,0.00102860329207,30,9.17116776691e-05,30,0.00521126203239,30,0.00166380603332,30,0.00516959046945,30,-0.00071982544614,30,0.00398603873327,30,-5.19037239428e-05,30,8.75771111168e-05,2019-07-05
2019-07-05,299,-0.139480078427,1,4,-0.0170807279646,30,-0.022590233013,30,-0.028906961903,30,-0.0251253917813,30,-0.0275653060526,30,-0.0287168435752,30,-0.0272710509598,30,-0.0303080212325,30,-0.0293146558106,30,-0.0242427401245,29,-0.00716201215982,2019-07-08
2019-07-08,299,0.0623371104581,1,11,-1.04308128357e-06,30,-0.000450577324955,30,0.00377882528119,30,-0.000946068787016,30,-0.000137235721922,30,0.00145124597475,30,0.00271071190946,30,0.00217182631604,30,-0.000178424510523,30,-0.00239903340116,29,-0.00239799031988,2019-07-09
2019-07-09,299,0.120899935411,1,0,-0.0108423475176,30,-0.00850084796548,30,-0.00190737843513,30,-0.00433857226744,30,-0.0035709401127,30,-6.03973858233e-05,30,-0.00318560609594,30,-0.00498423771933,30,-0.00276558403857,30,-0.00359407998621,29,0.00724826753139,2019-07-10
2019-07-10,298,0.196085664177,2,6,-5.94913944951e-05,30,-0.0029960910324,30,0.00259726634249,30,-0.00420647859573,30,-0.00055670121219,29,0.00229396228679,30,0.00115044717677,30,-0.00433787098154,30,0.00259758834727,30,0.00374898826703,29,0.00380847966153,2019-07-11
2019-07-11,298,0.16910708579,2,5,0.00469982624054,30,0.00116469466593,30,0.00376780633815,30,0.00523040490225,30,0.00522158481181,29,0.00455606169999,30,0.00620293011889,30,0.00620649848133,30,0.00548438448459,30,0.00799745507538,29,0.00329762883484,2019-07-12
2019-07-12,299,0.0206850009871,1,3,0.00463798036799,30,0.00339411897585,30,0.0113480286673,30,0.0103315291926,30,0.00340312928893,30,0.00596146378666,30,0.0163164511323,30,0.00764831714332,30,0.00324011850171,30,0.00468625500798,29,4.82746399939e-05,2019-07-15
2019-07-15,299,-0.0316109706201,1,2,0.00267558102496,30,0.00180640420876,30,-0.000838444626424,30,-0.00143349566497,30,0.00278205680661,30,-0.000966713821981,30,6.66916384944e-05,30,-0.00371720199473,30,0.00113923742902,30,-0.00498052500188,29,-0.00765610602684,2019-07-16
2019-07-16,299,-0.0567977081888,1,3,0.00262256665155,30,0.000993839930743,30,0.00172984204255,30,0.00389089388773,30,0.00244627799839,30,0.00207461509854,30,2.57372848864e-05,30,0.000322246545693,30,-0.000352313130861,30,-0.0034171321895,29,-0.00603969884105,2019-07-17
2019-07-17,299,0.164946571131,1,6,-0.0137436706573,30,-0.0168698690832,30,-0.0120325069875,30,-0.0162315871567,30,-0.0118792550638,30,-0.0160316899419,30,-0.0125327492133,30,-0.0110827805474,30,-0.00995847582817,30,-0.00905352644622,29,0.00469014421105,2019-07-18
2019-07-18,299,0.15217765082,1,45,0.00754904933274,30,0.00647869519889,30,0.00750535912812,30,0.010929393582,30,0.0105612613261,30,0.0059447446838,30,0.0155340768397,30,0.0168681405485,30,0.0113448416814,30,0.00797747541219,29,0.000428426079452,2019-07-19
2019-07-19,299,-0.0043427321862,1,7,-0.0167607311159,30,-0.0111597618088,30,-0.0108753982931,30,-0.016958091408,30,-0.00959497503936,30,-0.00445933546871,30,-0.0112261297181,30,-0.0137556931004,30,-0.0169141273946,30,-0.0181310605258,29,-0.00137032940984,2019-07-22
2019-07-22,300,0.0680824896714,0,10,0.00765840616077,30,0.00260739331134,30,0.0079883756116,30,0.00884557329118,30,0.00998269114643,30,0.00173677806742,30,0.00932325143367,30,0.00905846711248,30,0.0118292216212,30,0.00678178248927,30,-0.000876623671502,2019-07-23
2019-07-23,300,0.157238761346,0,2,0.00121996598318,30,0.0158320199698,30,0.00760974688455,30,0.0126433549449,30,0.0114355543628,30,0.0103511018679,30,0.00778338918462,30,0.00665333867073,30,0.0114164613187,30,0.0080907503143,30,0.00687078433111,2019-07-24
2019-07-24,300,-0.100751615386,0,5,0.00771491508931,30,0.0103988368064,30,0.0100722229108,30,0.00676858006045,30,0.00369668216445,30,0.00249015097506,30,-0.00047735372209,30,0.00665322365239,30,0.00221491255797,30,0.00448701204732,30,-0.00322790304199,2019-07-25
2019-07-25,300,-0.0346783438637,0,0,0.00364970159717,30,0.00539082894102,30,0.000629484653473,30,0.00444840174168,30,0.00035685300827,30,-0.00182697374839,30,0.00314928498119,30,0.000739196955692,30,0.00222762022167,30,0.00290102371946,30,-0.000748677877709,2019-07-26
2019-07-26,300,-0.119637510265,0,0,-0.0024341782555,30,0.0041611334309,30,0.00226403074339,30,-0.00189233617857,30,0.00246456055902,30,-0.00158954260405,30,-0.000822367263027,30,-0.00617116270587,30,-0.0043428959325,30,-0.00450070109218,30,-0.00206652283669,2019-07-29
2019-07-29,299,0.21780389592,1,5,0.00176341936458,30,0.000903832900804,30,0.00307819247246,30,0.00370289874263,30,0.00577390613034,30,0.00991390552372,30,0.00609861407429,30,0.00715019507334,30,0.0067371847108,30,0.00924285314977,29,0.00747943378519,2019-07-30
2019-07-30,299,0.0576184745446,1,2,-0.00945608410984,30,-0.00701093673706,30,-0.00556597532704,30,-0.0048062922433,30,-0.00607513962314,30,-0.00692906789482,30,-0.00582225108519,30,-0.00835796631873,30,-0.00862621888518,30,-0.0029465679545,29,0.00650951615535,2019-07-31
2019-07-31,299,-0.0493441740572,1,16,-0.00135912699625,30,-0.00157116458286,30,-0.00780470576137,30,-0.00947782583535,30,-0.00876786746085,30,-0.00728647504002,30,-0.00781968422234,30,-0.0136347869411,30,-0.0105748828501,30,-0.00694677932188,29,-0.00558765232563,2019-08-01
2019-08-01,299,-0.114946801521,1,13,-0.00809368491173,30,-0.0140082715079,30,-0.02259523049,30,-0.010721957311,30,-0.0164654813707,30,-0.015266597271,30,-0.0180946923792,30,-0.0196194909513,30,-0.0194966010749,30,-0.0117641314864,29,-0.00367044657469,2019-08-02
2019-08-02,299,0.106076525865,1,0,-0.0239048246294,30,-0.0155151979998,30,-0.0236037168652,30,-0.0177352335304,30,-0.0212665740401,30,-0.0193472821265,30,-0.0177794918418,30,-0.0159340463579,30,-0.0149087943137,30,-0.0153388343751,29,0.00856599025428,2019-08-05
2019-08-05,299,-0.15467241283,1,74,-0.0108778774738,30,-0.0199235137552,30,-0.0139581123367,30,-0.00550711341202,30,-0.0131128905341,30,-0.0169335789979,30,-0.015600069426,30,-0.0176025815308,30,-0.0259261392057,30,-0.0211241263896,29,-0.0102462489158,2019-08-06
2019-08-06,300,0.348881441385,0,0,-0.013021719642,30,-0.00814140681177,30,-0.00955257378519,30,-0.00578024005517,30,-0.00554680032656,30,0.00363198528066,30,-0.00172326562461,30,0.00313797802664,30,0.00440659141168,30,0.00368589768186,30,0.0167076173238,2019-08-07
2019-08-07,300,0.20101326686,0,54,0.00434526614845,30,0.00897845625877,30,0.00630085868761,30,0.00820671115071,30,0.0115551967174,30,0.0105071486905,30,0.0106293940917,30,0.0110225481912,30,0.00844811182469,30,0.0165795125067,30,0.0122342463583,2019-08-08
2019-08-08,300,-0.121530573866,0,6,-0.00868975929916,30,-0.00774789648131,30,-0.00769610796124,30,-0.00609172182158,30,-0.00938647147268,30,-0.0168098825961,30,-0.0167040228844,30,-0.0109021859244,30,-0.0110212620348,30,-0.013748488389,30,-0.0050587290898,2019-08-09
2019-08-09,300,-0.00333079678124,0,17,0.0218470040709,30,0.0148153128102,30,0.0231850631535,30,0.0143143394962,30,0.0153527380899,30,0.0152848716825,30,0.0139355417341,30,0.020207112655,30,0.0128435846418,30,0.011533071287,30,-0.0103139327839,2019-08-12
2019-08-12,298,0.10718866166,2,0,-0.000277739774901,30,-0.0140730636194,30,-0.0103142578155,30,-0.00608871784061,30,-0.00659814570099,29,-0.00729744834825,30,-0.00427838368341,30,0.000355035066605,30,-0.00877076201141,30,-0.00605238927528,29,-0.00577464950038,2019-08-13
2019-08-13,298,0.0697012443999,2,4,-0.00168028473854,30,0.00938583817333,30,0.00624751858413,30,0.00539101567119,30,0.00593940960243,29,0.00488172378391,30,0.00467921886593,30,0.00569548597559,30,0.00322297425009,30,0.00551978871226,29,0.0072000734508,2019-08-14
2019-08-14,298,-0.126402032079,2,37,0.00580906448886,30,0.00999941024929,30,0.00636474089697,30,0.00488402647898,30,0.00222126580775,29,0.00393540877849,30,0.00077748100739,30,-0.000873327255249,30,-0.000224959847401,30,-0.000850780284964,29,-0.00665984477382,2019-08-15
2019-08-15,298,-0.0721912084881,2,0,0.00580328283831,30,0.00837155804038,30,0.00432506995276,30,0.0049340208061,30,0.00427347421646,29,0.00117060937919,30,0.00629169726744,30,0.00435067992657,30,-0.000175114473677,30,0.00654736859724,29,0.000744085758924,2019-08-16
2019-08-16,298,-0.0640877081673,2,15,0.0257357042283,30,0.0262902751565,30,0.0300160031766,30,0.0345278568566,30,0.035757061094,29,0.0347117260098,30,0.0278693437576,30,0.0236610248685,30,0.0234784185886,30,0.0217671506107,29,-0.0039685536176,2019-08-19
2019-08-19,298,0.194339024673,2,0,-0.00794268213212,30,-0.00335848936811,30,0.00234094867483,30,-0.00414497638121,30,-0.00105069833808,29,-0.00121372146532,30,0.00165420572739,30,0.00302974577062,30,0.000441227370175,30,-0.00105931225698,29,0.00688336987514,2019-08-20
2019-08-20,298,0.0695650162868,2,9,-0.000394223141484,30,-0.00053421856137,30,-0.00260199513286,30,-0.000321100145811,30,-0.00443848641589,29,-0.00353721179999,30,-0.00477245030925,30,-0.00438149785623,30,-0.00252816872671,30,-0.00268174870871,29,-0.00228752556723,2019-08-21
2019-08-21,298,0.0815550501679,2,12,-0.00409055547789,30,0.00310400733724,30,-0.00194512004964,30,0.000146355232573,30,0.00429132254794,29,0.00360984401777,30,0.00533343944699,30,0.00143749115523,30,0.00376831693575,30,0.000737847934943,29,0.00482840341283,2019-08-22
2019-08-22,298,0.0494749908958,2,2,0.00108142092358,30,-0.00272994837724,30,-0.00143504340667,30,0.00650789355859,30,0.00369121483527,29,0.00343178305775,30,0.00160189473536,30,0.00216371216811,30,-0.00155291357078,30,0.00199352670461,29,0.000912105781026,2019-08-23
2019-08-23,298,-0.100436986206,2,11,-0.00133138103411,30,-0.00837380066514,30,-0.00736262602732,30,-0.0136986868456,30,-0.00843514688313,29,-0.0136073175818,30,-0.0103402910754,30,-0.0132431387901,30,-0.0106797814369,30,-0.0111840097234,29,-0.00985262868926,2019-08-26
2019-08-26,299,-0.0547831836155,1,2,0.0130754970014,30,0.0169225018471,30,0.0275922827423,30,0.0201947689056,30,0.0130704762414,30,0.0149186849594,30,0.0145584009588,30,0.0166426431388,30,0.0134451473132,30,0.00923240557313,29,-0.00384309142828,2019-08-27
2019-08-27,300,0.00434252863615,0,20,-0.00354916253127,30,-0.000918600941077,30,-0.00133500690572,30,-0.00183704099618,30,-0.00319480500184,30,-0.00933334045112,30,-0.00815991126001,30,-0.0018223603256,30,0.000201332572033,30,-0.00219469866715,30,0.00135446386412,2019-08-28
2019-08-28,300,-0.0365418747431,0,5,0.000487448764034,30,0.00525712361559,30,-0.00471678189933,30,-0.00417776126415,30,-0.00254801125266,30,-0.00416761217639,30,-0.00550550036132,30,-0.00614501629025,30,-0.000150750085595,30,-0.00183901982382,30,-0.00232646858785,2019-08-29
2019-08-29,300,0.128172903302,0,12,-0.0104952929541,30,-0.00119230151176,30,-0.00472524948418,30,-0.00117148761638,30,-0.0048549156636,30,-0.00168511271477,30,-0.00602738047019,30,-0.00107206706889,30,-0.00192619557492,30,-0.00346768903546,30,0.00702760391869,2019-08-30
2019-08-30,300,0.0412737126736,0,11,0.016367264092,30,0.0158123765141,30,0.0197206623852,30,0.0200836472213,30,0.0214679054916,30,0.0162692591548,30,0.0203810017556,30,0.0146385049447,30,0.0148633597419,30,0.0202732272446,30,0.00390596315265,2019-09-02
2019-09-02,300,-0.193929035584,0,0,0.00486952066422,30,0.00192576448899,30,0.00819060206413,30,0.0102428160608,30,0.00483031664044,30,-0.000911921262741,30,0.00211870274507,30,-0.00207259855233,30,-0.0014523009304,30,-0.000948560249526,30,-0.00581808091374,2019-09-03
2019-09-03,300,0.121285711748,0,3,0.0101046049967,30,0.010462583974,30,0.0119958557189,30,0.00426207389683,30,0.00708440924063,30,0.0111195584759,30,0.0169022977352,30,0.0118440007791,30,0.0129357958212,30,0.0132246119902,30,0.00312000699341,2019-09-04
2019-09-04,300,0.0507001245236,0,0,0.0123632745817,30,0.0105931283906,30,0.0156426131725,30,0.00984959024936,30,0.012845733203,30,0.00589826097712,30,0.00861305370927,30,0.00944122113287,30,0.0137195251882,30,0.00918636564165,30,-0.00317690894008,2019-09-05
2019-09-05,300,0.0100935459551,0,3,0.00513313803822,30,0.00437639141455,30,0.00869909767061,30,0.00488600321114,30,0.00215350394137,30,0.00056629179744,30,0.000964148843195,30,0.00524809537455,30,0.0116216298193,30,0.00356527161784,30,-0.00156786642037,2019-09-06
2019-09-06,300,-0.119084688747,0,0,0.0209106188267,30,0.0130898775533,30,0.0147195477039,30,0.0193849895149,30,0.0125440498814,30,0.00982265453786,30,0.0068097691983,30,0.0126684065908,30,0.00983861088753,30,0.00848793145269,30,-0.0124226873741,2019-09-09
2019-09-09,298,0.0150314922547,2,0,-0.00711375894025,30,0.00146642327309,30,0.000778510177042,30,0.00190052192193,30,-0.00026814485318,29,-0.00413864664733,30,0.000635916017927,30,0.000280789536191,30,-0.00125096633565,30,-0.00280773034319,29,0.00430602859706,2019-09-10
2019-09-10,298,0.108731811196,2,0,-0.00954591389745,30,-0.00230669369921,30,-0.00358206243254,30,-0.0074361404404,30,-0.00483980681747,29,-0.00584992161021,30,-0.00316135096364,30,-0.00667838472873,30,-0.00159403681755,30,-0.00621264567599,29,0.00333326822147,2019-09-11
2019-09-11,300,0.13568003932,0,12,0.00479831499979,30,0.00209651584737,30,0.00697016716003,30,0.0052806972526,30,0.0116647286341,30,0.00560888648033,30,0.0093848509714,30,0.0111600700766,30,0.00759795308113,30,0.00650628795847,30,0.00170797295868,2019-09-12
2019-09-12,300,0.219662015364,0,0,-0.00433315243572,30,-0.0101054431871,30,-0.00207335152663,30,0.000543999660295,30,-0.00448033632711,30,-0.00105775590055,30,0.00267714867368,30,0.00356889958493,30,-0.00192742748186,30,0.0049957674928,30,0.00932891992852,2019-09-16
2019-09-16,300,0.0351181718817,0,0,-0.0182474460453,30,-0.0211955346167,30,-0.0195016432554,30,-0.0201839599758,30,-0.0185563638806,30,-0.0217048898339,30,-0.0215422678739,30,-0.01787388511,30,-0.0173882301897,30,-0.0179251246154,30,0.000322321429849,2019-09-17
2019-09-17,300,0.100488114698,0,16,-0.00196470413357,30,-0.00471657328308,30,0.00682686967775,30,0.00238456134684,30,0.00357093010098,30,0.00462353834882,30,0.00217472715303,30,0.00259716506116,30,-0.00135902955662,30,0.00215320987627,30,0.00411791400984,2019-09-18
2019-09-18,300,0.0406742328111,0,23,0.00753549719229,30,0.00763735175133,30,0.00588099751621,30,0.00894350651652,30,0.00778661575168,30,0.00798243097961,30,0.00542523479089,30,0.00357130169868,30,0.00717429118231,30,0.00421036873013,30,-0.00332512846217,2019-09-19
2019-09-19,300,0.052318655258,0,0,0.00718614039943,30,0.000674994778819,30,0.00283550214954,30,0.00107008416671,30,0.00242044124752,30,0.00415647635236,30,0.00025669138995,30,-7.47481972212e-05,30,0.00028314391966,30,0.00255976524204,30,-0.00462637515739,2019-09-20
2019-09-20,300,0.079465329005,0,20,-0.00186985533219,30,-0.012083735317,30,-0.0147982239723,30,-0.0109415566549,30,-0.0165809616446,30,-0.0157331582159,30,-0.010924060829,30,-0.0116426106542,30,-0.0109430607408,30,-0.00499222287908,30,-0.00312236754689,2019-09-23
2019-09-23,300,0.0758018548316,0,0,-0.011050786823,30,0.000448801118182,30,0.0082170907408,30,0.00251751532778,30,0.00635280227289,30,0.00267109484412,30,0.00211808481254,30,0.000352986651706,30,0.00177179777529,30,-0.00223563308828,30,0.00881515373476,2019-09-24
2019-09-24,300,0.139480398633,0,16,-0.0204104091972,30,-0.0212449990213,30,-0.00646479707211,30,-0.0108606219292,30,-0.00559553923085,30,-0.0103336535394,30,-0.0120438123122,30,-0.0126929618418,30,-0.00993166584522,30,-0.0106451092288,30,0.00976529996842,2019-09-25
2019-09-25,300,-0.0354536643038,0,25,-0.011306880042,30,-0.0141472136602,30,-0.0125238997862,30,-0.0104992808774,30,-0.0123359207064,30,-0.0133254090324,30,-0.00751340389252,30,-0.0183105096221,30,-0.0176130756736,30,-0.0116400839761,30,-0.000333203934133,2019-09-26
2019-09-26,300,0.0670189420151,0,35,0.00882406625897,30,0.00826206430793,30,0.000222404793021,30,0.00247294106521,30,-0.000480808812426,30,0.00408413819969,30,0.0042408448644,30,0.00276499986649,30,-0.000665201747324,30,0.00851813331246,30,-0.000305932946503,2019-09-27
2019-09-27,300,0.16138947953,0,6,-0.0182684287429,30,-0.0102066453546,30,-0.0077432570979,30,-0.00715081905946,30,-0.00998411420733,30,-0.00490393023938,30,-0.00740448245779,30,-0.00759643130004,30,-0.0053479950875,30,-0.0053555467166,30,0.0129128820263,2019-09-30
2019-09-30,298,0.127307741115,2,61,-0.01219537016,30,-0.00572066893801,30,-0.000630863534752,30,0.00483352551237,30,0.000702270132024,29,0.00649286713451,30,0.00511721568182,30,0.00357937021181,30,-0.00108781654853,30,-0.00113675103057,29,0.0110586191295,2019-10-08
2019-10-08,298,-0.0440380948044,2,15,0.00940882135183,30,0.00680661387742,30,0.00483660493046,30,0.00355993118137,30,0.00211792159826,29,0.00045445759315,30,0.00619825720787,30,0.00286933383904,30,0.00274754362181,30,0.00380252557807,29,-0.00560629577376,2019-10-09
2019-10-09,298,-0.134452909607,2,0,0.0175166241825,30,0.0105737922713,30,0.0159084312618,30,0.0182309839875,30,0.00833785533905,29,0.0102272788063,30,0.0157860033214,30,0.00661602430046,30,0.00566540751606,30,0.00528055243194,29,-0.0122360717505,2019-10-10
2019-10-10,300,0.118050635707,0,0,0.00680887699127,30,0.00630687875673,30,0.00408806186169,30,0.00370406894945,30,0.00535421958193,30,0.00694825639948,30,0.00571321044117,30,0.00448909215629,30,0.00684213032946,30,0.00870673637837,30,0.0018978593871,2019-10-11
2019-10-11,300,-0.0613266295366,0,3,0.0120623055845,30,0.0143485404551,30,0.0173704102635,30,0.0144200539216,30,0.0130062298849,30,0.00951587129384,30,0.0139682888985,30,0.0128450477496,30,0.01274978742,30,0.00784708466381,30,-0.00421522092074,2019-10-14
2019-10-14,300,-0.0690223151683,0,2,-0.0111066158861,30,-0.00222951569594,30,-0.0107791209593,30,-0.00843795575202,30,-0.00463660154492,30,-0.0101320603862,30,-0.0133993113413,30,-0.0081368740648,30,-0.0051652174443,30,-0.0125933345407,30,-0.00148671865463,2019-10-15
2019-10-15,300,0.143252621127,0,22,-0.00406848778948,30,-0.0117411967367,30,-0.00258019566536,30,-0.00368599500507,30,-0.00150569481775,30,-0.00401770882308,30,-0.00234861765057,30,-0.002677553799,30,-0.00191867747344,30,-0.00177935359534,30,0.00228913419414,2019-10-16
2019-10-16,300,0.04926746873,0,21,0.00165891053621,30,-0.00314463372342,30,-0.00117032125127,30,0.00154316821136,30,-0.00189429125749,30,-0.00158774259035,30,-0.00178466038778,30,-0.00389725575224,30,-0.000956326723099,30,0.000283819448669,30,-0.00137509108754,2019-10-17
2019-10-17,300,0.0439579195469,0,13,-0.0139601090923,30,-0.0152136627585,30,-0.0132036907598,30,-0.0111050587147,30,-0.0158528219908,30,-0.013416999951,30,-0.0162347592413,30,-0.0131511809304,30,-0.0147898932919,30,-0.0107127865776,30,0.00324732251465,2019-10-18
2019-10-18,300,0.0520751312466,0,42,-0.00538673391566,30,-0.00133456394542,30,0.000433448964031,30,0.0047283670865,30,0.0029403467197,30,0.00465085124597,30,0.00344180851243,30,-0.00377374095842,30,-0.00327433343045,30,-0.00098755361978,30,0.00439918029588,2019-10-21
2019-10-21,300,0.0590038975828,0,0,-0.00106121296994,30,0.00529174786061,30,0.0064394553192,30,0.009122393094,30,0.0119712613523,30,0.00774331111461,30,0.00322932400741,30,0.00624671764672,30,0.00486068520695,30,0.00262437853962,30,0.00368559150957,2019-10-22
2019-10-22,299,0.18179591824,1,2,-0.0184957701713,30,-0.00684667238966,30,-0.00612061424181,30,-0.0068850456737,30,-0.00576129741967,30,-0.00686083221808,30,-0.00632798066363,30,-0.00269153923728,30,-0.00633748760447,30,-0.00656874431297,29,0.0119270258583,2019-10-23
2019-10-23,299,0.104156106679,1,11,-0.00369716295972,30,-0.00459525408223,30,0.00187871255912,30,-0.000557382882107,30,-0.00380921154283,30,-0.00169514422305,30,-0.00277520227246,30,-0.00198554783128,30,0.00252498197369,30,0.0018221756909,29,0.00551933865063,2019-10-24
2019-10-24,299,0.0407915801464,1,3,0.010993687436,30,0.0110764028504,30,0.0164552610368,30,-0.0017654200783,30,0.00538410339504,30,0.00808995589614,30,0.0080587528646,30,0.0100151160732,30,0.00907530542463,30,0.0063271522522,29,-0.00466653518379,2019-10-25
2019-10-25,299,-0.101276546106,1,0,0.0135060353205,30,0.0200923699886,30,0.0166713781655,30,0.0160669218749,30,0.0084840869531,30,0.00646489858627,30,0.00926462002099,30,0.00656807003543,30,0.0117641491815,30,0.00822022277862,29,-0.00528581254184,2019-10-28
2019-10-28,299,0.225251563126,1,0,-0.0202880315483,30,-0.015013223514,30,-0.0103886509314,30,-0.00153634743765,30,-0.0116951884702,30,-0.0152260279283,30,-0.00428690295666,30,-0.00998025946319,30,-0.00535269174725,30,-0.00553473317996,29,0.0147532983683,2019-10-29
2019-10-29,298,-0.0345320825022,2,58,-0.000990068889223,30,-0.0105783203617,30,-0.00872343964875,30,-0.00213470263407,30,-0.00923910643905,29,-0.00497633032501,30,-0.0069282669574,30,-0.0107093192637,30,-0.00517102098092,30,-0.00866558868438,29,-0.00767551979516,2019-10-30
2019-10-30,299,0.179637895932,1,11,-0.0129263019189,30,-0.0134142898023,30,-0.000310597824864,30,5.23467861058e-05,30,0.0011957406532,30,0.00293383002281,30,0.000299658364384,30,-0.00398289365694,30,-0.000258036452578,30,0.0021368060261,29,0.015063107945,2019-10-31
2019-10-31,300,0.0995686152794,0,11,0.0135079659522,30,0.0110465148464,30,0.0152709884569,30,0.00893866829574,30,0.011170592159,30,0.0153380120173,30,0.00839241314679,30,0.0148260099813,30,0.0129787679762,30,0.0155841233209,30,0.00207615736872,2019-11-01
2019-11-01,300,-0.09150248579,0,0,0.00373413553461,30,0.011238056235,30,0.0116565208882,30,0.0068555730395,30,0.00945719704032,30,0.00434705615044,30,0.00793643947691,30,0.00548013439402,30,0.00615404453129,30,0.000753106665798,30,-0.00298102886882,2019-11-04
2019-11-04,300,0.16624008608,0,13,0.00373318581842,30,0.00281462678686,30,0.00736688962206,30,0.00502348924056,30,0.00522113824263,30,0.00843532104045,30,0.00715232314542,30,0.00711821718141,30,0.0100498255342,30,0.00641636643559,30,0.00268318061717,2019-11-05
2019-11-05,300,0.0526068881681,0,0,-0.00413351459429,30,-0.0100473063067,30,-0.00632556853816,30,-0.00655194325373,30,-0.00583323230967,30,-0.00595582509413,30,-0.00181492371485,30,-0.0025552152656,30,-0.00744572095573,30,-0.0021650691051,30,0.00196844548918,2019-11-06
2019-11-06,300,0.158164824448,0,8,-0.00195509195328,30,0.00727992830798,30,0.0018430610653,30,-0.000542851281352,30,0.00259077153169,30,0.00352658820339,30,0.00759769696742,30,0.00408035330474,30,0.00838224682957,30,0.000425386417191,30,0.00238047837047,2019-11-07
2019-11-07,300,0.0164581049915,0,3,-0.00313972029835,30,-0.00199578213505,30,-0.00818619132042,30,-0.000185680386494,30,-0.0028167089913,30,-0.00515984883532,30,-0.00572228245437,30,-0.00350480875932,30,-0.00475167436525,30,-0.00363471498713,30,-0.000494994688779,2019-11-08
2019-11-08,300,0.0146579452759,0,38,-0.0195810906589,30,-0.0203969478607,30,-0.024420119822,30,-0.0231671519578,30,-0.0178117714822,30,-0.0200020298362,30,-0.0137180807069,30,-0.0211565084755,30,-0.0241992473602,30,-0.0209038872272,30,-0.00132279656827,2019-11-11
2019-11-11,300,0.164894549076,0,21,-0.00240561156534,30,0.000936949276365,30,0.00224587321281,30,0.000104812781501,30,-0.00251252646558,30,0.00147246127017,30,0.00330089731142,30,0.00384177756496,30,0.00388257903978,30,0.00177447195165,30,0.00418008351699,2019-11-12
2019-11-12,299,-0.0850612026548,1,0,0.00242525339127,30,-0.00182841822971,30,0.0015686849365,30,-0.00530438823625,30,-0.00498606543988,30,-0.00891304854304,30,-0.00480902986601,30,-0.00854459218681,30,-0.0062018353492,30,-0.00543788587674,29,-0.00786313926801,2019-11-13
2019-11-13,299,-0.0907246553523,1,4,0.0135734993964,30,0.00911918282509,30,0.00103376701009,30,0.000853961682878,30,0.00217244424857,30,0.00219435291365,30,-0.00102122232784,30,0.00292072887532,30,0.0030159810558,30,0.00441770907491,29,-0.00915579032153,2019-11-14
2019-11-14,299,0.0609796953285,1,10,-0.00440122699365,30,-0.00325778732076,30,-0.0148112419993,30,-0.00909064617008,30,-0.0133995972574,30,-0.00801807641983,30,-0.0124568697065,30,-0.00945155788213,30,-0.00836244411767,30,-0.0063329031691,29,-0.00193167617545,2019-11-15
2019-11-15,299,0.114809849814,1,53,0.00431782007217,30,0.00957315135747,30,0.00921105965972,30,0.00626748614013,30,0.0102720139548,30,0.00769593892619,30,0.0125808101147,30,0.00809951405972,30,0.0111281592399,30,0.00632806262001,29,0.00201024254784,2019-11-18
2019-11-18,298,-0.029484881811,2,0,0.0224711094052,30,0.0122993672267,30,0.0121596930549,30,0.0125307142735,30,0.0118659595028,29,0.0134812118486,30,0.0126739386469,30,0.0119013702497,30,0.00774758635089,30,0.0110422661528,29,-0.0114288432524,2019-11-19
2019-11-19,298,0.0359754558846,2,0,-0.00355735630728,30,-0.0135849500075,30,-0.0121032679453,30,-0.006399681326,30,-0.0113333221525,29,-0.00769341178238,30,-0.00833443645388,30,-0.00894439220428,30,-0.00713962921873,30,-0.00986417848617,29,-0.00630682217889,2019-11-20
2019-11-20,298,0.125670091026,2,29,-0.00256548915058,30,-0.00160274305381,30,-0.00303156371228,30,-0.00236073741689,30,0.000311084848363,29,-0.00243650074117,30,-0.00388376507908,30,-0.00267453980632,30,0.00030397970113,30,0.00194600329269,29,0.00451149244327,2019-11-21
2019-11-21,299,0.0772228136303,1,0,-0.00532068591565,30,-0.00807818956673,30,-0.0119977891445,30,-0.00982044171542,30,-0.00979677215219,30,-0.0041256765835,30,-0.00282940873876,30,-0.004935703706,30,-0.00417814450338,30,-0.0040351995267,29,0.00128548638895,2019-11-22
2019-11-22,299,0.0340536712543,1,5,0.00453361263499,30,0.00405617943034,30,0.00751246605068,30,0.00385762262158,30,0.00817996636033,30,0.0107406694442,30,0.0111067611724,30,0.00676021166146,30,0.00818943977356,30,0.0067321122624,29,0.00219849962741,2019-11-25
2019-11-25,299,0.208217758126,1,0,-0.00829510483891,30,0.00507887778804,30,0.0064553739503,30,0.00968655571342,30,0.00308292312548,30,0.00576156564057,30,0.00368978781626,30,0.00804981589317,30,0.00958309974521,30,0.00682626944035,29,0.0151213742793,2019-11-26
2019-11-26,299,0.353486665723,1,32,-0.00614383211359,30,-0.0122602544725,30,-0.0152294095606,30,-0.00621886830777,30,-0.000811203324702,30,-0.00209824438207,30,-0.00431928457692,30,-0.00536262569949,30,-0.000416048365878,30,-0.000159150571562,29,0.00598468154203,2019-11-27
2019-11-27,298,0.0482258368349,2,6,-0.00516970735043,30,-0.00283748121001,30,-0.00311949453317,30,-0.000554442405701,30,-0.00567188952118,29,-0.00180126831401,30,-0.00161643431056,30,-0.00302973599173,30,-0.00446974253282,30,-0.00644630379975,29,-0.00127659644932,2019-11-28
2019-11-28,298,0.102677332385,2,8,-0.000283996254439,30,-0.00702734990045,30,-0.00456257443875,30,-0.00642173876986,30,-0.00208013644442,29,0.000355110561941,30,-0.004089939408,30,-0.000191456085304,30,-0.00141652429011,30,-0.00125725928228,29,-0.000973263027845,2019-11-29
2019-11-29,298,0.126170485224,2,6,-0.000127619510749,30,-0.000506232201587,30,0.0012002348667,30,0.00367479515262,30,0.00619744416326,29,0.000224878385779,30,0.00112220447045,30,0.00345784029923,30,0.00475975265726,30,-0.00150717329234,29,-0.00137955378159,2019-12-02
2019-12-02,298,-0.0973478460969,2,7,0.00450971303508,30,0.00285433325917,30,0.00712650595233,30,0.00468063773587,30,0.00585138611495,29,0.00189643306658,30,0.00293164048344,30,0.00148582656402,30,0.00287624797784,30,-0.000238957072725,29,-0.0047486701078,2019-12-03
2019-12-03,299,-0.125538630316,1,0,0.000789892685134,30,0.00133136508521,30,0.00150889949873,30,0.000736079586204,30,-0.00512925768271,30,-0.000755194807425,30,-0.000957051932346,30,-0.00293391337618,30,-0.00121822359506,30,-0.00427752314135,29,-0.00506741582649,2019-12-04
2019-12-04,299,-0.0290679227666,1,5,0.00776719627902,30,0.00631375890225,30,0.00832612533122,30,0.0115729905665,30,0.0120010199025,30,0.00979358330369,30,0.0060544591397,30,0.00306749343872,30,0.013498691842,30,0.00475075934082,29,-0.0030164369382,2019-12-05
2019-12-05,299,-0.0688019652755,1,0,0.0065947570838,30,0.00341462297365,30,0.00678701186553,30,0.00545337004587,30,0.00312054553069,30,0.00467056035995,30,0.00498484773561,30,0.00461035361513,30,0.00318037066609,30,0.00181946263183,29,-0.00477529445197,2019-12-06
2019-12-06,299,0.112609806044,1,0,-0.00423459801823,30,-0.000207724180655,30,0.00339558511041,30,0.00344093237072,30,0.000294466823107,30,-0.000903014326468,30,0.00116293830797,30,0.000653700029943,30,0.00732038822025,30,-0.00165952276438,29,0.00257507525384,2019-12-09
2019-12-09,299,-0.0148728195997,1,2,0.000906735658646,30,0.00555895967409,30,0.00225619086996,30,-0.000686985265929,30,0.00213660602458,30,0.000978225492872,30,-0.00201515946537,30,-0.000568075978663,30,0.00309107103385,30,0.00445872545242,29,0.00355198979378,2019-12-10
2019-12-10,300,0.237280459552,0,9,-0.00833651609719,30,-0.0064088483341,30,0.00222994480282,30,0.00401256466284,30,0.00134336552583,30,0.000928338384256,30,0.00438097538427,30,0.00510614132509,30,0.00273637566715,30,-0.00026891627931,30,0.00806759981788,2019-12-11
2019-12-11,299,0.103514296759,1,8,-0.0018949250225,30,-0.00170504848938,30,-0.00524785323068,30,-0.00466710329056,30,-0.00384991755709,30,-0.00313097634353,30,-0.00146046676673,30,0.00165438849945,30,-0.0059228935279,30,-0.0021170459222,29,-0.000222120899707,2019-12-12
2019-12-12,299,0.301325731718,1,26,0.00768868532032,30,0.0122280912474,30,0.0131747862324,30,0.0155084049329,30,0.0178207233548,30,0.0210164804012,30,0.0191038567573,30,0.0194896291941,30,0.0279660224915,30,0.0157251786441,29,0.00803649332374,2019-12-13
2019-12-13,300,0.0269562444394,0,4,0.016464246437,30,0.00912695098668,30,0.0107368770987,30,0.0127375042066,30,0.00867392215878,30,0.010083806701,30,0.0131210768595,30,0.00845282245427,30,0.0111062526703,30,0.0146459396929,30,-0.0018183067441,2019-12-16
2019-12-16,300,-0.137535696274,0,0,0.0216366685927,30,0.0170843861997,30,0.0131530603394,30,0.0171597637236,30,0.0155246080831,30,0.0133321303874,30,0.0109363812953,30,0.0166738908738,30,0.0111820697784,30,0.0103934090585,30,-0.0112432595342,2019-12-17
2019-12-17,298,-0.0996653734403,2,0,0.0092982230708,30,-0.0020068725571,30,-0.00211872649379,30,-0.00211161770858,30,-0.00310606183484,29,-0.0014775415184,30,-0.00472206296399,30,-0.00125182862394,30,-0.00219748611562,30,0.00460715312511,29,-0.00469106994569,2019-12-18
2019-12-18,298,0.270153244779,2,6,-0.00985534582287,30,-0.00515353865921,30,-0.00129312672652,30,0.00397246656939,30,-0.00132112053689,29,0.00020804007363,30,0.00199243426323,30,0.00086473824922,30,0.00294641265646,30,0.00426591048017,29,0.014121256303,2019-12-19
2019-12-19,299,0.107105976594,1,0,-0.00723893428221,30,0.000133341556648,30,-0.00539898872375,30,-0.00850777234882,30,0.00258222431876,30,-0.00489958515391,30,-0.00471223983914,30,-0.00645332923159,30,3.29057365889e-05,30,-0.00245562102646,29,0.00478331325576,2019-12-20
2019-12-20,299,0.039537122988,1,38,-0.0226327739656,30,-0.0182518456131,30,-0.00682601938024,30,-0.0120989363641,30,-0.0166141111404,30,-0.0155686633661,30,-0.0126244248822,30,-0.0175334718078,30,-0.017291534692,30,-0.0180510133505,29,0.00458176061511,2019-12-23
2019-12-23,299,-0.0496655186504,1,40,0.0194114558399,30,0.0161722246557,30,0.00479367794469,30,0.0168530028313,30,0.00604913849384,30,0.00620138458908,30,0.00720169534907,30,0.0114690419286,30,0.00609578704461,30,0.00935744401067,29,-0.0100540118292,2019-12-24
2019-12-24,299,-0.0887393880742,1,0,0.0090905148536,30,-0.000424023455707,30,0.00170876190532,30,0.00107152655255,30,0.00433167023584,30,-0.00132359063718,30,0.00426566787064,30,-0.00107906456105,30,-0.00214542937465,30,-0.00457067927346,29,-0.0136611941271,2019-12-25
2019-12-25,299,-0.0249073510903,1,0,0.0160577055067,30,0.00916538853198,30,0.0148238735273,30,0.0141760567203,30,0.0077516795136,30,0.0091062085703,30,0.0101961093023,30,0.0101672923192,30,0.00814774818718,30,0.00622143223882,29,-0.00983627326787,2019-12-26
2019-12-26,300,0.265957900805,0,0,-0.0205365046859,30,-0.00235657882877,30,-0.00378750753589,30,-0.000303208827972,30,-0.00626740278676,30,-0.00166368682403,30,-0.000341216713423,30,0.000360814738087,30,0.0016707777977,30,0.00516872387379,30,0.0257052285597,2019-12-27
2019-12-27,300,-0.0380224596515,0,23,0.0149351814762,30,0.0158698745072,30,0.0172189865261,30,0.0139453494921,30,0.0178758520633,30,0.0108015118167,30,0.0117924828082,30,0.0150283137336,30,0.0135037917644,30,0.0192917995155,30,0.00435661803931,2019-12-30
2019-12-30,299,0.333158240696,1,0,0.000796620035544,30,0.0013323406456,30,0.00187587935943,30,0.00332131586038,30,0.0103000896052,30,0.00338508281857,30,0.00842111092061,30,0.00957539118826,30,0.0100296633318,30,0.0105172228068,29,0.00972060277127,2019-12-31
2019-12-31,299,0.111345475753,1,0,0.0108575578779,30,0.0131162581965,30,0.017512915656,30,0.0149835543707,30,0.02050608024,30,0.0195213127881,30,0.015752132982,30,0.0159375406802,30,0.0143576385453,30,0.0170140042901,29,0.00615644641221,2020-01-02
2020-01-02,300,-0.045203062495,0,9,0.00340115628205,30,0.00179105403367,30,-0.000969636428636,30,0.00103808438871,30,-0.00183914101217,30,0.000457700080005,30,0.0038993160706,30,0.0025649049785,30,-0.000784766685683,30,-0.00012338758097,30,-0.00352454386302,2020-01-03
2020-01-03,300,-0.226434545691,0,3,0.0257802363485,30,0.000962217629422,30,0.000745834899135,30,-0.000195982065634,30,-0.00415109610185,30,-0.00373891205527,30,-0.00342873530462,30,-0.00468724966049,30,-0.00516350287944,30,-0.00449921702966,30,-0.0302794533782,2020-01-06
2020-01-06,300,0.206169992818,0,0,0.00134930212516,30,-0.000585786474403,30,0.0112653337419,30,0.0103940153494,30,0.0106445532292,30,0.00541053619236,30,0.00816220603883,30,0.0117095923051,30,0.0126300295815,30,0.00673093413934,30,0.00538163201418,2020-01-07
2020-01-07,300,0.0758626206958,0,0,-0.0175231657922,30,-0.0133420471102,30,-0.0122589049861,30,-0.0155953960493,30,-0.0157112590969,30,-0.0150048816577,30,-0.0171417873353,30,-0.0163543298841,30,-0.0133971786126,30,-0.00794578995556,30,0.00957737583667,2020-01-08
2020-01-08,300,0.114585219381,0,17,-0.0067615727894,30,0.0137575287372,30,0.0193878803402,30,0.0141101581976,30,0.0173314288259,30,0.0146391829476,30,0.0128866117448,30,0.0126969814301,30,0.0121095180511,30,0.0146034834906,30,0.02136505628,2020-01-09
2020-01-09,300,0.0252235226556,0,0,0.00772779388353,30,0.000616361678112,30,-0.00406878395006,30,-0.00355939473957,30,-0.00204269285314,30,-0.00206859107129,30,-0.00133821566124,30,-0.00119300489314,30,-0.0022787253838,30,-0.00154632527847,30,-0.009274119162,2020-01-10
2020-01-10,300,-0.0662910948689,0,3,0.0209570154548,30,0.0101133389398,30,0.00833723973483,30,0.00992467626929,30,0.0130582135171,30,0.0108979223296,30,0.00804430246353,30,0.0112827019766,30,0.00254732766189,30,0.0100397365168,30,-0.010917278938,2020-01-13
2020-01-13,300,0.205919949819,0,0,0.00523976096883,30,-0.0106757981703,30,-0.00839708838612,30,-0.0048332256265,30,-0.00199167523533,30,0.00403394317254,30,0.00351472501643,30,-0.000906453526113,30,-0.00176301598549,30,-0.00149688124657,30,-0.0067366422154,2020-01-14
2020-01-14,300,0.135392306964,0,17,-0.0111067676917,30,-0.00721480231732,30,-0.00840349588543,30,-0.00246818060987,30,-0.00404634466395,30,-0.00646983971819,30,-0.00669838581234,30,-0.00889479741454,30,0.000601847947109,30,-0.00536820106208,30,0.00573856662959,2020-01-15
2020-01-15,300,-0.00699000214719,0,14,-0.00140816369094,30,-0.00328361592256,30,-0.00282018375583,30,0.00117336108815,30,-0.00648149242625,30,-0.00752968201414,30,0.000950648391154,30,-0.00531353754923,30,-0.00568087119609,30,-0.00816433038563,30,-0.00675616669469,2020-01-16
2020-01-16,300,0.0152055519248,0,20,0.00552405323833,30,0.000219535824726,30,0.00140387413558,30,0.00303084449843,30,-0.0010005334625,30,0.00215249857865,30,0.000229018929531,30,0.000440835952759,30,0.000854573620018,30,-0.00338262529112,30,-0.00890667852946,2020-01-17
2020-01-17,300,-0.0611918804957,0,9,0.0154750524089,30,0.00784737430513,30,0.0231757164001,30,0.000143031284097,30,0.0129171190783,30,0.00536026153713,30,0.00341993174516,30,0.0104563571513,30,0.0071873110719,30,0.00402093539014,30,-0.0114541170187,2020-01-20
2020-01-20,300,-0.144978293645,0,2,-0.00638651428744,30,-0.00948133505881,30,-0.0100140077993,30,-0.0193787869066,30,-0.00880937557667,30,-0.0250835157931,30,-0.0199519209564,30,-0.0173103082925,30,-0.0196413230151,30,-0.0204352401197,30,-0.0140487258323,2020-01-21
2020-01-21,300,0.0063547804379,0,30,-0.00587225146592,30,0.0116009730846,30,0.0068773906678,30,0.0129587529227,30,0.00432740245014,30,0.00497434753925,30,0.00609009852633,30,-0.000158294045832,30,0.00812617130578,30,0.00010033846047,30,0.00597258992639,2020-01-22
2020-01-22,300,0.265585617618,0,0,-0.0249599199742,30,-0.0305757038295,30,-0.0397183336318,30,-0.0362402386963,30,-0.041056919843,30,-0.0299697797745,30,-0.0296662878245,30,-0.0285131502897,30,-0.0240866206586,30,-0.027835836634,30,-0.00287591665983,2020-01-23
2020-01-23,300,-0.02961204909,0,3,-0.0767366811633,30,-0.0814914926887,30,-0.0865869745612,30,-0.0820591971278,30,-0.0851048380136,30,-0.0886639431119,30,-0.0881980285048,30,-0.0970888063312,30,-0.0795906111598,30,-0.0890606865287,30,-0.0123240053654,2020-02-03
2020-02-03,300,-0.340278426612,0,186,0.0259743127972,30,0.0278012920171,30,0.0376439467072,30,0.0421743057668,30,-0.00100481905974,30,-0.00585975823924,30,-0.000595726596657,30,0.0171013362706,30,0.00274704094045,30,0.0205998159945,30,-0.00537449680269,2020-02-04
2020-02-04,300,-0.0766082847559,0,0,0.0165946148336,30,0.0143384533003,30,0.0248983725905,30,0.0191334951669,30,0.0188669003546,30,0.0145683921874,30,0.0167482718825,30,0.0119997346774,30,0.0189430899918,30,0.0122048240155,30,-0.0043897908181,2020-02-05
2020-02-05,300,-0.146725348865,0,0,0.0407663099468,30,0.0223551727831,30,0.0236138366163,30,0.0179020147771,30,0.0211554933339,30,0.020214818418,30,0.0149659514427,30,0.0179242249578,30,0.0165355596691,30,0.0192454289645,30,-0.0215208809823,2020-02-06
2020-02-06,300,0.0966597349973,0,0,-0.000233101847698,30,0.0118280388415,30,0.00132266874425,30,-0.00127196311951,30,0.00127470493317,30,0.00534161133692,30,0.00665622344241,30,0.00476494850591,30,0.00146936182864,30,1.34726369652e-05,30,0.000246574484663,2020-02-07
2020-02-07,300,0.211490084741,0,0,0.00312056136318,30,-0.00771656213328,30,0.00881401728839,30,0.00532093038782,30,0.00756097259,30,0.0125686191022,30,0.0100254379213,30,0.0146378912032,30,0.0128981312737,30,0.0142081575468,30,0.0110875961836,2020-02-10
2020-02-10,300,0.0160398335796,0,0,0.00263390154578,30,0.0116705400869,30,0.0046339193359,30,0.000711135042366,30,0.00183095340617,30,0.00705328397453,30,0.0029938200023,30,0.00262906751595,30,0.00191645824816,30,0.00474838213995,30,0.00211448059417,2020-02-11
2020-02-11,300,0.144021164916,0,0,0.0179593358189,30,0.0186805948615,30,0.0066114384681,30,0.00661437725648,30,0.0155766410753,30,0.00876282621175,30,0.00916737876832,30,0.0101183056831,30,0.00955181289464,30,0.0107858739793,30,-0.00717346183956,2020-02-12
2020-02-12,300,0.0448450423785,0,0,0.00282819266431,30,-0.00182448432315,30,-0.00964346528053,30,-0.0125541724265,30,-0.00600794143975,30,-0.00997976865619,30,-0.00596599793062,30,-0.00593582214788,30,-0.00588326854631,30,-0.000232034915825,30,-0.00306022758014,2020-02-13
2020-02-13,300,0.0925071062329,0,26,0.00522738695145,30,0.0129843596369,30,0.00710382638499,30,0.00825048051775,30,0.0119603537023,30,0.00364119419828,30,0.00674994383007,30,0.00384819111787,30,0.00699221668765,30,0.00734652485698,30,0.00211913790554,2020-02-14
2020-02-14,300,-0.0924794822697,0,0,0.0279571656138,30,0.0222742632031,30,0.0325104221702,30,0.0294278971851,30,0.0320270210505,30,0.0369115397334,30,0.0290139261633,30,0.022305238992,30,0.0202790554613,30,0.0281358044595,30,0.000178638845682,2020-02-17
2020-02-17,300,-0.0273000741595,0,0,0.00402813171968,30,-0.0033399919048,30,0.0010387202492,30,0.00053458410548,30,-0.000401506811613,30,-0.00279647717252,30,-0.00168179080356,30,0.000879263854586,30,0.000389486551285,30,-0.00468733487651,30,-0.00871546659619,2020-02-18
2020-02-18,300,0.169953993658,0,2,-0.0167673956603,30,0.00180958514102,30,-0.00732132373378,30,-0.0103798890486,30,-0.00466497521847,30,-0.00290520396084,30,-0.00213522906415,30,-0.0018652419094,30,-0.00298192701302,30,0.00348927173764,30,0.0202566673979,2020-02-19
2020-02-19,300,-0.0321855948416,0,22,0.024853233248,30,0.0234690885991,30,0.0248579178005,30,0.0258034635335,30,0.0258231814951,30,0.032971277833,30,0.0169700048864,30,0.0177473146468,30,0.0196632388979,30,0.0175144616514,30,-0.00733877159655,2020-02-20
2020-02-20,300,0.162120358338,0,0,-0.000422463810537,30,0.00120685098227,30,0.00413067545742,30,0.00893582310528,30,0.00601635174826,30,0.0035422006622,30,0.00691953487694,30,0.00933197513223,30,0.00500701880082,30,0.00599549198523,30,0.00641795579577,2020-02-21
2020-02-21,300,-0.399849331659,0,0,0.0247921701521,30,0.0177149549127,30,0.00626849522814,30,-6.55829935567e-05,30,5.12798624186e-06,30,-0.00706592621282,30,-0.0093838153407,30,-0.0133370859548,30,-0.0146606666967,30,-0.00680352840573,30,-0.0315956985578,2020-02-24
2020-02-24,300,-0.217073748791,0,6,0.0181538295001,30,0.0132792731747,30,0.000834389531519,30,0.00458281021565,30,-0.00632327795029,30,-0.000554760277737,30,-0.0115486579016,30,-0.017279913649,30,-0.00852181296796,30,-0.0121731040999,30,-0.0303269336,2020-02-25
2020-02-25,300,0.536285129422,0,0,-0.0485191978514,30,-0.0387611947954,30,-0.0225746762007,30,-0.0302822235972,30,-0.00316803064197,30,0.000213046863792,30,0.0144103905186,30,0.0132690034807,30,-0.00514009408653,30,0.00310606160201,30,0.0516252594534,2020-02-26
2020-02-26,300,0.152911629387,0,12,-0.00491220178083,30,-0.00246672425419,30,-0.000508823024575,30,0.000185161828995,30,0.00324977445416,30,-0.000676610099617,30,0.00673825340346,30,0.005181777291,30,0.000902924919501,30,-0.00373001303524,30,0.00118218874559,2020-02-27
2020-02-27,300,0.056640537326,0,7,-0.0392858535051,30,-0.0389674827456,30,-0.0476663820446,30,-0.0332606397569,30,-0.0417926758528,30,-0.0420657396317,30,-0.0361122153699,30,-0.0384858846664,30,-0.0397423654795,30,-0.0363080874085,30,0.00297776609659,2020-02-28
2020-02-28,300,-0.112452701267,0,46,0.047324821353,30,0.0455188080668,30,0.0386919826269,30,0.0292756240815,30,0.0303007997572,30,0.0344043746591,30,0.0383106023073,30,0.0366523899138,30,0.0296111032367,30,0.0320691913366,30,-0.0152556300163,2020-03-02
2020-03-02,300,0.251605584313,0,0,-0.00472703389823,30,-0.0032298148144,30,0.00593869108707,30,0.0100103877485,30,0.0118996975943,30,0.00894406996667,30,0.00759997358546,30,0.00572991976514,30,0.00658444548026,30,0.00714695034549,30,0.0118739842437,2020-03-03
2020-03-03,300,0.0500298231188,0,2,-0.00126532907598,30,0.0124189117923,30,0.00747336354107,30,0.00402046833187,30,0.0118780517951,30,0.00586636876687,30,0.0101858498529,30,0.0123302200809,30,0.0105421347544,30,0.00352879753336,30,0.00479412660934,2020-03-04
2020-03-04,300,0.214284396809,0,0,0.015530763194,30,0.0115109086037,30,0.0168262589723,30,0.0146176712587,30,0.0226447321475,30,0.0128842890263,30,0.0225727241486,30,0.0277359001338,30,0.0226058401167,30,0.0182036086917,30,0.00267284549773,2020-03-05
2020-03-05,299,0.300024376568,1,0,-0.0286936033517,30,-0.0189067143947,30,-0.0184636451304,30,-0.0136838909239,30,-0.0144031606615,30,-0.0100671388209,30,-0.0133848804981,30,-0.0111988643184,30,-0.00565103907138,30,-0.0116738388315,29,0.0170197645202,2020-03-06
2020-03-06,299,0.115384007036,1,16,-0.0286587700248,30,-0.0447773523629,30,-0.0388341359794,30,-0.0371871069074,30,-0.0316559188068,30,-0.0385671630502,30,-0.030311813578,30,-0.0343757197261,30,-0.0314582847059,30,-0.0317652523518,29,-0.00310648232698,2020-03-09
2020-03-09,299,0.0148152212566,1,25,0.0199049636722,30,0.0235656313598,30,0.0252364967018,30,0.0197212994099,30,0.0193969849497,30,0.021593650803,30,0.0193088911474,30,0.0266497004777,30,0.0248237084597,30,0.0156088061631,29,-0.00429615750909,2020-03-10
2020-03-10,298,0.246908317886,2,0,-0.00646203756332,30,-0.0277181640267,30,-0.0136772636324,30,-0.00957693811506,30,-0.0114343473688,29,-0.0153788486496,30,-0.00884359888732,30,-0.00856614671648,30,-0.0056002815254,30,-0.00746489781886,29,-0.00100286025554,2020-03-11
2020-03-11,298,0.155808281207,2,68,-0.0239173676819,30,-0.0158355943859,30,-0.0150705156848,30,-0.0217269416898,30,-0.0224067438394,29,-0.0200632400811,30,-0.020910192281,30,-0.0179585609585,30,-0.012838284485,30,-0.0185809340328,29,0.00533643364906,2020-03-12
2020-03-12,298,-0.0915557328074,2,0,0.00223002629355,30,-0.0120636606589,30,-0.00879094190896,30,-0.0178222842515,30,-0.0173854809254,29,-0.0114217819646,30,-0.0130904456601,30,-0.0171707570553,30,-0.0128265265375,30,-0.0130418268964,29,-0.0152718531899,2020-03-13
2020-03-13,298,0.469488718978,2,0,-0.0545575283468,30,-0.0592215210199,30,-0.0537462085485,30,-0.0459565073252,30,-0.047630853951,29,-0.0408769138157,30,-0.0364685803652,30,-0.0291704218835,30,-0.0294237174094,30,-0.018274301663,29,0.0362832266837,2020-03-16
2020-03-16,298,0.0502461363546,2,46,0.00403400650248,30,-0.011404749006,30,-0.00616190815344,30,-0.00683202547953,30,-1.62720680237e-05,29,-0.00392874097452,30,-0.00192694261204,30,-0.00264814705588,30,0.000567009032238,30,-0.00981557182968,29,-0.0138495783322,2020-03-17
2020-03-17,298,0.0232744373884,2,0,-0.0176422726363,30,-0.0186230074614,30,-0.0181819032878,30,-0.0191082451493,30,-0.0209765378386,29,-0.0301112513989,30,-0.015744952485,30,-0.0156220709905,30,-0.0190297160298,30,-0.0195351094007,29,-0.00189283676445,2020-03-18
2020-03-18,298,0.0681651420235,2,71,-0.006086029578,30,0.000821399677079,30,-0.0118037182838,30,-0.00915656331927,30,-0.0131688360125,29,-0.0108310040087,30,-0.000650882720947,30,-0.00272061233409,30,-0.0113908490166,30,-0.00451239617541,29,0.00157363340259,2020-03-19
2020-03-19,299,0.0676499679188,1,0,0.019516389817,30,0.00337486062199,30,0.0152241671458,30,0.0147405546159,30,0.0147432629019,30,0.0166011080146,30,0.020131809637,30,0.0161661934108,30,0.0190766192973,30,0.00988241937011,29,-0.00963397044688,2020-03-20
2020-03-20,299,0.0825079215402,1,0,-0.0319970436394,30,-0.0396085754037,30,-0.0445859394968,30,-0.0409470535815,30,-0.0415570214391,30,-0.0413597747684,30,-0.0375600345433,30,-0.0319226309657,30,-0.0325984880328,30,-0.0279257576913,29,0.00407128594816,2020-03-23
2020-03-23,299,-0.0722228984426,1,31,0.0286453645676,30,0.0244485717267,30,0.0180587098002,30,0.0248579196632,30,0.0268931016326,30,0.025352049619,30,0.0165369100869,30,0.022421784699,30,0.0211739502847,30,0.0221101325005,29,-0.00653523206711,2020-03-24
2020-03-24,299,-0.397218513301,1,0,0.0419985316694,30,0.036649633199,30,0.0362228639424,30,0.0294437669218,30,0.026849148795,30,0.0287454929203,30,0.0189212132245,30,0.0201218333095,30,0.0150527274236,30,0.0159830227494,29,-0.02601550892,2020-03-25
2020-03-25,299,0.0250031425105,1,0,-0.0102420095354,30,-0.00660580210388,30,-0.00776348728687,30,-0.00787866488099,30,-0.0111741703004,30,-0.00952090788633,30,-0.0153478682041,30,-0.011574276723,30,-0.00882299337536,30,-0.00468451995403,29,0.00555748958141,2020-03-26
2020-03-26,299,0.0698169715529,1,19,0.00193072552793,30,-0.0050780614838,30,0.00546064367518,30,0.00473480811343,30,-0.000428005063441,30,0.00140556890983,30,0.00179143354762,30,0.0112695181742,30,0.00644416036084,30,0.0018926509656,29,-3.80745623261e-05,2020-03-27
2020-03-27,299,-0.148712243557,1,30,-0.0100694298744,30,-0.00612860312685,30,-0.010818916373,30,-0.00817399006337,30,-0.0173915103078,30,-0.0113254087046,30,-0.0179985072464,30,-0.0101876594126,30,-0.0129448911175,30,-0.0217443592846,29,-0.0116749294102,2020-03-30
2020-03-30,299,0.105659830217,1,0,-0.00407560076565,30,0.000174858170794,30,0.0056237638928,30,-0.000403634709073,30,-0.00508532533422,30,0.00242539239116,30,0.00543185463175,30,-0.00260930648074,30,0.00969375576824,30,0.00251035043038,29,0.00658595119603,2020-03-31
2020-03-31,299,0.179604271562,1,21,-0.0174629855901,30,-0.00186300475616,30,-0.0105668604374,30,-0.00668245367706,30,-0.00204203138128,30,0.00123257632367,30,-0.00472455611452,30,-5.41965164302e-05,30,-0.00650078244507,30,-0.00277130561881,29,0.0146916799713,2020-04-01
2020-04-01,299,-0.142646376508,1,23,0.0318369306624,30,0.0235650595278,30,0.0206720419228,30,0.0160943083465,30,0.0156501047313,30,0.0103310700506,30,0.0118149463087,30,0.0153279025108,30,0.0134702520445,30,0.0116379261017,29,-0.0201990045607,2020-04-02
2020-04-02,299,0.240359751766,1,0,-0.00952668767422,30,-0.00933006964624,30,-0.00908326916397,30,-0.00985130667686,30,-0.00364105310291,30,-0.00451118964702,30,-0.007946876809,30,-0.0044399658218,30,-0.00520117487758,30,-0.000269486976322,29,0.0092572006979,2020-04-03
2020-04-03,299,-0.0392068309187,1,9,0.0200125966221,30,0.0286099519581,30,0.0282462649047,30,0.0284986495972,30,0.0306251645088,30,0.0297221858054,30,0.0222624503076,30,0.0183848980814,30,0.0219878070056,30,0.0209372378886,29,0.000924641266465,2020-04-07
2020-04-07,299,0.0475610687791,1,0,-0.00289965071715,30,-0.00404180865735,30,-0.00358092389069,30,0.00278963055462,30,-0.00337734608911,30,0.000112539528345,30,-0.00445453915745,30,0.00242225523107,30,0.000439333904069,30,-0.00366179691628,29,-0.000762146199122,2020-04-08
2020-04-08,299,0.0545705827148,1,0,0.00685588922352,30,0.00995695032179,30,-0.000747428333852,30,0.00549516500905,30,-0.000356807315256,30,0.00395084405318,30,0.00914080161601,30,0.00510966172442,30,0.00573015026748,30,0.00326370378025,29,-0.00359218544327,2020-04-09
2020-04-09,299,0.265143802891,1,27,-0.0226292591542,30,-0.0126330675557,30,-0.0198019910604,30,-0.0113779604435,30,-0.0215626433492,30,-0.0126041416079,30,-0.0110063748434,30,-0.00674120197073,30,-0.00645280070603,30,-0.00882822647691,29,0.0138010326773,2020-04-10
2020-04-10,299,-0.0508021060389,1,13,0.00287285842933,30,-0.00269733066671,30,-0.0114012500271,30,-0.00450195651501,30,-0.00912535004318,30,-0.00772141804919,30,-0.00898669380695,30,-0.00717841787264,30,-0.00785132404417,30,-0.00278346706182,29,-0.00565632549115,2020-04-13
2020-04-13,299,0.053628991621,1,8,0.00865378789604,30,0.0202351249754,30,0.0239721294492,30,0.0183410067111,30,0.0268516931683,30,0.0257655791938,30,0.0304533001035,30,0.0192442126572,30,0.0149716297165,30,0.0142670515925,29,0.00561326369643,2020-04-14
2020-04-14,299,0.0966007625533,1,0,-0.00212090020068,30,-0.00732432212681,30,-0.00904633384198,30,-0.00428183283657,30,-0.00680541386828,30,-0.00662155542523,30,-0.0120647605509,30,-0.00707932095975,30,-0.00343390298076,30,-0.00365193746984,29,-0.00153103726916,2020-04-15
2020-04-15,299,0.0439395849612,1,40,0.00216282019392,30,0.00432106852531,30,0.00748494686559,30,-0.00129045650829,30,0.00352413649671,30,0.00605074781924,30,0.00151858129539,30,-0.00138035218697,30,0.00127529504243,30,0.00253587355837,29,0.000373053364456,2020-04-16
2020-04-16,299,0.335080304344,1,6,-0.00244426331483,30,0.000563615583815,30,0.00618391809985,30,0.00282678799704,30,0.00295955338515,30,0.00480152154341,30,0.00577865820378,30,0.0110258935019,30,0.0119222542271,30,0.00952724181116,29,0.011971505126,2020-04-17
2020-04-17,299,-0.00178084315712,1,9,0.0043038725853,30,0.00235442118719,30,0.00494858017191,30,0.00436169886962,30,0.0045045572333,30,-0.00134679873008,30,0.0012246806873,30,0.0053048231639,30,0.00513035664335,30,0.00600524200127,29,0.00170136941597,2020-04-20
2020-04-20,299,-0.0793038291807,1,8,0.00201123557054,30,-0.0124160982668,30,-0.00781844276935,30,-0.012813850306,30,-0.0128743294626,30,-0.0150489890948,30,-0.014353485778,30,-0.0135265048593,30,-0.01279970631,30,-0.00797042809427,29,-0.0099816636648,2020-04-21
2020-04-21,299,-0.0201999977988,1,7,0.00531435199082,30,0.00531956972554,30,0.00776318321005,30,0.010797216557,30,0.00605148077011,30,0.00472759222612,30,0.0126707376912,30,0.0048952838406,30,0.00243163318373,30,0.00122701714281,29,-0.00408733484801,2020-04-22
2020-04-22,298,0.0206483826634,2,0,0.00230334396474,30,-0.000868374132551,30,0.0011417826172,30,-0.00998004898429,30,-0.00324555928819,29,-0.000383667153073,30,-0.0040359296836,30,-0.00403622211888,30,-0.00432502431795,30,0.000118292613479,29,-0.00218505135126,2020-04-23
2020-04-23,298,-0.0279593053818,2,26,-0.0183045137674,30,-0.00947314500809,30,-0.00670377817005,30,-0.0130021255463,30,-0.00739369913936,29,-0.00871525984257,30,-0.00857926812023,30,-0.0148178339005,30,-0.0167411640286,30,-0.00901107117534,29,0.00929344259202,2020-04-24
2020-04-24,299,0.0743662959181,1,9,-0.0106127262115,30,-0.00124513707124,30,0.00522812781855,30,-0.00154369475786,30,0.00704191345721,30,0.00847832579166,30,0.00268204207532,30,0.00858465675265,30,-0.00318012642674,30,0.000656035437714,29,0.0112687616493,2020-04-27
2020-04-27,299,-0.215992594995,1,29,0.00105391745456,30,0.014693794772,30,0.0049604633823,30,0.00219066743739,30,0.00279907579534,30,-0.00558218173683,30,-0.00627974653617,30,-0.000618938589469,30,-0.00756100611761,30,-0.0098671419546,29,-0.0109210594092,2020-04-28
2020-04-28,299,0.0986648829281,1,0,-0.00562836136669,30,0.00143578648567,30,0.000152852138854,30,0.00305404257961,30,0.00883986335248,30,0.0119469184428,30,0.01048255153,30,0.00380337447859,30,0.00533911772072,30,0.0050870385021,29,0.0107153998688,2020-04-29
2020-04-29,299,0.178119384928,1,5,0.00945965480059,30,0.0182956624776,30,0.0163963045925,30,0.0222604181617,30,0.0163412969559,30,0.0247772987932,30,0.023948809132,30,0.0244226939976,30,0.0151979569346,30,0.0236088912934,29,0.0141492364928,2020-04-30
2020-04-30,299,-0.350584272335,1,2,0.029008699581,30,0.0107719162479,30,0.0184942763299,30,0.0112742818892,30,0.00609858846292,30,0.00419961009175,30,0.00860141869634,30,0.00278892507777,30,0.00163486797828,30,-0.00179581192788,29,-0.0308045115089,2020-05-06
2020-05-06,299,0.0116796411796,1,0,-0.00151932635345,30,-0.000868789327797,30,-0.0062705478631,30,-0.00599113292992,30,-0.00657205376774,30,-0.00119774148334,30,-0.00142114958726,30,-0.00417016958818,30,-0.00325284805149,30,-0.00373067520559,29,-0.00221134885214,2020-05-07
2020-05-07,299,0.162665082893,1,17,0.0039720912464,30,0.0130946040154,30,0.0171657800674,30,0.00629124045372,30,0.0121222175658,30,0.00853722076863,30,0.0132005196065,30,0.0159682836384,30,0.0101602040231,30,0.013700125739,29,0.00972803449258,2020-05-08
2020-05-08,298,0.0852113147807,2,3,0.0013705472229,30,0.00466582365334,30,-0.00530623784289,30,-0.00244323210791,30,-0.00450450787321,29,0.000716489565093,30,-0.00277507514693,30,0.00392860593274,30,0.00295001477934,30,-0.000353924173396,29,-0.0017244713963,2020-05-11
2020-05-11,298,-0.00110939526056,2,7,-0.00625646114349,30,-0.00214409036562,30,0.00107260351069,30,-0.00207769265398,30,-0.00320958066732,29,0.000473278749269,30,-0.00188169872854,30,-0.00242451624945,30,-0.00245706830174,30,-0.00637836707756,29,-0.000121905934066,2020-05-12
2020-05-12,299,-0.026290954364,1,12,0.00591567764059,30,0.00491644535214,30,0.00313227367587,30,0.00949324574322,30,0.00149296526797,30,0.00324235763401,30,-0.000713640474714,30,-4.33206550952e-05,30,0.000268411647994,30,0.00198561162688,29,-0.00393006601371,2020-05-13
2020-05-13,299,0.120014163599,1,0,-0.0102917132899,30,-0.0101101016626,30,-0.0114498874173,30,-0.010767779313,30,-0.0126213515177,30,-0.00924078654498,30,-0.0141772115603,30,-0.0113868815824,30,-0.00799018703401,30,-0.00828697159886,29,0.00200474169105,2020-05-14
2020-05-14,299,0.103721499851,1,33,-0.00427081203088,30,0.000943966733757,30,-0.00501857604831,30,-0.00243071909063,30,-0.0031669200398,30,0.00147704884876,30,-0.00241951155476,30,-0.00301049347036,30,0.00228390097618,30,0.000117659568787,29,0.00438847159967,2020-05-15
2020-05-15,299,0.0603596907487,1,31,-0.0142821194604,30,0.00591323198751,30,0.00221768231131,30,0.00766935339198,30,-0.00179553823546,30,0.00178596377373,30,-7.96874373918e-05,30,-0.00159985618666,30,-0.00150973792188,30,0.00398280285299,29,0.0182649223134,2020-05-18
2020-05-18,299,0.140976689086,1,13,-0.00246482295915,30,0.00890369620174,30,0.0073986412026,30,0.0119074042886,30,0.0145715493709,30,0.00896355882287,30,0.00708885211498,30,0.00745450472459,30,0.00587521214038,30,0.0123039996251,29,0.0147688225843,2020-05-19
2020-05-19,299,0.195229469704,1,10,-0.00993858929724,30,-0.0106291119009,30,-0.0105769215152,30,-0.00363765168004,30,-0.00403305096552,30,-0.00832738634199,30,-0.00747184548527,30,-0.00622521247715,30,-0.00370684056543,30,-0.000660585938022,29,0.00927800335921,2020-05-20
2020-05-20,299,0.0541984287375,1,6,-0.00854651350528,30,-0.00845663901418,30,-0.00878136977553,30,-0.00618212018162,30,-0.0107047157362,30,-0.00394000206143,30,-0.00735742039979,30,-0.0071958322078,30,-0.0071264305152,30,-0.00638559972867,29,0.00216091377661,2020-05-21
2020-05-21,299,0.149210012239,1,27,-0.0200936105102,30,-0.0237501487136,30,-0.0191346462816,30,-0.0210548620671,30,-0.0226589236408,30,-0.016884572804,30,-0.0180824398994,30,-0.0193227473646,30,-0.0184778161347,30,-0.0145036047325,29,0.00559000577778,2020-05-22
2020-05-22,299,0.160669470005,1,47,-0.00936031714082,30,-0.0085634868592,30,-0.00311286444776,30,-0.00238221487962,30,-0.00110675895121,30,-0.00182094774209,30,0.00567032303661,30,-2.67426162281e-06,30,-0.000698616087902,30,0.00112552277278,29,0.0104858399136,2020-05-25
2020-05-25,299,-0.00237894924158,1,5,0.0100399013609,30,0.0135529423133,30,0.0215528924018,30,0.0160352680832,30,0.0106175802648,30,0.0128385266289,30,0.014426862821,30,0.0119787454605,30,0.0110970651731,30,0.00956841744483,29,-0.000471483916044,2020-05-26
2020-05-26,299,0.211520586086,1,5,-0.00244404678233,30,-0.00723446998745,30,-0.00743692694232,30,-0.0127938110381,30,-0.0068905968219,30,-0.00556670408696,30,-0.00544908456504,30,-0.00616709003225,30,-0.000924267398659,30,0.0033038505353,29,0.00574789731763,2020-05-27
2020-05-27,299,0.249369469672,1,9,-0.0016513565788,30,-0.00586220622063,30,-0.00253437762149,30,-0.00136902136728,30,0.00317468238063,30,0.00538028683513,30,0.00440217275172,30,0.0080897109583,30,0.0042785583064,30,0.00251058884896,29,0.00416194542777,2020-05-28
2020-05-28,299,-0.0315413554116,1,0,0.00601699762046,30,0.0122424717993,30,0.00323492079042,30,0.00641799950972,30,0.00675620045513,30,-0.00071371399099,30,0.00692062964663,30,0.00296175084077,30,0.000911557697691,30,0.00238084373996,29,-0.00363615388051,2020-05-29
2020-05-29,298,0.182574636857,2,25,0.0217425841838,30,0.0219237543643,30,0.0256994925439,30,0.0222935918719,30,0.0263256076723,29,0.0264712497592,30,0.0218731481582,30,0.0346182659268,30,0.0407229401171,30,0.0238362103701,29,0.00209362618625,2020-06-01
2020-06-01,299,0.0280490011498,1,0,0.0100933210924,30,0.00320871081203,30,0.000718355178833,30,-0.000548072683159,30,-8.96294877748e-05,30,0.00446560001001,30,-0.000436449045083,30,0.00363202299923,30,0.00466882390901,30,-0.000852533441503,29,-0.0109458545339,2020-06-02
2020-06-02,299,0.0561824097102,1,0,-0.00670445384458,30,0.000604269909672,30,-0.00259943399578,30,-0.00580629520118,30,-0.00262879533693,30,0.00666874460876,30,-0.00143493816722,30,-0.00171486334875,30,0.00144941802137,30,-0.00642693880945,29,0.000277515035123,2020-06-03
2020-06-03,299,-0.0227235914053,1,52,-0.00151092209853,30,0.000717331946362,30,-0.00359223084524,30,3.68098408217e-05,30,0.000210956728552,30,-0.00310119381174,30,-0.00141459703445,30,-0.00760286068544,30,-0.00507723866031,30,-0.00209298636764,29,-0.000582064269111,2020-06-04
2020-06-04,299,0.0950967382361,1,23,0.00192878243979,30,0.00534644536674,30,0.00578529434279,30,0.00020367106481,30,0.00887512974441,30,0.00299497833475,30,0.003678109264,30,0.00509123783559,30,0.0085463905707,30,0.00500239804387,29,0.00307361560408,2020-06-05
2020-06-05,299,0.163321729774,1,0,-0.00352661008947,30,0.00378051609732,30,0.00121012330055,30,0.00447403406724,30,0.00445653218776,30,0.00473448447883,30,0.0054382761009,30,0.00435003032908,30,0.00483713345602,30,0.00643468508497,29,0.00996129517443,2020-06-08
2020-06-08,299,0.0899000571761,1,11,0.00479254312813,30,0.0050706686452,30,0.0040275095962,30,0.00874342955649,30,0.0066731851548,30,0.0110942106694,30,0.00858630333096,30,0.00606398982927,30,0.0104647241533,30,0.00698739476502,29,0.00219485163689,2020-06-09
2020-06-09,299,-0.0287179190199,1,3,0.00124735629652,30,-0.0023024440743,30,-1.4960766066e-06,30,-0.000568262708839,30,-0.00382313737646,30,-0.00153299374506,30,-0.00506757479161,30,-0.00317710242234,30,-0.00375304417685,30,0.00103289505932,29,-0.000214461237192,2020-06-10
2020-06-10,300,-0.019906348881,0,20,-0.00128784775734,30,-0.00379103026353,30,-0.00622285204008,30,-0.00487455539405,30,-0.0073800701648,30,-0.015214282088,30,-0.00704747438431,30,-0.00952217541635,30,-0.00676855258644,30,-0.00632335944101,30,-0.00503551168367,2020-06-11
2020-06-11,300,-0.0633881138343,0,22,0.0041022640653,30,0.00519632874057,30,0.00320620345883,30,0.00399263110012,30,-0.00500927167013,30,-0.00159342086408,30,0.00112098653335,30,-0.00264225807041,30,-0.00268239784054,30,-0.00142818095628,30,-0.00553044502158,2020-06-12
2020-06-12,300,0.0247235396529,0,0,0.00110711460002,30,-0.000984293175861,30,-0.0148157002404,30,-0.0153045598418,30,-0.0136273624375,30,-0.00925161037594,30,-0.00835115090013,30,-0.0125748356804,30,-0.004294144921,30,-0.00631808815524,30,-0.00742520275526,2020-06-15
2020-06-15,300,0.16250002441,0,64,0.00319465994835,30,0.0188532043248,30,0.0158519670367,30,0.0164561402053,30,0.0204708054662,30,0.0147749288008,30,0.0151960374787,30,0.0166477225721,30,0.0111669003963,30,0.0151768662035,30,0.0119822062552,2020-06-16
2020-06-16,300,-0.0686579332125,0,0,0.00540087837726,30,0.00500872917473,30,0.00252893567085,30,0.00540885329247,30,0.0031483611092,30,-0.000405496364692,30,-0.000553580117412,30,0.00174041790888,30,-0.00242488179356,30,0.00163696811069,30,-0.00376391026657,2020-06-17
2020-06-17,300,0.127509783584,0,0,-0.00113914604299,30,0.00991713814437,30,0.0013207733864,30,0.00780158257112,30,0.010444351472,30,0.00494249677286,30,0.0101420702413,30,0.00547026982531,30,0.00746036972851,30,0.00572040677071,30,0.00685955281369,2020-06-18
2020-06-18,300,0.0671639209013,0,0,-0.00030404527206,30,0.0102973198518,30,0.0153264878318,30,0.0172766707838,30,0.0132619058713,30,0.0130558032542,30,0.00870924629271,30,0.00957712158561,30,0.0110238734633,30,0.00978195667267,30,0.0100860019447,2020-06-19
2020-06-19,300,-0.177108548226,0,0,0.0227173753083,30,0.0107036475092,30,-0.000937706208788,30,-0.00581305008382,30,-0.00813233014196,30,-0.00258950795978,30,-0.00727713294327,30,-8.29060882097e-05,30,-0.00316858082078,30,0.00134840013925,30,-0.021368975169,2020-06-22
2020-06-22,300,-0.297230749529,0,30,0.015922665596,30,0.00898795295507,30,0.00419698562473,30,0.00265259947628,30,0.0079671246931,30,0.00138056080323,30,-0.0035283784382,30,-0.0025964200031,30,-0.00125857791863,30,-0.00614728918299,30,-0.022069954779,2020-06-23
2020-06-23,300,0.201983134117,0,27,0.00398877076805,30,-0.000623097002972,30,-0.00342571735382,30,0.000558996223845,30,0.0021789749153,30,0.0111141717061,30,0.00857765693218,30,0.00498788943514,30,0.00569646153599,30,0.00284468126483,30,-0.00114408950321,2020-06-24
2020-06-24,300,-0.0404633667629,0,9,-0.00174203910865,30,-0.0152213610709,30,-0.0106441993266,30,-0.00205936026759,30,-0.00699511775747,30,-0.0193593539298,30,-0.0100339334458,30,-0.0114148380235,30,-0.0089869517833,30,-0.010215792805,30,-0.00847375369631,2020-06-29
2020-06-29,300,-0.107472908972,0,17,0.0223678871989,30,0.0209775362164,30,0.0190315321088,30,0.0134968496859,30,0.0156111437827,30,0.0189920552075,30,0.015027936548,30,0.00724397879094,30,0.00880524888635,30,0.00586674036458,30,-0.0165011468343,2020-06-30
2020-06-30,300,0.0113857971875,0,7,0.0116845034063,30,0.0198392793536,30,0.0228260233998,30,0.0239696912467,30,0.0108195962384,30,0.0165846776217,30,0.015532749705,30,0.0167429335415,30,0.0163646154106,30,0.0147779071704,30,0.00309340376407,2020-07-01
2020-07-01,300,-0.0812324581384,0,0,0.0492687635124,30,0.0209954101592,30,0.0247937049717,30,0.0101198414341,30,0.0177432261407,30,0.0325013920665,30,0.025733133778,30,0.0222678370774,30,0.0193422008306,30,0.0231734868139,30,-0.0260952766985,2020-07-02
2020-07-02,300,-0.361349832926,0,0,0.0559607408941,30,0.0456017404795,30,0.0202077571303,30,0.0157849844545,30,0.0145083749667,30,0.00800350308418,30,0.0185896586627,30,0.0118563855067,30,0.00905191525817,30,0.0198250822723,30,-0.0361356586218,2020-07-03
2020-07-03,300,-0.466517101926,0,0,0.0908411517739,30,0.0784651935101,30,0.0650763809681,30,0.0594114847481,30,0.0464416816831,30,0.0542148388922,30,0.0436445325613,30,0.0467004179955,30,0.0410604029894,30,0.0435111112893,30,-0.0473300404847,2020-07-06
2020-07-06,300,0.507378127897,0,0,-0.0137590114027,30,-0.0229938514531,30,-0.00843717250973,30,-0.00525719113648,30,-0.00510279741138,30,0.0138166788965,30,0.0186184570193,30,0.0126130934805,30,0.0151376370341,30,0.0316141285002,30,0.0453731399029,2020-07-07
2020-07-07,300,-0.0862142229334,0,41,0.0284208636731,30,0.0366322509944,30,0.0182999987155,30,0.0303361024708,30,0.0183954201639,30,0.019976997748,30,0.0217126943171,30,0.0128222918138,30,0.0151112852618,30,0.0206513125449,30,-0.00776955112815,2020-07-08
2020-07-08,300,0.0916460329775,0,0,0.0202527940273,30,0.0180286820978,30,0.0193221401423,30,0.0236449949443,30,0.0115491030738,30,0.0205996651202,30,0.0255895797163,30,0.0224626548588,30,0.0236229300499,30,0.0153314527124,30,-0.00492134131491,2020-07-09
2020-07-09,299,0.162671357023,1,2,-0.0239598751068,30,-0.0118208033964,30,-0.0122766178101,30,-0.0154982749373,30,-0.0164847094566,30,-0.0168597456068,30,-0.0141455177218,30,-0.016660541296,30,-0.0131057742983,30,-0.00842876266688,29,0.0155311124399,2020-07-10
2020-07-10,299,-0.0554687733523,1,12,0.0263095255941,30,0.0284384861588,30,0.0273499619216,30,0.0294715426862,30,0.0253165438771,30,0.0207357890904,30,0.0181335117668,30,0.0191035084426,30,0.0190984513611,30,0.0247547160834,29,-0.00155480951071,2020-07-13
2020-07-13,299,0.0100882135081,1,0,-0.00922093633562,30,-0.00440896162763,30,-0.00599671388045,30,-0.013109699823,30,-0.0127976695076,30,-0.0115052284673,30,-0.00390040874481,30,-0.0136154908687,30,-0.00984088424593,30,-0.00999935343862,29,-0.000778417102993,2020-07-14
2020-07-14,299,0.339713849264,1,0,-0.0437242649496,30,-0.0294237565249,30,-0.0159446131438,30,-0.021422592923,30,-0.0129540087655,30,-0.0122154932469,30,-0.00705183157697,30,-0.00260741310194,30,-0.0146441599354,30,-0.0124843548983,29,0.0312399100512,2020-07-15
2020-07-15,299,0.384345826387,1,19,-0.0629360824823,30,-0.0586728192866,30,-0.0561716072261,30,-0.0478390082717,30,-0.0388892889023,30,-0.0394234098494,30,-0.0379911065102,30,-0.0300935450941,30,-0.0274385605007,30,-0.0380878709257,29,0.0248482115567,2020-07-16
2020-07-16,299,-0.0308711223806,1,33,0.00217426614836,30,0.00655090622604,30,0.00941160693765,30,0.00100564758759,30,-0.00544759025797,30,-0.00174971821252,30,0.000873108685482,30,-0.0004346628848,30,0.00952331442386,30,-0.00294949463569,29,-0.00512376078404,2020-07-17
2020-07-17,298,0.0547317352103,2,0,0.039847087115,30,0.0287832226604,30,0.0254058931023,30,0.03518608585,30,0.0477375686169,29,0.0419251918793,30,0.044745631516,30,0.0373079814017,30,0.0367017947137,30,0.0311017818749,29,-0.00874530524015,2020-07-20
2020-07-20,299,0.170878395941,1,0,-0.0061818221584,30,-0.001932595158,30,-0.00727010983974,30,-0.000310659408569,30,0.00833994988352,30,0.00327883567661,30,0.00495897326618,30,0.00434578675777,30,0.00203670072369,30,0.00336260022596,29,0.00954442238435,2020-07-21
2020-07-21,299,0.0119346550706,1,3,0.00513225374743,30,0.00613945536315,30,0.00309231481515,30,0.00708392448723,30,0.0125948349014,30,0.00627664523199,30,0.00136323773768,30,0.00559818744659,30,0.00330436835065,30,0.00627415953204,29,0.00114190578461,2020-07-22
2020-07-22,299,-0.0863946021065,1,3,0.0199760757387,30,-0.00397365074605,30,-0.00321659236215,30,-0.0031083940994,30,-0.00188508431893,30,-0.00633214693516,30,-0.00268281903118,30,-0.0068658371456,30,-0.0080992160365,30,-0.00150450342335,29,-0.021480579162,2020-07-23
2020-07-23,299,0.376399631883,1,0,-0.0417135618627,30,-0.0555550344288,30,-0.0479780957103,30,-0.0454668663442,30,-0.0505902133882,30,-0.0450437292457,30,-0.0479371398687,30,-0.0308275483549,30,-0.0298330653459,30,-0.0262895021588,29,0.0154240597039,2020-07-24
2020-07-24,299,-0.209594610246,1,11,0.0177138503641,30,0.0156635716558,30,0.0032756307628,30,0.00964911375195,30,0.000524584436789,30,0.00391274876893,30,0.00686917686835,30,0.000145349898958,30,-0.00528462138027,30,-0.00191833649296,29,-0.0196321868571,2020-07-27
2020-07-27,300,-0.0114179627996,0,2,0.000300049781799,30,0.00960688386112,30,0.0120550552383,30,0.0131991310045,30,0.0132427318022,30,0.00376646523364,30,0.00277365045622,30,0.00664383172989,30,0.00352192716673,30,0.0033802210819,30,0.0030801713001,2020-07-28
2020-07-28,300,-0.0789369647852,0,0,0.0322166308761,30,0.0260936506093,30,0.0179822482169,30,0.0287729464471,30,0.0304710902274,30,0.0242214724422,30,0.0257246568799,30,0.0242724493146,30,0.0192016009241,30,0.0184853319079,30,-0.0137312989682,2020-07-29
2020-07-29,299,-0.00662909439143,1,0,0.0127408029512,30,0.00111231207848,30,-0.00164503057022,30,-0.0110361929983,30,-0.0142811294645,30,-0.00542211718857,30,-0.00804878864437,30,-0.0086097503081,30,-0.00186073384248,30,-0.00727335736156,29,-0.0200141603127,2020-07-30
2020-07-30,299,-0.010463909388,1,26,0.0232069119811,30,0.00896341633052,30,0.00830220337957,30,0.00417544832453,30,0.00105491280556,30,0.00524507556111,30,0.0100322365761,30,0.0119891287759,30,0.0044293384999,30,0.00545818824321,29,-0.0177487237379,2020-07-31
2020-07-31,299,-0.00126551592557,1,0,0.0275175347924,30,0.0271431393921,30,0.0171856414527,30,0.0303838085383,30,0.020426178351,30,0.0238176696002,30,0.0252486690879,30,0.0219984129071,30,0.0145580386743,30,0.0140095287934,29,-0.013508005999,2020-08-03
2020-08-03,300,0.377330808856,0,0,-0.0169589202851,30,-0.00859174318612,30,-0.00197448325343,30,-0.00630676141009,30,0.0058676819317,30,0.00149604084436,30,-0.00260814419016,30,0.00476785283536,30,0.00884652324021,30,0.0104951523244,30,0.0274540726095,2020-08-04
2020-08-04,300,0.249151739538,0,0,0.00167089700699,30,0.00387379922904,30,0.000197915229364,30,-0.00134360592347,30,0.000106344617961,30,0.00627246499062,30,0.00236989068799,30,0.00158518354874,30,0.0038243769668,30,0.0115732168779,30,0.00990231987089,2020-08-05
2020-08-05,300,0.00439507739109,0,0,-0.00393211422488,30,0.00718119740486,30,-0.00037700534449,30,-7.48634329284e-06,30,0.00337694888003,30,0.00327667384408,30,0.00627727713436,30,-0.00167341227643,30,0.00147266790736,30,-0.0037166972179,30,0.000215417006984,2020-08-06
2020-08-06,300,0.182435584127,0,2,0.000203194227652,30,-0.0275602992624,30,-0.0080302041024,30,-0.0193447787315,30,-0.0118180410936,30,-0.0117434300482,30,-0.0135177671909,30,-0.00915346108377,30,-0.0121008493006,30,-0.00315092410892,30,-0.00335411833657,2020-08-07
2020-08-07,300,0.291535970741,0,0,0.00269751739688,30,-0.00774648785591,30,0.00261668558232,30,0.00172305700835,30,0.00559430522844,30,0.00183393957559,30,0.00803945679218,30,0.0166364684701,30,0.0182394497097,30,0.00844068173319,30,0.00574316433631,2020-08-10
2020-08-10,300,0.10156019007,0,0,-0.0201416946948,30,-0.0126721998677,30,-0.0113187469542,30,-0.0105297919363,30,-0.00866292510182,30,-0.0157672055066,30,-0.0147371608764,30,-0.0119489487261,30,-0.0093529522419,30,-0.010215411894,30,0.00992628280073,2020-08-11
2020-08-11,300,0.0712660434882,0,27,-0.0108550647274,30,-0.00379110965878,30,-0.0116924084723,30,-0.0117223048583,30,-0.0059162019752,30,-0.00648784637451,30,-0.00551159167662,30,-0.00370396580547,30,-0.0113944588229,30,0.0040656644851,30,0.0149207292125,2020-08-12
2020-08-12,300,0.252938460141,0,2,-0.00894025340676,30,-0.00499719195068,30,0.00206139287911,30,-0.00281268148683,30,0.000755107379518,30,-0.00414231000468,30,0.00366114964709,30,0.00267189950682,30,0.00474202213809,30,0.0011535466183,30,0.0100938000251,2020-08-13
2020-08-13,300,-0.0246529101105,0,6,0.0155492564663,30,0.013275295496,30,0.0160749964416,30,0.0163300130516,30,0.0136330602691,30,0.0128078777343,30,0.0151950418949,30,0.00869577936828,30,0.0113075319678,30,0.0141082210466,30,-0.0014410354197,2020-08-14
2020-08-14,300,0.0447609417882,0,0,0.0271867085248,30,0.0240551047027,30,0.0281435959041,30,0.0229929406196,30,0.0212649498135,30,0.0248855594546,30,0.0206690169871,30,0.0325370170176,30,0.0247113872319,30,0.0231385566294,30,-0.0040481518954,2020-08-17
2020-08-17,300,0.292060409835,0,0,-0.00635135965422,30,-0.00071970623685,30,-0.00707323756069,30,-0.00492639141157,30,0.00376388221048,30,0.00121438305359,30,-0.00156678957865,30,-0.000555400038138,30,0.00244326191023,30,0.00713602919132,30,0.0134873888455,2020-08-18
2020-08-18,300,0.0514072607061,0,0,-0.00696845259517,30,-0.00688132224604,30,-0.0208431407809,30,-0.0159552767873,30,-0.00823523383588,30,-0.0101765589789,30,-0.00646440405399,30,-0.014495476149,30,-0.0108620561659,30,-0.0121724801138,30,-0.00520402751863,2020-08-19
2020-08-19,300,0.277921374288,0,32,-0.0285452548414,30,-0.0140578271821,30,-0.0202575046569,30,-0.0103129530326,30,-0.0147608136758,30,-0.00710509205237,30,-0.0147509276867,30,-0.00953458901495,30,-0.00849084090441,30,-0.010488897562,30,0.0180563572794,2020-08-20
2020-08-20,300,0.0150631647196,0,10,0.0153379756957,30,0.00437643146142,30,-0.000130663320306,30,0.00773492874578,30,0.0094292582944,30,0.00655787391588,30,0.0109565611929,30,0.00889985170215,30,0.00443517975509,30,0.00598261179402,30,-0.0093553639017,2020-08-21
2020-08-21,300,-0.00732612780037,0,2,0.000733759021387,30,0.00989111047238,30,0.0103033203632,30,0.00759956846014,30,0.00900899339467,30,0.00827112421393,30,-0.00253223185427,30,0.00407334743068,30,0.00718943076208,30,-0.000393976777559,30,-0.00112773579895,2020-08-24
2020-08-24,300,-0.0312179654826,0,17,-0.00361254415475,30,0.0014257034054,30,0.00165582296904,30,-0.00877481885254,30,-0.00235928897746,30,-0.00518410420045,30,-0.0143345016986,30,-0.00963649712503,30,-0.00424274802208,30,-0.00232259440236,30,0.00128994975239,2020-08-25
2020-08-25,300,-0.0152729297005,0,6,-0.0160907637328,30,-0.0139528652653,30,-0.00470984168351,30,-0.0140343308449,30,-0.019167330116,30,-0.0197420790792,30,-0.0114637613297,30,-0.0198896508664,30,-0.0156787987798,30,-0.0147378938273,30,0.00135286990553,2020-08-26
2020-08-26,300,-0.0353666507151,0,16,0.00956297945231,30,0.00648046145216,30,0.000848589348607,30,0.00668875966221,30,0.0115264095366,30,0.00531226582825,30,0.00928080454469,30,0.00530640268698,30,0.00244196457788,30,0.00695648789406,30,-0.00260649155825,2020-08-27
2020-08-27,300,-0.107592318536,0,0,0.0202703215182,30,0.0234973803163,30,0.0176831297576,30,0.0239293798804,30,0.0214023496956,30,0.0222861338407,30,0.0199755318463,30,0.017975628376,30,0.0161543283612,30,0.0106208464131,30,-0.00964947510511,2020-08-28
2020-08-28,300,0.176902764389,0,0,-0.00397326145321,30,-0.0132256960496,30,-0.00305272545666,30,-0.0101394234225,30,-0.0082644764334,30,-0.00236396980472,30,-0.0029727795627,30,-0.00175242230762,30,-0.00254692626186,30,-0.00347309513018,30,0.000500166323036,2020-08-31
2020-08-31,300,0.0532995653572,0,73,0.00691839074716,30,0.00985318794847,30,0.00373719935305,30,0.00758134108037,30,7.17103466741e-05,30,0.00157005584333,30,0.0074830474332,30,0.0069764573127,30,0.00527743902057,30,0.00691463565454,30,-3.75509262085e-06,2020-09-01
2020-09-01,300,-0.0932207552071,0,0,0.00190725526772,30,0.0124060250819,30,-0.002346531488,30,0.00229616556317,30,-0.00694507965818,30,-0.00328760338016,30,-0.00153051211964,30,-0.00146329402924,30,-0.00477234926075,30,-0.00553968735039,30,-0.00744694261812,2020-09-02
2020-09-02,300,0.139397064474,0,3,-0.0108195384964,30,-0.0037617108319,30,-0.00134946708567,30,-0.00561317009851,30,-0.00725264754146,30,-0.00843914784491,30,-0.00876126904041,30,-0.00143833959009,30,-0.00446167401969,30,-0.0016853432171,30,0.00913419527933,2020-09-03
2020-09-03,300,0.163704355693,0,12,-0.0109452251345,30,-0.0152506669983,30,-0.00255292048678,30,-0.010242016986,30,-0.00980584230274,30,-0.000595068908297,30,-0.00890942383558,30,-0.00637958059087,30,-0.00479284534231,30,-0.00261274771765,30,0.00833247741684,2020-09-04
2020-09-04,300,0.165842276159,0,0,-0.0214904937893,30,-0.0244970340282,30,-0.019203890115,30,-0.0240879375488,30,-0.0262044984847,30,-0.0189570765942,30,-0.0180355831981,30,-0.0185419097543,30,-0.017681600526,30,-0.00943391304463,30,0.0120565807447,2020-09-07
2020-09-07,300,0.275107554873,0,25,-0.00967424921691,30,-0.00122008915059,30,-7.91549682617e-05,30,0.0055926782079,30,0.00864854082465,30,0.0103603340685,30,0.00679882382974,30,0.00951494742185,30,0.0135888811201,30,0.00834352150559,30,0.0180177707225,2020-09-08
2020-09-08,300,0.0201091592454,0,2,-0.0197975281626,30,-0.0188392698765,30,-0.0286713279784,30,-0.0171908661723,30,-0.0263118203729,30,-0.0215869452804,30,-0.0194835178554,30,-0.0311424676329,30,-0.0168156065047,30,-0.0234180167317,30,-0.00362048856914,2020-09-09
2020-09-09,300,-0.125586854279,0,17,-0.00828041601926,30,0.000121698780276,30,0.000241539877607,30,-0.00911904778332,30,-0.00658847298473,30,-0.00751345371827,30,-0.00942632555962,30,-0.010606681928,30,-0.0125342169777,30,-0.0128162167966,30,-0.00453580077738,2020-09-10
2020-09-10,300,-0.0129945524496,0,16,0.00746298441663,30,0.0129150850698,30,0.00898221135139,30,0.00995064154267,30,0.000841710949317,30,0.00830002781004,30,0.00537613639608,30,0.0130328973755,30,0.00641746725887,30,0.00836085900664,30,0.000897874590009,2020-09-11
2020-09-11,300,-0.0184712133683,0,0,0.00689328694716,30,0.00367132225074,30,0.000317509955494,30,0.00881477165967,30,0.00535011710599,30,0.000116672119475,30,0.000551726436242,30,0.0054635880515,30,0.00312117743306,30,0.00354706053622,30,-0.00334622641094,2020-09-14
2020-09-14,300,-0.00324466965219,0,0,0.00350991892628,30,0.00599459605291,30,0.00625159358606,30,0.0131362061948,30,0.0133922481909,30,0.00724598346278,30,0.00913667678833,30,0.00786491855979,30,0.00378482136875,30,0.0049861650914,30,0.00147624616511,2020-09-15
2020-09-15,300,0.0535383594777,0,0,-0.00606838660315,30,0.00582900037989,30,-0.00202736863866,30,-0.0021660248749,30,-0.00589902605861,30,-0.00330205168575,30,-0.00728076277301,30,-0.00526631297544,30,0.00255285901949,30,0.00124436023179,30,0.00731274683494,2020-09-16
2020-09-16,299,0.0264871317718,1,0,0.0110532008111,30,0.00143814482726,30,-0.00735529651865,30,-0.00361409992911,30,-0.00914479140192,30,-0.00257305102423,30,-0.00408659968525,30,-0.00589954433963,30,6.1277547502e-05,30,0.00277139199898,29,-0.00828180881217,2020-09-17
2020-09-17,299,0.284449329824,1,9,0.00690930662677,30,0.0152496732771,30,0.0123248063028,30,0.0260130856186,30,0.0293502882123,30,0.0279559064656,30,0.0276953168213,30,0.0283039808273,30,0.0197529513389,30,0.025452144444,29,0.0185428378172,2020-09-18
2020-09-18,299,0.0929289913809,1,0,-0.00852031540126,30,-0.00683984952047,30,-0.00812096241862,30,-0.00446198601276,30,-0.00665309838951,30,-0.00789101887494,30,-0.00377203221433,30,-0.00349462823942,30,-0.00838741287589,30,-0.00334871839732,29,0.00517159700394,2020-09-21
2020-09-21,299,0.1942399728,1,18,-0.0148461405188,30,-0.0198858380318,30,-0.0154040735215,30,-0.0148472087458,30,-0.019116891548,30,-0.0107526564971,30,-0.00975826382637,30,-0.0135840810835,30,-0.0139224864542,30,-0.00924753304571,29,0.00559860747308,2020-09-22
2020-09-22,298,0.106974461467,2,14,0.0048981946893,30,-0.00125620362815,30,0.00803849939257,30,0.00115653080866,30,0.00408758595586,29,-0.000307939451886,30,0.00297071924433,30,0.00170083239209,30,0.00355074810795,30,-0.00134373328183,29,-0.00624192797113,2020-09-23
2020-09-23,298,0.229581464339,2,20,-0.019983202219,30,-0.0252497568727,30,-0.023514861241,30,-0.0214746370912,30,-0.0217228159308,29,-0.0213741865009,30,-0.0195154324174,30,-0.01680268161,30,-0.0179783329368,30,-0.0126770874485,29,0.00730611477047,2020-09-24
2020-09-24,299,0.112837916751,1,38,-0.00350597291254,30,0.00114562315866,30,-0.00033950607758,30,-0.00538846245036,30,-0.0036888003815,30,-0.000782088434789,30,0.000534240389243,30,0.00095147889806,30,0.00627391133457,30,0.00227182079107,29,0.0057777937036,2020-09-25
2020-09-25,299,-0.00484822773362,1,7,-0.008076925762,30,0.00339170894586,30,0.000553518533707,30,0.00315419235267,30,-0.00119124457706,30,0.00186421477702,30,-0.00660446891561,30,-0.00309138093144,30,-0.00278370571323,30,-4.27509166911e-06,29,0.00807265067033,2020-09-28
2020-09-28,299,0.198183676731,1,15,0.00114250381012,30,-0.00419166870415,30,0.00778454123065,30,0.00698884716257,30,0.00205559935421,30,0.00175321893767,30,0.00582518381998,30,0.00258630514145,30,0.00803138781339,30,0.00822532828897,29,0.00708282447886,2020-09-29
2020-09-29,298,-0.100455314445,2,29,0.00342547497712,30,0.0017503539566,30,-0.00559199042618,30,-0.00567487068474,30,-0.00611458998173,29,-0.00249587092549,30,-0.000827825046144,30,-0.00739003205672,30,-0.00667552137747,30,-0.00397559301928,29,-0.0074010679964,2020-09-30
2020-09-30,298,0.0314008919763,2,2,0.0216845776886,30,0.0149235026911,30,0.0225647650659,30,0.0172344706953,30,0.0196825321764,29,0.0155963618308,30,0.0299573708326,30,0.0242321416736,30,0.0170217808336,30,0.0206163674593,29,-0.00106821022928,2020-10-09
2020-10-09,299,0.0046308776805,1,4,0.0123067162931,30,0.0252923127264,30,0.0281087830663,30,0.0342704132199,30,0.0338012501597,30,0.0301912501454,30,0.0296046175063,30,0.0278683379292,30,0.0206127930433,30,0.0253621730953,29,0.0130554568022,2020-10-12
2020-10-12,299,-0.0988486216344,1,0,0.0154777271673,30,0.0007511615986,30,-0.00496541243047,30,0.00806939415634,30,0.00250517134555,30,0.00147277116776,30,-0.00476466817781,30,0.000623840081971,30,0.00471793208271,30,-0.00094715890009,29,-0.0164248860674,2020-10-13
2020-10-13,298,0.0734591310886,2,2,-0.0111920535564,30,-7.82609004091e-06,30,-0.0118395145983,30,-0.00567469000816,30,-0.0107743125409,29,-0.00974988751113,30,-0.0108645753935,30,-0.00734469108284,30,-0.00688537349924,30,-0.00737204216421,29,0.00382001139224,2020-10-14
2020-10-14,298,0.151222656307,2,7,-0.00313196587376,30,-0.00807740725577,30,-0.0025248886086,30,-0.00283382134512,30,0.000282821973087,29,-0.00495765032247,30,-0.0035477776546,30,0.00095334846992,30,-0.000954232586082,30,-0.000546214927454,29,0.00258575094631,2020-10-15
2020-10-15,298,-0.0227527350585,2,14,-0.000354498624802,30,-0.00319616799243,30,-0.000655738520436,30,-0.00161886017304,30,-0.00181874120608,29,-0.00109890301246,30,-0.00184645853005,30,-0.003509813454,30,3.88264670619e-05,30,-0.000960907025728,29,-0.000606408400927,2020-10-16
2020-10-16,298,0.114866979639,2,4,-0.00725495629013,30,-0.0105650285259,30,-0.00838586874306,30,-0.0119358086959,30,-0.00238928711042,29,-0.00723297195509,30,-0.00609142007306,30,-0.00638585491106,30,-0.00420070299879,30,-0.0080958744511,29,-0.000840918160975,2020-10-19
2020-10-19,298,0.068943731905,2,18,0.00467484397814,30,0.00184354779776,30,0.0155505118892,30,0.00578454136848,30,0.00725441565737,29,0.00730442581698,30,0.00459655141458,30,0.00553133664653,30,0.00401302753016,30,0.00605276133865,29,0.00137791736051,2020-10-20
2020-10-20,298,0.290050410542,2,2,-0.0052096308209,30,-0.00530027551576,30,-0.0076692244038,30,-0.00525131216273,30,-0.00773935671896,29,-0.00420685205609,30,-0.00325236725621,30,0.00102113885805,30,0.00544165773317,30,0.00733225326985,29,0.0125418840908,2020-10-21
2020-10-21,298,0.118048828389,2,2,-0.00675152149051,30,-0.000969344400801,30,-0.0085600791499,30,-0.0036321519874,30,-0.00351645820774,29,-0.00572945876047,30,-0.00676221074536,30,-0.000665996456519,30,0.000753859698307,30,-0.00277304230258,29,0.00397847918794,2020-10-22
2020-10-22,299,0.279856194943,1,4,-0.0168746318668,30,-0.0160315297544,30,-0.0198630020022,30,-0.0145111577585,30,-0.00786718539894,30,-0.00865659676492,30,-0.011682504788,30,-0.00292758550495,30,-0.004767594859,30,-0.00901811104268,29,0.00785652082413,2020-10-23
2020-10-23,299,-0.249848745768,1,19,-0.00478126015514,30,-0.000571846961975,30,0.00400239229202,30,0.00207947497256,30,0.00277798972093,30,-0.00867317710072,30,-0.00393925327808,30,-0.00557161588222,30,-0.0196655634791,30,-0.0173966325819,29,-0.0126153724268,2020-10-26
2020-10-26,299,-0.226373475172,1,8,0.0106136165559,30,0.0139969028533,30,0.0149658741429,30,-0.000642945349682,30,-0.00560803618282,30,-0.001207494759,30,-0.0040640970692,30,-0.0030495962128,30,0.00102372164838,30,-0.00298108323477,29,-0.0135946997907,2020-10-27
2020-10-27,299,-0.33318230309,1,9,0.0145180243999,30,0.0178641416132,30,0.0137795545161,30,0.00261285691522,30,0.0038141370751,30,0.00457783555612,30,-0.00108829140663,30,0.00192347168922,30,-0.00246351351961,30,-0.00642854580656,29,-0.0209465702064,2020-10-28
2020-10-28,300,-0.109896026973,0,4,0.0114800333977,30,0.00398992095143,30,0.00874080415815,30,0.0104825040326,30,0.00192203524057,30,0.00159241759684,30,0.00314425234683,30,-0.00301353540272,30,-0.00397254619747,30,0.00158622860909,30,-0.00989380478859,2020-10-29
2020-10-29,300,0.172268442103,0,4,-0.0198415592313,30,-0.0239717178047,30,-0.0170986186713,30,-0.0177811998874,30,-0.0206072162837,30,-0.0154688116163,30,-0.0119498409331,30,-0.0127300638705,30,-0.0140476766974,30,-0.012742687948,30,0.00709887128323,2020-10-30
2020-10-30,300,-0.195940799235,0,23,0.0115402238443,30,0.0142093040049,30,0.00130995712243,30,0.00312328734435,30,0.00527530489489,30,0.00236127967946,30,-0.0078456941992,30,-0.0108445528895,30,-0.00165035924874,30,-0.00725266523659,30,-0.0187928890809,2020-11-02
2020-11-02,300,0.153507550665,0,5,0.00658464850858,30,0.00784129463136,30,0.0142859239131,30,0.0195125360042,30,0.0182437039912,30,0.0191756859422,30,0.0206713993102,30,0.0163623113185,30,0.0173408985138,30,0.0152693111449,30,0.00868466263637,2020-11-03
2020-11-03,300,0.017414175945,0,0,0.0041462876834,30,-0.0015170534607,30,0.00304465484805,30,0.0070592504926,30,0.00135639507789,30,-0.000232396516367,30,0.00824396591634,30,0.00488659925759,30,-0.000593469536398,30,0.000842769921292,30,-0.00330351776211,2020-11-04
2020-11-04,300,0.0312853199311,0,3,0.0192677956074,30,0.0247997418046,30,0.00457651400939,30,0.0141256032512,30,0.0171064343303,30,0.013480857946,30,0.0220366213471,30,0.0140755139291,30,0.0171245802194,30,0.0141764441505,30,-0.00509135145694,2020-11-05
2020-11-05,300,-0.100100724408,0,4,0.00554001517594,30,0.00069584249286,30,0.000763465941418,30,-0.00218743691221,30,0.00123993551824,30,-0.00383278331719,30,0.00198200345039,30,0.00221980805509,30,-0.000723745441064,30,-0.00491165695712,30,-0.0104516721331,2020-11-06
2020-11-06,300,-0.0190908999999,0,0,0.0300818476826,30,0.0218069460243,30,0.024253545329,30,0.0202836059034,30,0.0219099279493,30,0.0218420512974,30,0.0197725966573,30,0.0271351337433,30,0.0178618784994,30,0.0159394796938,30,-0.0141423679888,2020-11-09
2020-11-09,300,0.249470990835,0,0,-0.018920218572,30,-0.00983980111778,30,-0.00368950772099,30,-0.00141104264185,30,-0.0104670524597,30,-0.00833977665752,30,-0.000182372328709,30,-0.00738285202533,30,-0.00206198683009,30,-0.000676643860061,30,0.018243574712,2020-11-10
2020-11-10,300,0.237240303735,0,9,-0.0172388926148,30,-0.0189279541373,30,-0.0147722940892,30,-0.010723602958,30,-0.011127541773,30,-0.0108446618542,30,-0.00554300937802,30,-0.0016066133976,30,0.00156612391584,30,-0.00448840437457,30,0.0127504882403,2020-11-11
2020-11-11,300,0.11189746741,0,11,-0.00131169357337,30,-0.0021401704289,30,-0.00189465482254,30,0.00362868700176,30,0.000187718862435,30,0.00221827020869,30,0.00200980110094,30,0.00113948190119,30,-0.00238597788848,30,0.00529207196087,30,0.00660376553424,2020-11-12
2020-11-12,300,-0.0584233446807,0,17,-0.00883045606315,30,-0.0046938736923,30,-0.00117391743697,30,-0.000247907650191,30,-0.00311853084713,30,-0.0129113812,30,-0.0102303680032,30,-0.0097413463518,30,-0.00350649561733,30,-0.0073628523387,30,0.00146760372445,2020-11-13
2020-11-13,300,-0.0372755874103,0,4,0.0263520106673,30,0.00232964544557,30,0.0127587970346,30,0.00604664487764,30,0.00918526016176,30,0.00867457222193,30,0.0129647813737,30,0.0137514965609,30,0.0113410195336,30,0.00815214123577,30,-0.0181998694316,2020-11-16
2020-11-16,300,0.0862005820743,0,0,-0.000106946630694,30,-0.00321623287164,30,-0.00401654420421,30,-0.00129536783788,30,-0.00158085231669,30,0.00454618921503,30,-0.00172588624991,30,0.0010791500099,30,-0.00026623607846,30,-0.00339553155936,30,-0.00328858492867,2020-11-17
2020-11-17,300,0.124098385877,0,0,0.000751610612497,30,-0.00612792372704,30,0.00172360346187,30,-0.00229582795873,30,0.00142060720827,30,0.00117583468091,30,-0.00256852502935,30,0.0021985291969,30,-0.000530370103661,30,0.00553008308634,30,0.00477847247384,2020-11-18
2020-11-18,300,0.0893135034934,0,0,-0.00327307591215,30,0.00751107931137,30,0.00530459685251,30,0.00569364242256,30,0.00027040639543,30,0.00913605093956,30,0.00695600127801,30,0.00518430490047,30,0.00332387094386,30,0.00305699300952,30,0.00633006892167,2020-11-19
2020-11-19,300,-0.00254879835666,0,2,0.00664287805557,30,0.0107512436807,30,0.00162781076506,30,0.00495718512684,30,0.0064864596352,30,0.00721203489229,30,0.00471700029448,30,0.0081885792315,30,0.000849612581078,30,0.000726789236069,30,-0.0059160888195,2020-11-20
2020-11-20,300,-0.243505803384,0,0,0.0339345410466,30,0.0126238046214,30,0.0125039322302,30,0.00729213375598,30,0.0116319358349,30,0.00768299913034,30,0.00460109114647,30,0.00454093609005,30,0.00635552406311,30,0.00288700056262,30,-0.031047540484,2020-11-23
2020-11-23,300,-0.0667314089959,0,0,0.00702636642382,30,-0.00272900471464,30,-0.00471756840125,30,-0.00222103786655,30,-0.00436607794836,30,-8.16384908831e-06,30,-0.00623229937628,30,-0.00898167304695,30,-0.001371202874,30,-0.00589587073773,30,-0.0129222371615,2020-11-24
2020-11-24,300,0.309519625149,0,17,-0.0176620762795,30,-0.0212224964052,30,-0.0147064272314,30,-0.0153560694307,30,-0.0194634664804,30,-0.0126245161518,30,-0.00631580362096,30,-0.0132960574701,30,-0.00578787503764,30,-0.00729754986241,30,0.0103645264171,2020-11-25
2020-11-25,300,0.100706171555,0,74,-0.00674598990008,30,0.00423574447632,30,-0.00129897391889,30,-0.00191132421605,30,0.0022819400765,30,-0.00531192636117,30,0.00299523072317,30,0.0049667856656,30,0.00160962739028,30,0.00317962956615,30,0.00992561946623,2020-11-26
2020-11-26,300,0.0330335642432,0,0,0.00574539322406,30,0.00753797311336,30,0.0141705172136,30,0.0160353127867,30,0.00941897276789,30,0.0123671572655,30,0.0109160365537,30,0.0159560404718,30,0.0102378604934,30,0.00513692107052,30,-0.000608472153544,2020-11-27
2020-11-27,300,0.01326003813,0,0,0.00321779656224,30,-0.00174159009475,30,0.00329559645616,30,-0.000788533710875,30,0.000707115745172,30,0.00172947649844,30,-0.00161371624563,30,-0.00649580964819,30,0.00303930649534,30,0.00194065575488,30,-0.00127714080736,2020-11-30
2020-11-30,300,0.043209387832,0,69,0.0293284971267,30,0.0176820680499,30,0.01431077905,30,0.0130700683221,30,0.0165190901607,30,0.0190643649548,30,0.0191165804863,30,0.0155495144427,30,0.0161757785827,30,0.0209575779736,30,-0.00837091915309,2020-12-01
2020-12-01,299,0.128706292943,1,0,0.0043449383229,30,-0.00202493462712,30,0.00240576057695,30,-0.00954897236079,30,-0.00252586998977,30,0.00334055023268,30,0.00278121232986,30,0.00156488618813,30,0.00322554516606,30,-0.00067014322849,29,-0.00501508155139,2020-12-02
2020-12-02,299,0.215805224489,1,4,-0.0105437617749,30,-0.00653234729543,30,-0.0108641441911,30,0.00124885642435,30,-0.00224276981317,30,0.00207097735256,30,0.00278585148044,30,0.000346767890733,30,0.000283886998659,30,0.00270476425067,29,0.0132485260256,2020-12-03
2020-12-03,299,0.121735792772,1,0,-0.00774522218853,30,-0.00445300759748,30,0.00383619661443,30,-0.00349034857936,30,0.00645883660764,30,-0.0042463382706,30,-0.00031192303868,30,-0.00208209361881,30,0.000238670909312,30,0.000894484866876,29,0.00863970705541,2020-12-04
2020-12-04,299,-0.0789317949016,1,0,-0.00256123929285,30,-0.0104457819834,30,-0.00874471664429,30,-0.0145595455542,30,-0.0109346685931,30,-0.00987163372338,30,-0.0121260387823,30,-0.012138068676,30,-0.0086983460933,30,-0.0112141454592,29,-0.00865290616639,2020-12-07
2020-12-07,299,-0.0329542967322,1,18,0.000113036236144,30,-0.00178054370917,30,-0.000669829023536,30,-0.0051713148132,30,-0.00583946704865,30,-0.00110031163786,30,-0.00335509772412,30,-0.00591096282005,30,-0.00125074782409,30,-0.00359486509115,29,-0.00370790132729,2020-12-08
2020-12-08,298,0.199097696353,2,12,-0.0119108874351,30,-0.0191561710089,30,-0.0206742025912,30,-0.0207723695785,30,-0.017299529165,29,-0.0145073747262,30,-0.0109918834642,30,-0.0129253286868,30,-0.0133637432009,30,-0.0131742237136,29,-0.0012633362785,2020-12-09
2020-12-09,298,0.0648235202093,2,51,0.000597983598709,30,-0.00545694213361,30,0.00119727454148,30,-0.00219216151163,30,-0.00300551694818,29,-0.00595947913826,30,-0.00183480978012,30,-0.00123303337023,30,-0.00154820480384,30,0.00197608722374,29,0.00137810362503,2020-12-10
2020-12-10,298,0.0257076496268,2,7,-0.00621935911477,30,-0.0138432960957,30,-0.0124335205182,30,-0.00174739956856,30,-0.00978690758348,29,-0.0127467000857,30,-0.00869463849813,30,-0.00861059408635,30,-0.0130278272554,30,-0.00951636675745,29,-0.00329700764269,2020-12-11
2020-12-11,298,0.206983861115,2,11,-0.00995265226811,30,-0.000819476437755,30,0.00795080233365,30,0.00246796617284,30,0.0147159676999,29,0.000169483813806,30,-0.000564392423257,30,0.00830634590238,30,0.00148674647789,30,0.0096583776176,29,0.0196110298857,2020-12-14
2020-12-14,298,-0.190644133251,2,4,0.00638674898073,30,0.010624261573,30,0.00196341285482,30,0.0105581441894,30,0.00263472669758,29,-0.0021510978695,30,0.000833986210637,30,0.00036590496893,30,-0.00308390660211,30,-0.00319620454684,29,-0.00958295352757,2020-12-15
2020-12-15,298,-0.0870182520678,2,2,-0.00148357148282,30,0.00161655351985,30,-0.00138830742799,30,0.00237425952218,30,-0.000665241270326,29,-0.00729142036289,30,0.000793685496319,30,-0.00359033746645,30,-0.00615070061758,30,-0.00488179083914,29,-0.00339821935631,2020-12-16
2020-12-16,299,0.137016580939,1,14,0.0121242757887,30,0.0064940196462,30,0.0143259111792,30,0.0147975664586,30,0.00860458798707,30,0.0134824989364,30,0.0112501485273,30,0.013030895032,30,0.0106087801978,30,0.0158527344465,29,0.00372845865786,2020-12-17
2020-12-17,300,-0.0055354465027,0,0,0.00442367373034,30,0.0101302843541,30,-0.00466982135549,30,-0.000724077224731,30,-0.00404359120876,30,-0.00408283667639,30,-0.00304338545538,30,0.00116974115372,30,-0.00201384630054,30,0.00269279093482,30,-0.00173088279553,2020-12-18
2020-12-18,300,-0.106144251003,0,21,0.0254691261798,30,0.0180925633758,30,0.00981471501291,30,0.00582599826157,30,0.00576955499128,30,8.09311895864e-05,30,0.00582951121032,30,0.00418105721474,30,0.0102092381567,30,0.00441959500313,30,-0.0210495311767,2020-12-21
2020-12-21,300,0.14644964349,0,2,-0.0225292090327,30,-0.0327962785959,30,-0.0205044802278,30,-0.019179744646,30,-0.0215550735593,30,-0.031401026994,30,-0.0224711280316,30,-0.021458979696,30,-0.0192357040942,30,-0.0142675535753,30,0.00826165545732,2020-12-22
2020-12-22,300,0.0876460509094,0,40,0.00450771627948,30,0.0117857577279,30,0.00723114795983,30,0.000849813222885,30,0.011254100129,30,0.00781146297231,30,0.0079884249717,30,0.00442222971469,30,0.0190292466432,30,0.0104187345132,30,0.00591101823375,2020-12-23
2020-12-23,300,-0.0538742910994,0,3,-4.78088841191e-05,30,-0.00452286796644,30,-0.00281424913555,30,-0.00508697610348,30,-0.00884989462793,30,-0.00950786285102,30,-0.00635991897434,30,-0.0105523644015,30,-0.0123220523819,30,-0.0035887202248,30,-0.00354091134068,2020-12-24
2020-12-24,300,-0.0292978442303,0,10,0.010565421544,30,0.0137016056105,30,0.018663443625,30,0.0104151470587,30,0.010146307759,30,0.0149011053145,30,0.00682423496619,30,0.00894136261195,30,0.00881876330823,30,0.00904273614287,30,-0.00152268540114,2020-12-25
2020-12-25,300,-0.0317633515953,0,0,0.00374595727772,30,-0.00769599666819,30,0.00714694475755,30,0.000225359195611,30,0.000985898543149,30,-0.00259699020535,30,-6.08702503087e-05,30,-0.0099441530183,30,-0.00642278185114,30,0.00555110396817,30,0.00180514669046,2020-12-28
2020-12-28,300,0.33720737381,0,6,-0.0206097904593,30,-0.0157156176865,30,-0.00716090388596,30,-0.0102552594617,30,0.00170334777795,30,0.00225355615839,30,0.00744476495311,30,0.00551224965602,30,0.00887237582356,30,0.0074554621242,30,0.0280652525835,2020-12-29
2020-12-29,300,0.0980613087603,0,10,0.00572774233297,30,0.00661013135687,30,0.00961478706449,30,0.0107697583735,30,0.0092356801033,30,0.0093000549823,30,0.0104471324012,30,0.0128675103188,30,0.0117006022483,30,0.0119829950854,30,0.00625525275245,2020-12-30
2020-12-30,300,-0.161395600626,0,7,0.0226603671908,30,0.0238672886044,30,0.0245090518147,30,0.0192290954292,30,0.01787417382,30,0.0248116981238,30,0.0180919207633,30,0.0134933730587,30,0.0110017480329,30,0.00962225813419,30,-0.0130381090567,2020-12-31
2020-12-31,300,-0.0646936370717,0,0,0.0224436484277,30,0.0295899230987,30,0.00243054027669,30,0.00537093076855,30,0.0113060232252,30,0.0104291317984,30,0.0155771235004,30,0.00155593559612,30,0.0113472798839,30,0.0134484069422,30,-0.00899524148554,2021-01-04
2021-01-04,300,-0.210417703803,0,0,0.0311955865473,30,0.00986273679882,30,0.0284597855061,30,0.0152377542108,30,0.0166215412319,30,0.0162466596812,30,0.0100114857778,30,0.0125440219417,30,-0.000275297963526,30,0.00355848460458,30,-0.0276371019427,2021-01-05
2021-01-05,300,0.146427185331,0,2,0.00669612875208,30,0.00437601981685,30,-0.00590899586678,30,-0.00188112258911,30,0.00526530155912,30,0.00109242799226,30,0.00462440075353,30,0.00288381171413,30,0.00906792096794,30,0.00920924544334,30,0.00251311669126,2021-01-06
2021-01-06,300,-0.215570133176,0,2,0.0133938454092,30,0.00788264255971,30,0.0111930333078,30,0.0271195303649,30,0.0113846184686,30,0.00508697051555,30,0.00951051525772,30,0.00972019229084,30,-0.00328926835209,30,-0.0101345777512,30,-0.0235284231603,2021-01-07
2021-01-07,300,0.264636458785,0,0,0.00462790718302,30,-0.00556089077145,30,-0.00878285150975,30,-0.0112227760255,30,-0.00513596553355,30,0.0115839755163,30,0.0156433936208,30,0.0190984047949,30,0.0065977233462,30,0.0142804486677,30,0.00965254148468,2021-01-08
2021-01-08,300,-0.0851737171426,0,0,-0.014392407611,30,-0.00922155193985,30,-0.0185961369425,30,5.55117912882e-05,30,-0.00102423632052,30,-0.0181597098708,30,-0.0161247830838,30,-0.00826373510063,30,-0.018764551729,30,-0.0194196999073,30,-0.00502729229629,2021-01-11
2021-01-11,300,0.0686363906727,0,19,0.0247289407998,30,0.0153338629752,30,0.0182717572898,30,0.028946030885,30,0.0229704156518,30,0.0196807608008,30,0.0198132339865,30,0.0177016798407,30,0.0246236659586,30,0.0262207761407,30,0.00149183534086,2021-01-12
2021-01-12,300,0.157954550506,0,0,-0.00429648952559,30,-0.0119415437803,30,-0.00512148160487,30,-0.000299898791127,30,-0.0052620829083,30,0.00990026351064,30,0.00299564399756,30,0.00564300408587,30,-0.00145469501149,30,0.00247971410863,30,0.00677620363422,2021-01-13
2021-01-13,300,-0.060818527873,0,2,-0.0046313800849,30,-0.00699276523665,30,-0.0166813321412,30,-0.0107645569369,30,-0.0147763108835,30,-0.0117815472186,30,-0.00930502451956,30,-0.00982586108148,30,-0.0141833322123,30,-0.00876952614635,30,-0.00413814606145,2021-01-14
2021-01-14,300,0.215282908133,0,15,-0.0238344687968,30,-0.00894178915769,30,-0.0100281415507,30,-0.00785883236676,30,0.000490423059091,30,0.00382626266219,30,0.00546720810235,30,0.00126134755556,30,0.00113592145499,30,-0.00653689680621,30,0.0172975719906,2021-01-15
2021-01-15,300,-0.0510202641709,0,7,0.00939608644694,30,0.0207239892334,30,0.0113689601421,30,0.0136793954298,30,0.0152035178617,30,0.0103560881689,30,0.0124757504091,30,0.00827924814075,30,0.0054435650818,30,0.0109863439575,30,0.00159025751054,2021-01-18
2021-01-18,300,0.260247098396,0,0,-0.0190932545811,30,-0.0171509068459,30,-0.0148129500449,30,-0.0142624462023,30,-0.0108963549137,30,-0.0140947801992,30,-0.0130348922685,30,-0.00171833042987,30,-0.00123654201161,30,0.00269599165767,30,0.0217892462388,2021-01-19
2021-01-19,300,0.213690197747,0,4,-0.0129316411912,30,0.00396810192615,30,0.00466366205364,30,0.00488727074116,30,0.0097525799647,30,0.00309743685648,30,0.0113933943212,30,0.0107917506248,30,0.00856983847916,30,0.0128745241091,30,0.0258061653003,2021-01-20
2021-01-20,300,-0.297530457469,0,5,0.0274512134492,30,0.0166418291628,30,0.0242822039872,30,0.012851732783,30,0.0155991557986,30,0.00620225677267,30,0.00718177575618,30,0.00870280433446,30,0.00584355182946,30,-0.000629840302281,30,-0.0280810537515,2021-01-21
2021-01-21,300,-0.208609003676,0,5,0.00204816251062,30,0.00989543180913,30,0.00480444636196,30,0.00567375402898,30,-0.00689387507737,30,-0.0083696404472,30,-0.0151107963175,30,-0.0161093901843,30,-0.017326567322,30,-0.00569705152884,30,-0.00774521403946,2021-01-22
2021-01-22,300,-0.0853648782813,0,17,-0.00212544808164,30,0.00107145903166,30,0.00978695321828,30,0.00760907540098,30,-0.00423941621557,30,0.00368752283975,30,8.10126439319e-05,30,-0.00749071035534,30,-0.0109134931117,30,-0.00835808739066,30,-0.00623263930902,2021-01-25
2021-01-25,300,0.301285239422,0,7,-0.0265737194568,30,-0.021327380091,30,-0.0295983366668,30,-0.0186738148332,30,-0.00568659510463,30,-0.0163542293012,30,-0.0027511715889,30,-0.00394257297739,30,-0.00623937649652,30,-0.00316391396336,30,0.0234098054934,2021-01-26
2021-01-26,300,0.0705618672082,0,10,-0.00854961480945,30,0.00991170387715,30,-0.00266698002815,30,0.00634764228016,30,0.0121023096144,30,0.00139730970841,30,0.00640396680683,30,-0.00431274948642,30,0.000616770994384,30,0.0017264902126,30,0.0102761050221,2021-01-27
2021-01-27,300,0.397901963868,0,6,-0.0311728492379,30,-0.0314306467772,30,-0.0363618806005,30,-0.0319580212235,30,-0.0300107598305,30,-0.0237921047956,30,-0.0176405776292,30,-0.0141875548288,30,-0.0132778426632,30,-0.00858160667121,30,0.0225912425667,2021-01-28
2021-01-28,299,-0.084396653606,1,10,-0.00888881459832,30,-0.00500151515007,30,3.08493763441e-05,30,0.00555134238675,30,-0.00923242792487,30,-0.00616239896044,30,-0.010614965111,30,-0.00852082390338,30,-0.00929096341133,30,-0.0112140243873,29,-0.00232520978898,2021-01-29
2021-01-29,299,-0.0996892322162,1,0,0.00387297873385,30,0.00956500973552,30,0.00803321786225,30,0.0176100153476,30,0.0204710178077,30,0.0193163380027,30,0.00903261918575,30,0.000386569910916,30,-0.00186150474474,30,0.00857378728688,29,0.00470080855303,2021-02-01
2021-02-01,299,-0.0438881254032,1,4,0.0083703296259,30,0.0121145648882,30,0.0185987688601,30,0.0151232974604,30,0.0200277306139,30,0.012472349219,30,0.00618074927479,30,0.0134798586369,30,0.0160052105784,30,-0.00106594269164,29,-0.00943627231754,2021-02-02
2021-02-02,299,-0.111220217003,1,6,-0.00135288434103,30,-0.00412226701155,30,-0.00841750111431,30,0.00244646868668,30,-0.0104150986299,30,-0.0115029336885,30,-0.01100095734,30,-0.0117318592966,30,-0.0120115792379,30,-0.0111421840265,29,-0.00978929968551,2021-02-03
2021-02-03,299,-0.0539201510353,1,18,-0.0153542142361,30,-0.0138868968934,30,-0.00243451190181,30,-0.000539741886314,30,-0.0123698748648,30,-0.0133640728891,30,-0.00571402115747,30,-0.0149902878329,30,-0.0113655840978,30,-0.0139296362177,29,0.00142457801849,2021-02-04
2021-02-04,298,0.177527936527,2,5,-0.00988818984479,30,-0.0182588975877,30,-0.0116409994662,30,-0.00506575126201,30,-0.00122489186469,29,-0.00635574245825,30,0.0160783901811,30,-0.00724130449817,30,0.00647790823132,30,0.00388663588092,29,0.0137748257257,2021-02-05
2021-02-05,298,0.0873202447172,2,16,0.0103710591793,30,0.00986375007778,30,0.00105556449853,30,0.0158292595297,30,0.0218665171415,29,0.0144669925794,30,0.0196145884693,30,0.0151883522049,30,0.004553780891,30,0.0158956442028,29,0.00552458502352,2021-02-08
2021-02-08,298,-0.10293913924,2,2,0.0271048620343,30,0.0318749658763,30,0.0204316675663,30,0.0243824608624,30,0.0234083663672,29,0.0183583758771,30,0.0173512734473,30,0.017763344571,30,0.0190902650356,30,0.0150422574952,29,-0.0120626045391,2021-02-09
2021-02-09,298,-0.146858772363,2,0,0.0209164991975,30,0.0162706617266,30,0.0204389635473,30,0.0123972436413,30,0.0179974660277,29,0.0119500933215,30,0.0128480773419,30,0.00535636721179,30,0.00403906684369,30,0.0063522788696,29,-0.0145642203279,2021-02-10
2021-02-10,299,0.345520980064,1,2,-0.0136846387759,30,-0.00908059068024,30,0.000117949646665,30,0.00868597812951,30,-0.00912583433092,30,0.0255218725652,30,0.00847076810896,30,0.0203494913876,30,0.0205023474991,30,0.0232407506555,29,0.0369253894314,2021-02-18
2021-02-18,299,0.153516936265,1,4,0.00973316188902,30,-0.0142340622842,30,0.00887771043926,30,0.0019134322647,30,0.0195482037961,30,0.0134845869616,30,0.0137714566663,30,0.00892696157098,30,0.013573737815,30,0.0139881307259,29,0.0042549688369,2021-02-19
2021-02-19,300,-0.105795718495,0,0,0.00993358064443,30,-0.000536739826202,30,-0.0273469146341,30,-0.0222643837333,30,-0.0169327650219,30,-0.0147555749863,30,-0.0148010766134,30,-0.0172988530248,30,-0.0198200307786,30,-0.0184408165514,30,-0.0283743971959,2021-02-22
2021-02-22,300,0.074765439329,0,24,-0.0144469561055,30,-0.00780128221959,30,-0.00455181021243,30,-0.00872633233666,30,-0.00293539767154,30,-0.000817068445031,30,-0.00300465221517,30,-0.00300647621043,30,-0.00500983186066,30,-0.0108889639378,30,0.00355799216777,2021-02-23
2021-02-23,300,0.393638837212,0,6,-0.0363472886384,30,-0.0281272307038,30,-0.0252763908356,30,-0.0262193605304,30,-0.0182946268469,30,-0.00462560448796,30,-0.00826695747674,30,-0.0133877219632,30,-0.00388351292349,30,-0.0015572309494,30,0.034790057689,2021-02-24
2021-02-24,299,0.0979729373331,1,7,-0.00209521641955,30,-0.000630233669654,30,0.00454362016171,30,0.00332221179269,30,0.0123003339395,30,-0.00246617989615,30,-0.00487340474501,30,0.0096579734236,30,0.0153296273202,30,-0.00108061579522,29,0.00101460062433,2021-02-25
2021-02-25,299,0.17381387998,1,3,-0.0259192157537,30,-0.0181357394904,30,-0.0229506213218,30,-0.0267655923963,30,-0.0233190450817,30,-0.0246570277959,30,-0.0106003200635,30,-0.0198986213654,30,-0.0149794220924,30,-0.0136527931318,29,0.0122664226219,2021-02-26
2021-02-26,299,-0.133650148192,1,18,0.0199461672455,30,0.0148792825639,30,0.0167639330029,30,0.0219634994864,30,0.0217042192817,30,0.0150785045698,30,0.0150652965531,30,0.0129292188212,30,0.00872336048633,30,0.00683606695384,29,-0.0131101002917,2021-03-01
2021-03-01,300,0.10251415323,0,2,-0.00990231242031,30,-0.0137616312131,30,-0.0138205988333,30,-0.00121093192138,30,-0.00850114226341,30,-0.0135214412585,30,-0.0113004585728,30,-0.0122760040686,30,-0.00997343100607,30,-0.00493146758527,30,0.00497084483504,2021-03-02
2021-03-02,300,0.175486616825,0,7,0.00295909843408,30,0.0158163886517,30,0.012809868902,30,0.0184201784432,30,0.0181653667241,30,0.0163853745908,30,0.0102358143777,30,0.0180436689407,30,0.0137101495638,30,0.0181149262935,30,0.0151558278594,2021-03-03
2021-03-03,300,0.0787364986163,0,0,-0.0179622080177,30,-0.0370441302657,30,-0.0283987000585,30,-0.0246372502297,30,-0.0333973020315,30,-0.0271841529757,30,-0.0208318885416,30,-0.0202002339065,30,-0.0184067320079,30,-0.0192786473781,30,-0.00131643936038,2021-03-04
2021-03-04,300,0.256590494048,0,11,-0.0111658591777,30,-0.00451786117628,30,-0.000538148509804,30,0.000197370842216,30,0.00203267531469,30,0.00461669545621,30,0.00174499151763,30,0.00689483294263,30,0.0105894012377,30,0.0110627468675,30,0.0222286060452,2021-03-05
2021-03-05,300,0.251060678923,0,0,-0.0452603884041,30,-0.0380750782788,30,-0.0260645244271,30,-0.0306241232902,30,-0.0239891838282,30,-0.0224457178265,30,-0.0243527200073,30,-0.00939100142568,30,-0.0215943250805,30,-0.0153425317258,30,0.0299178566784,2021-03-08
2021-03-08,300,0.082936512355,0,57,-0.0244814809412,30,-0.0182165615261,30,-0.0280524138361,30,-0.0228539276868,30,-0.0203840024769,30,-0.0218602456152,30,-0.0136044938117,30,-0.0218405332416,30,-0.0164494235069,30,-0.0211846828461,30,0.00329679809511,2021-03-09
2021-03-09,300,-0.00922955074053,0,7,0.00766901159659,30,-0.000909302616492,30,0.00633954396471,30,-0.00322879943997,30,-0.00940108299255,30,-0.0110491355881,30,-0.00418562907726,30,0.00182914140169,30,0.000411091255955,30,-0.0020392339211,30,-0.00970824551769,2021-03-10
2021-03-10,300,-0.156090126712,0,17,0.0264279935509,30,0.0237762797624,30,0.0216248035431,30,0.0203157477081,30,0.0277728978544,30,0.0236012022942,30,0.020639307797,30,0.0182178225368,30,0.0206907875836,30,0.0126325767487,30,-0.0137954168022,2021-03-11
2021-03-11,300,0.0837954238623,0,0,0.00620266003534,30,0.00371038913727,30,0.000928137684241,30,-0.00304209976457,30,0.00525649171323,30,-0.00261650676839,30,0.00590323610231,30,0.00191508536227,30,0.00275316438638,30,0.0088728684932,30,0.00267020845786,2021-03-12
2021-03-12,300,0.0493103804602,0,0,-0.0124864177778,30,-0.0255337283015,30,-0.0303429905325,30,-0.0180097017437,30,-0.0127037605271,30,-0.00948173180223,30,-0.0212498176843,30,-0.00596444588155,30,-0.0152060147375,30,-0.0176803637296,30,-0.00519394595176,2021-03-15
2021-03-15,300,0.0151144517566,0,3,0.00724630756304,30,0.00460636802018,30,0.00772262038663,30,0.0114995557815,30,0.00400655064732,30,0.00285397376865,30,0.00533642945811,30,0.00527789210901,30,0.0132459560409,30,0.00407512206584,30,-0.00317118549719,2021-03-16
2021-03-16,300,0.0702990517608,0,0,0.00452435621992,30,0.00243245158345,30,0.0023768346291,30,0.0143785476685,30,0.00568983564153,30,0.00357262883335,30,0.00322988233529,30,0.00225448003039,30,0.00768800964579,30,0.00227423314936,30,-0.00225012307055,2021-03-17
2021-03-17,300,-0.234599681897,0,4,0.0109263397753,30,0.00698599219322,30,0.0116196153685,30,0.0142450192943,30,0.00359812588431,30,0.00561008276418,30,0.00631982274354,30,-0.00202093319967,30,-0.00071696244413,30,-0.00359331374057,30,-0.0145196535159,2021-03-18
2021-03-18,300,0.285704142494,0,12,-0.0263695511967,30,-0.0292916111648,30,-0.0214566327631,30,-0.0188583973795,30,-0.0189326796681,30,-0.0152932051569,30,-0.0195103362203,30,-0.0158434174955,30,-0.0117761315778,30,-0.0112790288404,30,0.0150905223563,2021-03-19
2021-03-19,300,0.173375965793,0,19,0.0128635801375,30,0.00611482281238,30,0.00761022558436,30,0.00653618155047,30,0.0184050370008,30,0.0189973954111,30,0.0100288493559,30,0.0122245904058,30,0.0138128995895,30,0.0174247547984,30,0.00456117466092,2021-03-22
2021-03-22,300,0.0911012146831,0,0,-0.0145298717543,30,-0.00688244495541,30,-0.0148061215878,30,-0.00971755571663,30,-0.00881039071828,30,-0.0130190569907,30,-0.00693983817473,30,-0.00956638623029,30,-0.00746044330299,30,-0.00597210135311,30,0.00855777040124,2021-03-23
2021-03-23,300,-0.038112216168,0,0,-0.00944548845291,30,-0.0173265524209,30,-0.017198940739,30,-0.0213985610753,30,-0.0162425842136,30,-0.014772308059,30,-0.0188655797392,30,-0.0167625863105,30,-0.0103222271428,30,-0.0129099106416,30,-0.0034644221887,2021-03-24
2021-03-24,300,0.102740055565,0,8,-0.00558221945539,30,0.00182991032489,30,0.00159220898058,30,0.000486417615321,30,-0.000494863605127,30,0.000539841246791,30,0.00510487146676,30,-3.28302376147e-05,30,0.00173324346542,30,0.00327277788892,30,0.00885499734432,2021-03-25
2021-03-25,300,-0.372289391713,0,14,0.0262951310724,30,0.0353641174734,30,0.0280629675835,30,0.0245219990611,30,0.0185797680169,30,0.0190435256809,30,0.0141306417063,30,0.00985141191632,30,0.00747858081013,30,0.00780378980562,30,-0.0184913412668,2021-03-26
2021-03-26,300,0.125923012307,0,0,-0.00754367094487,30,-0.00517370877787,30,0.00317052402534,30,-0.000838883745018,30,-0.000214125713683,30,0.00510419020429,30,0.00428764009848,30,0.00567346811295,30,0.00320464372635,30,0.000663121521939,30,0.00820679246681,2021-03-29
2021-03-29,300,-0.119555607121,0,4,0.00537327118218,30,0.00570812402293,30,0.00423318566754,30,0.0185527727008,30,0.00132104556542,30,0.0027801990509,30,0.0055129211396,30,0.0100651923567,30,0.00505978288129,30,-0.00730947451666,30,-0.0126827456988,2021-03-30
2021-03-30,299,0.287272627929,1,0,-0.0164557918906,30,-0.00889911409467,30,-0.0121460957453,30,-0.00678344955668,30,-0.00688923615962,30,-0.0017543832073,30,-0.000985813094303,30,-0.00218222546391,30,0.0092560891062,30,0.00196780613624,29,0.0184235980269,2021-03-31
2021-03-31,299,0.0292886620766,1,4,0.00488282041624,30,0.00500373030081,30,0.0093014203012,30,0.0124954404309,30,0.0143904387951,30,0.00803330168128,30,0.00709047913551,30,0.0103594399989,30,0.00686471257359,30,0.00602732039988,29,0.00114449998364,2021-04-01
2021-04-01,300,-0.231430724657,0,0,0.0153865870088,30,0.0119976680726,30,0.00303118629381,30,0.0166930481791,30,0.00902972184122,30,0.00456021213904,30,0.00379121303558,30,-0.00259623723105,30,-0.00160873134155,30,-0.000599549210165,30,-0.015986136219,2021-04-02
2021-04-02,300,0.136923757159,0,0,-0.00625538220629,30,-0.0060997325927,30,-0.00387200713158,30,0.00560419959947,30,0.00226073455997,30,0.00237078871578,30,0.00448250770569,30,0.000669230998028,30,0.00355056929402,30,-1.94549556909e-05,30,0.0062359272506,2021-04-06
2021-04-06,299,0.14971286505,1,8,0.00346956262365,30,-0.0105592347682,30,-0.00626612314954,30,-0.00153908925131,30,0.00537186674774,30,0.00150067009963,30,0.00545802898705,30,0.00390248885378,30,0.00237596244551,30,-0.00147328083403,29,-0.00494284345768,2021-04-07
2021-04-07,299,-0.0364731543885,1,2,-0.00243893661536,30,-0.0022878786549,30,0.00791791453958,30,-0.00174361665267,30,-0.000867644965183,30,0.00424051471055,30,0.00358374114148,30,-0.00524916267022,30,-0.00152089400217,30,-0.00440626731142,29,-0.00196733069606,2021-04-08
2021-04-08,299,0.218385856858,1,14,-0.0139312585816,30,-0.0149024287239,30,-0.0136887887493,30,-0.00238582282327,30,-0.0102560278028,30,-0.0131820002571,30,-0.0101398490369,30,-0.00981697812676,30,-0.00686355633661,30,-0.00526463147253,29,0.00866662710905,2021-04-09
2021-04-09,299,0.168141777667,1,8,-0.0293170828372,30,-0.0185709092766,30,-0.0217427127063,30,-0.0204892475158,30,-0.0163748972118,30,-0.017458666116,30,-0.0109830619767,30,-0.0105580268428,30,-0.015767885372,30,-0.0170721355826,29,0.0122449472547,2021-04-12
2021-04-12,299,-0.0130436026926,1,8,-0.00881963595748,30,-0.00136045808904,30,0.00238483352587,30,-0.000301655119983,30,-0.0029157618992,30,-0.00352343707345,30,-0.00660785613582,30,0.000615149736404,30,-0.00415786914527,30,-0.0104941027239,29,-0.00167446676642,2021-04-13
2021-04-13,299,-0.126102915118,1,4,0.0107378382236,30,0.0166912134737,30,0.011038617231,30,0.0112165054306,30,0.00764121627435,30,0.00705836201087,30,0.0105362255126,30,0.002790967701,30,0.00873734708875,30,0.00413914583623,29,-0.00659869238734,2021-04-14
2021-04-14,299,-0.0467991101836,1,2,-0.00660538068041,30,-0.0049226381816,30,-0.00185851647984,30,0.00126892724074,30,-0.000403644633479,30,-0.00586344022304,30,-0.00729439454153,30,-0.00432050041854,30,-0.006255378481,30,-0.00836909003556,29,-0.00176370935515,2021-04-15
2021-04-15,299,0.280024354477,1,3,0.00201253104024,30,0.00363614759408,30,-0.00235587754287,30,-0.000208232799196,30,0.00435523781925,30,0.00763821601868,30,0.00978961028159,30,0.0135579742491,30,0.00939614139497,30,0.0111385686323,29,0.00912603759207,2021-04-16
2021-04-16,299,-0.043269190308,1,0,0.0313632339239,30,0.022657752037,30,0.0217812601477,30,0.0252049975097,30,0.022240197286,30,0.0160602554679,30,0.0178227946162,30,0.0198780614883,30,0.016529161483,30,0.0178374163806,29,-0.0135258175433,2021-04-19
2021-04-19,299,-0.0326638171125,1,0,-0.00902612600476,30,0.00744742760435,30,-0.000721422838978,30,0.00288546876982,30,-0.00464841909707,30,-0.00369913387112,30,-0.00373368663713,30,-0.0057492274791,30,-0.00664157886058,30,-0.0027984380722,29,0.00622768793255,2021-04-20
2021-04-20,299,-0.0831981413235,1,12,0.00172346830368,30,0.011525050737,30,-0.0020586787723,30,-0.00243854918517,30,0.000944608473219,30,-0.00256288656965,30,-0.00372057547793,30,-0.000183349853614,30,-0.00410839123651,30,-0.00233159190975,29,-0.00405506021343,2021-04-21
2021-04-21,300,0.0509210754565,0,13,-0.00248254532926,30,0.00365766487084,30,0.000375564879505,30,0.00190551078413,30,0.00441188039258,30,0.00259328098036,30,-0.00306240329519,30,0.0023445864208,30,-0.00212167901918,30,-0.00150583183859,30,0.000976713490672,2021-04-22
2021-04-22,300,-0.102555652286,0,4,0.00158421194647,30,0.000446226185886,30,-0.00024970373488,30,0.00285901827738,30,0.00379923987202,30,0.00860302429646,30,-0.00351327448152,30,-0.000651448965073,30,0.00135211949237,30,-0.00507703842595,30,-0.00666125037242,2021-04-23
2021-04-23,300,0.0112115538273,0,5,-0.00516001973301,30,-0.00828157085925,30,-0.0113274073228,30,-0.0105861006305,30,-0.00984214711934,30,-0.0063324412331,30,-0.00445499829948,30,-0.0101683996618,30,-0.0109485387802,30,-0.00999790243804,30,-0.00483788270503,2021-04-26
2021-04-26,300,-0.0144334742608,0,29,-0.00765144824982,30,0.00548445200548,30,-0.008679616265,30,-0.000308807677357,30,0.00691047729924,30,-0.00913353357464,30,-0.00503560900688,30,-0.00644772034138,30,-0.00449378881603,30,0.00382263259962,30,0.0114740808494,2021-04-27
2021-04-27,300,-0.166899555305,0,6,0.0165595058352,30,0.00778997363523,30,0.0190199427307,30,0.00190623209346,30,0.00381702790037,30,0.00538994651288,30,0.00784168858081,30,0.00844538025558,30,-0.00359793310054,30,0.00451208557934,30,-0.0120474202558,2021-04-28
2021-04-28,300,0.19208977526,0,0,-0.00827536545694,30,0.00601804256439,30,0.00450980849564,30,0.00916620064527,30,0.0139431599528,30,0.00414287624881,30,0.00451557850465,30,0.013981805183,30,0.0118319038302,30,0.00684578437358,30,0.0151211498305,2021-04-29
2021-04-29,300,0.0499565600488,0,2,-0.000166738027474,30,-0.00658620614558,30,-0.0198725648224,30,-0.0169914290309,30,-0.0108611285686,30,-0.0083916997537,30,-0.0106534678489,30,-0.00889649800956,30,-0.00687059154734,30,-0.0115052442998,30,-0.0113385062723,2021-04-30
2021-04-30,300,0.0306402092134,0,7,-0.0136900600046,30,-0.00351750245318,30,-0.00966626033187,30,-0.00440127076581,30,-0.00951518770307,30,0.000675968301948,30,-0.00758968386799,30,-0.00645511923358,30,0.00241321721114,30,-0.0127424634993,30,0.000947596505284,2021-05-06
2021-05-06,300,-0.0413683429684,0,8,-0.006831407547,30,-0.00129926204681,30,-0.00976324640214,30,-0.0124001801014,30,-0.00977392215282,30,-0.0178192984313,30,-0.0123109640554,30,-0.010043094866,30,-0.00803096499294,30,-0.0131054604426,30,-0.00627405289561,2021-05-07
2021-05-07,300,-0.186876109798,0,20,0.0243539232761,30,0.000141837197589,30,0.00586570287123,30,-0.00254454603419,30,-0.00333436718211,30,-0.00011942783749,30,-0.0112090194598,30,-0.00609247107059,30,-0.00954337138683,30,-0.00345418648794,30,-0.027808109764,2021-05-10
2021-05-10,300,0.28814583832,0,3,-0.0208066459745,30,-0.00485781626776,30,0.00337514281273,30,0.00962665490806,30,0.00945581216365,30,0.0125908376649,30,0.00807313900441,30,0.0177821274847,30,0.00609818287194,30,0.00924623012543,30,0.0300528760999,2021-05-11
2021-05-11,299,-0.115123555681,1,0,0.0197588168085,30,0.00572686968371,30,0.00517913512886,30,0.00252669258043,30,0.00462438073009,30,-0.00536697916687,30,0.00291033578105,30,0.00137686333619,30,-0.000112726287625,30,0.00736668612808,29,-0.0123921306804,2021-05-12
2021-05-12,299,0.112298612509,1,0,-0.00751840090379,30,-0.0115313017741,30,-0.0157351437956,30,-0.00674929236993,30,-0.014758232981,30,-0.000453801942058,30,-0.00740847969428,30,-0.00469725904986,30,-0.00502849603072,30,-0.00483339186758,29,0.00268500903621,2021-05-13
2021-05-13,300,0.243061712275,0,2,0.0146607654169,30,0.0143107986078,30,0.0251494850963,30,0.017925389111,30,0.0226290598512,30,0.0219580102712,30,0.0234649460763,30,0.0188728459179,30,0.0366582870483,30,0.0294617637992,30,0.0148009983823,2021-05-14
2021-05-14,300,0.144252076299,0,0,-0.0131117347628,30,-0.00228554406203,30,0.0210820678622,30,0.0160388667136,30,0.0226175412536,30,0.0133148608729,30,0.0151311838999,30,0.00983385462314,30,0.00160520279314,30,0.0135905025527,30,0.0267022373155,2021-05-17
2021-05-17,300,0.0188331121818,0,2,0.0109741445631,30,0.00178552663419,30,0.00521391443908,30,-0.00340885529295,30,0.000142614051583,30,-0.000122290846775,30,0.000576935184654,30,0.0015907009365,30,0.00161224405747,30,0.000446877878858,30,-0.0105272666842,2021-05-18
2021-05-18,300,-0.0925988416507,0,3,-0.00678116083145,30,0.00620728731155,30,-0.00431816792116,30,-0.00261984276585,30,0.0007571518654,30,0.00133151409682,30,-0.0021151821129,30,-0.00534440297633,30,-0.00840697064996,30,-0.00662912940606,30,0.000152031425387,2021-05-19
2021-05-19,300,0.162871533363,0,11,-0.00452156644315,30,0.00433268537745,30,-0.00285837659612,30,0.000604089116678,30,-0.00383224687539,30,0.00110770063475,30,0.00205949158408,30,0.00460896873847,30,0.00524657173082,30,0.00460879225284,30,0.00913035869598,2021-05-20
2021-05-20,300,0.144877519068,0,6,-0.0166492164135,30,-0.00899897608906,30,-0.00829232949764,30,-0.00961815752089,30,-0.00776518182829,30,-0.0100039802492,30,-0.010681329295,30,-0.00546030187979,30,-0.00717227440327,30,-0.00586750684306,30,0.0107817095704,2021-05-21
2021-05-21,300,-0.0137889784931,0,28,0.00233020773157,30,0.00468158302829,30,0.00286858272739,30,0.0116621591151,30,0.00543862394989,30,0.00678509892896,30,0.0043196757324,30,0.00713299307972,30,0.00518407998607,30,-0.000528983247932,30,-0.00285919097951,2021-05-24
2021-05-24,300,-0.161160485811,0,3,0.0254599098116,30,0.0279750768095,30,0.0239072274417,30,0.0333041287959,30,0.0249840226024,30,0.0221080239862,30,0.0258833691478,30,0.0191959682852,30,0.0146100781858,30,0.0136407651007,30,-0.0118191447109,2021-05-25
2021-05-25,300,0.212113319648,0,0,-0.0026024163235,30,0.00167859590147,30,-0.000481728726299,30,-0.0016228039749,30,0.00131701631472,30,-0.000237109270529,30,0.00231465487741,30,0.00205392646603,30,0.0063476501964,30,0.0104969125241,30,0.0130993288476,2021-05-26
2021-05-26,300,0.28143246762,0,5,0.00695059308782,30,-0.00313970050775,30,0.00517669320107,30,0.0104152802378,30,-0.000633249699604,30,0.00795155391097,30,0.00349905481562,30,0.0103024505079,30,0.0122824665159,30,0.0122628230602,30,0.00531222997233,2021-05-27
2021-05-27,300,0.301413353947,0,11,-0.0144799407572,30,-0.00999608822167,30,-0.0113306539133,30,-0.000661377096549,30,-0.00622203946114,30,-0.00609100656584,30,-0.00321894884109,30,0.000663586484734,30,-0.00106492440682,30,0.00316591071896,30,0.0176458514761,2021-05-28
2021-05-28,300,-0.0249144318502,0,5,0.00904768519104,30,0.00450768647715,30,0.00247992668301,30,-0.00647961115465,30,0.00463357381523,30,0.00141972501297,30,0.00385360326618,30,0.00216769566759,30,0.00267504854128,30,0.00466328859329,30,-0.00438439659774,2021-05-31
2021-05-31,300,0.00303993484355,0,2,0.00147877528798,30,-0.000773193431087,30,0.00483179278672,30,0.00656766491011,30,0.00222145509906,30,0.00410804338753,30,0.00167712767143,30,-0.00246357312426,30,-0.00139227905311,30,0.00153587455861,30,5.70992706344e-05,2021-06-01
2021-06-01,300,0.1405392192,0,0,-0.00695059681311,30,-0.00954623613507,30,-0.0113707939163,30,-0.0110525470227,30,-0.0138039113954,30,-0.0150394719094,30,-0.0124306995422,30,-0.0113021945581,30,-0.00575955118984,30,-0.000432320433902,30,0.00651827637921,2021-06-02
2021-06-02,300,0.23486857378,0,9,-0.0103615140542,30,-0.00791521836072,30,-0.0132894972339,30,0.000693504000083,30,-0.00310803647153,30,-0.00298242969438,30,-0.00182197487447,30,-0.00683058286086,30,7.15255737305e-07,30,-0.000266828137683,30,0.0100946859166,2021-06-03
2021-06-03,300,-0.0062084483634,0,35,0.0034735777881,30,0.00742282252759,30,-0.00029774903669,30,0.0048810322769,30,0.00545794377103,30,0.00202483730391,30,0.00353966164403,30,0.00872114300728,30,0.00467632804066,30,0.00319603295065,30,-0.000277544837445,2021-06-04
2021-06-04,300,-0.113007425191,0,3,0.00655017700046,30,0.00115987658501,30,0.00918251648545,30,0.0049154041335,30,0.0047387839295,30,0.00212979712524,30,-0.00159956014249,30,-0.000659304845612,30,-0.00112531974446,30,-0.00109752418939,30,-0.00764770118985,2021-06-07
2021-06-07,300,0.261747301601,0,2,-0.0123776756227,30,-0.0158423259854,30,-0.0101272761822,30,-0.00391511898488,30,-0.00474548526108,30,-0.00115930044558,30,0.00237944931723,30,0.00302343163639,30,0.00162796780933,30,-0.00375643582083,30,0.00862123980187,2021-06-08
2021-06-08,300,0.0123738018241,0,3,-0.00330208148807,30,0.00117098097689,30,0.00221679406241,30,-0.00253984332085,30,-0.00457830447704,30,-0.00295599503443,30,0.00327160349116,30,-0.00389492907561,30,-0.00352640938945,30,0.00219285697676,30,0.00549493846484,2021-06-09
2021-06-09,299,-0.102771712239,1,10,0.00675335712731,30,0.00684166746214,30,0.0102747995406,30,0.00990324653685,30,0.00426247902215,30,-0.000250560056884,30,-0.00365806231275,30,0.00140690605622,30,-0.000582935404964,30,-0.000731114705559,29,-0.00748447183287,2021-06-10
2021-06-10,299,0.0786239819832,1,22,0.00246579246596,30,-0.0214639566839,30,-0.0109769664705,30,-0.0121613144875,30,-0.0135812759399,30,-0.0093944510445,30,-0.0107187544927,30,-0.00269353599288,30,-0.0120753785595,30,-0.00977178290486,29,-0.0122375753708,2021-06-11
2021-06-11,299,0.00693469881604,1,11,-0.0100429337472,30,-0.0173917356879,30,-0.0105918450281,30,-0.0125901298597,30,-0.0113129578531,30,-0.0132515411824,30,-0.0111529966816,30,-0.0134784141555,30,-0.0147162619978,30,-0.0120423603803,29,-0.00199942663312,2021-06-15
2021-06-15,297,0.357660133009,3,26,-0.0247084740549,30,-0.0237094406039,30,-0.0142453629524,30,-0.0195124391466,29,-0.00391903705895,30,-0.00846141204238,30,-0.00273094908334,29,-0.00530940108001,30,-0.00402500247583,30,0.00159194960725,29,0.0263004236622,2021-06-16
2021-06-16,297,0.0198914039986,3,11,-0.000724289799109,30,0.00507659511641,30,0.0151940500364,30,0.00581627665088,29,0.00638203229755,30,-0.000321970379446,30,0.00373193714768,29,0.0078886365518,30,-0.000682308280375,30,0.0100529789925,29,0.0107772687916,2021-06-17
2021-06-17,297,-0.156185597952,3,11,0.0123307686299,30,0.0104994559661,30,-0.00200190348551,30,0.0148079106584,29,0.00236277771182,30,-0.00421827053651,30,-0.000662382284645,29,-0.00378953013569,30,-0.00258695683442,30,-0.0047242520377,29,-0.0170550206676,2021-06-18
2021-06-18,297,0.0219852100501,3,9,-0.000408482563216,30,0.00730979628861,30,-0.000300047802739,30,0.00765864830464,29,-0.000938961922657,30,-0.00676885060966,30,-0.00448484672233,29,-0.00137494807132,30,0.00368167366832,30,-0.00207445118576,29,-0.00166596862255,2021-06-21
2021-06-21,297,0.0929645381438,3,4,-0.00189856486395,30,0.00233956379816,30,0.00129597785417,30,0.00614386796951,29,0.0239630453289,30,0.00559269776568,30,0.00610227836296,29,0.00629716925323,30,0.00122604763601,30,0.00508863758296,29,0.00698720244691,2021-06-22
2021-06-22,297,0.0611779324541,3,0,0.00621461449191,30,0.00174284377135,30,0.00497429352254,30,0.0186565648764,29,0.0153668327257,30,0.00693920673802,30,0.0110070705414,29,0.0036159476731,30,0.0096540870145,30,0.00590943871066,29,-0.00030517578125,2021-06-23
2021-06-23,298,0.118553649335,2,2,0.00642200699076,30,0.00131775136106,30,-0.00613969564438,30,0.000392210495193,30,0.00217083399184,29,-0.00292042503133,30,0.00303293671459,30,0.000412076711655,30,0.00165997748263,30,0.0022631410975,29,-0.00415886589326,2021-06-24
2021-06-24,298,0.0656049216673,2,2,0.0114287380129,30,0.009103464894,30,0.022278573364,30,0.0108676338568,30,0.0123913083225,29,0.0172090660781,30,0.0167561657727,30,0.0142832202837,30,0.0114963827655,30,0.00914745498449,29,-0.00228128302842,2021-06-25
2021-06-25,299,0.0348131745788,1,0,0.000261499488261,30,-0.00449714483693,30,0.00392149901018,30,0.00765323219821,30,0.00853222236037,30,-0.00410311017185,30,0.00900036282837,30,0.00165401294362,30,-0.00114839675371,30,0.00390196056105,29,0.00364046107279,2021-06-28
2021-06-28,299,0.220507365464,1,4,-0.0105771506205,30,-0.0129580460489,30,-0.0203560050577,30,-0.0125695187598,30,-0.00971590075642,30,-0.0140545750037,30,-0.0056729177013,30,-0.0112148104236,30,-0.00675322208554,30,-0.0083389012143,29,0.00223824940622,2021-06-29
2021-06-29,299,0.0698296520446,1,25,0.00336382398382,30,0.00413122586906,30,0.011454552412,30,0.00602820934728,30,0.00716993398964,30,0.00406944565475,30,0.00523932790384,30,0.00330562982708,30,0.0112044792622,30,0.00417562806979,29,0.00081180408597,2021-06-30
2021-06-30,299,0.223645479354,1,7,-0.00432687392458,30,-0.017861912027,30,-0.0227196048945,30,-0.011530441232,30,0.0051609557122,30,-0.0062397858128,30,-0.00302721862681,30,0.00206316122785,30,-0.00300660729408,30,0.00333549431525,29,0.00766236823983,2021-07-01
2021-07-01,299,0.308722485021,1,30,-0.0334923118353,30,-0.0274573694915,30,-0.0292923022062,30,-0.0214465670288,30,-0.0216978527606,30,-0.0145350117236,30,-0.0123240295798,30,-0.0144355120137,30,-0.0143176754937,30,-0.015952963382,29,0.0175393484533,2021-07-02
2021-07-02,299,-0.0593604092714,1,7,0.016614029184,30,-0.00362725253217,30,0.0107093239203,30,0.00668620271608,30,0.00395310716704,30,0.00432018656284,30,0.00208024773747,30,-0.00407655257732,30,0.000110542772745,30,-0.00147659413051,29,-0.0180906233145,2021-07-05
2021-07-05,299,0.143779827544,1,2,0.00467945123091,30,-0.00811208505183,30,-0.0129106240347,30,0.00155450101011,30,-0.000123759105918,30,0.00337667460553,30,-0.000395347684389,30,0.00454073166475,30,0.00368113908917,30,0.0061251888983,29,0.00144573766738,2021-07-06
2021-07-06,300,-0.114231121526,0,0,0.0183658711612,30,0.015184821561,30,0.0139250122011,30,0.0194031521678,30,0.0128859793767,30,0.00580402789637,30,0.00211842660792,30,0.0117062386125,30,0.00211967830546,30,0.00418422045186,30,-0.0141816507094,2021-07-07
2021-07-07,300,-0.206405764335,0,3,0.0106793101877,30,-0.00370486965403,30,0.00658681010827,30,-0.00405235309154,30,-0.0120174689218,30,-0.00583278713748,30,-0.0103163458407,30,-0.0166738405824,30,-0.00904906820506,30,-0.0104158921167,30,-0.0210952023044,2021-07-08
2021-07-08,300,0.220595400081,0,11,-0.011111064814,30,0.00124302506447,30,-0.00713527807966,30,0.00202344055288,30,-0.00596719188616,30,0.00254482030869,30,0.00195420789532,30,0.00250101881102,30,0.00147419178393,30,0.00318957166746,30,0.0143006364815,2021-07-09
2021-07-09,300,-0.198946975983,0,4,0.0234958957881,30,0.0166150014848,30,0.0125653231516,30,0.0144845144823,30,0.020900061354,30,0.00375733780675,30,0.0113115645945,30,-0.000245020783041,30,0.00496434979141,30,-0.000803548085969,30,-0.024299443874,2021-07-12
2021-07-12,300,0.0599205489369,0,13,0.00277544255368,30,0.00280039897189,30,-7.30653628125e-05,30,-0.00626679835841,30,0.00748525839299,30,0.00424238247797,30,-0.000726413738448,30,0.00320096802898,30,0.00332539482042,30,0.00381923513487,30,0.00104379258119,2021-07-13
2021-07-13,300,0.0823214871833,0,3,-0.0198447350413,30,-0.0109775643796,30,-0.00822514481843,30,-0.00851456541568,30,-0.00861870218068,30,-0.00532391062006,30,-0.00983133539557,30,-0.00674671540037,30,-0.00786895398051,30,-0.0112335626036,30,0.00861117243767,2021-07-14
2021-07-14,300,-0.139707759728,0,21,0.00692731328309,30,0.018694492057,30,0.0127385538071,30,0.0117509663105,30,0.00167848472483,30,0.00282307853922,30,0.00606406340376,30,0.000323480373481,30,-0.00135634141043,30,0.00605737743899,30,-0.000869935844094,2021-07-15
2021-07-15,300,0.154347763579,0,0,-0.0155054610223,30,-0.0044950125739,30,-0.00842523947358,30,-0.00448570866138,30,-0.0089215375483,30,-0.00346902222373,30,-0.00627931766212,30,-0.00204217224382,30,0.000721085059922,30,-0.00571501674131,30,0.00979044428095,2021-07-16
2021-07-16,300,0.0514837390067,0,9,-0.00205321307294,30,-0.00311435456388,30,0.00465770764276,30,-0.00600277772173,30,0.00265664653853,30,-0.00248367199674,30,0.00142342643812,30,-0.00482510309666,30,-0.000420655793278,30,0.00501927919686,30,0.0070724922698,2021-07-19
2021-07-19,300,0.0105787571072,0,2,-0.0038811841514,30,0.0064400951378,30,0.00167591171339,30,-0.00265452661552,30,0.00338942604139,30,0.00329152354971,30,0.00198680371977,30,-0.00365540385246,30,-0.00521504878998,30,-0.000719120085705,30,0.00316206406569,2021-07-20
2021-07-20,300,-0.111233784246,0,3,0.0127133624628,30,0.0114221693948,30,0.014300826937,30,0.0108019923791,30,0.00503728585318,30,0.00759461522102,30,0.00711390562356,30,0.00226894812658,30,0.000443526107119,30,-0.0029176871758,30,-0.0156310496386,2021-07-21
2021-07-21,300,0.00626719667993,0,7,0.0196781121194,30,-0.000805435585789,30,-0.00403765030205,30,0.00723663950339,30,0.00623040599748,30,-0.00169079506304,30,-0.00163992447779,30,0.00562518415973,30,0.00375416874886,30,0.00608542561531,30,-0.0135926865041,2021-07-22
2021-07-22,300,-0.238803227158,0,5,0.0136642716825,30,0.000797359156422,30,-0.0146791599691,30,-0.00339387264103,30,-0.00602047657594,30,-0.0132447201759,30,-0.0117220161483,30,-0.0195112414658,30,-0.0197741817683,30,-0.0125967664644,30,-0.0262610381469,2021-07-23
2021-07-23,300,-0.0699971721507,0,10,-0.0139336483553,30,-0.0216806605458,30,-0.014148904942,30,-0.0192290116102,30,-0.0384051017463,30,-0.0418330281973,30,-0.0390995852649,30,-0.0226327739656,30,-0.023157954216,30,-0.0266099665314,30,-0.0126763181761,2021-07-26
2021-07-26,299,0.151332567721,1,11,-0.035594061017,30,-0.0381016731262,30,-0.0287055876106,30,-0.0180785190314,30,-0.0326893441379,30,-0.0179158281535,30,-0.0259730163962,30,-0.0249216426164,30,-0.0188646651804,30,-0.0309866387397,29,0.00460742227733,2021-07-27
2021-07-27,299,0.033265990214,1,37,-0.0134727871045,30,-0.0127121033147,30,0.000136665505124,30,0.000468464684673,30,-0.00796156562865,30,-0.0113991880789,30,-0.0100241582841,30,-0.00929215550423,30,-0.0101723866537,30,-0.00366292940453,29,0.00980985770002,2021-07-28
2021-07-28,299,-0.242381179312,1,4,0.0210097339004,30,0.0406029112637,30,0.0245355907828,30,0.0221009962261,30,0.0214079562575,30,0.018023295328,30,0.0121052861214,30,0.0167361516505,30,0.00919868145138,30,-0.000946825952269,29,-0.0219565598527,2021-07-29
2021-07-29,299,-0.0832403116221,1,4,0.0266882311553,30,-0.0102559905499,30,0.0168346948922,30,-0.00958500336856,30,-0.0148675562814,30,-0.00254337000661,30,-0.00980162061751,30,-0.003624222707,30,-0.000992840505205,30,-0.00183152745012,29,-0.0285197586054,2021-07-30
2021-07-30,299,0.0803634939323,1,4,0.00424983305857,30,0.0217543784529,30,0.0243373643607,30,0.0289250593632,30,0.0251760482788,30,0.035823404789,30,0.0271676555276,30,0.0367498248816,30,0.0247183851898,30,0.0233580581844,29,0.0191082251258,2021-08-02
2021-08-02,299,-0.209446722738,1,0,0.00859390106052,30,0.00914942659438,30,-0.00744678964838,30,0.00955791119486,30,-0.0105186086148,30,0.0119348745793,30,-0.009153008461,30,-0.0120599055663,30,-0.0152623895556,30,-0.000400382908992,29,-0.00899428396951,2021-08-03
2021-08-03,299,0.151745477359,1,4,-0.00204504933208,30,-0.00304945907556,30,0.00863054208457,30,0.0175719372928,30,0.00653682136908,30,0.00637886533514,30,0.00504637556151,30,0.0127022443339,30,0.00454225717112,30,0.0117458989844,29,0.0137909483165,2021-08-04
2021-08-04,300,0.142778553549,0,4,-0.00686169648543,30,-0.00508567690849,30,-0.00840320810676,30,-0.00873253587633,30,-0.0142442882061,30,-0.0132877612486,30,-0.0070056556724,30,-0.00630729971454,30,-0.0032956302166,30,8.75155164977e-05,30,0.00694921200193,2021-08-05
2021-08-05,300,0.108270405322,0,13,-0.00780065264553,30,-0.00715672550723,30,-0.00628513703123,30,-0.0128004373983,30,0.000388902437408,30,0.00401878776029,30,-0.00422798795626,30,-0.00185806746595,30,-0.00614424934611,30,-0.0052407043986,30,0.00255994824693,2021-08-06
2021-08-06,300,0.142136245958,0,0,0.0117811979726,30,0.0101082045585,30,0.014069034718,30,0.0191909987479,30,0.0219784546643,30,0.0180723462254,30,0.0103633301333,30,0.0200571659952,30,0.0249597821385,30,0.0202096439898,30,0.00842844601721,2021-08-09
2021-08-09,300,-0.0579097051288,0,0,0.0146041074768,30,0.0110019640997,30,0.00146501068957,30,0.0162825863808,30,0.0138925155625,30,0.00874452386051,30,0.00339658069424,30,0.00556843075901,30,0.0110680041835,30,0.00926254410297,30,-0.0053415633738,2021-08-10
2021-08-10,300,0.178666391726,0,0,-0.0123117668554,30,-0.00702387699857,30,0.00475557660684,30,-0.00345154595561,30,-0.00699257850647,30,-0.00161029701121,30,0.00274886097759,30,-0.00159943697508,30,-0.0016311010113,30,-0.0018782496918,30,0.0104335171636,2021-08-11
2021-08-11,300,0.0170149823893,0,4,-0.00487763481215,30,0.000776751840021,30,-0.00354920234531,30,0.000462808209704,30,-0.00906739011407,30,-0.00586565537378,30,-0.00381679530255,30,-0.000100312630821,30,-0.0036633471027,30,-0.00965632963926,30,-0.00477869482711,2021-08-12
2021-08-12,300,0.163259011023,0,16,-0.00603154720739,30,-0.0193796511739,30,-0.00358910765499,30,-0.0109265800565,30,0.00424362625927,30,-0.00899771228433,30,0.000228744742344,30,-0.0021312693134,30,-0.00647932477295,30,-0.00456000585109,30,0.0014715413563,2021-08-13
2021-08-13,300,0.247084335114,0,4,-0.00747758941725,30,-0.00402907514945,30,0.00292528863065,30,-0.00083727837773,30,-0.00158871011809,30,0.00868622679263,30,0.00523020233959,30,0.00864003319293,30,0.00948079209775,30,0.00615299167112,30,0.0136305810884,2021-08-16
2021-08-16,300,0.0504525569898,0,3,-0.0183749571443,30,-0.0188475158066,30,-0.0157623328269,30,-0.0249806772918,30,-0.0147789660841,30,-0.0129171069711,30,-0.0141850057989,30,-0.0206660032272,30,-0.0134395714849,30,-0.0169544126838,30,0.00142054446042,2021-08-17
2021-08-17,300,0.00218117557733,0,10,0.0193662662059,30,0.0076297800988,30,0.0142507469282,30,0.0147392926738,30,0.0079085174948,30,0.0121069112793,30,0.0232098214328,30,0.0164369363338,30,0.0138558307663,30,0.00867820344865,30,-0.0106880627573,2021-08-18
2021-08-18,300,0.322986342373,0,0,-0.0178641732782,30,-0.00938842073083,30,-0.0155669488013,30,-0.00163616344798,30,-0.00332599482499,30,-0.00395892048255,30,-4.50889274362e-05,30,-0.00334790349007,30,0.00379879074171,30,0.00267846789211,30,0.0205426411703,2021-08-19
2021-08-19,300,0.00778538879055,0,7,-0.00211327080615,30,-0.0149364555255,30,-0.0146201234311,30,-0.0199805013835,30,-0.0148976622149,30,-0.0121866166592,30,-0.0072162328288,30,-0.021752871573,30,-0.00853814464062,30,-0.0121568860486,30,-0.0100436152425,2021-08-20
2021-08-20,300,-0.098974489533,0,5,0.0166938118637,30,0.0143476389349,30,0.021253677085,30,0.0204941499978,30,0.0109775047749,30,0.0128197884187,30,0.0170209798962,30,0.0122906370088,30,0.0179421193898,30,-1.12473962872e-05,30,-0.0167050592599,2021-08-23
2021-08-23,300,-0.0300739147266,0,9,0.00380499567837,30,0.00772925233468,30,0.0109364055097,30,0.00822660513222,30,0.0132246594876,30,0.00950197409838,30,0.00793885346502,30,0.00505036907271,30,0.00623738579452,30,0.000568594550714,30,-0.00323640112765,2021-08-24
2021-08-24,300,0.0372634643416,0,6,0.00434858212247,30,0.00628636684269,30,-0.0069688516669,30,0.00872908998281,30,-0.00105444982182,30,0.00276364083402,30,0.00999366678298,30,0.00187009770889,30,9.78549287538e-05,30,0.00156658096239,30,-0.00278200116009,2021-08-25
2021-08-25,300,-0.00405563081009,0,4,-0.0124755641446,30,-0.0175608824939,30,-0.00903158541769,30,-0.0205416250974,30,-0.0111918346956,30,-0.0232805535197,30,-0.0233526714146,30,-0.0155779803172,30,-0.0104981465265,30,-0.0157872252166,30,-0.00331166107208,2021-08-26
2021-08-26,300,-0.0360294387959,0,26,-0.00200441083871,30,-0.000127700957819,30,0.0152359865606,30,-0.00351358647458,30,-0.0028176009655,30,0.000505026197061,30,-0.00109132134821,30,0.00241980957799,30,-0.00554388156161,30,-0.00380856008269,30,-0.00180414924398,2021-08-27
2021-08-27,300,-0.205553992562,0,8,0.0123579921201,30,0.00219161715358,30,-0.00560587644577,30,0.00589116197079,30,-0.000586577283684,30,0.00525322370231,30,-0.0125572923571,30,-0.0114329373464,30,-0.0139021612704,30,-0.0128177227452,30,-0.0251757148653,2021-08-30
2021-08-30,300,0.17879144657,0,14,-0.0029631992802,30,-0.0136521775275,30,0.00233554444276,30,0.00384976668283,30,0.0104371393099,30,0.018242187798,30,0.000855791557115,30,0.0121654169634,30,0.00976445898414,30,0.0072230277583,30,0.0101862270385,2021-08-31
2021-08-31,300,-0.026842081988,0,2,0.0236973147839,30,0.0119683481753,30,0.0229120086879,30,0.0177467092872,30,0.015312967822,30,0.0136913973838,30,0.0141401691362,30,0.00222422089428,30,0.021075014025,30,0.0207530260086,30,-0.00294428877532,2021-09-01
2021-09-01,300,-0.0652195435073,0,2,0.014774302952,30,0.00145042140502,30,-0.00432785740122,30,0.00891667231917,30,-0.00590026797727,30,-0.00109966204036,30,-0.00054418243235,30,-0.00180298089981,30,3.75072158931e-05,30,0.00939119700342,30,-0.00538310594857,2021-09-02
2021-09-02,300,0.310531450349,0,0,-0.014872552827,30,-0.0113417208195,30,-0.00989766884595,30,-0.00580575456843,30,-0.00747707067057,30,0.000470336264698,30,0.000801229500212,30,0.0120794987306,30,0.00548947462812,30,0.00361232366413,30,0.0184848764911,2021-09-03
2021-09-03,300,-0.0189056031052,0,5,0.0193603560328,30,0.0179649684578,30,0.0226037912071,30,0.0187301430851,30,0.0279566068202,30,0.0202131345868,30,0.0153371850029,30,0.010893817991,30,0.0209007766098,30,0.0185200441629,30,-0.000840311869979,2021-09-06
2021-09-06,300,0.150861281598,0,0,0.00623080739751,30,0.00593064213172,30,0.00946412049234,30,0.0134689453989,30,0.0130387088284,30,0.0190509371459,30,0.00635666633025,30,0.0122520746663,30,0.0125069161877,30,0.015712749213,30,0.00948194181547,2021-09-07
2021-09-07,300,0.00258450790871,0,0,0.00700847106054,30,0.00183442828711,30,0.000363081693649,30,0.003423984861,30,0.00375258130953,30,-0.00284177064896,30,-0.0012870967621,30,-0.00585734844208,30,-0.000134587287903,30,0.00633673649281,30,-0.000671734567732,2021-09-08
2021-09-08,300,-0.0658726973503,0,0,0.00145927665289,30,0.00699783163145,30,0.00601876201108,30,0.000994682312012,30,0.0028962851502,30,0.000215870139073,30,0.00291176629253,30,0.00112408795394,30,-0.000547019648366,30,-0.00710678705946,30,-0.00856606371235,2021-09-09
2021-09-09,300,0.206989870977,0,0,-0.0159420166165,30,-0.00416668644175,30,0.00496358284727,30,0.00186338822823,30,0.00344794197008,30,0.00280264625326,30,0.00454024691135,30,0.0101255597547,30,0.009486945346,30,0.00352067151107,30,0.0194626881275,2021-09-10
2021-09-10,300,0.0616064696312,0,4,-0.00579278264195,30,-0.0114636002108,30,-0.00483246240765,30,0.000974657130428,30,0.0025532443542,30,0.0008235295536,30,0.0041505000554,30,0.00134985847399,30,-0.00569590507075,30,-0.00528618693352,30,0.00050659570843,2021-09-13
2021-09-13,300,0.259095553591,0,3,-0.0347876958549,30,-0.0256671495736,30,-0.00820997916162,30,-0.0142857450992,30,-0.0120032392442,30,-0.0118854083121,30,-0.017414515838,30,-0.0166197605431,30,-0.0140730617568,30,-0.0110801719129,30,0.023707523942,2021-09-14
2021-09-14,300,0.0132388694567,0,11,0.00253623514436,30,-0.00582917127758,30,-0.00980448164046,30,-0.00739357480779,30,0.000787677359767,30,-0.00811210647225,30,-0.0133650982752,30,-0.0165825057775,30,-0.00323854293674,30,-0.00555214472115,30,-0.00808837986551,2021-09-15
2021-09-15,300,0.28636019794,0,0,-0.0311491768807,30,-0.0136802494526,30,-0.0285375230014,30,-0.0113919256255,30,-0.000518780958373,30,-0.0115875843912,30,-0.00979539565742,30,-0.0102865612134,30,-0.00755368266255,30,-0.00534244952723,30,0.0258067273535,2021-09-16
2021-09-16,300,-0.14786397004,0,46,0.0210668854415,30,0.0117193600163,30,0.0121722342446,30,0.00214642286301,30,0.0110667049885,30,0.0232080854475,30,0.0111489174888,30,0.00333628454246,30,-0.00114857160952,30,-0.000393869471736,30,-0.0214607549133,2021-09-17
2021-09-17,300,-0.104945107082,0,3,0.00999371428043,30,0.00501352129504,30,0.00581496534869,30,0.000552835059352,30,0.00312838563696,30,4.05033424613e-05,30,-0.00250319042243,30,-0.0110798059031,30,-0.0109246289358,30,-0.00370168290101,30,-0.0136953971814,2021-09-22
2021-09-22,300,0.144453461922,0,3,0.0165293440223,30,0.00519585190341,30,0.00719518680125,30,0.0103486180305,30,0.00634005246684,30,0.00667453603819,30,0.0151416165754,30,0.0099857551977,30,0.0155684668571,30,0.0219907872379,30,0.00546144321561,2021-09-23
2021-09-23,299,0.0263998681959,1,0,-0.0079212570563,30,-0.00279253930785,30,-0.00162510876544,30,-0.00784896407276,30,0.000992137240246,30,-0.00805529113859,30,-0.0123833436519,30,-0.00159742042888,30,-0.0058655878529,30,-0.00530873099342,29,0.00261252606288,2021-09-24
2021-09-24,299,-0.216290653125,1,7,0.0154913151637,30,0.0113406814635,30,-0.0108515517786,30,-0.00311741628684,30,-0.00671687722206,30,-0.016433076933,30,-0.0143427764997,30,-0.00866427831352,30,-0.0233544092625,30,-0.00486922869459,29,-0.0203605438583,2021-09-27
2021-09-27,299,0.277303717922,1,12,-0.00896874256432,30,-0.00825984496623,30,0.00741929421201,30,0.00184427702334,30,0.0063748457469,30,0.00381709937938,30,0.00736529612914,30,0.0167625192553,30,0.00879387464374,30,0.00685420120135,29,0.0158229437657,2021-09-28
2021-09-28,299,-0.074693673382,1,2,-0.0143595952541,30,-0.0147414309904,30,-0.0134438872337,30,-0.017275383696,30,-0.0178640354425,30,-0.0170156937093,30,-0.0142488535494,30,-0.00978275947273,30,-0.0172278415412,30,-0.0251165367663,29,-0.0107569415122,2021-09-29
2021-09-29,299,0.194474866574,1,8,-0.00186533131637,30,0.00991100259125,30,0.00673311529681,30,0.00799305643886,30,0.00456871371716,30,0.00718188891187,30,0.00841758865863,30,0.0104752695188,30,0.00741830887273,30,0.0158915296197,29,0.0177568609361,2021-09-30
2021-09-30,299,0.236801445175,1,2,-0.0163084603846,30,0.00558942556381,30,0.0101835168898,30,0.0134137533605,30,0.0150542454794,30,0.0213815048337,30,0.0192436818033,30,0.0204124767333,30,0.0150221763179,30,0.0160999521613,29,0.0324084125459,2021-10-08
2021-10-08,300,0.0109232798152,0,6,0.00106611649971,30,-0.00196271738969,30,-0.00352987251244,30,-0.00282292556949,30,0.00742466468364,30,0.00242812442593,30,0.00306076416746,30,0.000181019306183,30,-0.00338961090893,30,-0.000101379555417,30,-0.00116749605513,2021-10-11
2021-10-11,300,-0.0959548456154,0,2,-0.0117345871404,30,-0.0122674023733,30,-0.0114026749507,30,-0.0142998937517,30,-0.00923401117325,30,-0.0148449856788,30,-0.021818170324,30,-0.0205231271684,30,-0.0167388916016,30,-0.0151982568204,30,-0.00346366968006,2021-10-12
2021-10-12,300,0.0477520727079,0,0,0.0021848778706,30,0.0100503917783,30,0.0103871999308,30,0.00244908523746,30,0.00443143071607,30,0.00890023540705,30,0.00984146352857,30,0.0105184754357,30,0.00688339490443,30,0.00294972653501,30,0.000764848664403,2021-10-13
2021-10-13,300,0.0330625290689,0,0,0.00353122944944,30,0.00108910992276,30,0.0031065621879,30,-0.0141423661262,30,-0.00941618904471,30,-0.0114234602079,30,-0.00213341903873,30,0.00334842409939,30,-0.0017413814785,30,-0.0042930287309,30,-0.00782425818034,2021-10-14
2021-10-14,300,-0.0808155490938,0,10,-0.00952102523297,30,0.000536052393727,30,0.00619892263785,30,0.00760016636923,30,0.000353691983037,30,0.00388632621616,30,0.00119653146248,30,-0.00490056490526,30,-0.0031916082371,30,-0.0100741228089,30,-0.000553097575903,2021-10-15
2021-10-15,300,0.122479343122,0,7,-0.0095987142995,30,-0.00909906998277,30,-0.00489378394559,30,-0.016312468797,30,0.000996198272333,30,-0.00917873624712,30,-0.000805125629995,30,0.000421891600126,30,-0.00183009903412,30,-0.008136510849,30,0.0014622034505,2021-10-18
2021-10-18,300,0.0327262440189,0,0,0.00403780350462,30,0.0131860850379,30,0.00920701399446,30,0.0139692090452,30,0.0127342799678,30,0.0120735745877,30,0.00697823567316,30,0.00901973061264,30,0.00629587750882,30,0.0071444651112,30,0.00310666160658,2021-10-19
2021-10-19,300,0.0872001878271,0,2,-0.011711416766,30,-0.00943139195442,30,2.1984180421e-05,30,-0.00705537199974,30,0.000757670379244,30,-0.00526390876621,30,-0.00320885982364,30,-0.0100827002898,30,-0.000983724952675,30,-0.00267935800366,30,0.00903205876239,2021-10-20
2021-10-20,300,0.239482353475,0,8,-0.00925244297832,30,0.00122073292732,30,-0.00224662618712,30,0.00232371292077,30,0.00371329579502,30,0.00111287634354,30,0.00621486129239,30,0.00358411273919,30,0.00291559705511,30,-0.000134267407702,30,0.00911817557062,2021-10-21
2021-10-21,300,0.0601517161159,0,2,-0.00212766532786,30,-0.00961448345333,30,0.0134200667962,30,-0.000409700471209,30,0.00846369285136,30,0.00202871952206,30,0.00101988320239,30,0.0035278678406,30,0.00314674573019,30,-0.000323734682752,30,0.00180393064511,2021-10-22
2021-10-22,300,0.243292842009,0,7,-0.00649612955749,30,-0.000913852476515,30,-0.00407178420573,30,0.00967210903764,30,0.0103543559089,30,0.00754685001448,30,0.0106117269024,30,0.00557289319113,30,0.00673900451511,30,0.0100562237203,30,0.0165523532778,2021-10-25
2021-10-25,300,0.102892292932,0,0,0.000291669362923,30,0.00459853792563,30,-0.00718950806186,30,-0.00397673435509,30,-0.00326348352246,30,-0.000325204920955,30,-0.00346271204762,30,0.000729815161321,30,-0.000518347835168,30,0.00511252693832,30,0.0048208575754,2021-10-26
2021-10-26,300,-0.0920292562184,0,19,-0.0109916785732,30,-0.0134576773271,30,-0.0169337280095,30,-0.0083027696237,30,-0.0083382409066,30,-0.0132029708475,30,-0.0135907018557,30,-0.0153514938429,30,-0.0209076385945,30,-0.0172699112445,30,-0.00627823267132,2021-10-27
2021-10-27,300,-0.00561988143344,0,7,-0.00598590960726,30,-0.0130679365247,30,-0.00477307615802,30,-0.00720482878387,30,-0.00607333984226,30,-0.011370126158,30,-0.0123906154186,30,-0.0138915563002,30,-0.00601012120023,30,-0.0129110496491,30,-0.00692514004186,2021-10-28
2021-10-28,300,-0.0227171487751,0,7,0.019764509052,30,0.0085425414145,30,0.0150645710528,30,0.010559222661,30,0.00227915449068,30,0.0122693441808,30,0.00754086766392,30,0.00701335491613,30,0.0174600388855,30,0.0116570806131,30,-0.00810742843896,2021-10-29
2021-10-29,300,0.0707616709814,0,0,-0.00198988919146,30,0.00386220822111,30,0.00440147938207,30,-0.00128938956186,30,-0.00442943768576,30,-0.00215164828114,30,-0.00173341832124,30,0.00938908103853,30,0.000465945398901,30,0.00657580280676,30,0.00856569199823,2021-11-01
2021-11-01,300,-0.15142068561,0,5,-0.00117762282025,30,-0.00652167806402,30,-0.00378737063147,30,-0.0084034204483,30,-0.00849417876452,30,-0.0117365717888,30,-0.0164862368256,30,-0.0110631864518,30,-0.0150676248595,30,-0.00197443156503,30,-0.000796808744781,2021-11-02
2021-11-02,300,0.234688357543,0,2,-0.00807998422533,30,-0.0100659308955,30,0.00144199328497,30,0.00673144869506,30,0.00247110519558,30,0.00488533964381,30,0.00605938816443,30,0.00351321301423,30,0.00550756463781,30,0.0174410138279,30,0.0255209980533,2021-11-03
2021-11-03,300,0.000952060827221,0,5,0.00937454681844,30,0.00990643911064,30,0.00144944584463,30,0.00905445031822,30,0.0132187204435,30,0.00937714986503,30,0.00517868995667,30,0.00554726319388,30,0.00545324478298,30,0.00786849018186,30,-0.00150605663657,2021-11-04
2021-11-04,300,-0.046211087094,0,6,0.00159414217342,30,-0.00649476470426,30,-0.00643026642501,30,-0.00929576996714,30,-0.00482390122488,30,-0.00739152450114,30,-0.00616534752771,30,-0.00868611130863,30,-0.00889892224222,30,-0.00698765506968,30,-0.0085817972431,2021-11-05
2021-11-05,300,0.146208966711,0,23,-0.00222086510621,30,0.00210795016028,30,-0.00200766115449,30,-0.00529889855534,30,-0.00824693217874,30,-0.000855374324601,30,0.0100164590403,30,-0.000354868185241,30,0.00323377456516,30,0.00772738642991,30,0.00994825153612,2021-11-08
2021-11-08,300,-0.084299702796,0,5,-0.00565558252856,30,0.00796714425087,30,0.00660119438544,30,0.005961318966,30,0.000385848688893,30,3.25719520333e-05,30,0.0022865771316,30,-1.71720985236e-05,30,-0.00073740480002,30,-0.00135707261506,30,0.0042985099135,2021-11-09
2021-11-09,300,-0.0621579193251,0,3,0.00890883430839,30,-0.00294645433314,30,-0.00823282357305,30,-0.007002198603,30,0.0052558821626,30,-0.00568664865568,30,0.000755965709686,30,-0.00387124018744,30,-0.00499988207594,30,0.00169657473452,30,-0.00721225957386,2021-11-10
2021-11-10,300,-0.0576913076812,0,0,0.027239875868,30,0.0186367966235,30,0.0134990178049,30,0.0144164506346,30,0.0147805791348,30,0.00747971935198,30,0.0122168501839,30,0.00770382676274,30,0.0169248916209,30,0.00828670617193,30,-0.018953169696,2021-11-11
2021-11-11,300,0.173516880797,0,0,-0.0140842916444,30,-0.00498104281723,30,0.00419251527637,30,-0.00265281787142,30,0.00462135253474,30,-0.00157996616326,30,0.00113395450171,30,-0.00376763939857,30,0.00742408446968,30,-0.000405097001931,30,0.0136791946425,2021-11-12
2021-11-12,300,0.0824763368332,0,6,-0.0046976050362,30,0.00343380565755,30,-0.00305311684497,30,0.00419132690877,30,-0.00287434249185,30,0.00176533858757,30,-0.000741424155422,30,0.00727734947577,30,0.00574217038229,30,0.00630392413586,30,0.0110015291721,2021-11-15
2021-11-15,300,-0.0709658666409,0,3,0.0019739845302,30,0.0041677118279,30,0.00147415394895,30,0.00639284448698,30,-0.00475267786533,30,-0.00444576935843,30,-0.00649347295985,30,-0.00640473747626,30,-0.00396722136065,30,-0.000453064829344,30,-0.00242704935954,2021-11-16
2021-11-16,300,0.242865207803,0,13,-0.00210194196552,30,-0.000790111196693,30,0.00214449758641,30,-0.00141809182242,30,0.00653167953715,30,0.00307297497056,30,0.00438912305981,30,0.00101452076342,30,0.00422311015427,30,0.00895236711949,30,0.011054309085,2021-11-17
2021-11-17,300,-0.0774126665516,0,6,0.00699768075719,30,-0.00901831034571,30,-0.00968528818339,30,-0.0118890581653,30,-0.0119316959754,30,-0.0107537051663,30,-0.0164745058864,30,-0.0109760919586,30,-0.0155662633479,30,-0.00767583446577,30,-0.014673515223,2021-11-18
2021-11-18,300,0.205144386625,0,26,0.00992760062218,30,0.00593964243308,30,0.0062841377221,30,0.0091740405187,30,0.0128376288339,30,0.010900602676,30,0.0131216403097,30,0.0159802958369,30,0.0129084670916,30,0.0108430031687,30,0.000915402546525,2021-11-19
2021-11-19,300,-0.0787936263494,0,0,-0.00141525862273,30,0.00470897136256,30,0.00139835278969,30,0.00903336051852,30,0.00363039365038,30,0.0107182050124,30,0.00726140523329,30,0.00116863648873,30,0.00188429548871,30,-0.00173849856947,30,-0.000323239946738,2021-11-22
2021-11-22,300,0.146104696698,0,14,0.0031926908996,30,-0.00411740131676,30,-0.00197246670723,30,-0.0004856705782,30,-0.000436608010205,30,0.00449049472809,30,0.00632723188028,30,-0.00192933680955,30,0.00133785605431,30,0.00470949988812,30,0.00151680898853,2021-11-23
2021-11-23,299,0.0761754771945,1,2,-0.00280292634852,30,1.65561832546e-05,30,-0.00242400960997,30,-0.0046600876376,30,0.00481183547527,30,-0.000374104565708,30,-0.00213901395909,30,0.000653034425341,30,-0.00408350629732,30,-5.52308956685e-05,29,0.00274769545285,2021-11-24
2021-11-24,299,0.0952654264027,1,0,-0.00900945439935,30,-0.00251494650729,30,-0.00155602500308,30,0.00118057930376,30,-0.00878330040723,30,-0.00225999951363,30,-0.0032886643894,30,-0.000857510196511,30,-0.000198741749045,30,-0.00244551477954,29,0.00656393961981,2021-11-25
2021-11-25,299,0.0331746746121,1,14,-0.00524381222203,30,-0.0112901572138,30,-0.0043703019619,30,-0.010301405564,30,-0.0103101730347,30,-0.0106850806624,30,-0.00830259546638,30,-0.00953855924308,30,-0.0113008404151,30,-0.00882030185312,29,-0.00357648963109,2021-11-26
2021-11-26,298,-0.0377052361271,2,27,-0.000170842802618,30,-0.00513624958694,30,-0.00657850503922,30,-0.000831170880701,30,-0.00721518322825,29,-0.00369987497106,30,-0.00745094800368,30,-0.00670681195334,30,-0.00952834263444,30,-0.00861895922571,29,-0.0084481164231,2021-11-29
2021-11-29,298,0.0889508102092,2,0,-0.00587263097987,30,0.00470546493307,30,-0.00205885362811,30,0.00287766265683,30,0.00341840856709,29,0.00196179538034,30,0.00110250513535,30,-0.00338684720919,30,0.00223446497694,30,0.000625328742899,29,0.00649795972276,2021-11-30
2021-11-30,298,0.358636169111,2,22,-0.0183494091034,30,-0.00119582214393,30,0.0048772552982,30,0.00558763556182,30,0.00430442765355,29,0.00996462348849,30,0.012243016623,30,0.00922816619277,30,0.00929011497647,30,0.00737408129498,29,0.0257234903984,2021-12-01
2021-12-01,298,-0.166010911891,2,0,0.00935884751379,30,0.0051721255295,30,-0.00332665652968,30,0.00432266807184,30,-0.00253805611283,29,-0.000677643227391,30,0.00616075191647,30,0.00450042495504,30,-0.00649411277846,30,-0.0050517260097,29,-0.0144105735235,2021-12-02
2021-12-02,299,0.018011235136,1,12,0.0154307624325,30,0.0113115329295,30,0.00659378385171,30,0.00707199983299,30,0.0117518221959,30,0.00499585689977,30,0.00793779455125,30,0.00989960413426,30,0.00780642637983,30,0.0124983750284,29,-0.00293238740414,2021-12-03
2021-12-03,299,0.0380339211948,1,0,-0.0045332829468,30,-0.00167344009969,30,-0.000552477431484,30,-0.0026339313481,30,-0.00540198478848,30,-0.00320134172216,30,-0.00262892036699,30,-0.00292774639092,30,-0.00942744594067,30,-0.0019488313701,29,0.00258445157669,2021-12-06
2021-12-06,299,-0.0124123093833,1,21,0.0114322658628,30,0.0145917618647,30,0.00717930402607,30,0.00057453714544,30,0.000713733839802,30,0.003297601128,30,0.00205152435228,30,0.0105830011889,30,0.0146668097004,30,0.00582389812917,29,-0.00560836773366,2021-12-07
2021-12-07,299,0.226988026236,1,0,0.00313018169254,30,0.0159052144736,30,0.00443067960441,30,0.0119575876743,30,0.0139370523393,30,0.0111917676404,30,0.0155890500173,30,0.0217529498041,30,0.0164459645748,30,0.0178036484867,29,0.0146734667942,2021-12-08
2021-12-08,299,-0.107330972293,1,0,0.0212403647602,30,0.0207080263644,30,0.0234897453338,30,0.0173513181508,30,0.0190305691212,30,0.0142465336248,30,0.0153836710379,30,0.0186197254807,30,0.00935014523566,30,0.0127712320536,29,-0.00846913270652,2021-12-09
2021-12-09,299,0.0782279251875,1,0,-0.00150440528523,30,-0.0115806562826,30,-0.0120402630419,30,-0.00883874483407,30,-0.00585674261674,30,-0.00446962704882,30,-0.00304795708507,30,-0.00405898084864,30,-0.00660109939054,30,-0.00566383078694,29,-0.00415942550171,2021-12-10
2021-12-10,299,0.194779607879,1,13,-0.00477387895808,30,-0.00474136462435,30,-7.65462682466e-05,30,0.00745549378917,30,0.00470028910786,30,0.00737285194919,30,0.00873352680355,30,-0.00185691716615,30,0.00577914109454,30,0.0108491145074,29,0.0156229934655,2021-12-13
2021-12-13,300,0.101407653377,0,16,-0.0079209562391,30,-0.00500910077244,30,-0.00888207554817,30,-0.00703088846058,30,-0.010048115626,30,-0.00902518071234,30,-0.0123495003209,30,-0.00178164045792,30,-0.00261252326891,30,-0.00353400502354,30,0.00438695121557,2021-12-14
2021-12-14,299,0.15121178756,1,9,-0.00695326505229,30,-0.0111734028906,30,-0.0080667315051,30,-0.00830906257033,30,-0.00780691113323,30,-0.00633974466473,30,-0.00335664954036,30,-0.00509053049609,30,-0.00340828299522,30,-0.00520819006488,29,0.00174507498741,2021-12-15
2021-12-15,299,-0.082446506758,1,23,0.0155200399458,30,0.00973289646208,30,0.00812970008701,30,0.00826406106353,30,0.00507712364197,30,0.0033069611527,30,0.00638950057328,30,0.00629808707163,30,0.00512033887208,30,0.00626790709794,29,-0.00925213284791,2021-12-16
2021-12-16,299,0.0685445621614,1,0,-0.0104483067989,30,-0.0214688498527,30,-0.00835509132594,30,-0.0113100009039,30,-0.0114181041718,30,-0.0106048844755,30,-0.0135144805536,30,-0.0106931980699,30,-0.0128517746925,30,-0.0138374771923,29,-0.00338917039335,2021-12-17
2021-12-17,299,-0.0108834226215,1,38,-0.021447237581,30,-0.00883196946234,30,-0.0123539725319,30,-0.011971312575,30,-0.00814367178828,30,-0.0103124026209,30,-0.0121526615694,30,-0.0154822925106,30,-0.0141037162393,30,-0.0132115725428,29,0.00823566503823,2021-12-20
2021-12-20,299,0.108355377602,1,18,0.00501909246668,30,0.0114917736501,30,0.00978786963969,30,0.0108999786898,30,0.011911409907,30,0.0156462900341,30,0.00641819834709,30,0.00960261188447,30,0.012555883266,30,0.0146512221545,29,0.00963212968782,2021-12-21
2021-12-21,299,0.132611685643,1,0,-0.00463757338002,30,-0.00120931270067,30,0.00644003553316,30,0.00420969724655,30,0.00246706604958,30,0.0064069647342,30,0.00109928450547,30,-0.000644497049507,30,0.00171067321207,30,0.00807089265436,29,0.0127084660344,2021-12-22
2021-12-22,299,-0.00593253060372,1,15,0.0078172525391,30,0.00427841162309,30,0.000893686199561,30,0.00531324744225,30,0.00517223682255,30,0.000159442424774,30,-0.000877032696735,30,0.00465731834993,30,-0.00101520621683,30,0.00102763541508,29,-0.00678961712401,2021-12-23
2021-12-23,300,-0.00698792918315,0,4,0.00281626777723,30,-0.00380453676917,30,-0.00860447529703,30,-0.00111055374146,30,-0.00467475038022,30,-9.22421604628e-05,30,-0.00401069130749,30,-0.00103034777567,30,-0.00485710892826,30,-0.00109132530633,30,-0.00390759308357,2021-12-24
2021-12-24,300,-0.0115552814675,0,15,0.00406807661057,30,0.00571196293458,30,0.00377885904163,30,0.00221427483484,30,0.00372166628949,30,0.00419353647158,30,0.00542390951887,30,0.000631246948615,30,0.00356830353849,30,0.00232895999216,30,-0.00173911661841,2021-12-27
2021-12-27,300,0.216962031115,0,2,-0.00579093303531,30,0.00350174703635,30,-0.000380812096409,30,0.00735908327624,30,0.00242603430524,30,0.0104580558836,30,0.00369284348562,30,0.00531888799742,30,0.00729967746884,30,0.00722510041669,30,0.013016033452,2021-12-28
2021-12-28,300,0.169287106255,0,0,-0.0150268161669,30,-0.0104115726426,30,-0.00860642176121,30,-0.00921771302819,30,-0.00867968425155,30,-0.0116939190775,30,-0.00706182932481,30,-0.00539629673585,30,-0.00542984390631,30,-0.00439787330106,30,0.0106289428659,2021-12-29
2021-12-29,300,-0.042381291149,0,19,0.00459144916385,30,0.0170618984848,30,0.0122399069369,30,0.00901347585022,30,0.00531802186742,30,0.0065200785175,30,0.00122666556854,30,0.0031850298401,30,0.00957157835364,30,0.00670667504892,30,0.00211522588506,2021-12-30
2021-12-30,300,0.0474133136754,0,10,0.00637252116576,30,0.00622261175886,30,0.00818286370486,30,0.00845480337739,30,0.00617991108447,30,0.00208161282353,30,0.00658546108752,30,0.00904791988432,30,0.00504949875176,30,0.00421367678791,30,-0.00215884437785,2021-12-31
2021-12-31,300,0.103400688725,0,7,0.000368418288417,30,-0.016488019377,30,0.000202496841666,30,-0.00326516618952,30,-0.00591692747548,30,0.00542239937931,30,-0.00181487004738,30,0.00318984780461,30,0.00331366457976,30,0.00455457763746,30,0.00418615934905,2022-01-04
2022-01-04,300,-0.172903435702,0,2,-0.000788263452705,30,-0.0129554029554,30,-0.0137431221083,30,-0.00432761712,30,0.00477513065562,30,-0.010426976718,30,-0.00857852492481,30,-0.0121411718428,30,-0.0164500698447,30,-0.0206502769142,30,-0.0198620134615,2022-01-05
2022-01-05,300,0.0707319826686,0,3,-0.00427581463009,30,-0.0100298700854,30,-0.00624720659107,30,-0.00696315150708,30,-0.00342395110056,30,-0.0131533341482,30,-0.00386824016459,30,-0.0103994449601,30,-0.00020316640439,30,-0.00159112806432,30,0.00268468656577,2022-01-06
2022-01-06,300,0.209754854723,0,4,-0.000225621464779,30,-0.00544780306518,30,-0.0067913653329,30,-0.000864181900397,30,-0.00348028144799,30,0.0043842792511,30,0.000970641791355,30,0.00285137887113,30,0.00593656720594,30,0.005495429039,30,0.00572105050378,2022-01-07
2022-01-07,300,0.0103198307517,0,9,0.0117162819952,30,8.25405149953e-05,30,-0.00132012169342,30,0.00331208319403,30,0.00705244159326,30,0.0123759545386,30,0.00858920812607,30,0.00657985405996,30,0.0128475008532,30,-0.00024042527366,30,-0.0119567072688,2022-01-10
2022-01-10,300,0.28618299561,0,0,-0.0204170830548,30,-0.0131879113615,30,-0.0116016184911,30,-0.0140893179923,30,-0.0087443292141,30,-0.0110317133367,30,-0.00906545482576,30,-0.00984375644475,30,-0.00348145165481,30,-0.0030834057834,30,0.0173336772714,2022-01-11
2022-01-11,300,0.0819672623073,0,5,0.0088616348803,30,0.00216679368168,30,0.00575739145279,30,0.0071147242561,30,0.012729187496,30,0.0132509646937,30,0.0103580094874,30,0.00522349076346,30,0.00521607603878,30,0.00888159684837,30,1.99619680643e-05,2022-01-12
2022-01-12,300,0.113181072919,0,0,-0.0144047522917,30,-0.0169514939189,30,-0.0202995780855,30,-0.0198782384396,30,-0.0151753462851,30,-0.0125448442996,30,-0.0124403415248,30,-0.0140342153609,30,-0.00841688737273,30,-0.0144604565576,30,-5.57042658329e-05,2022-01-13
2022-01-13,300,-0.10489769591,0,25,-0.00322508811951,30,-0.00753309531137,30,-0.00932394247502,30,-0.00133565464057,30,-0.00726141314954,30,-0.0109462160617,30,-0.00899179000407,30,-0.0175052955747,30,-0.00533611373976,30,-0.0136769255623,30,-0.0104518374428,2022-01-14
2022-01-14,300,-0.0378999286365,0,16,0.0122063914314,30,0.00519884843379,30,0.0179512519389,30,0.0099765304476,30,0.00238809385337,30,0.0062476019375,30,0.0102136395872,30,0.0113405250013,30,0.00622993707657,30,0.00442369980738,30,-0.00778269162402,2022-01-17
2022-01-17,300,0.133494965747,0,6,-0.00182262458839,30,0.00672383699566,30,0.00285581941716,30,0.0151709262282,30,0.0104728601873,30,0.0101075414568,30,0.011178274639,30,0.0160391815007,30,0.00827626418322,30,0.0088304579258,30,0.0106530825142,2022-01-18
2022-01-18,299,-0.157275804496,1,0,-0.00282888207585,30,-0.00170835258905,30,-0.003026552964,30,-0.00928126554936,30,-0.0078149382025,30,-0.00577959232032,30,-0.0131189366803,30,-0.0123806539923,30,-0.00700883660465,30,-0.00956658646464,29,-0.0067377043888,2022-01-19
2022-01-19,299,-0.0321355805592,1,3,0.00481101684272,30,9.052157111e-05,30,0.00377421779558,30,0.000514125800692,30,0.00712244724855,30,0.00726295122877,30,0.00587329268456,30,-0.00565574178472,30,0.00288007268682,30,-0.00325207062997,29,-0.00806308747269,2022-01-20
2022-01-20,299,-0.000946333401385,1,2,-0.0208270959556,30,-0.00938374642283,30,-0.0119995092973,30,-0.0121731283143,30,-0.0111065069214,30,-0.007324161008,30,-0.0139716090634,30,-0.0117496009916,30,-0.0133033180609,30,-0.0220786277205,29,-0.00125153176486,2022-01-21
2022-01-21,299,-0.0526721609863,1,8,6.28729685559e-05,30,0.00923944357783,30,0.00672586960718,30,0.0016855756985,30,-0.000421303499024,30,0.00223983335309,30,0.00342243118212,30,-0.00285666179843,30,-0.00246409582905,30,0.000837344559841,29,0.000774471591285,2022-01-24
2022-01-24,299,-0.0688332550148,1,2,-0.0238021481782,30,-0.0254700109363,30,-0.0256558693945,30,-0.0274586360902,30,-0.0234654583037,30,-0.0260944440961,30,-0.0209177657962,30,-0.0365855954587,30,-0.0241615902632,30,-0.0274689756334,29,-0.00366682745516,2022-01-25
2022-01-25,299,0.219521155535,1,65,-0.00470577878878,30,0.00517456326634,30,0.00238616857678,30,0.00225301971659,30,0.00886791571975,30,0.0105022927746,30,0.00101462600287,30,0.0110238846391,30,0.00875035300851,30,0.00709681678563,29,0.0118025955744,2022-01-26
2022-01-26,299,0.244879452492,1,0,-0.0248281247914,30,-0.0216551590711,30,-0.0266912318766,30,-0.0317171998322,30,-0.0247661266476,30,-0.0258120633662,30,-0.0188702233136,30,-0.015514222905,30,-0.0131085952744,30,-0.0146919013932,29,0.0101362233981,2022-01-27
2022-01-27,300,0.0475599323512,0,14,-0.00871519464999,30,-0.0148026682436,30,-0.0084801632911,30,-0.0100464820862,30,-0.00546945724636,30,-0.00289765209891,30,-0.00946823321283,30,-0.0112960776314,30,-0.0107254981995,30,-0.00777227105573,30,0.000942923594266,2022-01-28
2022-01-28,300,0.0770122714579,0,20,0.00792777910829,30,0.0158014111221,30,0.0179194603115,30,0.0237893722951,30,0.0145919919014,30,0.0120483515784,30,0.0178214628249,30,0.0165840741247,30,0.0177919808775,30,0.0186226498336,30,0.0106948707253,2022-02-07
2022-02-07,300,-0.0727012683922,0,2,0.00920348800719,30,0.00554120540619,30,0.00952364969999,30,-0.00185164017603,30,-0.00283731427044,30,-0.00614129891619,30,0.0044290763326,30,0.00204584398307,30,-0.00621454929933,30,-0.00150538084563,30,-0.0107088688528,2022-02-08
2022-02-08,300,-0.0582610552811,0,0,0.0102731129155,30,0.00949318241328,30,0.00504731340334,30,0.0120201651007,30,0.0146598182619,30,0.00931180734187,30,0.00598729262128,30,0.00829735957086,30,0.00761225027964,30,0.00113602285273,30,-0.00913709006272,2022-02-09
2022-02-09,300,0.198386571858,0,2,0.00167777144816,30,-0.00113937456626,30,-0.0143759036437,30,0.000714842462912,30,-0.00117852096446,30,-0.00381449866109,30,0.00430181017146,30,0.00283073983155,30,0.00564153213054,30,0.00831407867372,30,0.00663630722556,2022-02-10
2022-02-10,300,-0.0153254244316,0,0,-0.0141431950033,30,-0.0123043991625,30,-0.0085076270625,30,-3.95178794861e-05,30,-0.00989851355553,30,-0.0126401027665,30,-0.0146260205656,30,-0.00954531412572,30,-0.0157023575157,30,-0.011408418417,30,0.00273477658629,2022-02-11
2022-02-11,300,0.164575920052,0,2,-0.0135507900268,30,-0.0204701479524,30,-0.0160186681896,30,-0.00871455855668,30,-0.0153729179874,30,-0.00839840807021,30,-0.0120642678812,30,-0.00993843283504,30,-0.0120746670291,30,-0.00537726469338,30,0.0081735253334,2022-02-14
2022-02-14,300,-0.287283462476,0,0,0.0240215994418,30,0.0184782799333,30,0.0217695664614,30,0.0196439046413,30,0.018176259473,30,0.00279163522646,30,0.00674253702164,30,-0.00208153133281,30,0.00287651014514,30,0.00461809616536,30,-0.0194035032764,2022-02-15
2022-02-15,300,0.169534344043,0,2,0.00217498536222,30,0.00275798048824,30,-0.000904766726308,30,0.00273374724202,30,0.000686522340402,30,-0.000123274323414,30,0.00728800706565,30,0.00836467556655,30,0.00341340503655,30,0.00550961913541,30,0.00333463377319,2022-02-16
2022-02-16,300,-0.0857667991265,0,2,-0.00256491708569,30,-0.00199438724667,30,0.00272861123085,30,0.00894905347377,30,0.00497571844608,30,-0.00158952677157,30,-0.00341639714316,30,-0.0030091505032,30,-0.00232947664335,30,-0.00250850128941,30,5.64157962799e-05,2022-02-17
2022-02-17,300,0.434055745697,0,13,-0.010780681856,30,-0.00482532195747,30,-0.000272279983619,30,0.00869450811297,30,0.00813014153391,30,0.00916597247124,30,0.00983725208789,30,0.0111320400611,30,0.00922496337444,30,0.00693420786411,30,0.0177148897201,2022-02-18
2022-02-18,300,-0.0212635786487,0,0,0.00761470384896,30,-0.00060598453274,30,0.00630549807101,30,0.0021423776634,30,0.00287831830792,30,-0.00233290391043,30,0.00177246727981,30,-0.0023442923557,30,0.00136969285086,30,-0.0012454171665,30,-0.00886012101546,2022-02-21
2022-02-21,300,0.0275518616874,0,0,-0.0140636563301,30,-0.00887671113014,30,-0.0102965794504,30,-0.0129029452801,30,-0.0149144176394,30,-0.0133424298838,30,-0.0135971503332,30,-0.0117240035906,30,-0.0121128102764,30,-0.0097974659875,30,0.00426619034261,2022-02-22
2022-02-22,300,-0.1888258052,0,3,0.0289237760007,30,0.0170517023653,30,0.00968199968338,30,0.00995935965329,30,0.0153911672533,30,0.00379789085127,30,0.00916005764157,30,0.00172521278728,30,0.00895761046559,30,0.00820691231638,30,-0.0207168636844,2022-02-23
2022-02-23,300,-0.0690277020827,0,6,-0.00692073302343,30,-0.0246848221868,30,-0.0221709180623,30,-0.0204217750579,30,-0.0233494639397,30,-0.0197378359735,30,-0.0262002106756,30,-0.0186220891774,30,-0.0203398875892,30,-0.019866399467,30,-0.0129456664436,2022-02-24
2022-02-24,300,-0.0790532640343,0,2,0.00291796517558,30,0.00602687802166,30,0.0138215208426,30,0.0108337104321,30,0.0123577974737,30,0.0143943093717,30,0.0170779433101,30,0.00197040825151,30,0.0108211794868,30,-0.00204651756212,30,-0.00496448273771,2022-02-25
2022-02-25,300,-0.207786077766,0,0,0.00520810298622,30,0.00762272486463,30,-0.000547939562239,30,0.00164688820951,30,0.00777921266854,30,0.000964864098933,30,-0.00332301459275,30,-0.00633413996547,30,-0.00249781203456,30,-0.000625306391157,30,-0.00583340937737,2022-02-28
2022-02-28,300,0.242767852153,0,0,-0.00715940212831,30,0.000528488541022,30,0.00403839536011,30,0.00491640390828,30,0.00648792972788,30,0.0124454759061,30,0.00655149994418,30,0.00895711965859,30,0.0128836985677,30,0.0076941032894,30,0.0148535054177,2022-03-01
2022-03-01,300,0.127078339202,0,0,-0.0084060030058,30,-0.0082694850862,30,-0.00297750439495,30,-0.0103325489908,30,-0.00558537850156,30,-0.00544322934002,30,-0.00431078253314,30,-0.00531306862831,30,-0.00129992165603,30,-0.00601022830233,30,0.00239577470347,2022-03-02
2022-03-02,300,0.0648532370952,0,0,-0.0125136794522,30,-0.000877277052496,30,-0.00667770300061,30,0.000129423540784,30,-0.00217434368096,30,-0.00468211947009,30,-0.00496942223981,30,-0.00432744016871,30,-0.00282590393908,30,-0.00599408335984,30,0.0065195960924,2022-03-03
2022-03-03,300,0.0019458158293,0,5,-0.00891847815365,30,-0.00626162672415,30,-0.00998330302536,30,-0.00929481629282,30,-0.00766141433269,30,-0.0104558113962,30,-0.00838385056704,30,-0.00958690419793,30,-0.00420868396759,30,-0.00784269161522,30,0.00107578653842,2022-03-04
2022-03-04,300,0.119151546128,0,0,-0.0278320200741,30,-0.0314516052604,30,-0.0304846949875,30,-0.0276444815099,30,-0.0334596224129,30,-0.0352523140609,30,-0.0303846374154,30,-0.036137714982,30,-0.0158704053611,30,-0.0182519424707,30,0.00958007760346,2022-03-07
2022-03-07,300,0.0199945243321,0,8,-0.026839017868,30,-0.0202808082104,30,-0.0326065160334,30,-0.0309937503189,30,-0.0283729732037,30,-0.0315206609666,30,-0.024543620646,30,-0.0246400013566,30,-0.0236619487405,30,-0.0265137031674,30,0.000325314700603,2022-03-08
2022-03-08,300,-0.133602308491,0,25,-0.00455489568412,30,-0.0126354256645,30,-0.012745517306,30,-0.0144389150664,30,-0.0203336868435,30,-0.0142346741632,30,-0.0131836393848,30,-0.01003992185,30,-0.0186510067433,30,-0.0251751840115,30,-0.0206202883273,2022-03-09
2022-03-09,300,-0.0952643605777,0,0,0.014907842502,30,0.0220106616616,30,0.0176804047078,30,0.0150632476434,30,0.0130560118705,30,0.016618648544,30,0.0200186297297,30,0.0179366357625,30,0.00720094051212,30,0.00945188570768,30,-0.00545595679432,2022-03-10
2022-03-10,300,0.203436839211,0,18,0.010755606927,30,-0.00140717229806,30,-0.000291268021101,30,0.00944257806987,30,0.00809040106833,30,0.00901401415467,30,0.0131746288389,30,0.0134259779006,30,0.0146096665412,30,0.0122337425128,30,0.00147813558578,2022-03-11
2022-03-11,300,-0.070206121202,0,0,-0.00355599727482,30,-0.0276673696935,30,-0.0259897168726,30,-0.0334467515349,30,-0.0314747206867,30,-0.0310617499053,30,-0.0295743830502,30,-0.0241972245276,30,-0.0281720235944,30,-0.0239352881908,30,-0.020379290916,2022-03-14
2022-03-14,300,-0.214745604033,0,64,-0.0354468040168,30,-0.0442385524511,30,-0.042527910322,30,-0.0479433946311,30,-0.0468836165965,30,-0.0520382337272,30,-0.0557147152722,30,-0.0469784587622,30,-0.0602710396051,30,-0.0518151298165,30,-0.0163683257997,2022-03-15
2022-03-15,300,-0.0533243096863,0,48,0.0394849814475,30,0.0413989834487,30,0.0365963466465,30,0.0342776216567,30,0.0388883687556,30,0.0345495939255,30,0.0324072800577,30,0.0441961064935,30,0.0313361994922,30,0.0341786071658,30,-0.00530637428164,2022-03-16
2022-03-16,300,-0.0312143815091,0,0,0.0179974995553,30,0.0199113395065,30,0.0154868718237,30,0.0220582392067,30,0.0201517045498,30,0.0213464256376,30,0.0198770035058,30,0.024094261229,30,0.0162989329547,30,0.00987881049514,30,-0.00811868906021,2022-03-17
2022-03-17,300,0.176448620562,0,6,0.000961442769039,30,0.00658082170412,30,0.00868656393141,30,0.00169811444357,30,0.0122283836827,30,0.00595725793391,30,0.00645512156188,30,0.00523048639297,30,0.0118293305859,30,0.0116520579904,30,0.0106906152214,2022-03-18
2022-03-18,300,0.162630671361,0,0,-0.00321417651139,30,-0.00359473237768,30,-0.00280822324567,30,0.00152915320359,30,-0.00178206164856,30,0.000534139049705,30,0.00201785960235,30,0.00208018627018,30,0.00467195920646,30,0.00495728850365,30,0.00817146501504,2022-03-21
2022-03-21,300,0.308931112739,0,2,-0.00828235130757,30,-0.00829195603728,30,-0.00486281933263,30,-0.00114078517072,30,-0.00741033535451,30,0.00108376145363,30,0.00258717546239,30,0.00170699355658,30,0.00633325753734,30,0.00503663998097,30,0.0133189912885,2022-03-22
2022-03-22,300,0.258738651298,0,0,0.00108102953527,30,-0.00119413936045,30,-0.000945530307945,30,0.000111401081085,30,-0.000311038893415,30,0.00545463757589,30,0.0115081751719,30,0.00509709306061,30,0.00887995120138,30,0.0155015802011,30,0.0144205506658,2022-03-23
2022-03-23,300,-0.0847975075127,0,3,-0.000452601903817,30,0.000797106826212,30,-0.0109118819237,30,-0.00407271180302,30,-0.00732430396602,30,-0.00782056618482,30,-0.00858458690345,30,-0.0047305864282,30,-0.0116783780977,30,-0.0103664454073,30,-0.00991384350345,2022-03-24
2022-03-24,300,0.390052516586,0,7,-0.0250729974359,30,-0.019000839442,30,-0.0235631540418,30,-0.0181574355811,30,-0.0175305083394,30,-0.0156262554228,30,-0.0110067212954,30,-0.0101159773767,30,-0.00905949063599,30,-0.00653707189485,30,0.0185359255411,2022-03-25
2022-03-25,300,0.050188363553,0,27,-0.00122234225273,30,-0.00477061467245,30,-0.00216687517241,30,-0.0108302989975,30,-0.00971149187535,30,-0.00225871405564,30,-0.00432554492727,30,-0.00166123115923,30,-0.00249692006037,30,-0.00283434591256,30,-0.00161200365983,2022-03-28
2022-03-28,300,-0.0443762405829,0,0,-0.00314257340506,30,-0.00201559066772,30,-0.00305726728402,30,-0.00603287992999,30,-0.00756965298206,30,-0.00789465475827,30,-0.00677658105269,30,0.000278617924778,30,-0.00274732103571,30,-0.0084221996367,30,-0.00527962623164,2022-03-29
2022-03-29,300,0.223600830899,0,2,0.0139735257253,30,0.0221423339099,30,0.0270525403321,30,0.0285340379924,30,0.0263844057918,30,0.0236125066876,30,0.0213845502585,30,0.030777702108,30,0.0355826169252,30,0.0299915429205,30,0.0160180171952,2022-03-30
2022-03-30,299,0.14154420104,1,0,-0.00524313235655,30,-0.00925000291318,30,-0.0105945523828,30,-0.015794551,30,-0.00671297498047,30,-0.0125012714416,30,-0.0152427256107,30,0.00382909388281,30,-0.00562068400905,30,0.0010685735615,29,0.00631170591805,2022-03-31
2022-03-31,299,-0.106456746644,1,7,0.0172400753945,30,0.0112901786342,30,0.00498169660568,30,0.0124435862526,30,0.00676860986277,30,0.0101986741647,30,0.0142247080803,30,0.00923851132393,30,0.00486492319033,30,0.00381848122925,29,-0.0134215941653,2022-04-01
2022-04-01,299,-0.0196934293135,1,0,0.00133789377287,30,0.00512866396457,30,-0.00841499771923,30,-0.0038755198475,30,-0.00235395226628,30,-0.000848766183481,30,5.69502517465e-05,30,0.00490168947726,30,0.00345371360891,30,-0.0104913096875,29,-0.0118292034604,2022-04-06
2022-04-06,299,-0.00452920143029,1,0,-0.0177062414587,30,-0.0195525940508,30,-0.0143263181672,30,-0.0142613984644,30,-0.0131470421329,30,-0.0131805855781,30,-0.0182589087635,30,-0.0116612911224,30,-0.0174298919737,30,-0.0181233473122,29,-0.000417105853558,2022-04-07
2022-04-07,298,-0.0422767662258,2,56,0.00972431711853,30,0.00782962422818,30,0.00386157236062,30,0.00243378290907,30,-0.000753963831812,29,-0.00520805129781,30,0.000799673784059,30,0.0021571656689,30,0.0111308535561,30,-0.000922176346648,29,-0.0106464934652,2022-04-08
2022-04-08,298,-0.0498361995298,2,0,-0.0277568455786,30,-0.0281353294849,30,-0.0347235128284,30,-0.0235898271203,30,-0.0351764187217,29,-0.0198644343764,30,-0.0343952849507,30,-0.0327954366803,30,-0.0271696932614,30,-0.0352426506579,29,-0.00748580507934,2022-04-11
2022-04-11,299,0.17520243315,1,10,0.0113386493176,30,0.0147757772356,30,0.0204174946994,30,0.0192813649774,30,0.0342575795949,30,0.0163215734065,30,0.0165806673467,30,0.0238224864006,30,0.0285825934261,30,0.0240503530949,29,0.0127117037773,2022-04-12
2022-04-12,300,0.08799708084,0,0,-0.010112432763,30,-0.0171588771045,30,-0.0120426677167,30,-0.0201487727463,30,-0.0163067579269,30,-0.00984862633049,30,-0.0213279817253,30,-0.0101317381486,30,-0.00692532071844,30,-0.00647528562695,30,0.00363714713603,2022-04-13
2022-04-13,300,-0.194450076199,0,25,0.0255134738982,30,0.0307180061936,30,0.00635889591649,30,0.0187977012247,30,0.00682667084038,30,0.00712668290362,30,0.00850256439298,30,0.0140464548022,30,0.0106356060132,30,0.0078767137602,30,-0.017636760138,2022-04-14
2022-04-14,300,-0.0434604438992,0,9,-0.000326673180098,30,0.00972214341164,30,-0.00209974241443,30,0.00347620248795,30,-0.00187930464745,30,-0.00729990191758,30,0.00382305588573,30,-0.00018045505567,30,-0.00321581563912,30,-0.00695503968745,30,-0.00662836650736,2022-04-15
2022-04-15,300,-0.208385366637,0,6,0.0167037583888,30,-0.000922342122067,30,0.00946755986661,30,-0.000979381846264,30,0.000528562057298,30,-0.00157932238653,30,-0.00795400328934,30,-0.00662372726947,30,-0.0072178998962,30,-0.00272727012634,30,-0.0194310285151,2022-04-18
2022-04-18,300,0.304806752125,0,3,-0.0190770756453,30,-0.00795830506831,30,-0.0139812091365,30,-0.0134337302297,30,-0.0100626545027,30,-0.00629557762295,30,-0.00298707280308,30,-0.00470499973744,30,-2.24510822591e-05,30,0.000657371652778,30,0.0197344472981,2022-04-19
2022-04-19,300,0.193979704197,0,0,-0.0356031879783,30,-0.0192930288613,30,-0.0155915636569,30,-0.0110894562677,30,-0.00164521532133,30,-0.00553697533906,30,-0.00754584278911,30,-0.0104684848338,30,-0.013176407665,30,-0.00822133850306,30,0.0273818494752,2022-04-20
2022-04-20,299,-0.0326000184733,1,5,-0.0125132100657,30,-0.0163373816758,30,-0.0275424886495,30,-0.0206314083189,30,-0.0251336824149,30,-0.0257466640323,30,-0.0274918284267,30,-0.0243876930326,30,-0.0189891662449,30,-0.0231865644455,29,-0.0106733543798,2022-04-21
2022-04-21,299,0.0430444415022,1,3,-0.00473999558017,30,0.0060806889087,30,-0.0023533583153,30,-0.00256259646267,30,-0.000260714703472,30,-0.00211414904334,30,-0.00108608603477,30,0.0069271386601,30,0.00197012233548,30,-0.00356352538802,29,0.00117647019215,2022-04-22
2022-04-22,299,-0.100228737877,1,2,-0.0506017953157,30,-0.0484674945474,30,-0.054137699306,30,-0.0540068298578,30,-0.0505186468363,30,-0.0495722852647,30,-0.0559288486838,30,-0.0457925535738,30,-0.0630989521742,30,-0.0565150082111,29,-0.00591321289539,2022-04-25
2022-04-25,299,0.0335182808839,1,67,-0.0238238796592,30,-0.0161298513412,30,-0.0190793946385,30,-0.00439895410091,30,-0.024275097996,30,-0.0138039607555,30,-0.0144555689767,30,-0.0146912718192,30,-0.0187089201063,30,-0.01579541713,29,0.00802846252918,2022-04-26
2022-04-26,299,-0.00442397274206,1,15,0.0191825702786,30,0.0217576492578,30,0.0331027656794,30,0.0404374375939,30,0.0355934873223,30,0.040606316179,30,0.0419509336352,30,0.0288229901344,30,0.0219632256776,30,0.0224538035691,29,0.00327123329043,2022-04-27
2022-04-27,299,0.0521643293298,1,0,0.016495404765,30,0.00862203259021,30,-0.00423402385786,30,-0.00170807039831,30,-0.0016468326794,30,-0.0155862234533,30,-0.00290734576993,30,-0.00371041684411,30,0.0122064705938,30,0.013322445564,29,-0.00317295920104,2022-04-28
2022-04-28,299,0.0855219727375,1,2,0.029554400593,30,0.0416983813047,30,0.0251211319119,30,0.0258197989315,30,0.0366560816765,30,0.0428358837962,30,0.0360020548105,30,0.0338577888906,30,0.0408377535641,30,0.0410171970725,29,0.0114627964795,2022-04-29
2022-04-29,299,-0.0173156694456,1,0,0.00953662395477,30,0.00918867159635,30,0.00325982365757,30,0.000726127647795,30,0.00333369383588,30,0.00246716337278,30,0.0010767042404,30,0.00589718809351,30,0.00845939759165,30,0.0060402401723,29,-0.00349638378248,2022-05-05
2022-05-05,299,-0.24651907013,1,3,-0.007215321064,30,-0.013615662232,30,-0.0229826681316,30,-0.0188106466085,30,-0.0216745212674,30,-0.0307999197394,30,-0.0235305074602,30,-0.0283816512674,30,-0.0272122304887,30,-0.0304790977389,29,-0.0232637766749,2022-05-06
2022-05-06,300,0.0991601634581,0,10,-0.00907343812287,30,-0.00115658645518,30,-0.00797309260815,30,-0.0018163442146,30,-0.00386912631802,30,-0.00550562748685,30,-0.00595734501258,30,0.00200699758716,30,0.000648490560707,30,-0.0052560986951,30,0.00381733942777,2022-05-09
2022-05-09,300,0.160585537738,0,2,-0.000267304974841,30,0.0102580273524,30,0.00954590830952,30,0.0135089457035,30,0.0127735240385,30,0.012393033132,30,0.0121227065101,30,0.017707714811,30,0.0165545232594,30,0.0129528203979,30,0.0132201253728,2022-05-10
2022-05-10,300,-0.250382329453,0,0,0.0239105988294,30,0.0285692643374,30,0.0124150691554,30,0.00922232866287,30,0.0202887095511,30,0.00783983431756,30,0.0107304258272,30,0.00799118261784,30,0.00568299693987,30,0.00382348499261,30,-0.0200871138368,2022-05-11
2022-05-11,300,0.0862746039302,0,13,-0.00198761816137,30,-0.00438209390268,30,0.000347880530171,30,0.00685324659571,30,-0.00377047457732,30,-0.00211355695501,30,-0.00227343430743,30,-0.00118295743596,30,-0.00149633688852,30,0.00295660505071,30,0.00494422321208,2022-05-12
2022-05-12,300,0.225666346276,0,3,0.00824278779328,30,0.00939923711121,30,0.0012611746788,30,0.00369901256636,30,-0.00108465156518,30,0.00616554217413,30,0.00995024200529,30,0.00576130952686,30,0.00908949971199,30,0.00783101096749,30,-0.000411776825786,2022-05-13
2022-05-13,300,-0.0355408242636,0,0,-0.00316629605368,30,-0.00542970513925,30,-0.00734621891752,30,-0.00191005470697,30,-0.0048309545964,30,-0.00490080099553,30,-0.00652014231309,30,-0.0112767303362,30,-0.00598454475403,30,-0.00835532974452,30,-0.00518903369084,2022-05-16
2022-05-16,300,0.222526189349,0,5,-0.0004921455984,30,0.000927809858695,30,-0.00111774995457,30,0.00723406486213,30,0.00235490594059,30,0.0125577235594,30,0.0117210010067,30,0.0147786401212,30,0.0134514132515,30,0.0113227106631,30,0.0118148562615,2022-05-17
2022-05-17,300,-0.041846787718,0,0,0.00862170848995,30,8.8632104962e-06,30,-0.00203109974973,30,-0.00843948498368,30,-0.00292293634266,30,-0.00110533239786,30,3.88403750549e-05,30,-0.00272886152379,30,-0.0033899624832,30,-0.00187812640797,30,-0.0104998348979,2022-05-18
2022-05-18,300,-0.0526534576823,0,10,0.0142689105123,30,0.00576958246529,30,0.00821518711746,30,0.00194048683625,30,0.00171185133513,30,-0.00079859100515,30,-0.00118607876357,30,-0.00200788979419,30,-0.000276283419225,30,0.00637153582647,30,-0.00789737468585,2022-05-19
2022-05-19,300,0.218165187687,0,0,0.00101385114249,30,0.0177929401398,30,0.0140846827999,30,0.0210599265993,30,0.0224058646709,30,0.0198682062328,30,0.0174097362906,30,0.0257096998394,30,0.0206284634769,30,0.0184035580605,30,0.017389706918,2022-05-20
2022-05-20,300,0.094225256337,0,0,-0.00202207174152,30,-0.00657397694886,30,0.00553732318804,30,-0.00102842843626,30,-0.00238694343716,30,-0.00196663150564,30,-0.000740685092751,30,-0.000392623740481,30,-0.000609290611465,30,0.000149472558405,30,0.00217154429993,2022-05-23
2022-05-23,300,0.194592496066,0,6,-0.0210937354714,30,-0.0256204809994,30,-0.0279744919389,30,-0.0360140800476,30,-0.0300315506756,30,-0.0292032081634,30,-0.0301304664463,30,-0.0253289528191,30,-0.021084189415,30,-0.0160283651203,30,0.00506537035108,2022-05-24
2022-05-24,300,0.0711202632257,0,60,0.0074153165333,30,0.0178146697581,30,0.00479634385556,30,0.00564920110628,30,0.00961522106081,30,0.00808493699878,30,0.0155348991975,30,0.00741074886173,30,0.013598293066,30,0.0102808056399,30,0.00286548910663,2022-05-25
2022-05-25,300,0.0857499307782,0,0,-0.00274427141994,30,0.00577878346667,30,0.0107520064339,30,0.00889638904482,30,0.00854914169759,30,0.0131488181651,30,0.00128227868117,30,0.00780364871025,30,0.0101481797174,30,0.00461976323277,30,0.00736403465271,2022-05-26
2022-05-26,299,0.110026267691,1,0,-0.00467817578465,30,-0.00480646686628,30,-0.00198482861742,30,-0.00742644490674,30,0.000760920869652,30,0.00271002249792,30,0.00133187568281,30,2.44796283368e-05,30,-0.00475411210209,30,0.00216882606037,29,0.00684700184502,2022-05-27
2022-05-27,299,0.092195356279,1,0,0.00865237321705,30,0.00560100097209,30,0.0102319037542,30,0.00303657050245,30,0.00562426261604,30,0.00638420181349,30,0.0105593083426,30,0.00596992392093,30,0.0105213141069,30,0.010951641947,29,0.00229926872998,2022-05-30
2022-05-30,300,-0.229675795215,0,8,0.0260120444,30,0.0203578937799,30,0.0209736153483,30,0.0192782953382,30,0.0194882936776,30,0.0120727177709,30,0.0141439577565,30,0.0137433670461,30,0.0138856489211,30,0.00493568787351,30,-0.0210763565265,2022-05-31
2022-05-31,300,0.193415132158,0,4,-0.0100240129977,30,-0.000651746988297,30,0.00121002993546,30,0.00214018416591,30,-0.0130177894607,30,-0.00142578675877,30,0.00108262896538,30,-0.003134326078,30,-0.00222491426393,30,0.00414952635765,30,0.0141735393554,2022-06-01
2022-06-01,300,-0.0714388734974,0,3,0.0101518845186,30,0.00966237392277,30,0.00229088077322,30,0.005683014635,30,0.00570370536298,30,0.00342591409571,30,0.0047682384029,30,-0.00021814306092,30,0.00478698220104,30,0.00227882456966,30,-0.00787305994891,2022-06-02
2022-06-02,300,-0.372222740749,0,0,0.0342730507255,30,0.0281114075333,30,0.0163422599435,30,0.0244902670383,30,0.0203528963029,30,0.0141833042726,30,0.00988217629492,30,0.00907471962273,30,0.0105481762439,30,0.0018405377632,30,-0.0324325129623,2022-06-06
2022-06-06,300,0.139728076712,0,2,-0.00196898588911,30,-0.00209233164787,30,-0.00040134388837,30,0.00714718503878,30,0.00259277620353,30,0.00497997784987,30,0.00106341438368,30,0.00415272312239,30,0.00693674897775,30,0.0017621795414,30,0.00373116543051,2022-06-07
2022-06-07,300,0.0421046034959,0,3,0.0115859704092,30,0.00433459272608,30,0.00663757929578,30,0.00934304948896,30,0.00521724205464,30,0.00822663120925,30,0.0138255199417,30,0.00577711639926,30,0.00624333042651,30,0.0070221722126,30,-0.00456379819661,2022-06-08
2022-06-08,300,0.176149823515,0,0,-0.013484380208,30,-0.0206193961203,30,-0.00615274487063,30,-0.0145192444324,30,-0.014809820801,30,-0.0134687721729,30,-0.0163756553084,30,-0.00827530864626,30,-0.00270164408721,30,-0.00585323991254,30,0.00763114029542,2022-06-09
2022-06-09,300,0.102288929583,0,3,0.0149731496349,30,0.012462423183,30,0.0106971776113,30,0.0213339440525,30,0.0153615614399,30,0.0147624891251,30,0.0199958439916,30,0.0179995913059,30,0.0144194858149,30,0.0147972684354,30,-0.000175881199539,2022-06-10
2022-06-10,300,-0.0817733893814,0,0,0.000218659639359,30,-0.00482588401064,30,-0.012705991976,30,-0.00470588216558,30,-0.00300457864068,30,-0.00737147917971,30,-3.13719101541e-05,30,-0.0119743328542,30,-0.0128494715318,30,-0.0172222349793,30,-0.0174408946186,2022-06-13
2022-06-13,300,0.0198560204625,0,0,0.0215998794883,30,0.0142892599106,30,0.00250610313378,30,0.00944268330932,30,0.0104944789782,30,0.00556732621044,30,0.00448818784207,30,0.0129436887801,30,0.0126196760684,30,0.00754692545161,30,-0.0140529540367,2022-06-14
2022-06-14,300,0.0198564891817,0,0,0.0268379971385,30,0.00762208318338,30,0.00665025692433,30,0.0129706384614,30,0.00964005943388,30,0.0162954255939,30,0.0135383130983,30,0.0164226014167,30,0.0128969848156,30,0.0111130233854,30,-0.0157249737531,2022-06-15
2022-06-15,300,0.27129212055,0,10,-0.0304036773741,30,-0.0170578937978,30,-0.00219473033212,30,0.00320109934546,30,0.00109451217577,30,0.00668695149943,30,0.00496544828638,30,0.0043481788598,30,-0.00464544910938,30,-0.00202323589474,30,0.0283804414794,2022-06-16
2022-06-16,300,-0.0512394097461,0,21,0.0103602567688,30,0.0193156823516,30,0.0119849825278,30,0.00779642863199,30,0.00869519542903,30,0.00575816212222,30,0.0063254176639,30,0.00487208785489,30,0.00447019515559,30,0.00847230385989,30,-0.00188795290887,2022-06-17
2022-06-17,300,-0.147043512316,0,0,0.0128026362509,30,0.00760215939954,30,0.0117257414386,30,0.00611203303561,30,0.0155792534351,30,0.00694805569947,30,-0.00104357197415,30,0.00689055537805,30,0.0055043795146,30,0.00215137796476,30,-0.0106512582861,2022-06-20
2022-06-20,300,0.180348192906,0,9,-0.010543698445,30,-0.00394880585372,30,-0.00142564973794,30,-0.00320203695446,30,-0.00297909369692,30,-0.00389741663821,30,-0.00265196361579,30,-0.000144225356053,30,0.0017926057335,30,0.00230770115741,30,0.0128513996024,2022-06-21
2022-06-21,300,0.0886593298906,0,0,-0.0138294044882,30,-0.0129426978528,30,-0.0183755140752,30,-0.0146970367059,30,-0.0167247876525,30,-0.0164995677769,30,-0.0170903112739,30,-0.0167973544449,30,-0.0179402530193,30,-0.0122389355674,30,0.00159046892077,2022-06-22
2022-06-22,300,0.130464735404,0,59,0.0127769922838,30,0.0131516754627,30,0.0172564443201,30,0.0222075600177,30,0.010394603014,30,0.0201495625079,30,0.0146518209949,30,0.017038103193,30,0.0158724430948,30,0.0143829705194,30,0.0016059782356,2022-06-23
2022-06-23,300,-0.0560727912271,0,0,0.0110028423369,30,0.00567613448948,30,0.0128564275801,30,0.000559457170311,30,0.017132980749,30,0.0157349351794,30,0.0077870269306,30,0.00583085417747,30,0.00993083138019,30,-6.41862570774e-05,30,-0.011067028594,2022-06-24
2022-06-24,300,-0.0521097443384,0,2,0.00991138257086,30,0.0069103022106,30,0.0160896778107,30,0.0232010614127,30,0.0136956255883,30,0.0120383501053,30,0.00686404714361,30,0.0088974237442,30,0.010611996986,30,0.00427823839709,30,-0.00563314417377,2022-06-27
2022-06-27,300,0.0603192625026,0,7,0.0112550277263,30,0.0134372096509,30,0.00696380948648,30,0.0104155996814,30,0.0105173168704,30,0.0066008688882,30,0.0135718742386,30,0.00324712391011,30,0.00963056273758,30,0.0148969311267,30,0.00364190340042,2022-06-28
2022-06-28,300,0.350562007494,0,0,-0.0231822393835,30,-0.0257448274642,30,-0.0247778724879,30,-0.00358103122562,30,-0.00398842897266,30,-0.0155316889286,30,-0.010441201739,30,-0.00548425130546,30,-0.00387821602635,30,0.00182361202314,30,0.0250058514066,2022-06-29
2022-06-29,300,-0.138586889292,0,17,0.0177431832999,30,0.0153365787119,30,0.01202997379,30,0.0185181442648,30,0.0101429363713,30,0.0177299436182,30,0.00614672107622,30,0.0102284653112,30,0.00887149944901,30,0.00683931726962,30,-0.0109038660303,2022-06-30
2022-06-30,300,0.133447472781,0,4,-0.00799226947129,30,0.00148321792949,30,-0.00784664973617,30,-0.00765337562189,30,-0.0044119078666,30,-0.000859975814819,30,-0.00331603875384,30,-0.00197948026471,30,-0.00396756920964,30,-0.00142668082844,30,0.00656558864284,2022-07-01
2022-07-01,300,-0.0389710827064,0,8,0.00838935561478,30,0.0138693572953,30,0.00724783539772,30,0.0147609850392,30,0.00789148174226,30,0.0099369622767,30,0.00835018977523,30,0.00602547544986,30,-0.00166914856527,30,0.00438132882118,30,-0.0040080267936,2022-07-04
2022-07-04,300,0.029968449527,0,0,0.00162985129282,30,0.00239988369867,30,-0.00886152219027,30,-0.0118636963889,30,-0.00642765779048,30,-0.00837053265423,30,-0.00444510160014,30,0.000689448905177,30,-0.00466546602547,30,-0.00273043313064,30,-0.00436028442346,2022-07-05
2022-07-05,300,0.131652290378,0,2,-0.0158317964524,30,-0.0155299361795,30,-0.0117954714224,30,-0.0159751791507,30,-0.0109005467966,30,-0.0137378033251,30,-0.0183644723147,30,-0.00928199477494,30,-0.012508793734,30,-0.00557499937713,30,0.0102567970753,2022-07-06
2022-07-06,300,-0.0128888731373,0,3,0.0123601714149,30,0.013474448584,30,0.00591448554769,30,0.00250457134098,30,0.00132781662978,30,0.00152484967839,30,-0.00394989643246,30,-2.01582915906e-05,30,0.00128817162476,30,-0.000494345033076,30,-0.012854516448,2022-07-07
2022-07-07,300,0.204847583892,0,13,-0.0207152590156,30,-0.00882856268436,30,0.00456780614331,30,0.00114483432844,30,0.000157672169735,30,0.00250177178532,30,0.000164639946888,30,0.000816438579932,30,0.00205376534723,30,0.00133841834031,30,0.0220536773559,2022-07-08
2022-07-08,300,0.099512571919,0,17,-0.0210006572306,30,-0.0140666943043,30,-0.0123993912712,30,-0.0168429072946,30,-0.017022818327,30,-0.0124362008646,30,-0.0122052868828,30,-0.0205010212958,30,-0.0116548202932,30,-0.0121476911008,30,0.00885296612978,2022-07-11
2022-07-11,300,0.225375061391,0,3,-0.012071297504,30,-0.0141431549564,30,-0.00890546478331,30,-0.0175268016756,30,-0.0126333041117,30,-0.00827583856881,30,-0.0059592067264,30,-0.00936777796596,30,-0.00147376058158,30,0.000931157672312,30,0.0130024551763,2022-07-12
2022-07-12,300,-0.0699766598341,0,17,0.00270062079653,30,-0.00185629131738,30,0.00413309549913,30,0.00451132468879,30,0.00301388697699,30,0.00742303114384,30,-0.00348531804048,30,-0.00519776949659,30,0.000906813133042,30,-0.0035125175491,30,-0.00621313834563,2022-07-13
2022-07-13,300,-0.21299089762,0,7,0.0170293916017,30,0.00801261421293,30,0.00423169322312,30,0.00582140497863,30,-0.000736826681532,30,-0.00198520021513,30,-0.00470583420247,30,-0.00233584037051,30,-0.00324462656863,30,-0.00825637765229,30,-0.025285769254,2022-07-14
2022-07-14,300,-0.0661533558908,0,5,-0.0103628095239,30,-0.0128372926265,30,-0.0243015717715,30,-0.00741355819628,30,-0.0147640984505,30,-0.0153065146878,30,-0.0210111383349,30,-0.017732553184,30,-0.013600314036,30,-0.0198716912419,30,-0.00950888171792,2022-07-15
2022-07-15,300,0.226785100139,0,68,0.00683244643733,30,0.0182004235685,30,0.00234135589562,30,0.00615424104035,30,0.00449808454141,30,0.0198779162019,30,0.00731716165319,30,0.0119571583346,30,0.0236179772764,30,0.0175319332629,30,0.0106994868256,2022-07-18
2022-07-18,300,0.238448478239,0,0,-0.0106087764725,30,-0.00635382952169,30,-0.00230789394118,30,-0.00445230212063,30,0.0022771100048,30,0.00500756688416,30,9.60787147051e-05,30,0.00177697732579,30,0.00251669296995,30,0.00348995323293,30,0.0140987297054,2022-07-19
2022-07-19,300,0.0607044697803,0,2,0.00703572807834,30,0.00282239518128,30,0.00850808806717,30,0.00614418787882,30,0.00323574151844,30,0.00326587748714,30,0.00165805814322,30,0.00608120951802,30,0.00956357363611,30,0.00734805641696,30,0.000312328338623,2022-07-20
2022-07-20,300,-0.0266211965116,0,3,-0.011109999381,30,-0.00726882833987,30,-0.00405336217955,30,-0.00322897033766,30,-0.0110457697883,30,-0.00587464589626,30,-0.0114380717278,30,-0.00737490644678,30,-0.00919726490974,30,-0.0104495389387,30,0.000660460442305,2022-07-21
2022-07-21,300,0.243112514564,0,47,-0.0150654856116,30,-0.0063451230526,30,-0.00404966669157,30,-0.00362379150465,30,-0.000582667184062,30,-0.00725318212062,30,-0.00164459750522,30,-0.00158758158796,30,0.00182273192331,30,-0.000884908426087,30,0.0141805771855,2022-07-22
2022-07-22,300,0.258842625238,0,0,-0.0183433964849,30,-0.00673398189247,30,-0.0140410102904,30,-0.0101800104603,30,-0.0107063073665,30,-0.0072249728255,30,-0.000828846299555,30,-0.00643196282908,30,-0.00437975535169,30,0.000372711831005,30,0.0187161083159,2022-07-25
2022-07-25,300,0.000322901625632,0,6,0.012999641709,30,0.00562509289011,30,0.0101865585893,30,0.0135983070359,30,0.0074069541879,30,0.00814050063491,30,0.00630852999166,30,0.00889669824392,30,0.00450463313609,30,0.008300463669,30,-0.00469917804003,2022-07-26
2022-07-26,300,-0.0161787057884,0,3,-0.00207209191285,30,-0.00283487048,30,0.00597369857132,30,-0.000518171000294,30,-0.00350418896414,30,-0.00451170001179,30,-0.00506805768237,30,-0.00529661169276,30,-0.0043856324628,30,-0.00446309428662,30,-0.00239100237377,2022-07-27
2022-07-27,300,0.179513885246,0,13,0.00280065927655,30,-0.00649126758799,30,-0.00807167310268,30,0.00445601763204,30,0.00883402023464,30,0.00161861383822,30,0.0101969102398,30,0.0044946433045,30,0.00615869741887,30,0.00759696541354,30,0.004796306137,2022-07-28
2022-07-28,300,0.12760518059,0,9,-0.0138409100473,30,-0.0189615823328,30,-0.016943404451,30,-0.0113196494058,30,-0.0168210957199,30,-0.015602751635,30,-0.0111603494734,30,-0.00999262090772,30,-0.00781735405326,30,-0.0146920643747,30,-0.000851154327393,2022-07-29
2022-07-29,299,-0.075927391452,1,12,0.0116037093103,30,0.00655285129324,30,0.00907727051526,30,0.0133661385626,30,0.00414409628138,30,0.0013023535721,30,-0.000623307598289,30,0.000415893387981,30,0.000619522703346,30,0.00321537861601,29,-0.00838833069429,2022-08-01
2022-08-01,299,0.011099059781,1,10,-0.0114303827286,30,-0.0183875728399,30,-0.0225405693054,30,-0.0273261070251,30,-0.0277204886079,30,-0.0253573972732,30,-0.0265530869365,30,-0.0281664431095,30,-0.0225701201707,30,-0.0141606600955,29,-0.00273027736694,2022-08-02
2022-08-02,299,-0.0880637850334,1,5,-0.00523429689929,30,-0.0045041940175,30,0.00270009436645,30,-0.00760616641492,30,-0.00668733334169,30,-0.00642635626718,30,-0.00362950353883,30,-0.0122565571219,30,-0.00726190395653,30,-0.00785846542567,29,-0.00262416852638,2022-08-03
2022-08-03,299,0.0849604273057,1,26,0.0125744482502,30,0.00213607540354,30,0.00745362229645,30,0.000538996828254,30,0.0108551839367,30,0.00511995144188,30,0.00838176999241,30,0.00980381201953,30,0.012862929143,30,0.00591731909662,29,-0.00665712915361,2022-08-04
2022-08-04,299,0.0264891921618,1,0,0.0262024141848,30,0.0207681693137,30,0.0130531629547,30,0.0112985773012,30,0.0204796120524,30,0.0245038177818,30,0.0186650045216,30,0.0162543449551,30,0.0146020054817,30,0.0189780034125,29,-0.00722441077232,2022-08-05
2022-08-05,299,-0.0227932366173,1,0,-0.00602384610102,30,0.00333767128177,30,0.00353024015203,30,0.00608205981553,30,-9.85622391454e-05,30,0.00178450345993,30,-0.000191954764887,30,-0.000164133307408,30,-0.00359624624252,30,0.000131627602968,29,0.00615547370398,2022-08-08
2022-08-08,299,-0.177640185808,1,8,0.0128794908524,30,0.0070905466564,30,0.00922999158502,30,-0.00322916102596,30,-0.00373854232021,30,-0.00356628885493,30,-0.00376420211978,30,-0.00109409692232,30,-0.00122564239427,30,-0.00308000016958,29,-0.0159594910219,2022-08-09
2022-08-09,299,0.189805626655,1,9,-0.00934633426368,30,-0.0124572096393,30,-0.0150311347097,30,-0.0111135942861,30,-0.0113948900253,30,-0.0144889075309,30,-0.00608480395749,30,-0.00912137981504,30,-0.00680036749691,30,-0.00238646520302,29,0.00695986906067,2022-08-10
2022-08-10,299,0.315875124423,1,8,0.00710783619434,30,0.0156022394076,30,0.0229406300932,30,0.0145364860073,30,0.024954456836,30,0.0253025535494,30,0.0263673234731,30,0.0279734916985,30,0.0268007740378,30,0.0256583727896,29,0.0185505365953,2022-08-11
2022-08-11,299,0.132779725355,1,0,-0.00859267544001,30,-0.00261965603568,30,-0.000805226969533,30,0.0014078974491,30,0.00210264930502,30,-0.0023770055268,30,0.00324516696855,30,0.00231301574968,30,0.00568027701229,30,-0.00721794972196,29,0.00137472571805,2022-08-12
2022-08-12,299,0.234910882991,1,9,-0.012662759982,30,-0.0103697422892,30,-0.00872571114451,30,-0.00384871568531,30,-0.00511942291632,30,-0.00150874059182,30,-0.00455578975379,30,0.00222483486868,30,0.00852749310434,30,-0.000515660329256,29,0.0121470996528,2022-08-15
2022-08-15,299,0.000570947621585,1,10,0.00599246798083,30,-0.00220912089571,30,-0.00222364673391,30,0.00172589020804,30,-0.00448268465698,30,-0.00805964227766,30,-0.00777151202783,30,-0.00426741642877,30,-0.00234601506963,30,0.000996098387986,29,-0.00499636959285,2022-08-16
2022-08-16,298,0.0429600392556,2,12,0.00168208673131,30,0.00552060408518,30,0.0148060377687,30,0.0107069257647,30,0.00685910088941,29,0.0156104620546,30,0.00582966022193,30,0.00867533497512,30,0.00828764680773,30,0.00663542142138,29,0.00495333469007,2022-08-17
2022-08-17,299,0.0350362899108,1,0,0.00291917333379,30,-0.0074878889136,30,-0.0148333553225,30,-0.0147406337783,30,-0.0077955564484,30,-0.00847172364593,30,-0.00929331406951,30,-0.00884136371315,30,-0.0118258437142,30,-0.000526434392668,29,-0.00344560772646,2022-08-18
2022-08-18,299,0.273199826899,1,15,-0.0130769396201,30,-0.0233058743179,30,-0.00629403209314,30,-0.0014516095398,30,-0.00819003023207,30,-0.00526470551267,30,0.00259187212214,30,-0.000531919824425,30,-0.00323416781612,30,-0.00199986319058,29,0.0110770764295,2022-08-19
2022-08-19,299,-0.0273728278318,1,23,0.00107392470818,30,0.0113027933985,30,0.010560917668,30,0.00510584097356,30,0.00947255920619,30,0.0117404023185,30,0.00720966840163,30,0.010413672775,30,0.00476092891768,30,0.0053038825281,29,0.00422995781992,2022-08-22
2022-08-22,299,-0.0456355390214,1,3,0.00304583110847,30,-0.00330394110642,30,-0.00832951068878,30,-0.0022561410442,30,-0.00402336101979,30,-0.00920757651329,30,-0.00663552666083,30,-0.00617896113545,30,-0.00328885717317,30,-0.0028047808446,29,-0.00585061195306,2022-08-23
2022-08-23,299,0.16333790847,1,12,-0.0264340620488,30,-0.0308476947248,30,-0.0195894744247,30,-0.0204938855022,30,-0.022314125672,30,-0.0174253843725,30,-0.0241425316781,30,-0.0204183030874,30,-0.0183075089008,30,-0.0135993920267,29,0.0128346700221,2022-08-24
2022-08-24,299,-0.0404002735041,1,34,0.0157021638006,30,0.00740600237623,30,0.000728535640519,30,0.00931924208999,30,0.00665096426383,30,0.00671052141115,30,0.00832217931747,30,0.0102716051042,30,0.0085678184405,30,0.00497636105865,29,-0.0107258027419,2022-08-25
2022-08-25,300,0.168556805603,0,0,-0.0100446855649,30,-0.00426859082654,30,-0.00385967292823,30,-0.00196770834737,30,-0.00348319998011,30,-0.00196225056425,30,0.00258091487922,30,-0.00405698595569,30,0.00341081619263,30,-0.00339634809643,30,0.0066483374685,2022-08-26
2022-08-26,300,0.0999015304011,0,8,0.000624984502792,30,-0.00487201008946,30,-0.00136129860766,30,-0.00387258525006,30,-0.0018722176319,30,-0.000185439988854,30,0.00154129858129,30,0.00291138491593,30,-0.00345737743191,30,-0.00298977294005,30,-0.00361475744285,2022-08-29
2022-08-29,300,0.148509434386,0,0,-0.0115052126348,30,-0.0021131853573,30,0.00303704338148,30,-0.00252785882913,30,0.00154021580238,30,0.00175708730239,30,0.000139663621667,30,-0.00337546272203,30,-0.00186268880498,30,0.00305479764938,30,0.0145600102842,2022-08-30
2022-08-30,300,-0.134015068604,0,2,-0.000908259535208,30,0.00414399523288,30,-0.00405424833298,30,0.0026208399795,30,-0.00308986892924,30,-7.60197654017e-05,30,-0.000876702892128,30,-0.00648120231926,30,-0.0078830299899,30,-0.0111515326425,30,-0.0102432731073,2022-08-31
2022-08-31,300,0.0923561546273,0,6,-0.00651626009494,30,-0.00696903467178,30,-0.00531586399302,30,-0.0104203466326,30,-0.00789087172598,30,-0.00480849156156,30,0.000293268763926,30,-0.00661111855879,30,-0.0100263357162,30,-0.00381723046303,30,0.00269902963191,2022-09-01
2022-09-01,300,0.31164823455,0,25,-0.00490939617157,30,-0.0106109343469,30,-0.00603352393955,30,-0.00386886391789,30,-0.000607804453466,30,-0.00323394942097,30,-0.000632848357782,30,-0.00133092806209,30,0.00250693946145,30,0.00349039630964,30,0.00839979248121,2022-09-02
2022-09-02,300,-0.0131713159982,0,5,0.00760702509433,30,0.00926458835602,30,-0.00637796334922,30,-0.00570729188621,30,-0.000499987625517,30,-0.00982177630067,30,0.000387628882891,30,0.00122164492495,30,-7.34806089895e-05,30,0.000253224367043,30,-0.00735380072729,2022-09-05
2022-09-05,300,0.0375028987038,0,3,0.0109096169472,30,0.0115312915295,30,0.00736942095682,30,0.0132884979248,30,0.00934882368892,30,0.0145145552233,30,0.00953747797757,30,0.0118497451767,30,0.0171004347503,30,0.00852376781404,30,-0.00238584913313,2022-09-06
2022-09-06,300,-0.250023139612,0,0,0.013813700527,30,0.00636874418706,30,0.00273655843921,30,0.00446124654263,30,0.00262037711218,30,-0.00152337749023,30,-0.00329029769637,30,-0.00122884509619,30,-0.0030226111412,30,-0.00513019179925,30,-0.0189438923262,2022-09-07
2022-09-07,300,0.135314000785,0,5,-0.011358785443,30,-0.00682770414278,30,-0.00824969448149,30,-0.0034488956444,30,0.00031690398464,30,0.00188604788855,30,-0.00257565383799,30,-0.00409926567227,30,-0.00434828409925,30,-0.00367795233615,30,0.00768083310686,2022-09-08
2022-09-08,300,0.0780980841106,0,23,0.0149546107277,30,0.0084574399516,30,0.00882635358721,30,0.0106411362067,30,0.0208353083581,30,0.0163587518036,30,0.00692323828116,30,0.00992971286178,30,0.0133631387725,30,0.0120417037979,30,-0.00291290692985,2022-09-09
2022-09-09,300,0.0232595142765,0,0,-0.000465770572191,30,-0.00120443699416,30,0.00195461302064,30,0.000155919784447,30,0.000125956532429,30,0.00650646490976,30,0.00299171800725,30,0.000823847425636,30,0.00558357452974,30,0.00375482044183,30,0.00422059101402,2022-09-13
2022-09-13,300,-0.112997946076,0,6,-0.00740104494616,30,-0.00944272894412,30,-0.00197895173915,30,-0.013904215768,30,-0.0115980627015,30,-0.0124300317839,30,-0.00956088118255,30,-0.00981180649251,30,-0.0136116463691,30,-0.0100723681971,30,-0.00267132325098,2022-09-14
2022-09-14,300,0.0315004008472,0,9,-0.00231894454919,30,-0.00950592942536,30,-0.0163271594793,30,-0.0130585255101,30,-0.0174774434417,30,-0.00972970295697,30,-0.0199613161385,30,-0.0128133771941,30,-0.0105434460565,30,-0.00344350142404,30,-0.00112455687486,2022-09-15
2022-09-15,300,0.029852779459,0,2,-0.0187658071518,30,-0.0262706652284,30,-0.022469503805,30,-0.0313446037471,30,-0.0247111339122,30,-0.0261868424714,30,-0.0242026727647,30,-0.0274438783526,30,-0.0236630979925,30,-0.0259195547551,30,-0.0071537476033,2022-09-16
2022-09-16,300,0.0328006948891,0,91,-0.00876481924206,30,-0.00424410495907,30,-0.00553469080478,30,-0.00487634958699,30,0.00362484250218,30,-0.00968870893121,30,-0.00442031631246,30,-0.00516533246264,30,-0.00592383742332,30,-0.00131158030126,30,0.0074532389408,2022-09-19
2022-09-19,300,0.0656098730375,0,0,0.0047525963746,30,-0.000767521036323,30,-3.18348393193e-05,30,-0.0026178797707,30,0.00411939015612,30,0.00792691949755,30,0.00359584088437,30,0.000783119583502,30,-0.00113900308497,30,0.00155662302859,30,-0.00319597334601,2022-09-20
2022-09-20,300,0.3612869992,0,9,-0.0116488672793,30,-0.00832628645003,30,-0.00840081181377,30,-0.0153786856681,30,-0.00664398865774,30,-0.00455540418625,30,0.00142268335912,30,0.00052946008509,30,-0.000356119882781,30,0.00412571011111,30,0.0157745773904,2022-09-21
2022-09-21,300,0.102694624739,0,8,-0.0141042647883,30,-0.00571066141129,30,-0.00358012528159,30,-0.00793533120304,30,-0.00556313013658,30,-0.0104975523427,30,-0.00552155589685,30,-0.011340607889,30,-0.00388932437636,30,-0.00740728992969,30,0.00669697485864,2022-09-22
2022-09-22,300,0.0588486807991,0,7,-0.00394139904529,30,-0.0137118874118,30,-0.00990095734596,30,-0.00814598426223,30,0.000127959254314,30,-0.0069508831948,30,-0.00469970703125,30,-0.00411651935428,30,-0.00485986657441,30,-0.0113146007061,30,-0.00737320166081,2022-09-23
2022-09-23,300,-0.139676973471,0,5,-0.00927886366844,30,-0.0109968977049,30,0.00198414316401,30,-0.0127817057073,30,-0.00673992047086,30,-0.00321039347909,30,-0.0116182919592,30,-0.0110148405656,30,-0.0215256921947,30,-0.0163625273854,30,-0.00708366371691,2022-09-26
2022-09-26,300,-0.0693189061008,0,28,0.0124038336799,30,0.0235710740089,30,0.0262935161591,30,0.0120828747749,30,0.0173971354961,30,0.0172921810299,30,0.0168319586664,30,0.0168134029955,30,0.0176242291927,30,0.0145049309358,30,0.00210109725595,2022-09-27
2022-09-27,300,-0.063833453946,0,2,-0.0105832638219,30,-0.0106442095712,30,-0.019249657169,30,-0.0222499128431,30,-0.0271956399083,30,-0.0210203006864,30,-0.0264520980418,30,-0.0200970228761,30,-0.0186661053449,30,-0.0105205737054,30,6.26901164651e-05,2022-09-28
2022-09-28,300,-0.0500577094794,0,44,0.00110385613516,30,-0.00231558084488,30,-0.00405182829127,30,0.00281198229641,30,-0.00231345882639,30,0.000655370939057,30,-0.00282953982241,30,-0.00396381830797,30,0.00133545591962,30,-0.00305170426145,30,-0.00415556039661,2022-09-29
2022-09-29,300,0.310502160355,0,8,-0.0172837078571,30,-0.0174443852156,30,-0.00906577892601,30,-0.00451883254573,30,-0.00305400881916,30,-0.00417126435786,30,0.00140002171975,30,0.00116048648488,30,0.000927589309867,30,-8.7344647909e-05,30,0.0171963632092,2022-09-30
2022-09-30,300,-0.258167708177,0,15,0.00163685483858,30,-0.0193080492318,30,-0.01629771851,30,-0.0203582774848,30,-0.0204026643187,30,-0.0130126532167,30,-0.0230898819864,30,-0.0341372080147,30,-0.0299705341458,30,-0.0357501134276,30,-0.0373869682662,2022-10-10
2022-10-10,300,0.083615611919,0,17,-0.00231806049123,30,-0.00394480628893,30,-0.00340353837237,30,-0.00753714237362,30,0.00284570665099,30,0.00540182786062,30,0.00189900991973,30,0.00249344715849,30,-0.000884284556378,30,-0.00530597567558,30,-0.00298791518435,2022-10-11
2022-10-11,300,0.0243795309808,0,5,0.0209072865546,30,0.0248078238219,30,0.0127787394449,30,0.0142740551382,30,0.022115316242,30,0.0226563028991,30,0.0243600979447,30,0.0142879132181,30,0.0247905962169,30,0.0151025690138,30,-0.00580471754074,2022-10-12
2022-10-12,300,-0.0824406469405,0,0,-0.00287335109897,30,-0.00266853370704,30,-0.000638415396679,30,0.00280392775312,30,0.00677779735997,30,0.00488166417927,30,-0.00126218993682,30,-0.00733505468816,30,-0.00590995373204,30,-0.00831827893853,30,-0.00544492783956,2022-10-13
2022-10-13,300,-0.0871508144007,0,4,0.0451445430517,30,0.0332640595734,30,0.0175586566329,30,0.017659932375,30,0.0223439522088,30,0.0208958350122,30,0.0196434054524,30,0.0240308437496,30,0.0207580830902,30,0.0188871584833,30,-0.0262573845685,2022-10-14
2022-10-14,300,-0.0435066675389,0,7,0.00594658637419,30,0.00832497514784,30,0.00891122035682,30,0.00441602664068,30,0.00913938693702,30,0.00256299576722,30,0.000846099865157,30,0.00524668116122,30,0.000563520181458,30,0.00566558260471,30,-0.000281003769487,2022-10-17
2022-10-17,300,0.0641413941223,0,5,-0.00301945419051,30,-0.00520580820739,30,-0.00314131984487,30,0.000877012789715,30,-0.00284525146708,30,-0.00302607030608,30,-0.000211187201785,30,-0.00135952234268,30,-0.00441846670583,30,-0.00206845998764,30,0.000950994202867,2022-10-18
2022-10-18,300,0.207321557078,0,10,-0.0184080619365,30,-0.0140090845525,30,-0.0126328328624,30,-0.0169939734042,30,-0.0194878000766,30,-0.0129220448434,30,-0.01189245563,30,-0.0138611812145,30,-0.0074093779549,30,-0.0113521693274,30,0.00705589260906,2022-10-19
2022-10-19,300,0.165212904174,0,63,0.00210470170714,30,0.00168580608442,30,-0.00346029014327,30,-0.0138448579237,30,-8.28305855975e-05,30,-0.00130997097585,30,0.00216527585872,30,0.0031212111935,30,0.00321131339297,30,0.00454334402457,30,0.00243864231743,2022-10-20
2022-10-20,300,0.1792664711,0,6,-0.00176052644383,30,-0.00548720546067,30,-0.00704298028722,30,-0.000115758179163,30,-0.00179767410737,30,-0.00466701574624,30,-0.000291091215331,30,0.00107700226363,30,-0.000462871801574,30,0.00154857838061,30,0.00330910482444,2022-10-21
2022-10-21,300,0.0128265687659,0,14,-0.0164534933865,30,-0.0180110819638,30,-0.017809342593,30,-0.0309616401792,30,-0.0296836271882,30,-0.0239106342196,30,-0.0259956661612,30,-0.0234936382622,30,-0.0151393217966,30,-0.0257036630064,30,-0.00925016961992,2022-10-24
2022-10-24,300,0.0207443828656,0,21,-0.00502412300557,30,-0.00200850772671,30,0.00680483365431,30,-0.000765724980738,30,-0.0026713788975,30,-0.015572430566,30,0.00173705222551,30,-0.00458228588104,30,-0.00205891323276,30,-0.00583664979786,30,-0.000812526792288,2022-10-25
2022-10-25,299,-0.119085168906,1,5,0.0261091906577,30,0.0154436193407,30,0.0120066879317,30,0.0173821114004,30,0.0174048356712,30,0.0169980656356,30,0.0239665582776,30,0.0192105006427,30,0.00796740036458,30,0.00542469276115,29,-0.0206844978966,2022-10-26
2022-10-26,299,-0.0910174877218,1,7,0.0142179746181,30,-0.00271225580946,30,-0.0127146597952,30,-0.00333455996588,30,0.00380466179922,30,-0.00611458811909,30,-0.000203404822969,30,-0.00762455863878,30,0.00102232699282,30,-0.00284281885251,29,-0.0170607934706,2022-10-27
2022-10-27,300,-0.0904175832734,0,22,-0.0204998459667,30,-0.0247854702175,30,-0.0299664512277,30,-0.0195587780327,30,-0.0196128170937,30,-0.026802925393,30,-0.0230032876134,30,-0.0278368126601,30,-0.0316818132997,30,-0.0284974407405,30,-0.00799759477377,2022-10-28
2022-10-28,300,-0.0272498499888,0,14,0.00164577167016,30,-0.00841252412647,30,-0.00423600478098,30,-0.0134947896004,30,-0.00121703743935,30,-0.0119324661791,30,-0.00770308170468,30,-0.0034125407692,30,-0.00897544063628,30,-0.0159402992576,30,-0.0175860709278,2022-10-31
2022-10-31,300,0.0739784095593,0,8,0.0125948823988,30,0.0329723507166,30,0.0325324498117,30,0.0311669800431,30,0.034493047744,30,0.0356150940061,30,0.0352403260767,30,0.0389681011438,30,0.0359040014446,30,0.0170450285077,30,0.00445014610887,2022-11-01
2022-11-01,300,-0.356069057427,0,0,0.0256559383124,30,0.0217548813671,30,0.0173058137298,30,0.022183323279,30,0.0154624599963,30,0.0127889690921,30,0.0115369241685,30,0.0141498111188,30,0.00532046752051,30,0.00198703212664,30,-0.0236689061858,2022-11-02
2022-11-02,300,0.149489257817,0,0,-0.00858057569712,30,-0.00685759400949,30,-0.000190156701137,30,-0.0115676419809,30,-0.00487377028912,30,-0.00366650032811,30,0.000974130642135,30,4.5428674639e-05,30,-0.00580171728507,30,-0.000554829835892,30,0.00802574586123,2022-11-03
2022-11-03,300,0.0594282158691,0,0,0.0259220469743,30,0.0213357266039,30,0.0245029628277,30,0.031415771693,30,0.0279918517917,30,0.032101560384,30,0.0368405468762,30,0.0259044971317,30,0.0251098889858,30,0.0245784334838,30,-0.00134361349046,2022-11-04
2022-11-04,300,-0.149714531242,0,0,0.0082122348249,30,0.00247719674371,30,0.00401197653264,30,0.00506202783436,30,0.00421319808811,30,0.00361652579159,30,0.00261896848679,30,0.00144594907761,30,0.00032202998409,30,-0.00568244652823,30,-0.0138946813531,2022-11-07
2022-11-07,300,0.120503390094,0,0,-0.0111115062609,30,-0.00977099128067,30,-0.00551376352087,30,-0.00699541158974,30,-0.00586248049513,30,-0.00478782644495,30,-0.00316437683068,30,-0.00552626838908,30,-0.0053435722366,30,-0.00477861938998,30,0.00633288687095,2022-11-08
2022-11-08,300,0.217097698696,0,0,-0.0125944595784,30,-0.00651784753427,30,-0.00788818579167,30,-0.0090758819133,30,0.000298537808703,30,-0.00468599610031,30,-0.00800841208547,30,-0.00707590999082,30,-0.00481275701895,30,-0.00257638702169,30,0.0100180725567,2022-11-09
2022-11-09,300,0.169075682679,0,20,-0.0125175714493,30,-0.0114787714556,30,-0.0081437882036,30,-0.00915832910687,30,-0.0085410233587,30,-0.0043596685864,30,-0.00750921154395,30,-0.00523771438748,30,-0.0079066157341,30,-0.00540932593867,30,0.00710824551061,2022-11-10
2022-11-10,300,-0.172734884936,0,3,0.0265240650624,30,0.0254827346653,30,0.0317668840289,30,0.0275561287999,30,0.0268954318017,30,0.0220205690712,30,0.020667348057,30,0.0215160250664,30,0.023022942245,30,0.00967661757022,30,-0.0168474474922,2022-11-11
2022-11-11,300,-0.0745411831027,0,9,0.0190675221384,30,0.0035237451084,30,0.00116083025932,30,-0.00566495256498,30,0.00109680893365,30,0.00121588306502,30,-0.00775395240635,30,-0.00945888739079,30,0.00529059162363,30,0.00846328493208,30,-0.0106042372063,2022-11-14
2022-11-14,300,0.112361235995,0,3,0.0205295030028,30,0.0191401913762,30,0.0142204640433,30,0.0296534467489,30,0.0213045459241,30,0.0199601575732,30,0.0183501876891,30,0.0230693873018,30,0.0213828254491,30,0.0162422526628,30,-0.00428725033998,2022-11-15
2022-11-15,300,0.322408182849,0,0,-0.0123360157013,30,-0.017369415611,30,-0.0103604551405,30,-0.0081967767328,30,-0.00984821561724,30,-0.00685380492359,30,-0.00415200600401,30,-0.00240680179559,30,-0.000398615986342,30,0.000180635848665,30,0.01251665155,2022-11-16
2022-11-16,300,-0.0195871991736,0,12,0.00604096846655,30,-0.00664324173704,30,-0.00217552785762,30,0.000123941892525,30,0.00719190435484,30,0.00192602677271,30,0.00338799948804,30,-0.00406421627849,30,-0.00393106322736,30,-0.00408572750166,30,-0.0101266959682,2022-11-17
2022-11-17,300,0.317092756394,0,0,-0.022365424782,30,-0.0111585240811,30,-0.00100074405782,30,-0.00346106500365,30,-0.010656340979,30,0.00163743889425,30,-0.00166568951681,30,-0.00399203086272,30,-0.00441227341071,30,-0.00217084679753,30,0.0201945779845,2022-11-18
2022-11-18,300,0.13260446603,0,48,-0.0108945155516,30,-0.00693144183606,30,-0.00773793039843,30,-0.0104680415243,30,-0.0116814021021,30,-0.00720517430454,30,-0.00543031096458,30,-0.00492175435647,30,-0.00333755207248,30,-0.00148954195902,30,0.00940497359261,2022-11-21
2022-11-21,300,0.410216381317,0,2,-0.0211088992655,30,-0.00474356021732,30,-0.00785449519753,30,-0.00935150589794,30,-0.00353099103086,30,-0.00161747331731,30,0.00243529677391,30,0.00224266457371,30,0.0119265140966,30,0.0135891716927,30,0.0346980709583,2022-11-22
2022-11-22,300,-0.177380293116,0,0,0.0105345109478,30,0.00503827352077,30,3.01082927763e-05,30,-0.000517135835253,30,-0.00293749780394,30,0.00204833550379,30,-0.00732452888042,30,-0.00108139915392,30,-0.000420093536377,30,-0.00429892353714,30,-0.0148334344849,2022-11-23
2022-11-23,300,0.175810094908,0,0,-0.00906753912568,30,-0.00826115254313,30,0.000334813201334,30,-0.00246666069143,30,-0.00207224697806,30,-0.00413965573534,30,-0.00379874906503,30,0.0010224620346,30,0.00129895412829,30,-0.00171983835753,30,0.00734770076815,2022-11-24
2022-11-24,300,0.00315895487607,0,8,0.0158350002021,30,0.004661496263,30,-0.0037082512863,30,0.00276406598277,30,0.00743343215436,30,-0.0017976105446,30,0.00602897210047,30,0.00185760064051,30,0.00293731899001,30,0.00690566096455,30,-0.00892933923751,2022-11-25
2022-11-25,300,0.109255762251,0,9,-0.0147932907566,30,-0.0130195105448,30,-0.0144300796092,30,-0.0085752941668,30,-0.0114232683554,30,-0.00430114287883,30,-0.00581139139831,30,-0.00437103491277,30,-0.00615124125034,30,-0.0147042535245,30,8.9037232101e-05,2022-11-28
2022-11-28,300,0.00233513705708,0,0,0.0308354254812,30,0.0171386897564,30,0.0259918998927,30,0.0285517927259,30,0.0286859273911,30,0.0285275820643,30,0.0172740183771,30,0.0280158892274,30,0.0235476531088,30,0.0266109537333,30,-0.00422447174788,2022-11-29
2022-11-29,300,0.204169789478,0,0,-0.00209563365206,30,-0.00169816415291,30,-0.0101990643889,30,-0.00497544603422,30,0.00344130001031,30,0.00694212922826,30,0.00300022750162,30,-0.000102349120425,30,0.00487204594538,30,0.00678837113082,30,0.00888400478289,2022-11-30
2022-11-30,300,0.152199779378,0,12,0.00373071222566,30,0.00804924964905,30,0.00845073442906,30,0.0096876360476,30,0.00581060443074,30,0.00838887318969,30,0.0195813700557,30,0.0136805232614,30,0.00943304505199,30,0.0105361519381,30,0.00680543971248,2022-12-01
2022-12-01,300,0.0895116220403,0,19,-0.0088199255988,30,-0.00333740119822,30,-0.00798233505338,30,-0.00733861140907,30,-0.007537859492,30,-0.00209138193168,30,-0.00723491888493,30,-0.0066677252762,30,-0.00519756693393,30,-0.00698881736025,30,0.00183110823855,2022-12-02
2022-12-02,299,0.0599140250296,1,10,0.00415898347273,30,0.0278445258737,30,0.0232275053859,30,0.0206071380526,30,0.0281812362373,30,0.0141515117139,30,0.0193415917456,30,0.0231297053397,30,0.0209260378033,30,0.0200908984989,29,0.0159319150262,2022-12-05
2022-12-05,299,0.262097334233,1,0,-0.00780039047822,30,0.000966117775533,30,-0.00241285166703,30,0.000842475914396,30,0.00968118943274,30,0.00531133404002,30,0.0110009172931,30,0.00233867974021,30,0.00920987129211,30,0.0101606026292,29,0.0179609931074,2022-12-06
2022-12-06,299,-0.146354394637,1,0,-0.00135692954063,30,0.00483724055812,30,-0.00112532777712,30,-0.00468249525875,30,-0.0066309212707,30,-0.00573566555977,30,-0.0113587239757,30,-0.00819579977542,30,-0.00692818174139,30,-0.00279255164787,29,-0.00143562210724,2022-12-07
2022-12-07,299,-0.0160612245242,1,4,0.00258305878378,30,-0.00589579949155,30,-0.00268642115407,30,0.00335046648979,30,0.0015387077583,30,0.000289318966679,30,-0.00516538601369,30,-0.00186319951899,30,-0.00294529204257,30,-0.000180141680175,29,-0.00276320046396,2022-12-08
2022-12-08,299,0.0513670260643,1,0,0.00671061687171,30,0.00548926601186,30,0.00352945714258,30,0.0103413267061,30,0.00638215523213,30,0.00514755072072,30,0.00514706969261,30,0.0056648850441,30,0.00865745358169,30,0.00445631658658,29,-0.00225430028513,2022-12-09
2022-12-09,299,0.317303129679,1,4,-0.0196280423552,30,-0.022955050692,30,-0.00891298428178,30,-0.0136796412989,30,-0.0100391209126,30,-0.00563317956403,30,-0.0115411859006,30,-0.0079637048766,30,-0.000706311082467,30,0.00419706525281,29,0.023825107608,2022-12-12
2022-12-12,299,0.350484084645,1,14,-0.00849022436887,30,-0.0136227207258,30,-0.0125131411478,30,-0.007852492854,30,0.00250751967542,30,0.00533322710544,30,0.0056502004154,30,0.000347099703504,30,0.00372914480977,30,0.00463035190478,29,0.0131205762736,2022-12-13
2022-12-13,299,-0.0446135723103,1,7,-0.00136247870978,30,0.00828560162336,30,-0.00216678576544,30,0.00290398788638,30,0.000838140666019,30,-0.00241184839979,30,0.00372740416788,30,-0.00280385208316,30,0.00126275816001,30,0.00399919226766,29,0.00536167097744,2022-12-14
2022-12-14,299,0.227584281164,1,5,-0.00797672476619,30,-0.00698497472331,30,-0.00870118569583,30,0.0016121546505,30,0.00144770345651,30,-0.00047237277613,30,-0.0040163914673,30,1.37865545184e-05,30,-0.00128019053955,30,0.00570359313861,29,0.0136803179048,2022-12-15
2022-12-15,299,0.458627930013,1,11,-0.0142587916926,30,-0.0136444484815,30,-0.00549200782552,30,-0.00286591053009,30,0.00260390434414,30,0.00968203973025,30,0.00439590401947,30,0.00349606876262,30,0.00933014787734,30,0.00554639101028,29,0.0198051827028,2022-12-16
2022-12-16,299,-0.00986689412134,1,0,-0.0230957008898,30,-0.0178696084768,30,-0.0203803312033,30,-0.0159437768161,30,-0.0179497394711,30,-0.0169388093054,30,-0.0230013094842,30,-0.0205410122871,30,-0.0189062952995,30,-0.0193064622581,29,0.00378923863173,2022-12-19
2022-12-19,300,0.18783389542,0,5,-0.0196686945856,30,-0.0139210959896,30,-0.0156639479101,30,-0.01408761926,30,-0.0109075130895,30,-0.0123409908265,30,-0.011609476991,30,-0.00821768213063,30,-0.0067871469073,30,-0.0125109450892,30,0.0071577494964,2022-12-20
2022-12-20,300,0.102839368965,0,11,-0.00488582858816,30,-0.00261679501273,30,-0.00397084932774,30,-0.00422999076545,30,-0.00165340898093,30,0.000342649233062,30,-0.0019129216671,30,-0.00307090883143,30,0.0021872620564,30,-0.00226523075253,30,0.00262059783563,2022-12-21
2022-12-21,300,-0.0652544847643,0,8,0.00547000952065,30,-0.00212684483267,30,-0.00518705649301,30,0.00803873501718,30,-0.00177243549842,30,0.000408977270126,30,0.000168961283634,30,-0.00655545387417,30,-0.00479784002528,30,-0.00209699478,30,-0.00756700430065,2022-12-22
2022-12-22,300,-0.0729714999728,0,2,0.00299160089344,30,-0.00117276108358,30,-0.00437298230827,30,-0.00226998119615,30,-0.00140409672167,30,-0.0054996451363,30,-0.000409803789807,30,-0.00283108558506,30,-0.000714341818821,30,-0.00367650599219,30,-0.00666810688563,2022-12-23
2022-12-23,300,0.000839039248718,0,6,0.00189523701556,30,0.0137404818088,30,0.00927437562495,30,0.00540580367669,30,0.0092323506251,30,0.0117928786203,30,0.00946793984622,30,0.00344498152845,30,0.00359180779196,30,0.00297196512111,30,0.00107672810555,2022-12-26
2022-12-26,300,0.170304985912,0,8,0.0130633311346,30,0.00661968579516,30,0.00634954962879,30,0.0113987447694,30,0.00986449141055,30,0.0122957490385,30,0.0176498834044,30,0.0135535402223,30,0.0149116935208,30,0.0142975170165,30,0.00123418588191,2022-12-27
2022-12-27,300,0.025430519914,0,0,-0.00579223455861,30,-0.00310214562342,30,-0.00750642595813,30,-0.00686007551849,30,-0.00682279467583,30,-0.00850897654891,30,-0.00258293957449,30,-0.00444911140949,30,-0.00609057536349,30,-0.00269387359731,30,0.0030983609613,2022-12-28
2022-12-28,300,0.105071750392,0,3,-0.000117929776025,30,-0.00714265089482,30,-0.0066923359409,30,-0.000784508360084,30,-0.00564173050225,30,-0.0049608964473,30,-0.00295145716518,30,-0.000957957876381,30,-0.00104167265818,30,0.000236014529946,30,0.000353944305971,2022-12-29
2022-12-29,300,-0.0288050881993,0,11,0.00872576609254,30,0.00339157972485,30,-0.00152112846263,30,0.00425559887663,30,0.00380118493922,30,0.00513226399198,30,0.00422645034268,30,0.00156406557653,30,0.0032417178154,30,0.0010851144325,30,-0.00764065166004,2022-12-30
2022-12-30,300,0.186910217828,0,10,0.00293997535482,30,0.00242725620046,30,0.00609950209036,30,0.00502032646909,30,0.00609825039282,30,0.0074146091938,30,0.010394340381,30,0.00665063876659,30,0.0162429716438,30,0.0083443261683,30,0.00540435081348,2023-01-03
2023-01-03,300,0.257119424845,0,0,0.00109814608004,30,-0.00978459324688,30,-0.00900649465621,30,-0.000234538310906,30,-0.00527016306296,30,-0.00173218245618,30,0.00260357069783,30,0.0060516516678,30,0.00536048831418,30,0.012756687589,30,0.011658541509,2023-01-04
2023-01-04,300,0.0633693820068,0,5,0.012425031513,30,0.0127595961094,30,0.0165080893785,30,0.00822418089956,30,0.0214435067028,30,0.0213957820088,30,0.0135628636926,30,0.0148446699604,30,0.0148020302877,30,0.0168848242611,30,0.00445979274809,2023-01-05
2023-01-05,300,-0.0777736047998,0,5,0.00419810833409,30,0.00215940084308,30,0.00634687533602,30,0.0127156116068,30,0.00472657289356,30,0.00711409654468,30,-0.000623631465714,30,-0.00179336662404,30,-0.00366924214177,30,0.000122793513583,30,-0.00407531482051,2023-01-06
2023-01-06,300,-0.0959833805485,0,7,0.00768371811137,30,0.0100164972246,30,0.0108391521499,30,0.0154826659709,30,0.00442119827494,30,0.00758898444474,30,0.00413611344993,30,0.00546152982861,30,0.0038252195809,30,0.00370673742145,30,-0.00397698068991,2023-01-09
2023-01-09,300,-0.0588316538889,0,7,0.00108644762076,30,0.00126128003467,30,0.0029187342152,30,0.0025044917129,30,0.000108416876174,30,-0.000714669644367,30,0.00353602180257,30,-0.000460145878606,30,-6.15060343989e-05,30,-0.00152121589053,30,-0.0026076635113,2023-01-10
2023-01-10,300,0.217389091619,0,14,-0.00768965668976,30,-0.0100266598165,30,-0.0029516578652,30,-0.00596895394847,30,-0.00766661763191,30,-0.000334453594405,30,-0.0023031453602,30,-0.00233172182925,30,-0.00173149700277,30,-0.000912310671993,30,0.00677734601777,2023-01-11
2023-01-11,300,0.0640565250371,0,25,0.00530667509884,30,-0.00277714338154,30,1.24653179228e-05,30,-0.00139853951987,30,-0.00120590126608,30,-0.0012062669266,30,0.00283295707777,30,0.00442928494886,30,0.00177854695357,30,0.00368624133989,30,-0.00162043375894,2023-01-12
2023-01-12,300,0.160488362067,0,4,0.00140057608951,30,0.00983773823828,30,0.0139215309173,30,0.0109189786017,30,0.00891225319356,30,0.0115405879915,30,0.0190946832299,30,0.0202324930578,30,0.0116693573073,30,0.00877674855292,30,0.00737617246341,2023-01-13
2023-01-13,300,-0.0393500197733,0,2,0.0184902567416,30,0.0117288073525,30,0.0198668632656,30,0.0179484505206,30,0.0117521006614,30,0.014366004616,30,0.0120565714315,30,0.0176356472075,30,0.0126689793542,30,0.0152715723962,30,-0.00321868434548,2023-01-16
2023-01-16,300,-0.188182838304,0,2,0.00631780223921,30,0.00168377754744,30,0.00277507910505,30,0.00421916460618,30,0.00457026343793,30,0.00152040913235,30,0.00334516167641,30,-0.00132662057877,30,-0.00209026923403,30,-0.00257907109335,30,-0.00889687333256,2023-01-17
2023-01-17,300,0.309170351202,0,0,-0.00661292253062,30,-0.00598236918449,30,-0.00491488398984,30,0.00313728651963,30,-0.0016455729492,30,0.00234287581407,30,0.00255715055391,30,0.00349449506029,30,0.00609604502097,30,0.00342044234276,30,0.0100333648734,2023-01-18
2023-01-18,300,-0.0936024351101,0,5,0.0101464930922,30,0.0104467095807,30,0.00875403080136,30,0.0138429859653,30,0.00854238495231,30,0.00515244621783,30,0.00428604101762,30,0.00725617399439,30,0.00631907582283,30,0.0047579803504,30,-0.00538851274177,2023-01-19
2023-01-19,300,0.290645037853,0,0,-0.00351731968112,30,0.00155684747733,30,0.00774213671684,30,0.00754576502368,30,0.0075600980781,30,0.00690805912018,30,0.0106445867568,30,0.00772991962731,30,0.0106068169698,30,0.00996755994856,30,0.0134848796297,2023-01-20
2023-01-20,300,-0.0154727977213,0,0,0.000516907370184,30,-0.00193694233894,30,0.00574430404231,30,0.011719584465,30,-0.000931356335059,30,0.0145384194329,30,0.00503491563722,30,-0.00112180516589,30,0.00396483158693,30,-0.00298840203322,30,-0.00350530940341,2023-01-30
2023-01-30,300,0.190934454859,0,13,-0.0209752246737,30,-0.0170569121838,30,-0.00981095433235,30,-7.52051637392e-05,30,-0.00338492798619,30,-0.00421578297392,30,-0.00214496045373,30,-0.0064130583778,30,-0.00986383575946,30,-0.00432448973879,30,0.016650734935,2023-01-31
2023-01-31,300,-0.0476828538082,0,17,0.0112465796992,30,0.0153936585411,30,0.00929608568549,30,0.0117546999827,30,0.0134851355106,30,0.0139905726537,30,0.0160354971886,30,0.0125703001395,30,0.0103440480307,30,0.00827171839774,30,-0.00297486130148,2023-02-01
2023-02-01,300,0.017023850636,0,0,-0.000112301109766,30,-0.00501423887908,30,0.00250167655759,30,-0.00227923784405,30,-0.00108575623017,30,-0.00389784178697,30,0.000867223716341,30,-0.000726260768715,30,-0.00492830295116,30,0.00252006645314,30,0.00263236756291,2023-02-02
2023-02-02,300,0.0772043214589,0,7,-0.00349820661359,30,-0.00637371931225,30,-0.00711226044223,30,-0.00816331524402,30,-0.0118658030406,30,-0.00790137890726,30,-0.00945202913135,30,-0.00453218026087,30,-0.00528761744499,30,-0.00483939051628,30,-0.0013411839027,2023-02-03
2023-02-03,300,0.12888665725,0,3,-0.00626728124917,30,-0.0124573353678,30,-0.0150508582592,30,-0.00788158550858,30,-0.0139426188543,30,-0.0134956436232,30,-0.0136913554743,30,-0.0104503212497,30,-0.00934245344251,30,-0.00513549847528,30,0.00113178277388,2023-02-06
2023-02-06,300,0.117621894829,0,7,0.0058229425922,30,-0.000889903283678,30,0.000759553920943,30,0.00622228998691,30,0.00442305393517,30,0.00179387326352,30,0.000179209309863,30,0.00704713445157,30,0.00157936022151,30,0.00449530081823,30,-0.00132764177397,2023-02-07
2023-02-07,300,0.163925092771,0,2,-0.00489998469129,30,-0.00433838181198,30,-0.00698537612334,30,-0.00410081166774,30,-0.00329341483302,30,-0.00790196470916,30,-0.00395239377394,30,-0.00302317738533,30,-0.00215627346188,30,-0.00323513755575,30,0.00166484713554,2023-02-08
2023-02-08,300,0.139665608992,0,27,0.0118276970461,30,0.0142341498286,30,0.0177239347249,30,0.0102222105488,30,0.0146695496514,30,0.012278306298,30,0.0114743867889,30,0.0147306043655,30,0.0157324876636,30,0.0191104840487,30,0.00728278700262,2023-02-09
2023-02-09,300,0.0769585167533,0,0,-0.00596624007449,30,-0.0031527557876,30,0.00101491808891,30,-0.00762254418805,30,-0.013394266367,30,-0.00130740995519,30,-0.00985748134553,30,-0.00393298268318,30,-0.00182421202771,30,0.000315829121973,30,0.00628206919646,2023-02-10
2023-02-10,300,-0.101581324072,0,2,0.0140959797427,30,0.0159427877516,30,0.00943024549633,30,0.00392988929525,30,0.00776510452852,30,0.00718058738858,30,0.0117325624451,30,0.00429143523797,30,0.00334264035337,30,0.00398892583326,30,-0.0101070539095,2023-02-13
2023-02-13,300,0.016459072621,0,2,0.00419265637174,30,-0.00415304116905,30,0.00132452254184,30,0.00545302638784,30,0.00418151402846,30,-0.00107301271055,30,0.00395364174619,30,0.00177095935214,30,0.00112570927013,30,0.00241384119727,30,-0.00177881517448,2023-02-14
2023-02-14,300,0.0934803077672,0,2,0.011481336318,30,-0.00658651767299,30,-0.0116150220856,30,-0.010372412391,30,-0.00384716992266,30,-0.00524562597275,30,-0.00466583576053,30,0.000759089016356,30,-0.00658983783796,30,0.00268646678887,30,-0.00879486952908,2023-02-15
2023-02-15,300,0.243339338959,0,15,-0.0152375102043,30,-0.0134658915922,30,-0.0143218850717,30,-0.0146025139838,30,-0.00839133094996,30,-0.00951690319926,30,-0.0106602590531,30,-0.0107713360339,30,-0.0122136576101,30,-0.0054740649648,30,0.00976344523951,2023-02-16
2023-02-16,300,0.324905143863,0,7,-0.033285561949,30,-0.0170963127166,30,-0.0123854419217,30,-0.0117620173842,30,-0.0123262582347,30,-0.0128453811631,30,-0.00766003318131,30,-0.00563738169149,30,-0.00877229776233,30,-0.00524737639353,30,0.0280381855555,2023-02-17
2023-02-17,300,0.0449867352112,0,46,0.0280092786998,30,0.0329805761576,30,0.0165936909616,30,0.0231672395021,30,0.0173363909125,30,0.0199273601174,30,0.0229245759547,30,0.018144974485,30,0.0294417068362,30,0.0269504953176,30,-0.00105878338218,2023-02-20
2023-02-20,300,0.0264922532351,0,0,0.00692127738148,30,0.00504612503573,30,-0.00102594692726,30,0.00424743676558,30,0.00319640431553,30,0.00476093683392,30,0.00743470387533,30,0.0092231137678,30,-0.0003715872881,30,0.00472829956561,30,-0.00219297781587,2023-02-21
2023-02-21,300,-0.0179434221308,0,0,-0.00601241411641,30,-0.00050951045705,30,-0.00671299500391,30,-0.00888148974627,30,-0.00337809929624,30,-0.00591422338039,30,-0.00820839963853,30,-0.00485441274941,30,-0.00570324854925,30,-0.00527550792322,30,0.000736906193197,2023-02-22
2023-02-22,300,0.207253895654,0,15,-0.0082339104265,30,-0.00316380662844,30,-0.000341600185493,30,-0.00125202932395,30,-0.00162914197426,30,0.0011985222809,30,-0.00195582699962,30,-0.00135068094824,30,0.000843695772346,30,0.00301075377502,30,0.0112446642015,2023-02-23
2023-02-23,300,0.251000077121,0,8,-0.0151491761208,30,-0.00862658396363,30,-0.0106851477176,30,-0.00659613404423,30,-0.00971646327525,30,-0.00642495136708,30,-0.00588398752734,30,-0.00222560972907,30,-0.00593907618895,30,-0.00608242349699,30,0.00906675262377,2023-02-24
2023-02-24,300,-0.0370191429613,0,13,-0.00353747000918,30,-0.00341592240147,30,-0.000691940367687,30,-0.00370505847968,30,-0.0100897429511,30,-0.00411351723596,30,-0.00432746205479,30,-0.00890619959682,30,-0.00773938698694,30,-0.00406209612265,30,-0.000524626113474,2023-02-27
2023-02-27,300,0.216758309389,0,13,0.00553608546034,30,0.00456820148975,30,0.00492829084396,30,0.00578524079174,30,0.00328637566417,30,0.00814803037792,30,0.0120264273137,30,0.0116513473913,30,0.00866894517094,30,0.0087435208261,30,0.00320743536577,2023-02-28
2023-02-28,300,-0.0668154466766,0,0,0.029275201261,30,0.00709964241832,30,0.00805680174381,30,0.012959706597,30,0.0177204143256,30,0.00981499347836,30,0.00990531407297,30,0.00945529527962,30,0.00904469657689,30,0.00915879197419,30,-0.0201164092869,2023-03-01
2023-03-01,300,-0.263320658973,0,0,0.0116684613749,30,0.00221573910676,30,0.00555363297462,30,-0.000633641087916,30,-0.000465410936158,30,-0.00314099784009,30,-0.00860432628542,30,-0.00539576588199,30,-0.00416705198586,30,-0.00615197001025,30,-0.0178204313852,2023-03-02
2023-03-02,300,-0.0649720295102,0,2,0.0179158188403,30,0.00495991902426,30,-0.00121731753461,30,-0.00107789435424,30,0.00194539828226,30,0.00415014429018,30,0.00207073101774,30,0.003881881712,30,0.00616997480392,30,0.00142477347981,30,-0.0164910453605,2023-03-03
2023-03-03,300,0.0624210819666,0,0,0.000939534103964,30,-0.00211547804065,30,-0.00464988965541,30,-0.00969801936299,30,-0.00329459714703,30,-0.0122464336455,30,-0.00360984797589,30,-0.00258760061115,30,0.00156607630197,30,-0.00032751559047,30,-0.00126704969443,2023-03-06
2023-03-06,300,0.138873521295,0,8,-0.0177900604904,30,-0.0174176860601,30,-0.014930518344,30,-0.0178955961019,30,-0.0137259662151,30,-0.018870247528,30,-0.00858154334128,30,-0.0134574966505,30,-0.0131989037618,30,-0.0128065263852,30,0.00498353410512,2023-03-07
2023-03-07,300,0.151580520342,0,27,-0.00614463305101,30,-0.00215339451097,30,-0.0010005334625,30,0.000478704780107,30,-0.000651492679026,30,0.00240081339143,30,-0.0043809870258,30,0.00103542010766,30,-0.00184857845306,30,0.00214415998198,30,0.00828879303299,2023-03-08
2023-03-08,300,0.00177469742812,0,0,0.00193980732001,30,-0.00267531676218,30,-0.00230222940445,30,-0.00354570546187,30,-0.00074702699203,30,-0.00455755181611,30,-0.00329426140524,30,-0.00642443308607,30,-0.00128696556203,30,-0.000829688680824,30,-0.00276949600084,2023-03-09
2023-03-09,300,0.018543829407,0,16,-0.0118159735575,30,-0.00591462664306,30,-0.0177139602602,30,-0.0190029256046,30,-0.0133223040029,30,-0.0187214557081,30,-0.0143489995971,30,-0.0168000776321,30,-0.0133436638862,30,-0.0102713322267,30,0.00154464133084,2023-03-10
2023-03-10,300,0.158844907518,0,31,0.00697561679408,30,0.00578678259626,30,0.0109418453649,30,0.00734269805253,30,0.0129940686747,30,0.0165713615716,30,0.0146343326196,30,0.0126036722213,30,0.0154187697917,30,0.00676769204438,30,-0.000207924749702,2023-03-13
2023-03-13,300,-0.07882581076,0,0,-0.0058888993226,30,-0.00317114591599,30,0.000294776749797,30,-0.00738220801577,30,-0.000498827314004,30,-0.00931997317821,30,-0.00952912401408,30,-0.00323580112308,30,-0.0123199820518,30,-0.0104051372036,30,-0.00451623788103,2023-03-14
2023-03-14,300,0.197892951089,0,4,-0.000300645828247,30,-0.00934924092144,30,0.0034805953037,30,0.000901643419638,30,0.00599669804797,30,0.00441472930834,30,0.00105168821756,30,0.00570647325367,30,0.000693919253536,30,0.00735235400498,30,0.00765299983323,2023-03-15
2023-03-15,300,-0.0645311905205,0,11,-0.00869121775031,30,-0.0115813016891,30,-0.0106880767271,30,-0.0229567475617,30,-0.0180478766561,30,-0.00346319074742,30,-0.0129084549844,30,-0.0188119001687,30,-0.0173013024032,30,-0.0120276892558,30,-0.00333647150546,2023-03-16
2023-03-16,300,0.105789421062,0,13,0.0111181242391,30,0.0136367203668,30,0.00699702883139,30,-0.00749850086868,30,0.00592709798366,30,0.0114855961874,30,0.00541400909424,30,0.0150509951636,30,0.00803846959025,30,0.00210143718868,30,-0.00901668705046,2023-03-17
2023-03-17,300,0.0196286414472,0,12,-0.0024140139576,30,-0.00883280392736,30,-0.00271549611352,30,0.000645234191325,30,-0.00517871184275,30,-0.00707395887002,30,-0.000825943541713,30,-0.00546773290262,30,-0.00333766336553,30,-0.00354852085002,30,-0.00113450689241,2023-03-20
2023-03-20,300,-0.0121367282037,0,11,7.69833714003e-05,30,0.0101200919598,30,0.0175125878304,30,0.0191895384341,30,0.0138298273087,30,0.00641823001206,30,0.0106383142993,30,0.00488486886024,30,0.00791381765157,30,0.00646714586765,30,0.00639016249625,2023-03-21
2023-03-21,300,-0.0147951634216,0,4,0.00895189400762,30,0.00478568673134,30,0.00563712138683,30,0.00311444397084,30,0.00648502307013,30,0.00352195906453,30,-0.00307411560789,30,0.0013747215271,30,0.00180570886005,30,0.00593630271032,30,-0.0030155912973,2023-03-22
2023-03-22,300,-0.299963388342,0,0,0.0457545667887,30,0.0215694531798,30,0.0158031359315,30,0.0060071288608,30,0.01031848602,30,-0.000567098439205,30,0.00845027156174,30,0.00500899134204,30,0.000630942988209,30,0.00245496421121,30,-0.0432996025775,2023-03-23
2023-03-23,300,0.0126731479849,0,0,0.00915417075157,30,-0.000917712866794,30,-0.00213118386455,30,-0.00735753169283,30,-0.00453653326258,30,-0.00717873778194,30,-0.00251969299279,30,-0.00157231092453,30,-0.00556907476857,30,0.00135547714308,30,-0.00779869360849,2023-03-24
2023-03-24,300,0.0461108703672,0,10,0.00741415238008,30,0.000462251889985,30,-0.0158559251577,30,-0.00479961233214,30,-0.00134208600502,30,-0.00295527372509,30,-0.0047119082883,30,-0.00435580592602,30,-0.00400136690587,30,-0.00419259862974,30,-0.0116067510098,2023-03-27
2023-03-27,300,0.232918061407,0,3,-0.00332680740394,30,-0.0150228543207,30,-0.00901808962226,30,-0.00765413232148,30,-0.00599022908136,30,-0.00386292138137,30,0.00242248177528,30,0.00160029530525,30,-0.00384116172791,30,0.000557845807634,30,0.00388465321157,2023-03-28
2023-03-28,300,0.0722773276177,0,7,-0.00703626265749,30,-0.0029030283913,30,0.00685948552564,30,0.00393402157351,30,-0.00153080024756,30,-0.000179753697012,30,-0.00413801474497,30,0.000635164964478,30,-0.00052909454098,30,0.0111592691392,30,0.0181955317967,2023-03-29
2023-03-29,300,0.163118543697,0,6,0.00206760573201,30,-0.00166437227745,30,0.00678655086085,30,0.00321522564627,30,0.00852517876774,30,0.010335655883,30,0.0100624207407,30,0.00869800243527,30,0.0152118904516,30,0.00573568744585,30,0.00366808171384,2023-03-30
2023-03-30,300,0.234962635552,0,0,-0.00527751864865,30,-0.00437161745504,30,0.0068738698028,30,0.00932844914496,30,0.00263173575513,30,0.00500409398228,30,0.00889201555401,30,-0.00286773242988,30,0.00203604903072,30,0.00961299147457,30,0.0148905101232,2023-03-31
2023-03-31,300,-0.195860498957,0,8,0.0413601398468,30,0.0198531057686,30,0.0147748235613,30,0.0133472140878,30,0.00809617247432,30,0.00571931619197,30,0.00983895454556,30,0.00518703646958,30,0.00233567762189,30,0.00478773703799,30,-0.0365724028088,2023-04-03
2023-04-03,300,0.0812717502902,0,0,0.00670888414606,30,0.00170616107062,30,0.00660083489493,30,-0.00587980356067,30,0.00368111929856,30,0.00913186464459,30,-0.000411635643104,30,0.0030437966343,30,0.00580056291074,30,0.00678778905421,30,7.89049081504e-05,2023-04-04
2023-04-04,300,0.0215589565149,0,0,0.00291159958579,30,0.00130169594195,30,-0.000121567645692,30,0.00252941460349,30,0.00281520490535,30,0.00224739103578,30,0.00385303702205,30,-0.000152784588863,30,-0.00170817773324,30,0.00287919049151,30,-3.2409094274e-05,2023-04-06
2023-04-06,300,0.0409340941774,0,0,0.0044621406123,30,0.00922173447907,30,0.00659308442846,30,0.0075097582303,30,0.00972784776241,30,0.00254231481813,30,0.0083011072129,30,0.00751395430416,30,0.00609090737998,30,0.00307009229437,30,-0.00139204831794,2023-04-07
2023-04-07,300,0.317636627175,0,0,-0.0205319989473,30,-0.0196241233498,30,-0.0191139355302,30,-0.00795169640332,30,-0.00284174480475,30,0.00661329226568,30,-0.000133270019433,30,0.00339253339916,30,0.00398519821465,30,-0.000545650720596,30,0.0199863482267,2023-04-10
2023-04-10,300,0.0822665971819,0,10,-0.00144043564796,30,0.0064643798396,30,0.00537184858695,30,-0.00136054749601,30,0.000765154778492,30,0.00146920478437,30,-0.001250402187,30,0.000942440819927,30,0.00191892986186,30,0.0030175705906,30,0.00445800623856,2023-04-11
2023-04-11,300,-0.137183754511,0,3,0.00922755990177,30,0.00467163510621,30,0.00734193716198,30,-0.000351385271642,30,0.00119054911193,30,0.000797750544734,30,-0.00237605185248,30,-0.0027327099815,30,-0.00057029328309,30,-0.00562104163691,30,-0.0148486015387,2023-04-12
2023-04-12,300,0.386135815145,0,0,-0.0351145267487,30,-0.0208102297038,30,-0.0115044331178,30,-0.00153948867228,30,-0.00949643086642,30,-0.00514904875308,30,0.00043935776921,30,-0.00522973714396,30,0.000820614921395,30,0.00261538824998,30,0.0377299149986,2023-04-13
2023-04-13,300,0.155316866335,0,9,0.0020182847511,30,0.00439623417333,30,0.00298019638285,30,0.0059619047679,30,0.00430297851562,30,0.0127951623872,30,0.00314647355117,30,0.00730124535039,30,0.0115727484226,30,0.0123773599043,30,0.0103590751532,2023-04-14
2023-04-14,300,0.204306315472,0,2,0.00299141998403,30,0.00412042951211,30,0.0123334610835,30,0.00614473829046,30,0.0112980110571,30,0.0159906484187,30,0.0147422906011,30,0.0172084886581,30,0.0129862185568,30,0.0129451295361,30,0.00995370955206,2023-04-17
2023-04-17,300,-0.194499976452,0,0,0.0114142652601,30,0.00518922600895,30,0.00459068221971,30,0.00630678143352,30,0.00120080902707,30,-0.000699418771546,30,0.00315026054159,30,-0.00596670713276,30,-0.00410306639969,30,-0.00094310042914,30,-0.0123573656892,2023-04-18
2023-04-18,300,-0.0932181732283,0,3,-0.0092935776338,30,-0.0116765061393,30,-0.00380277633667,30,-0.00826412253082,30,-0.0081830676645,30,-0.0124578056857,30,-0.00967040099204,30,-0.00990635156631,30,-0.0147032495588,30,-0.0113741215318,30,-0.00208054389805,2023-04-19
2023-04-19,300,0.0718885851268,0,8,0.00579341640696,30,-0.00221082963981,30,-0.00266162957996,30,-0.0067273019813,30,-0.00164111261256,30,-0.00518344435841,30,-0.00748117361218,30,-0.00489664496854,30,-0.000620768463705,30,-0.000426954036811,30,-0.00622037044377,2023-04-20
2023-04-20,300,0.181360479712,0,0,-0.041919991374,30,-0.0227130241692,30,-0.0199878234416,30,-0.0250332932919,30,-0.018704097718,30,-0.0209273081273,30,-0.0188133474439,30,-0.0147872762755,30,-0.0195886585861,30,-0.0151346204802,30,0.0267853708938,2023-04-21
2023-04-21,300,-0.00929034009311,0,33,-0.00769420247525,30,-0.0145310675725,30,-0.0144291007891,30,-0.00893693324178,30,-0.0159035269171,30,-0.0139870503917,30,-0.018786482513,30,-0.0107048032805,30,-0.0132419867441,30,-0.00472243037075,30,0.0029717721045,2023-04-24
2023-04-24,300,0.236879851385,0,2,-0.0180663727224,30,-0.0110940597951,30,-0.0138411801308,30,-0.0138113256544,30,-0.00727484049276,30,-0.0162863042206,30,-0.0122728105634,30,-0.00390459503978,30,-0.00467037549242,30,-0.000886664784048,30,0.0171797079383,2023-04-25
2023-04-25,300,0.150501813084,0,0,-0.0155926151201,30,-0.00175127782859,30,0.00482484512031,30,0.00332145881839,30,0.00444560823962,30,-0.00304006133229,30,-0.00311943679117,30,0.00248192553408,30,-0.000258952379227,30,0.0157308075577,30,0.0313234226778,2023-04-26
2023-04-26,300,0.0704124378206,0,5,0.000952088856138,30,-0.00459305057302,30,0.0023617784027,30,0.0105460165069,30,0.00312937307172,30,0.011109566316,30,0.00786331668496,30,0.00469229836017,30,0.0120423194021,30,-0.0033205668442,30,-0.00427265570033,2023-04-27
2023-04-27,300,0.171101483717,0,4,-0.00304002175108,30,0.00551359634846,30,0.0184098258615,30,0.00744417915121,30,0.0164159294218,30,0.015145313926,30,0.0115882297978,30,0.00773068657145,30,0.0120405359194,30,0.0128281833604,30,0.0158682051115,2023-04-28
2023-04-28,300,-0.138646737512,0,0,0.0106674591079,30,0.0137450732291,30,-0.00209354958497,30,-0.00407710857689,30,0.00333999982104,30,-0.00320771941915,30,-0.00995813217014,30,0.00971479993314,30,-0.00382393389009,30,-0.00511509366333,30,-0.0157825527713,2023-05-04
2023-05-04,300,-0.200892923116,0,2,0.0044700819999,30,-0.00531111750752,30,-0.000769269478042,30,-0.00597066106275,30,-0.00636103143916,30,-0.00541305355728,30,-0.00876761879772,30,-0.0105801206082,30,-0.00829138793051,30,-0.0107249217108,30,-0.0151950037107,2023-05-05
2023-05-05,300,-0.0898424986791,0,3,0.0225548930466,30,0.000144982332131,30,0.022834835574,30,0.00842096842825,30,0.0226747095585,30,0.00681038713083,30,0.0141026675701,30,0.00908611621708,30,0.0102587183937,30,7.69893358665e-06,30,-0.022547194113,2023-05-08
2023-05-08,300,0.0123459300443,0,2,-0.000491654849611,30,-0.00482247257605,30,-0.0100760441273,30,-0.0113380830735,30,-0.0116495769471,30,-0.0178855489939,30,-0.00943307671696,30,-0.00586307654157,30,-0.0117159085348,30,-0.00227226410061,30,-0.001780609251,2023-05-09
2023-05-09,300,0.305368522074,0,20,-0.021348066628,30,-0.0118643129244,30,-0.0110504729673,30,-0.0037751456257,30,-0.0106529099867,30,-0.00427542533726,30,-0.00325446529314,30,0.000700529431924,30,0.00678155617788,30,-0.000362932682037,30,0.0209851339459,2023-05-10
2023-05-10,300,-0.0543246722317,0,2,-0.00215287599713,30,0.00719644222409,30,-0.00685737933964,30,0.000995496870019,30,-0.000890117895324,30,-5.89350856899e-05,30,-0.00269701471552,30,-0.00381439714693,30,0.000260482222075,30,-0.00505978846923,30,-0.0029069124721,2023-05-11
2023-05-11,300,0.0930847399478,0,2,-0.018955713138,30,-0.0187144000083,30,-0.00948481168598,30,-0.0163126513362,30,-0.0110428230837,30,-0.0165749881417,30,-0.0125144040212,30,-0.011210068129,30,-0.00918770860881,30,-0.016732564196,30,0.00222314894199,2023-05-12
2023-05-12,300,0.211692664047,0,24,0.00591433839872,30,0.00904755946249,30,0.00702088093385,30,0.0181484930217,30,0.0136552350596,30,0.0211313311011,30,0.0203634034842,30,0.0179058723152,30,0.0245323367417,30,0.016214132309,30,0.0102997939102,2023-05-15
2023-05-15,300,0.0148615925859,0,0,-0.00628072442487,30,-0.00365894241259,30,-0.00635688891634,30,-0.00441365037113,30,-0.00963058043271,30,-0.00379120698199,30,-0.00486264843494,30,-0.00375219574198,30,-0.00321603217162,30,-0.00716017885134,30,-0.000879454426467,2023-05-16
2023-05-16,300,-0.0392434473355,0,4,-0.00204876670614,30,-4.90248203278e-05,30,-0.000664895749651,30,-0.00530397286639,30,-0.00738923344761,30,-0.000587179267313,30,-0.00298585090786,30,-0.00734507059678,30,-0.00144331261981,30,-0.00218259287067,30,-0.000133826164529,2023-05-17
2023-05-17,300,-0.140887481711,0,0,0.00992469023913,30,0.00547403283417,30,0.00224843621254,30,-0.00235543446615,30,-0.00425190338865,30,0.00106361508369,30,-0.00365833449177,30,-0.0049965758808,30,-0.00297864666209,30,-0.00331484875642,30,-0.0132395389955,2023-05-18
2023-05-18,300,0.105465417497,0,2,-0.00112358329352,30,-0.00746660633013,30,-0.00117933552247,30,0.00227749743499,30,-0.00331204920076,30,-0.00146890478209,30,0.000212448838283,30,-0.000860619533341,30,-0.00381404557265,30,0.00341142620891,30,0.00453500950243,2023-05-19
2023-05-19,300,-0.0650203927668,0,10,0.010374176316,30,0.00643276982009,30,0.00181478855666,30,0.00330145168118,30,0.00405447091907,30,0.00520285358652,30,0.000620810198598,30,0.00575269060209,30,0.00123531813733,30,0.0060109696351,30,-0.00436320668086,2023-05-22
2023-05-22,300,-0.0261967675379,0,2,-0.013736709021,30,-0.0183411370963,30,-0.00807990785688,30,-0.0121465064585,30,-0.011119117029,30,-0.0148184997961,30,-0.0132434805855,30,-0.0132409315556,30,-0.0127834063023,30,-0.0123611530289,30,0.00137555599213,2023-05-23
2023-05-23,300,-0.0811133807881,0,87,-0.004046080634,30,-0.0136446272954,30,-0.0128643633798,30,-0.0139157613739,30,-0.0104460017756,30,-0.00805701222271,30,-0.00893746968359,30,-0.0193883311003,30,-0.0172360427678,30,-0.0149145564064,30,-0.0108684757724,2023-05-24
2023-05-24,300,-0.167161468495,0,39,0.00904515385628,30,0.0063547748141,30,-0.000115974740766,30,-0.00116559467278,30,-0.00437044491991,30,-0.00485703954473,30,-0.0018248060951,30,-0.00442993454635,30,-0.003082545707,30,-0.00416941056028,30,-0.0132145644166,2023-05-25
2023-05-25,300,0.0022593674749,0,0,-0.0025969108101,30,0.00535666523501,30,-0.00474348664284,30,-0.00240979786031,30,0.000968645035755,30,0.00493188295513,30,0.00110016867984,30,0.0033407707233,30,0.00407562870532,30,-0.00144691870082,30,0.00114999210928,2023-05-26
2023-05-26,300,0.0877193918143,0,0,-0.00857218913734,30,-0.00708311609924,30,-0.00173599913251,30,-0.00407327432185,30,-0.0032065291889,30,-0.00419858889654,30,0.000865821028128,30,-0.00355262565427,30,-0.0075406851247,30,-0.00169365806505,30,0.00687853107229,2023-05-29
2023-05-29,300,0.00486497321519,0,0,0.00630196323618,30,-0.00258723297156,30,0.00401169247925,30,-0.00109928054735,30,0.00647849263623,30,-0.00432567577809,30,-0.00107982556801,30,-0.00194034178276,30,0.00493715424091,30,0.00280085415579,30,-0.00350110908039,2023-05-30
2023-05-30,300,-0.101772525132,0,0,-0.00159000360873,30,0.00078410707647,30,-0.00134917302057,30,-0.00557204289362,30,-0.0101662138477,30,-0.0124869728461,30,-0.00624735141173,30,-0.00910738669336,30,-0.00437264656648,30,-0.00794513057917,30,-0.00635512697045,2023-05-31
2023-05-31,300,0.0563672149207,0,17,-0.00930431112647,30,0.00471270689741,30,0.00476313615218,30,-0.000806087278761,30,0.0115739945322,30,0.00130484695546,30,0.00389885110781,30,0.00110807816964,30,0.000464016193291,30,-0.00156199140474,30,0.00774231972173,2023-06-01
2023-06-01,300,-0.0018644908497,0,3,0.0115902526304,30,0.011286104098,30,0.0161265470088,30,0.0195107124746,30,0.0123937604949,30,0.0132779376581,30,0.0123314913362,30,0.00995895080268,30,0.0126407844946,30,0.0123421764001,30,0.000751923769712,2023-06-02
2023-06-02,300,0.18169749249,0,0,-0.0048671583645,30,-0.00901615619659,30,-0.00918224081397,30,-0.00999662652612,30,-0.00248759775423,30,-0.00299717974849,30,-0.00304157542996,30,-0.00649236422032,30,0.00440227799118,30,-0.00103822548408,30,0.00382893288042,2023-06-05
2023-06-05,300,-0.0937308261292,0,2,-0.0135348634794,30,-0.00910413265228,30,-0.0122515577823,30,-0.00848430395126,30,-0.0159472860396,30,-0.011795816943,30,-0.016130534932,30,-0.0135003840551,30,-0.0121899405494,30,-0.0169429797679,30,-0.00340811628848,2023-06-06
2023-06-06,300,0.174008244333,0,26,-0.0135088283569,30,-0.00368229555897,30,-0.00948012899607,30,-0.0039999387227,30,-0.0081282639876,30,-0.00499365944415,30,-0.000790381454863,30,0.00107722682878,30,-0.00396821880713,30,-0.00587394833565,30,0.00763488002121,2023-06-07
2023-06-07,300,0.163338250438,0,5,-0.00171701307409,30,0.00350794405676,30,0.00316484761424,30,0.00590992765501,30,0.00587322516367,30,0.00851471256465,30,0.0096692899242,30,0.00737944245338,30,0.00848527718335,30,0.0082664610818,30,0.00998347415589,2023-06-08
2023-06-08,300,0.197127961707,0,0,0.00438481383026,30,0.00226925406605,30,0.0114313485101,30,0.00246978993528,30,0.00528039317578,30,0.00832044240087,30,0.0102647328749,30,0.00929667707533,30,0.00910702906549,30,0.00768400449306,30,0.0032991906628,2023-06-09
2023-06-09,300,0.054806959374,0,9,9.35614079935e-05,30,0.00166423118208,30,0.00151518778875,30,0.00552982510999,30,0.00518388766795,30,0.0055000144057,30,0.00258311838843,30,0.00459041213617,30,0.0053674322553,30,0.00039335488691,30,0.000299793478916,2023-06-12
2023-06-12,300,-0.033761470671,0,13,0.01025177259,30,0.00697478465736,30,0.00360206956975,30,0.00847606081516,30,0.00977542996407,30,-0.00159983837511,30,0.00296029448509,30,0.000882160675246,30,0.00777829112485,30,0.0040801721625,30,-0.00617160042748,2023-06-13
2023-06-13,300,-0.231872186483,0,2,0.00912150368094,30,0.00291850161739,30,0.000977007555775,30,0.00519053731114,30,0.00109160144348,30,-0.00552253331989,30,-0.00304115028121,30,-0.00345708732493,30,-0.00549967866391,30,-0.00361026334576,30,-0.0127317670267,2023-06-14
2023-06-14,300,0.151612468843,0,24,0.0109842978418,30,0.00401175813749,30,0.015244522132,30,0.0225140806288,30,0.00973620824516,30,0.0115323578939,30,0.0145243806764,30,0.0209200400859,30,0.0181845240295,30,0.0243365149945,30,0.0133522171527,2023-06-15
2023-06-15,299,-0.0343623967816,1,0,0.0153554240242,30,0.0035697480198,30,0.00753980083391,30,0.0029097259976,30,0.00739390263334,30,0.0124027328566,30,0.0154763301834,30,0.00964160915464,30,0.00573103222996,30,0.00988803431392,29,-0.00546738971025,2023-06-16
2023-06-16,299,-0.20938265288,1,5,0.024198744446,30,-0.00229303841479,30,0.000818874454126,30,-0.0087271137163,30,-0.00545624317601,30,-0.0111108068377,30,-0.00933065824211,30,-0.00710405316204,30,-0.00576446251944,30,-0.00853633880615,29,-0.0327350832522,2023-06-19
2023-06-19,299,-0.12138321425,1,9,0.0172966681421,30,-0.00228318362497,30,-0.00395485945046,30,-0.000472527754027,30,-0.00111285445746,30,-0.00280201435089,30,-0.00477621937171,30,-0.00763769168407,30,-0.00851690582931,30,-0.00150736863725,29,-0.0188040367793,2023-06-20
2023-06-20,299,0.283369601734,1,15,-0.0328431613743,30,-0.0266206525266,30,-0.0194152370095,30,-0.010618426837,30,-0.0164146125317,30,-0.0124879265204,30,-0.01233923994,30,-0.0133444685489,30,-0.0103727020323,30,-0.0135469194502,29,0.0192962419242,2023-06-21
2023-06-21,299,-0.0604649434125,1,62,-0.018602097407,30,-0.0121583007276,30,-0.00428990507498,30,-0.00885869283229,30,-0.00849854387343,30,-0.014632999897,30,-0.0153229888529,30,-0.0102250855416,30,-0.0170867368579,30,-0.0201499219984,29,-0.0015478245914,2023-06-26
2023-06-26,300,0.259717936208,0,4,0.00752589898184,30,0.00970819406211,30,0.00749635882676,30,0.00568408565596,30,0.0104861138389,30,0.0170326307416,30,0.0132338125259,30,0.0184038188308,30,0.0177362635732,30,0.0150923533365,30,0.00756645435467,2023-06-27
2023-06-27,300,0.025505195435,0,0,-0.00204285583459,30,0.00177048251498,30,0.00100742385257,30,-0.00787574052811,30,-0.00435965042561,30,-0.00555807957426,30,0.0072827716358,30,0.00146136281546,30,-0.00046619575005,30,-0.00471351156011,30,-0.00267065572552,2023-06-28
2023-06-28,300,-0.09034087154,0,4,0.00824640225619,30,-0.000980176497251,30,-0.000509947538376,30,-0.00511354627088,30,-0.00635048327968,30,-0.00389649672434,30,-0.00600481638685,30,-0.00536212930456,30,-0.00774295348674,30,-0.00381378340535,30,-0.0120601856615,2023-06-29
2023-06-29,300,0.137954217315,0,16,0.0122040724382,30,0.0018285990227,30,0.00237130909227,30,0.00639580702409,30,0.00743186660111,30,0.0076702516526,30,0.0111888190731,30,0.00612631440163,30,0.00834096688777,30,0.0178346503526,30,0.00563057791442,2023-06-30
2023-06-30,300,0.230270806372,0,2,0.00432613678277,30,0.00851150136441,30,0.000800092995632,30,0.00370237836614,30,0.0153277730569,30,0.0154335303232,30,0.0232111271471,30,0.0166710969061,30,0.0184403378516,30,0.0152271250263,30,0.0109009882435,2023-07-03
2023-07-03,300,-0.0643907616807,0,0,0.00350656500086,30,0.00478392839432,30,-0.0009605884552,30,0.00309497513808,30,-0.00124379398767,30,0.0104248560965,30,0.00250609521754,30,-0.00176912348252,30,0.00824006833136,30,3.78370277758e-05,30,-0.00346872797309,2023-07-04
2023-07-04,300,0.173570190722,0,0,-0.0116953793913,30,-0.00513929734007,30,-0.00945129431784,30,-0.00574838137254,30,-0.00595118012279,30,-0.00599528569728,30,-0.0068471711129,30,-0.00688224239275,30,-0.00291087222286,30,-0.00526387291029,30,0.00643150648102,2023-07-05
2023-07-05,300,0.147514454776,0,5,-0.00954212155193,30,-0.00778531236574,30,-0.00663144607097,30,-0.0060328184627,30,-0.00517646875232,30,-0.00637187343091,30,-0.00768761429936,30,-0.00408974476159,30,-0.0033538362477,30,-0.00217234692536,30,0.00736977462657,2023-07-06
2023-07-06,300,0.161143447283,0,2,-0.00428122095764,30,-0.00951150618494,30,-0.00632266607136,30,-0.00436858134344,30,-0.00117840175517,30,-0.00643349485472,30,-0.00470954971388,30,-0.000181112685823,30,-0.00074502825737,30,-0.00111706054304,30,0.0031641604146,2023-07-07
2023-07-07,300,0.363904781786,0,8,-0.00492268195376,30,-0.00414113420993,30,0.000284606212517,30,0.0046917241998,30,0.00666205305606,30,0.00327357044443,30,0.00642453832552,30,0.00829342193902,30,0.0150152202696,30,0.0229917764664,30,0.0279144584201,2023-07-10
2023-07-10,300,0.171141646172,0,4,-0.000510605168529,30,0.00586075009778,30,0.00771022634581,30,-0.00138302252162,30,0.0125014465302,30,0.0101562282071,30,0.00988504849374,30,0.00622959714383,30,0.00810482911766,30,0.00555701833218,30,0.00606762350071,2023-07-11
2023-07-11,300,-0.00612430456011,0,2,-0.0176505390555,30,-0.00785169564188,30,-0.00530681014061,30,0.0020027696155,30,-0.00848143082112,30,-0.00514322938398,30,-0.00878208316863,30,-0.00517264427617,30,-0.00856411270797,30,-0.00943306274712,30,0.00821747630835,2023-07-12
2023-07-12,300,0.231648124973,0,17,0.00753179611638,30,0.0140829626471,30,0.0101122558117,30,0.0176103934646,30,0.0123652834445,30,0.0164333246648,30,0.0145396851003,30,0.0127414846793,30,0.0190468598157,30,0.017302127555,30,0.00977033143863,2023-07-13
2023-07-13,300,-0.11821409469,0,0,0.0019818325527,30,-0.00088106590556,30,0.00180881028064,30,-0.00063944858266,30,0.00456536421552,30,-3.42885650753e-05,30,-0.00267242384143,30,-0.00157199695241,30,-0.00495347566903,30,-0.00444945273921,30,-0.00643128529191,2023-07-14
2023-07-14,300,0.0629033559189,0,4,-0.00843145605177,30,-0.00283383321948,30,-0.011503376998,30,0.00202816934325,30,-0.00885765533894,30,-0.0056681195274,30,-0.00716307759285,30,-0.00528129935265,30,-0.00380989909172,30,-0.00146271393169,30,0.00696874212008,2023-07-17
2023-07-17,300,0.138374755509,0,0,-0.000586525595281,30,-0.00396266160533,30,-0.0078983688727,30,-0.000378487515263,30,-0.00237323436886,30,-0.000639067089651,30,0.00031460126047,30,-0.00046955345897,30,-0.00079982279567,30,0.00119626522064,30,0.00178279081592,2023-07-18
2023-07-18,300,0.0932559515266,0,3,-0.00262484163977,30,-0.00156821415294,30,-0.00236119236797,30,0.00284787616692,30,-0.00136995711364,30,-0.000282472377876,30,1.17997324196e-05,30,-0.00112400844228,30,-0.0025252699852,30,0.000374549621483,30,0.00299939126126,2023-07-19
2023-07-19,300,-0.075179755915,0,0,-0.00438536610454,30,-0.00983030628413,30,-0.0115683376789,30,-0.00691052293405,30,-0.00814952049404,30,-0.00762273650616,30,-0.0068915146403,30,-0.0103298285976,30,-0.0112632075325,30,-0.0109748877585,30,-0.00658952165395,2023-07-20
2023-07-20,300,0.0998261170011,0,24,0.000539656495675,30,-0.00389347271994,30,-0.00469720177352,30,-0.00080006319331,30,-0.00164512195624,30,0.000901985156815,30,-0.000998608302325,30,0.00684958091006,30,-0.00314200529829,30,0.0016750296345,30,0.00113537313882,2023-07-21
2023-07-21,300,0.192818358476,0,7,-0.0102991741151,30,-0.00788801535964,30,-0.00414269976318,30,-0.00153031549416,30,-0.00408649630845,30,-0.00278594298288,30,-0.000198330482817,30,-0.00378278899007,30,-0.00248794350773,30,-1.23182928746e-07,30,0.0102990509321,2023-07-24
2023-07-24,300,0.160338092833,0,2,0.0137580735609,30,0.0234092138708,30,0.0281699318439,30,0.0235072374344,30,0.0293586235493,30,0.034473862499,30,0.0218269247562,30,0.0297987032682,30,0.0288872327656,30,0.0279464200139,30,0.014188346453,2023-07-25
2023-07-25,300,-0.0507215088185,0,0,0.00266305403784,30,0.000448254751973,30,-0.0072362520732,30,-0.00187044346239,30,-0.00363969802856,30,-0.00135872559622,30,-0.00300360727124,30,0.00292891054414,30,-0.000781643379014,30,-0.00152582325973,30,-0.00418887729757,2023-07-26
2023-07-26,300,0.0119926196284,0,2,-0.00653039989993,30,-0.00120256945956,30,-0.000188813603017,30,-0.00279007758945,30,-0.00137630500831,30,-0.0014656225685,30,-0.00288289180025,30,-0.00225704698823,30,-0.000998461269774,30,-0.00487683014944,30,0.00165356975049,2023-07-27
2023-07-27,300,-0.0508485405063,0,6,0.0203494150192,30,0.0243891160935,30,0.0209309868515,30,0.0208108387887,30,0.0180566199124,30,0.0246369838715,30,0.01933670789,30,0.0244994293898,30,0.0188368279487,30,0.0178706645966,30,-0.0024787504226,2023-07-28
2023-07-28,300,-1.08890219769e-05,0,0,0.00560051621869,30,0.00898742489517,30,0.009691208601,30,0.00651152338833,30,0.00229699816555,30,0.00635654944927,30,0.00697958655655,30,0.00412240205333,30,0.00933604035527,30,0.0062522450462,30,0.000651728827506,2023-07-31
2023-07-31,300,0.0346415627345,0,5,-0.00229794578627,30,-0.0064620198682,30,-0.00151388242375,30,0.00146400532685,30,-0.00389189529233,30,-0.00068613293115,30,-0.00448637781665,30,0.000563287758268,30,-0.00241364841349,30,-0.00391260581091,30,-0.00161466002464,2023-08-01
2023-08-01,300,-0.0415965947353,0,2,-0.00446891365573,30,-0.00613026414067,30,-0.00622755708173,30,-0.00350427418016,30,-0.00760713638738,30,-0.00844209827483,30,-0.00446573318914,30,-0.00670905318111,30,-0.00512528419495,30,-0.00903779454529,30,-0.00456888088956,2023-08-02
2023-08-02,300,-0.112646835291,0,0,0.0137223005295,30,0.0150469345972,30,0.0157955251634,30,0.0060954769142,30,0.00218094582669,30,0.00631272001192,30,0.0077191889286,30,0.00544596696272,30,0.00548645853996,30,0.00922513566911,30,-0.00449716486037,2023-08-03
2023-08-03,300,0.0790915440796,0,0,0.00315854954533,30,0.00390755711123,30,0.000189330181456,30,0.00084999401588,30,0.00840948987752,30,0.000694286834914,30,-0.00226283282973,30,0.00228415522724,30,0.0060732383281,30,0.00819319672883,30,0.00503464718349,2023-08-04
2023-08-04,300,-0.0125336737352,0,11,-0.00525821838528,30,-0.00576063990593,30,-0.00928901787847,30,-0.00691448245198,30,-0.00946916174144,30,-0.00927539262921,30,-0.0143823884428,30,-0.00783975142986,30,-0.00912561453879,30,-0.00543778948486,30,-0.000179571099579,2023-08-07
2023-08-07,300,-0.0454257924983,0,0,-0.000843876623549,30,-0.00437621492893,30,-0.0029693483375,30,-0.00107891554944,30,-0.00522696785629,30,-0.00349613232538,30,-0.00252339639701,30,-0.00322942528874,30,-0.00605160184205,30,-0.00144837296102,30,-0.000604496337473,2023-08-08
2023-08-08,300,0.0142240040799,0,4,-0.00469186902046,30,-0.00401938939467,30,0.000383444625186,30,-0.00559124955907,30,-0.00262802629732,30,-0.00279948906973,30,-0.00677822018042,30,-0.00377348670736,30,-0.00319507322274,30,-0.0066899000667,30,-0.00199803104624,2023-08-09
2023-08-09,300,0.101041985566,0,6,0.00684364046901,30,0.000603912281804,30,0.00396071281284,30,0.00720971217379,30,0.00607668375596,30,0.00618099560961,30,0.00233264570124,30,0.0058544636704,30,0.00779507355765,30,0.00349970650859,30,-0.00334393396042,2023-08-10
2023-08-10,300,0.198328670133,0,0,-0.0299803745002,30,-0.0253965016454,30,-0.0256715696305,30,-0.0200756732374,30,-0.0218268465251,30,-0.0222677085549,30,-0.0207293704152,30,-0.0209069233388,30,-0.018128246069,30,-0.019301597029,30,0.0106787774712,2023-08-11
2023-08-11,300,-0.0283308417482,0,79,-0.00553234992549,30,-0.000996746588498,30,-0.00811079703271,30,-0.00549506535754,30,0.00116890075151,30,-0.00729228276759,30,-0.000639422738459,30,-0.00502197723836,30,-0.00884072203189,30,-0.0105551695451,30,-0.00502281961963,2023-08-14
2023-08-14,300,0.157130978934,0,0,-0.00747130904347,30,-0.00771110272035,30,-0.00643661199138,30,-0.00604523625225,30,-0.005939793773,30,-0.00377027387731,30,-0.00583399320021,30,-0.00370964617468,30,-0.00778144598007,30,0.00497376918793,30,0.0124450782314,2023-08-15
2023-08-15,300,0.0217196420376,0,0,-0.0120948236436,30,-0.00875858496875,30,-0.0092764813453,30,-0.00507795019075,30,-0.0107383830473,30,-0.0111472308636,30,-0.0061132768169,30,-0.00822719372809,30,-0.00741922063753,30,-0.00733186397702,30,0.00476295966655,2023-08-16
2023-08-16,300,0.282447021785,0,15,-0.00294530787505,30,-0.00411904649809,30,0.00269567174837,30,0.00346936192364,30,0.00492994394153,30,0.00397109193727,30,0.00484553398564,30,0.00637721410021,30,0.00880261044949,30,0.0103810112923,30,0.0133263191674,2023-08-17
2023-08-17,300,0.223972292995,0,0,-0.0140210147947,30,-0.0177243985236,30,-0.0150322159752,30,-0.0174407139421,30,-0.0165778342634,30,-0.0163705963641,30,-0.00779175339267,30,-0.00840262789279,30,-0.0123759526759,30,-0.00544781889766,30,0.00857319589704,2023-08-18
2023-08-18,300,-0.00465959232999,0,100,-0.0141216553748,30,-0.0128601528704,30,-0.0181287750602,30,-0.0126859629527,30,-0.0130639337003,30,-0.0164546184242,30,-0.014175593853,30,-0.0132711827755,30,-0.0138512952253,30,-0.0178736690432,30,-0.00375201366842,2023-08-21
2023-08-21,300,0.00761086351402,0,108,0.00236929650418,30,0.0110652502626,30,0.00754086393863,30,0.00616119289771,30,0.00888809375465,30,0.00915999244899,30,0.00289462413639,30,0.00746525730938,30,0.01001862064,30,0.00173699262086,30,-0.000632303883322,2023-08-22
2023-08-22,300,0.377531496216,0,0,-0.0301042720675,30,-0.0209794119,30,-0.0248983763158,30,-0.0159783139825,30,-0.0169630646706,30,-0.0167457126081,30,-0.0161309950054,30,-0.0132389282808,30,-0.0124967517331,30,-0.0123007837683,30,0.0178034882993,2023-08-23
2023-08-23,300,0.172742706333,0,31,0.00142979621887,30,-0.000691640365403,30,0.011406833306,30,-0.00243776827119,30,-0.00344502134249,30,-9.05394517758e-06,30,0.00372484931722,30,0.0128441788256,30,0.0163936503232,30,0.00582805695012,30,0.00439826073125,2023-08-24
2023-08-24,300,0.218071377978,0,19,-0.0143613098189,30,-0.0106888627633,30,-0.00591967487708,30,-0.0133678438142,30,-0.00886098947376,30,-0.00717283273116,30,-0.00554216699675,30,0.000179443755769,30,-0.00113971228711,30,-0.00295729446225,30,0.0114040153567,2023-08-25
2023-08-25,300,-0.0216691489187,0,3,0.00907598342746,30,0.0142909828573,30,0.0160890202969,30,0.0156405363232,30,0.00680128717795,30,0.0139341251925,30,0.0102533018216,30,0.0135039445013,30,0.00915509834886,30,0.00687532033771,30,-0.00220066308975,2023-08-28
2023-08-28,300,0.187324337253,0,6,0.00694907689467,30,0.0108273131773,30,0.00687415199354,30,0.0140630183741,30,0.00964604038745,30,0.0112937092781,30,0.0154142240062,30,0.0111882630736,30,0.023906532675,30,0.0199561193585,30,0.0130070424639,2023-08-29
2023-08-29,300,-0.350985151477,0,3,0.0162584558129,30,0.0114541808143,30,0.00548641663045,30,0.000700807548128,30,-0.000467149424367,30,-0.00325492816046,30,-0.00479092588648,30,-0.0094956997782,30,-0.00787289161235,30,-0.00238150148652,30,-0.0186399572995,2023-08-30
2023-08-30,300,-0.0793428796186,0,22,-0.00485923467204,30,-0.00567164411768,30,-0.00828007422388,30,-0.0111154122278,30,-0.00675622420385,30,-0.00358873815276,30,-0.00888522062451,30,-0.00428287405521,30,-0.0116402925923,30,-0.00764105143026,30,-0.00278181675822,2023-08-31
2023-08-31,300,0.248623908489,0,26,0.00109150016215,30,0.000855892896652,30,0.00245014042594,30,0.00854323897511,30,0.00325645599514,30,0.0105736767873,30,0.00674924859777,30,0.00880152545869,30,0.00977794174105,30,0.0115037346259,30,0.0104122344637,2023-09-01
2023-09-01,300,-0.201050523134,0,2,0.0273957196623,30,0.0205155797303,30,0.0160629935563,30,0.00771842803806,30,0.0104519743472,30,0.0160933323205,30,0.009078332223,30,0.00908865686506,30,0.0125884218141,30,0.0125913266093,30,-0.0148043930531,2023-09-04
2023-09-04,300,-0.0822672277106,0,0,-0.00556945800781,30,-0.00382818188518,30,-0.00678271660581,30,-0.00575901847333,30,-0.0050918799825,30,-0.00752236833796,30,-0.00571828288957,30,-0.00523346662521,30,-0.00867934990674,30,-0.0095403091982,30,-0.00397085119039,2023-09-05
2023-09-05,300,0.107027582503,0,7,-0.00198049144819,30,-0.00528309959918,30,-0.00525592174381,30,-0.00288252625614,30,0.00274038920179,30,-0.00450590066612,30,-0.00503431539983,30,-0.00270986557007,30,-0.00138266279828,30,4.36087466369e-05,30,0.00202410019483,2023-09-06
2023-09-06,300,0.262376496705,0,3,-0.0211223382503,30,-0.0194437783211,30,-0.017382459715,30,-0.0156872086227,30,-0.0157482326031,30,-0.0132413487881,30,-0.0108231408522,30,-0.0125298937783,30,-0.0096432287246,30,-0.00995031837374,30,0.0111720198765,2023-09-07
2023-09-07,300,-0.0657785070083,0,42,-0.00111948652193,30,-0.00385796232149,30,-0.00431629223749,30,-0.00405378127471,30,-0.00291377305984,30,-0.0040441849269,30,-0.00318109593354,30,-0.00764583749697,30,-0.00250948080793,30,-0.0021367133595,30,-0.00101722683758,2023-09-08
2023-09-08,300,0.191147984211,0,6,0.0015699287178,30,0.00484779896215,30,0.00810483656824,30,0.00957893114537,30,0.00743583263829,30,0.0111173074692,30,0.0115432795137,30,0.00985078793019,30,0.0101211825386,30,0.0137588540092,30,0.0121889252914,2023-09-11
2023-09-11,300,-0.0343357740429,0,2,0.000919936108403,30,-0.00209290790372,30,-0.000133132940391,30,-0.00446308869869,30,0.00172760291025,30,-0.00211715698242,30,-0.00241255760193,30,-0.000225023424719,30,-0.00352603197098,30,-0.000604007625952,30,-0.00152394373436,2023-09-12
2023-09-12,300,0.154565157925,0,2,-0.0108313662931,30,-0.0113411350176,30,-0.00946754775941,30,-0.014709838666,30,-0.00609231600538,30,-0.00669336738065,30,-0.00366328167729,30,-0.00328571605496,30,-0.00560687389225,30,-0.0086134178564,30,0.00221794843674,2023-09-13
2023-09-13,300,0.104196007385,0,0,0.00203541712835,30,-0.00650992197916,30,0.000984110403806,30,-0.00263275508769,30,-0.000622882449534,30,-0.00358501076698,30,-0.0084764957428,30,-0.00075525639113,30,0.00080382626038,30,0.00146710674744,30,-0.000568310380913,2023-09-14
2023-09-14,300,0.00895662755811,0,0,-0.00658218655735,30,-0.005036608316,30,-0.00163511629216,30,-0.002260140609,30,-0.00661913957447,30,-0.00192629499361,30,-0.00739147048444,30,-0.00266005005687,30,-0.00209168391302,30,-0.00870054122061,30,-0.00211835466325,2023-09-15
2023-09-15,300,0.0951042203111,0,14,0.00140793120954,30,0.0029878555797,30,0.0018153587589,30,0.00433833990246,30,0.00630786037073,30,0.00333147845231,30,-0.00069646834163,30,0.00477613788098,30,0.00232113595121,30,0.00658999662846,30,0.00518206541892,2023-09-18
2023-09-18,300,0.233213504486,0,0,-0.0118036968634,30,-0.00564579386264,30,-0.00150931079406,30,-0.0060963453725,30,-0.000239221248194,30,-0.00444882689044,30,-0.0013574778568,30,0.00231246347539,30,-0.000757326663006,30,-0.0028620143421,30,0.00894168252125,2023-09-19
2023-09-19,300,-0.0745857848537,0,3,-0.00484479684383,30,-0.0022599697113,30,-0.00257800216787,30,-0.00567304668948,30,-0.00707283010706,30,-0.00432616472244,30,-0.00679697981104,30,-0.0049825864844,30,-0.00504963984713,30,-0.00496108550578,30,-0.000116288661957,2023-09-20
2023-09-20,300,0.0115429639858,0,24,-0.00387279200368,30,-0.00816913228482,30,-0.0087917232886,30,-0.00882656592876,30,-0.00843715108931,30,-0.00838415045291,30,-0.00889885798097,30,-0.00860339775681,30,-0.00397427659482,30,-0.00790677499026,30,-0.00403398298658,2023-09-21
2023-09-21,300,0.259370622817,0,37,0.014172478579,30,0.00689531350508,30,0.0104477191344,30,0.0167186334729,30,0.0105854831636,30,0.0128310658038,30,0.0192809719592,30,0.0166666526347,30,0.0202138386667,30,0.0212177205831,30,0.0070452420041,2023-09-22
2023-09-22,300,0.332464285675,0,0,-0.017953556031,30,-0.0100162923336,30,-0.00530107831582,30,-0.00573626579717,30,-0.00333995232359,30,-0.00827296357602,30,-0.00295992498286,30,-0.00498684262857,30,-0.00285309948958,30,0.00153140618932,30,0.0194849622203,2023-09-25
2023-09-25,300,-0.136562382763,0,5,0.00138262903783,30,-0.0044697006233,30,-0.00688861822709,30,-0.00869059935212,30,-0.00106059911195,30,-0.00839215144515,30,-0.00479011330754,30,-0.00640953797847,30,-0.00717005133629,30,-0.00330251455307,30,-0.0046851435909,2023-09-26
2023-09-26,300,0.120272745514,0,33,0.0026264290791,30,0.00535632157698,30,0.00113835930824,30,0.0048739630729,30,0.0047171395272,30,0.00374667043798,30,0.00105564796831,30,0.00544907245785,30,0.00657448777929,30,0.00707604503259,30,0.00444961595349,2023-09-27
2023-09-27,300,0.142881366466,0,12,-0.00503938971087,30,-0.00256161880679,30,-0.000842229521368,30,0.00559104466811,30,-0.00189685623627,30,-0.00396409444511,30,-0.00140302779619,30,0.00329018826596,30,-0.000663187121972,30,0.00310005154461,30,0.00813944125548,2023-09-28
2023-09-28,300,-0.0834203360035,0,7,0.0072807171382,30,-0.00363511056639,30,0.00330031313933,30,0.00444463314489,30,-0.00419787364081,30,-0.000743132841308,30,0.00406853156164,30,-0.00155699253082,30,-0.00250778789632,30,-0.00388715858571,30,-0.0111678757239,2023-10-09
2023-10-09,300,0.0732900964559,0,2,-0.00850004144013,30,-0.00816482305527,30,-0.0105254193768,30,-0.000998020172119,30,-0.00905562285334,30,-0.0104232467711,30,-0.00869465060532,30,-0.00562754878774,30,-0.0107212010771,30,-0.00943112745881,30,-0.000931086018682,2023-10-10
2023-10-10,300,-0.00979560424929,0,33,0.00315863685682,30,0.00687402673066,30,0.000943873310462,30,-0.00425463914871,30,-0.000992912100628,30,0.00537394080311,30,-0.000589974748436,30,0.00848209857941,30,0.00613473076373,30,-0.00450243148953,30,-0.00766106834635,2023-10-11
2023-10-11,300,0.348508871156,0,10,0.00106682779733,30,-0.000508815050125,30,0.00936523918062,30,0.0102366544306,30,0.0115993935615,30,0.00789560098201,30,0.0151986284181,30,0.020670004189,30,0.0139047540724,30,0.0143677834421,30,0.0133009556448,2023-10-12
2023-10-12,300,0.0651819992793,0,0,-0.0138948876411,30,-0.0110448217019,30,-0.00933666806668,30,-0.00533031206578,30,-0.00962683558464,30,-0.00995873846114,30,-0.0131697775796,30,-0.00687202205881,30,-0.0113328238949,30,-0.0116499783471,30,0.00224490929395,2023-10-13
2023-10-13,300,0.155377849482,0,4,-0.012474139221,30,-0.00989917479455,30,-0.0143233695999,30,-0.0123744606972,30,-0.0107449572533,30,-0.012060184963,30,-0.00479997182265,30,-0.0148887196556,30,-0.00660283956677,30,-0.00182033178862,30,0.0106538074324,2023-10-16
2023-10-16,300,0.019942363705,0,2,0.00789876561612,30,0.00145346915815,30,-0.00144755246583,30,0.00245849089697,30,4.12722438341e-05,30,0.00997411180288,30,0.00211568083614,30,0.00188848969992,30,0.00180302665103,30,0.0050933319144,30,-0.00280543370172,2023-10-17
2023-10-17,300,-0.0996706275895,0,2,-0.00864774174988,30,-0.0107294460759,30,-0.012187439017,30,-0.0124711152166,30,-0.0133589012548,30,-0.0121557312086,30,-0.0131265185773,30,-0.0106240408495,30,-0.0147153418511,30,-0.0152333676815,30,-0.00658562593162,2023-10-18
2023-10-18,300,0.144413130147,0,39,-0.0194492880255,30,-0.0162152778357,30,-0.0196261648089,30,-0.0192242078483,30,-0.019502883777,30,-0.013669594191,30,-0.0173238627613,30,-0.013392589055,30,-0.0148835619912,30,-0.0155876819044,30,0.00386160612106,2023-10-19
2023-10-19,300,0.021188049334,0,33,-0.00753422779962,30,-0.00435749907047,30,-0.00332920160145,30,-0.00556898722425,30,-0.00826746225357,30,-0.0132116256282,30,-0.00514419469982,30,-0.00491237035021,30,-0.00860112719238,30,-0.00282873306423,30,0.00470549473539,2023-10-20
2023-10-20,300,0.130640472142,0,5,-0.02348539792,30,-0.0216990467161,30,-0.0118165472522,30,-0.0105946362019,30,-0.0123088201508,30,-0.0154244564474,30,-0.012603088282,30,-0.0135247725993,30,-0.0141729796305,30,-0.00850195717067,30,0.0149834407493,2023-10-23
2023-10-23,300,0.0293739635273,0,3,0.00463058752939,30,0.00850054435432,30,0.00481759523973,30,0.00821484159678,30,0.00832224264741,30,0.00373849482276,30,0.00916712917387,30,0.0131848631427,30,0.00644178967923,30,0.00531601905823,30,0.000685431528836,2023-10-24
2023-10-24,300,0.0987415497478,0,0,-0.00519207911566,30,0.00358571810648,30,0.00165000359993,30,0.000309135502903,30,0.00661718053743,30,0.0066485167481,30,0.0085788089782,30,0.00325236911885,30,0.00932935904711,30,0.00525449728593,30,0.0104465764016,2023-10-25
2023-10-25,300,-0.0462062732994,0,10,-0.00745327677578,30,0.00599852018058,30,0.0073020379059,30,-0.000120405355119,30,0.00198322744109,30,0.00296385888942,30,0.000744068645872,30,-1.30772586999e-05,30,0.00232648849487,30,-0.00594876985997,30,0.00150450691581,2023-10-26
2023-10-26,300,-0.196671511176,0,0,0.0269381459802,30,0.0272512175143,30,0.0188843328506,30,0.0242850054055,30,0.0154721736908,30,0.0153111638501,30,0.0088705085218,30,0.0143438242376,30,0.0141845978796,30,0.0127081330866,30,-0.0142300128937,2023-10-27
2023-10-27,300,-0.352243685024,0,2,0.0131335156038,30,0.0147499423474,30,0.016345705837,30,0.0148382522166,30,0.0114543400705,30,0.0075591225177,30,0.00416109571233,30,0.000586517679039,30,-0.00576899247244,30,-0.0103911999613,30,-0.0235247155651,2023-10-30
2023-10-30,300,0.21995901881,0,3,-0.00227837567218,30,-0.00902043748647,30,-0.00674127135426,30,-0.00457048835233,30,-0.00713985180482,30,-0.0084933815524,30,-0.000655748473946,30,0.000536290812306,30,0.000311237585265,30,0.00329818320461,30,0.00557655887678,2023-10-31
2023-10-31,300,0.038874583119,0,0,-0.00838048476726,30,-0.00331131624989,30,-0.00250623817556,30,-0.00341016449966,30,-0.00111748976633,30,-0.0103986458853,30,-0.00450487714261,30,-0.00378422928043,30,-0.00220120162703,30,-0.0052068294026,30,0.00317365536466,2023-11-01
2023-11-01,300,-0.203281387102,0,12,-0.00224067573436,30,-0.00542362732813,30,-0.00208886852488,30,-0.00810094270855,30,-0.00722871441394,30,-0.00656128115952,30,-0.0102385040373,30,-0.0109559614211,30,-0.00920884404331,30,-0.0112168295309,30,-0.00897615379654,2023-11-02
2023-11-02,300,0.326389930009,0,41,0.002786942292,30,0.00153256254271,30,0.00473248166963,30,0.00789820123464,30,0.0148976705968,30,0.0113031882793,30,0.0110472738743,30,0.013590705581,30,0.0123824495822,30,0.0180089678615,30,0.0152220255695,2023-11-03
2023-11-03,300,-0.472294744934,0,6,0.0383410379291,30,0.0275719687343,30,0.0243571996689,30,0.0207304153591,30,0.0149878207594,30,0.0189428851008,30,0.0128937903792,30,0.00713439006358,30,0.00194381678011,30,-0.000443387019914,30,-0.038784424949,2023-11-06
2023-11-06,300,-0.0493183209495,0,0,0.00276680779643,30,-0.00271490612067,30,0.00128970737569,30,0.00175477063749,30,-0.00307496986352,30,-0.004287566524,30,-0.00250276527368,30,-0.00465812487528,30,-0.00446039251983,30,4.13457564719e-05,30,-0.00272546203996,2023-11-07
2023-11-07,300,0.0161115767973,0,2,-0.00642063003033,30,0.00592817272991,30,-0.00226217298768,30,-0.000371623027604,30,-0.00239012250677,30,-0.00517157139257,30,-0.00133098161314,30,-0.00424044532701,30,-3.60290214303e-05,30,-0.00223370781168,30,0.00418692221865,2023-11-08
2023-11-08,300,0.179983319537,0,2,0.00587400794029,30,-0.000505200994667,30,0.00460808863863,30,-0.00185883441009,30,0.00168434774969,30,0.00230162939988,30,-0.00125707581174,30,0.00340231857263,30,0.00221962342039,30,0.007087031845,30,0.00121302390471,2023-11-09
2023-11-09,300,0.188527794297,0,2,-0.0110451662913,30,-0.00736434245482,30,-0.00576195726171,30,-0.00728774489835,30,-0.00800265092403,30,-0.00240751705132,30,-0.00436774874106,30,-0.0042295018211,30,-0.00541516952217,30,-0.00271721277386,30,0.00832795351744,2023-11-10
2023-11-10,300,0.044181969874,0,6,-0.00321030826308,30,0.00204436574131,30,0.001699995948,30,2.89460022032e-05,30,-0.000590556883253,30,0.00125632085837,30,-0.00095484853955,30,-0.000594258308411,30,0.0013457715977,30,0.00222145905718,30,0.00543176732026,2023-11-13
2023-11-13,300,-0.0861977696618,0,0,0.00515604019165,30,0.00339094805531,30,0.00342692923732,30,0.00120679335669,30,-0.00115229887888,30,0.0039636073634,30,0.00199686689302,30,0.00196065497585,30,-0.000377992779249,30,-0.000850727141369,30,-0.00600676733302,2023-11-14
2023-11-14,300,0.20472836057,0,0,0.0047894497402,30,0.00291462335736,30,0.00393457431346,30,0.0065082591027,30,0.00964135117829,30,0.0068102600053,30,0.00712160486728,30,0.0087206242606,30,0.0100326240063,30,0.00590532040223,30,0.00111587066203,2023-11-15
2023-11-15,300,0.0858295276599,0,6,-0.0117762088776,30,-0.014198275283,30,-0.0100157475099,30,-0.0111574288458,30,-0.00871365424246,30,-0.0099435551092,30,-0.00960471853614,30,-0.013434978202,30,-0.00958200450987,30,-0.00801770109683,30,0.00375850778073,2023-11-16
2023-11-16,300,0.127888385545,0,55,0.00197969865985,30,0.000595136487391,30,-0.00267733330838,30,-0.0011001090752,30,-0.000918863224797,30,-0.00016369621153,30,-0.00108330848161,30,0.00274529261515,30,0.00124411389697,30,0.00147249503061,30,-0.00050720362924,2023-11-17
2023-11-17,300,0.0821773048703,0,5,0.000632013892755,30,-1.03334587038e-05,30,0.00654287356883,30,0.000130619606352,30,0.00117622618563,30,0.000621857238002,30,0.00506386952475,30,0.00152554316446,30,0.00277105183341,30,0.0028592646122,30,0.00222725071944,2023-11-20
2023-11-20,300,0.246338048233,0,2,-0.00869541801512,30,-0.00276818871498,30,-0.00409411964938,30,0.0016376216663,30,-0.00329387793317,30,-0.00150871078949,30,0.0016795177944,30,0.00484293885529,30,0.00302016339265,30,0.000354929768946,30,0.00905034778407,2023-11-21
2023-11-21,300,-0.195746250884,0,15,-0.0103753805161,30,-0.00981762167066,30,-0.00890873651952,30,-0.00919953826815,30,-0.0112156411633,30,-0.0122131444514,30,-0.0124720875174,30,-0.0134613197297,30,-0.0162232611328,30,-0.014667798765,30,-0.00429241824895,2023-11-22
2023-11-22,300,0.0765758468155,0,95,0.00666014151648,30,0.0043083387427,30,0.0105028348044,30,0.00286486535333,30,0.00552019476891,30,0.00788428355008,30,0.00434868922457,30,0.00803399644792,30,0.00516940560192,30,0.00703984312713,30,0.000379701610655,2023-11-23
2023-11-23,300,0.174569762533,0,0,-0.00779889430851,30,-0.0122247124091,30,-0.01030809246,30,-0.0101945064962,30,-0.00636877818033,30,-0.00885605439544,30,-0.00691608805209,30,-0.00373450131156,30,-0.00692261662334,30,-0.00513301510364,30,0.00266587920487,2023-11-24
2023-11-24,300,-0.0872234771462,0,14,0.00111088750418,30,-0.0078819654882,30,-0.00545729603618,30,-0.00823952909559,30,-0.00844901241362,30,-0.00870046019554,30,-0.00739923911169,30,-0.0063970964402,30,-0.00481766462326,30,-0.0112272165716,30,-0.0123381040758,2023-11-27
2023-11-27,300,0.0920336227533,0,7,-0.00332738365978,30,0.00551960850134,30,0.00105151929893,30,0.00263703661039,30,0.00176892871968,30,0.0058556618169,30,-0.00238931784406,30,0.00275331130251,30,0.00353177380748,30,0.00459759449586,30,0.00792497815564,2023-11-28
2023-11-28,300,0.0626250154724,0,3,-0.00913552008569,30,-0.0120279965922,30,-0.0100869815797,30,-0.00701496610418,30,-0.00855141039938,30,-0.00744320172817,30,-0.00827487744391,30,-0.00773566542193,30,-0.0109311481938,30,-0.00722633395344,30,0.00190918613225,2023-11-29
2023-11-29,300,-0.0342785364782,0,14,-0.00113012595102,30,0.000554833794013,30,0.00331579451449,30,0.00289994687773,30,0.000442244607257,30,0.00340341730043,30,-0.0012559175957,30,-0.00239345640875,30,-0.000490609789267,30,0.00228150887415,30,0.00341163482517,2023-11-30
2023-11-30,300,0.0987022303882,0,5,-0.000309099763399,30,-0.00619774870574,30,-0.00537822255865,30,-0.00524722738191,30,0.00187057850417,30,-0.00467177620158,30,0.00715285958722,30,0.00346052250825,30,-0.00528151588514,30,-0.00179757073056,30,-0.00148847096716,2023-12-01
2023-12-01,300,0.0851684173544,0,2,-0.000504807627294,30,-0.00918398890644,30,-0.00965364743024,30,-0.00873990636319,30,-0.00710382452235,30,-0.00979175977409,30,-0.00626984424889,30,-0.0073582273908,30,-0.0072117545642,30,0.00195466075093,30,0.00245946837822,2023-12-04
2023-12-04,300,-0.100383941753,0,25,-0.0165401957929,30,-0.015489930287,30,-0.0156189585105,30,-0.0225885938853,30,-0.0219298098236,30,-0.0186432916671,30,-0.0148995798081,30,-0.0192940104753,30,-0.021740373224,30,-0.0209467951208,30,-0.00440659932792,2023-12-05
2023-12-05,300,-0.0838185298019,0,79,0.0149562992156,30,-0.00172707438469,30,0.00639555463567,30,0.000911204027943,30,-0.00218632211909,30,0.000964931619819,30,0.00216557388194,30,0.0015300095547,30,-0.00238700699992,30,0.00504754763097,30,-0.00990875158459,2023-12-06
2023-12-06,300,0.181866467847,0,13,-0.00485794525594,30,-0.00659956317395,30,-0.00393329467624,30,-0.00337322149426,30,-0.00370885920711,30,-0.00485868845135,30,0.00138314766809,30,-0.00250907544978,30,-0.00531370844692,30,0.00245748553425,30,0.00731543079019,2023-12-07
2023-12-07,300,-0.0832458781236,0,5,0.00843130331486,30,0.00383209390566,30,0.00278124003671,30,0.00224990444258,30,-0.000131108361529,30,0.00746548781171,30,0.00192656915169,30,0.00478236097842,30,-0.000367887812899,30,-0.00194335379638,30,-0.0103746571112,2023-12-08
2023-12-08,300,0.138002554776,0,22,0.00443673320115,30,0.00348047609441,30,0.00530927581713,30,0.00551884574816,30,0.00633272528648,30,0.0103895012289,30,0.00261358823627,30,0.00434623938054,30,0.0120767336339,30,0.0106770414859,30,0.00624030828476,2023-12-11
2023-12-11,300,0.0346088459971,0,0,-0.00135338900145,30,0.00140019261744,30,0.00479378504679,30,-0.000429524981882,30,0.0022507708054,30,0.00422095274553,30,0.0031416118145,30,0.00313547858968,30,0.00206499686465,30,-0.0021370886825,30,-0.000783699681051,2023-12-12
2023-12-12,300,-0.159682323386,0,0,-0.0189039111137,30,-0.0134443938732,30,-0.0130320629105,30,-0.0163815598935,30,-0.00997660402209,30,-0.0160782728344,30,-0.0143016772345,30,-0.0177458655089,30,-0.0204051360488,30,-0.022209206596,30,-0.00330529548228,2023-12-13
2023-12-13,300,-0.0870563823431,0,72,-0.00481580104679,30,-0.00121992232744,30,-0.00436224555597,30,-0.00435841875151,30,-0.00423511257395,30,-0.00270656356588,30,-0.00622438592836,30,-0.00584473786876,30,-0.0042166155763,30,-0.00532260956243,30,-0.000506808515638,2023-12-14
2023-12-14,300,0.221689001663,0,53,-0.00736228842288,30,-0.00550205120817,30,-0.00661645131186,30,-0.00383043894544,30,-0.00436050677672,30,0.00250343885273,30,-0.001006513834,30,0.00113374390639,30,-0.0029967664741,30,0.00204710755497,30,0.00940939597785,2023-12-15
2023-12-15,300,0.201330172313,0,43,-0.0118068633601,30,-0.013336260803,30,-0.00931500829756,30,-0.0065602757968,30,-0.0103296898305,30,-0.00968379992992,30,-0.00982986111194,30,-0.00516482209787,30,-0.00496506690979,30,-0.00239246687852,30,0.00941439648159,2023-12-18
2023-12-18,300,0.101544062357,0,2,-0.00146304967348,30,0.00211282167584,30,0.0013479947811,30,-0.00162686908152,30,0.00204703211784,30,-0.00117681617849,30,-0.00106764829252,30,-0.00188338954467,30,0.00375254754908,30,0.00388404121622,30,0.0053470908897,2023-12-19
2023-12-19,300,0.209242681344,0,0,-0.0122035918757,30,-0.0167159568518,30,-0.0186011828482,30,-0.0130220437422,30,-0.013120486401,30,-0.0110145825893,30,-0.0148243410513,30,-0.00786564964801,30,-0.00894114933908,30,-0.00621536793187,30,0.00598822394386,2023-12-20
2023-12-20,300,0.122801362868,0,70,0.0137387989089,30,0.00724282069132,30,0.00550159020349,30,0.00954040046781,30,0.0111516797915,30,0.00990231242031,30,0.0135679207742,30,0.0140815097839,30,0.0053086001426,30,0.0109171010554,30,-0.00282169785351,2023-12-21
2023-12-21,300,-0.123848847996,0,0,0.0130561869591,30,0.00563224731013,30,-0.00210689706728,30,0.000607496476732,30,0.000328228867147,30,0.00157886545639,30,-0.000199755028007,30,-0.00158981874119,30,0.00199973979034,30,0.000882059335709,30,-0.0121741276234,2023-12-22
2023-12-22,300,-0.143010178374,0,2,0.0149450022727,30,0.00709472084418,30,0.00614528078586,30,0.0024551351089,30,-0.00165872380603,30,0.00533301616088,30,2.95420486509e-05,30,0.00826601590961,30,0.00131751096342,30,0.00430755410343,30,-0.0106374481693,2023-12-25
2023-12-25,300,-0.0943808184564,0,0,0.000216362866922,30,-0.00932360533625,30,-0.00532337045297,30,-0.00768189830706,30,-0.0115871289745,30,-0.00854909420013,30,-0.0102254031226,30,-0.0109775764868,30,-0.00628984952345,30,-0.00894324202091,30,-0.00915960488783,2023-12-26
2023-12-26,300,0.186006017248,0,11,-0.00346631812863,30,0.000357457000064,30,0.00219516549259,30,0.00497088814154,30,0.0047971745953,30,0.00175674760249,30,0.00474236207083,30,0.00756423687562,30,0.00417420268059,30,0.00543205160648,30,0.00889836973511,2023-12-27
2023-12-27,300,0.394806339984,0,0,0.0102289021015,30,0.0105652688071,30,0.0191271975636,30,0.0281671341509,30,0.0228155888617,30,0.0282559990883,30,0.0382277406752,30,0.0315469130874,30,0.0435919612646,30,0.0383163131773,30,0.0280874110758,2023-12-28
2023-12-28,300,0.225921458684,0,3,-0.00682141957805,30,0.000619383645244,30,0.00558562669903,30,0.00349686155096,30,0.00815332308412,30,0.00343030295335,30,0.00211470923387,30,0.00752002000809,30,0.00886802468449,30,0.00655869068578,30,0.0133801102638,2023-12-29
2023-12-29,300,0.0379857737525,0,2,-0.017088772729,30,-0.00221840944141,30,-0.00642916560173,30,-0.0134750166908,30,-0.00563549203798,30,-0.012974456884,30,-0.0170225445181,30,-0.0124195413664,30,-0.0108303884044,30,-0.00180514459498,30,0.0152836281341,2024-01-02
2024-01-02,300,-0.313589515396,0,39,0.0124615272507,30,-0.00344370002858,30,0.000217950349906,30,-0.000524248695001,30,-0.00165213947184,30,-0.00139960250817,30,-0.00496411928907,30,-0.00411000847816,30,-0.0118333892897,30,-0.00549589795992,30,-0.0179574252106,2024-01-03
2024-01-03,300,-0.175157688232,0,2,-0.00369516410865,30,-0.0065635163337,30,-0.00704421196133,30,-0.0113427238539,30,-0.0113401357085,30,-0.0154973231256,30,-0.0113191800192,30,-0.015037140809,30,-0.0128310676664,30,-0.00996321067214,30,-0.00626804656349,2024-01-04
2024-01-04,300,-0.0661626859956,0,0,-0.0109488749877,30,-0.00375791196711,30,-0.00483696442097,30,-0.00668093981221,30,-0.00967206712812,30,-0.0117730814964,30,-0.00906260591,30,-0.00929919723421,30,-0.00959597993642,30,-0.00436123413965,30,0.00658764084801,2024-01-05
2024-01-05,300,-0.0823040932725,0,0,-0.00965148024261,30,-0.012256976217,30,-0.0127749620005,30,-0.0154056092724,30,-0.0217745788395,30,-0.0176060721278,30,-0.0144018232822,30,-0.0171344932169,30,-0.0166816189885,30,-0.0127161797136,30,-0.003064699471,2024-01-08
2024-01-08,300,0.0847592226239,0,24,-0.00176515779458,30,0.00420629186556,30,-0.000136518472573,30,0.00655389251187,30,0.0056840418838,30,0.00811772514135,30,0.00108098587953,30,0.0019381364109,30,0.00331512489356,30,0.00544715905562,30,0.0072123168502,2024-01-09
2024-01-09,300,-0.246960174967,0,2,0.00803719554096,30,0.00690843863413,30,-0.00347877340391,30,-0.00574589380994,30,-0.0071597378701,30,-0.00583062972873,30,-0.00816703867167,30,-0.0074623147957,30,-0.00492724776268,30,-0.00917472597212,30,-0.0172119215131,2024-01-10
2024-01-10,300,-0.318863859623,0,18,0.0135523360223,30,0.0185794755816,30,0.014647799544,30,0.00814226455986,30,0.00748200435191,30,4.36385489593e-05,30,0.00186203315388,30,0.00480994582176,30,-0.000249598437222,30,0.00191760063171,30,-0.0116347353905,2024-01-11
2024-01-11,300,0.350730685188,0,4,-0.0113293128088,30,-0.0071329055354,30,-0.0113591272384,30,-0.00876237731427,30,-0.00208409223706,30,-0.00346850743517,30,-0.00262603955343,30,0.00108459789772,30,0.000373820454115,30,0.0058005512692,30,0.017129864078,2024-01-12
2024-01-12,300,0.108434459238,0,27,-0.00847593788058,30,-0.00327403354459,30,-0.00210815062746,30,0.00304971146397,30,-0.00260694813915,30,-0.00134832260665,30,0.000638333964162,30,-0.00332220783457,30,0.00129402079619,30,0.00100388133433,30,0.0094798192149,2024-01-15
2024-01-15,300,0.0541712363357,0,3,0.00258959131315,30,0.00803454313427,30,0.00141932175029,30,0.00330924196169,30,0.00361896166578,30,0.00785382371396,30,0.00497025251389,30,0.00338276824914,30,0.00638249097392,30,0.00677040405571,30,0.00418081274256,2024-01-16
2024-01-16,300,0.0714954690047,0,0,-0.0216634497046,30,-0.023391790688,30,-0.0226269830018,30,-0.0237557329237,30,-0.02166829817,30,-0.0208395924419,30,-0.0236429031938,30,-0.0211775414646,30,-0.0225030723959,30,-0.0186055283993,30,0.0030579213053,2024-01-17
2024-01-17,300,0.0118704526335,0,161,0.0143491486087,30,0.00970371998847,30,0.00923555064946,30,0.0139077985659,30,0.0109316604212,30,0.0115955788642,30,0.00838274788111,30,0.0113922180608,30,0.00488648237661,30,0.0256440807134,30,0.0112949321046,2024-01-18
2024-01-18,300,-0.0488096645553,0,0,-0.00982856750488,30,-0.00155004463159,30,-0.006729088258,30,-0.00523576745763,30,-0.0040370086208,30,-0.00386929116212,30,-0.00447221798822,30,-0.00460840482265,30,-0.00486907782033,30,-0.00473754387349,30,0.00509102363139,2024-01-19
2024-01-19,300,-0.307853301918,0,6,-0.0133736990392,30,-0.0200317371637,30,-0.024152668193,30,-0.0212606675923,30,-0.0221412777901,30,-0.0277163945138,30,-0.0252271983773,30,-0.0290314015001,30,-0.0312982946634,30,-0.0301833227277,30,-0.0168096236885,2024-01-22
2024-01-22,300,0.197812283805,0,2,0.00454594474286,30,0.00303580169566,30,0.0136125301942,30,0.00697326660156,30,0.00849722418934,30,0.00481712212786,30,0.0102465907112,30,0.0100358640775,30,0.00961631536484,30,0.0176033433527,30,0.0130573986098,2024-01-23
2024-01-23,300,-0.0105181180367,0,0,0.00906009878963,30,0.0163139440119,30,0.0182859674096,30,0.0168641582131,30,0.018012041226,30,0.0120584229007,30,0.0105602266267,30,0.0190286058933,30,0.0139519274235,30,0.0132935978472,30,0.00423349905759,2024-01-24
2024-01-24,300,-0.236319070212,0,0,0.0314855612814,30,0.0295946784317,30,0.0323187336326,30,0.0261542499065,30,0.0252816583961,30,0.0248839966953,30,0.0237776506692,30,0.0155789768323,30,0.0127762556076,30,0.0130383493379,30,-0.0184472119436,2024-01-25
2024-01-25,300,0.0743147054772,0,0,0.006744410377,30,-0.00365545344539,30,-0.0126110212877,30,-0.0122184539214,30,-0.00275730085559,30,-0.0188498161733,30,-0.00435936637223,30,-0.00735676288605,30,-0.00486869039014,30,0.00938653759658,30,0.00264212721959,2024-01-26
2024-01-26,300,-0.517481750034,0,12,0.00246376986615,30,0.00122557475697,30,-0.00454087648541,30,-0.00314908032306,30,-0.00733655691147,30,-0.00755301723257,30,-0.0125514725223,30,-0.0310397986323,30,-0.0278059504926,30,-0.046145927161,30,-0.0486096970271,2024-01-29
2024-01-29,300,-0.184972005209,0,36,-0.0164355169982,30,-0.0135455168784,30,-0.0215264875442,30,-0.0182923655957,30,-0.0172205399722,30,-0.0254562906921,30,-0.0283651761711,30,-0.0174540989101,30,-0.0264660399407,30,-0.0226587429643,30,-0.0062232259661,2024-01-30
2024-01-30,300,-0.149094682853,0,48,-0.0150000238791,30,-0.00967127084732,30,-0.0125386118889,30,-0.0193065479398,30,-0.0153640769422,30,-0.0162436142564,30,-0.0173428952694,30,-0.0155887324363,30,-0.0207438729703,30,-0.0248401761055,30,-0.00984015222639,2024-01-31
2024-01-31,300,0.418141266172,0,22,-0.00938870292157,30,-0.00627192668617,30,-0.000414435082348,30,-0.0042974492535,30,-0.00153168046381,30,-0.00291014509276,30,0.00574022717774,30,0.00873713288456,30,0.0100260498002,30,0.0195588637143,30,0.0289475666359,2024-02-01
2024-02-01,300,0.470916231536,0,6,-0.0349568612874,30,-0.0247036162764,30,-0.0274280421436,30,-0.0255086459219,30,-0.0213757716119,30,-0.0133427577093,30,-0.0101036783308,30,-0.00857729557902,30,-0.00219264626503,30,-0.00315527315252,30,0.0318015881348,2024-02-02
2024-02-02,300,0.44687230657,0,2,-0.0215267222375,30,-0.0158418715,30,-0.0247282758355,30,-0.0146031659096,30,-0.00640828022733,30,0.0014863073593,30,-0.00310767092742,30,0.00691931461915,30,0.0100859384984,30,0.0142711820081,30,0.0357979042456,2024-02-05
2024-02-05,300,-0.281819384862,0,0,0.0542725771666,30,0.052254717797,30,0.0525341071188,30,0.0488162189722,30,0.0510416664183,30,0.0428776964545,30,0.0413158908486,30,0.034217171371,30,0.0317407175899,30,0.0336779840291,30,-0.0205945931375,2024-02-06
2024-02-06,300,-0.224580702046,0,0,0.0142495017499,30,0.013370684348,30,0.0169118549675,30,0.00993842724711,30,0.012191764079,30,0.0138421617448,30,0.0144978063181,30,0.0134496251121,30,-0.0019995351322,30,0.00209456891753,30,-0.0121549328323,2024-02-07
2024-02-07,300,0.228820515309,0,0,0.000373834365746,30,0.00930438283831,30,0.00926464609802,30,0.00891352072358,30,0.0102338017896,30,0.012425406836,30,0.0124192712829,30,0.0197347216308,30,0.0199903752655,30,0.0174268577248,30,0.017053023359,2024-02-08
2024-02-08,300,0.0903104371276,0,0,0.00612211227417,30,0.00514159211889,30,0.0168783068657,30,0.0201940126717,30,0.00971630588174,30,0.0224498808384,30,0.0143997073174,30,0.0166006032377,30,0.0179275795817,30,0.0122406939045,30,0.00611858163029,2024-02-19
2024-02-19,300,-0.118006489893,0,0,0.00255293259397,30,0.00727661233395,30,0.0108620012179,30,0.0027791580651,30,0.00311098294333,30,0.00452448707074,30,-0.000172909101821,30,0.00445175170898,30,0.00232497858815,30,-0.00483460631222,30,-0.00738753890619,2024-02-20
2024-02-20,300,0.238579690941,0,0,7.35362336854e-05,30,0.0097909765318,30,0.00941282324493,30,0.0167878028005,30,0.0093449531123,30,0.00894374027848,30,0.0142024997622,30,0.0131065091118,30,0.0181765984744,30,0.0147570632398,30,0.0146835270061,2024-02-21
2024-02-21,300,0.107210458048,0,3,0.00489046564326,30,0.0118328314275,30,0.00860407110304,30,0.013597230427,30,0.00852001737803,30,0.0157934352756,30,0.0158210601658,30,0.0168059468269,30,0.00986820459366,30,0.0123213771731,30,0.00743091152981,2024-02-22
2024-02-22,300,-0.0313802845203,0,0,0.00566778564826,30,0.00902571901679,30,0.00442003784701,30,0.00282867951319,30,0.00170164904557,30,0.000569178664591,30,0.00357027444988,30,0.00223034410737,30,0.00174053711817,30,0.00158564641606,30,-0.0040821392322,2024-02-23
2024-02-23,300,-0.247349325475,0,2,-0.0040249186568,30,0.00344463577494,30,-0.00254255742766,30,0.000134481990244,30,-0.00559887895361,30,-0.0116800842807,30,-0.0129651483148,30,-0.0153223192319,30,-0.0100004319102,30,-0.00924371834844,30,-0.00521879969165,2024-02-26
2024-02-26,300,-0.38783156408,0,21,0.0413743816316,30,0.0249206852168,30,0.0188386868685,30,0.0241020843387,30,0.0155932130292,30,0.00757556548342,30,0.00597433652729,30,0.00993237458169,30,0.00556201348081,30,0.00744500337169,30,-0.0339293782599,2024-02-27
2024-02-27,300,0.645054342487,0,0,-0.0391176007688,30,-0.0372219085693,30,-0.0176681708544,30,-0.0190787017345,30,-0.0194125175476,30,-0.0107646938413,30,-0.00873535498977,30,-0.00685136113316,30,-0.00551890116185,30,-0.00211810669862,30,0.0369994940702,2024-02-28
2024-02-28,300,0.280356741975,0,108,0.00816365052015,30,0.0141440927982,30,0.0257522165775,30,0.0233730114996,30,0.0255367718637,30,0.043993845582,30,0.0271748621017,30,0.0187888909131,30,0.033923342824,30,0.0265772901475,30,0.0184136396274,2024-02-29
2024-02-29,300,-0.442270375325,0,0,0.02454604581,30,0.0208954866976,30,0.0204880889505,30,0.0070475814864,30,0.00983311329037,30,0.00146519544069,30,-0.00187309784815,30,0.00117346446496,30,-0.00391269149259,30,-0.00167865154799,30,-0.026224697358,2024-03-01
2024-03-01,300,-0.0270649703958,0,0,0.00632518343627,30,-0.000414113193983,30,0.00257687177509,30,8.62916276674e-05,30,0.00659352727234,30,0.00982608832419,30,-0.00448310980573,30,-0.00536117935553,30,-0.00256335339509,30,0.00737049756572,30,0.00104531412944,2024-03-04
2024-03-04,300,0.183925034681,0,0,-0.00455558300018,30,-0.00101545848884,30,0.00238762493245,30,0.00115143659059,30,0.00140494701918,30,-0.00764730572701,30,0.00434431014583,30,0.00445962930098,30,0.00514775328338,30,0.00787075981498,30,0.0124263428152,2024-03-05
2024-03-05,300,0.342779274847,0,0,-0.0109161930159,30,-0.00407281937078,30,-0.00517480960116,30,-0.00521928071976,30,-0.00247581792064,30,0.000527956115548,30,0.00297671556473,30,0.00307290954515,30,0.00239216093905,30,0.00578908342868,30,0.0167052764446,2024-03-06
2024-03-06,300,0.426375012259,0,16,-0.0218057744205,30,-0.0165144018829,30,-0.0212057735771,30,-0.0153028406203,30,-0.0154899870977,30,-0.00389829277992,30,-0.00611422862858,30,-0.00622473563999,30,-0.000784786534496,30,0.00258076982573,30,0.0243865442462,2024-03-07
2024-03-07,300,0.0390208781996,0,36,0.0137141468003,30,0.00461606169119,30,0.00393378315493,30,0.00731642264873,30,0.00600838242099,30,0.0025966623798,30,0.0123984375969,30,0.0135901216418,30,0.00879282318056,30,0.00588249554858,30,-0.00783165125176,2024-03-08
2024-03-08,300,0.124451866779,0,0,0.013097689487,30,0.00528563046828,30,0.00868687871844,30,0.00685717072338,30,0.0161725301296,30,0.0215713493526,30,0.0192109066993,30,0.0156991723925,30,0.0167601536959,30,0.0070362566039,30,-0.00606143288314,2024-03-11
2024-03-11,300,-0.307936652559,0,0,0.0067828358151,30,0.0182204917073,30,0.0132625736296,30,0.00666238879785,30,0.013113675639,30,-0.0054517108947,30,-0.00598375592381,30,-0.00478197541088,30,-0.00623377971351,30,-0.00961828418076,30,-0.0164011199959,2024-03-12
2024-03-12,300,0.110145159433,0,9,-0.00718516111374,30,-0.00619295239449,30,-0.0117970984429,30,-0.000878558552358,30,-0.00431507406756,30,-0.00239290203899,30,-0.00714644789696,30,-0.00426606135443,30,-0.00670678820461,30,-0.00386572489515,30,0.00331943621859,2024-03-13
2024-03-13,300,0.000614027563085,0,8,-0.0068531432189,30,-0.00536952028051,30,0.00310402712785,30,0.000336601340678,30,-0.00466113677248,30,-0.00573252420872,30,-0.00674826512113,30,-0.00724463071674,30,-0.00321791972965,30,-0.00559047283605,30,0.00126267038286,2024-03-14
2024-03-14,300,0.144425817898,0,0,0.000297385442536,30,0.00315620307811,30,0.0056913215667,30,-0.00157100555953,30,0.00666714925319,30,0.00279366364703,30,0.00300767808221,30,0.00513711385429,30,0.00299702887423,30,0.00603270530701,30,0.00573531986447,2024-03-15
2024-03-15,300,-0.083026068066,0,5,0.00911460723728,30,0.0193840526044,30,0.013119914569,30,0.0159754883498,30,0.0176631249487,30,0.0162993688136,30,0.0105722229928,30,0.00818077102304,30,0.0102778775617,30,0.00640467414632,30,-0.00270993309096,2024-03-18
2024-03-18,300,0.099309592022,0,0,-0.013937513344,30,0.000969723856542,30,-0.00780858797953,30,-0.00887412671,30,-0.00978807639331,30,-0.0103547535837,30,-0.0029890476726,30,-0.00654813041911,30,-0.00837548729032,30,-0.00933028291911,30,0.00460723042488,2024-03-19
2024-03-19,299,0.159931530844,1,46,-0.00326201715507,30,-0.00418725609779,30,-0.000614319229499,30,0.00227059912868,30,0.00231321854517,30,0.00379585218616,30,0.00443433132023,30,0.00454511260614,30,0.00338928308338,30,0.00236566108651,29,0.00562767824158,2024-03-20
2024-03-20,299,-0.0274189015701,1,2,6.27179906587e-05,30,-0.00117839768063,30,-0.00338904256932,30,-0.00245302519761,30,-0.00285026431084,30,-0.00408911891282,30,-0.00505049619824,30,-0.00434318184853,30,-0.00614743027836,30,-0.00417449371889,29,-0.00423721170955,2024-03-21
2024-03-21,299,-0.022613936143,1,12,-0.0123816765845,30,-0.0110362451524,30,-0.0159889552742,30,-0.0152557594702,30,-0.0123225534335,30,-0.0171084906906,30,-0.0174585524946,30,-0.0170474443585,30,-0.0113013582304,30,-0.0138034494594,29,-0.00142177287489,2024-03-22
2024-03-22,299,-0.223602818905,1,16,-0.0160752553493,30,0.00176134309731,30,-0.00816072802991,30,-0.00262083602138,30,-0.00200354261324,30,-0.00331571488641,30,-0.00573437009007,30,-0.0100191934034,30,-0.0208926666528,30,-0.0171619020402,29,-0.00108664669096,2024-03-25
2024-03-25,299,-0.139411327559,1,35,0.00170026021078,30,0.00864791311324,30,-0.000732036423869,30,0.00691183609888,30,0.0126028237864,30,0.000790025806054,30,0.00292126345448,30,0.00600488390774,30,0.000813347112853,30,-0.00185482669622,29,-0.003555086907,2024-03-26
2024-03-26,299,0.141786058875,1,0,-0.0268025323749,30,-0.0162856969982,30,-0.0194394253194,30,-0.0107147656381,30,-0.0178410131484,30,-0.0172963701189,30,-0.0163164325058,30,-0.0133673949167,30,-0.0190231595188,30,-0.0105271199718,29,0.016275412403,2024-03-27
2024-03-27,300,0.227807277879,0,76,0.00843449216336,30,-0.00365918083116,30,0.00588230509311,30,0.00546284718439,30,0.0088116703555,30,0.0110907470807,30,0.0191524419934,30,0.00812835711986,30,0.0100778657943,30,0.0136629240587,30,0.00522843189538,2024-03-28
2024-03-28,300,0.0886545153938,0,0,-0.00125984952319,30,0.00718015246093,30,0.00975296087563,30,0.00584441004321,30,0.00668405694887,30,0.00582498311996,30,0.00568887172267,30,0.00693063344806,30,0.00278686685488,30,0.00543848099187,30,0.00669833051506,2024-03-29
2024-03-29,300,0.189019073109,0,0,0.0139750065282,30,0.0105488179252,30,0.00889396108687,30,0.0171983782202,30,0.0220772381872,30,0.0185952447355,30,0.0220598168671,30,0.0206516459584,30,0.0235658045858,30,0.0168281402439,30,0.00285313371569,2024-04-01
2024-04-01,300,-0.0231183428949,0,0,-0.00300241308287,30,-0.00432913284749,30,-0.00191174948122,30,-0.00509852590039,30,-0.00718902749941,30,-0.00708367628977,30,-0.00424151821062,30,-0.00738219404593,30,-0.00613004155457,30,-0.00512458477169,30,-0.00212217168882,2024-04-02
2024-04-02,300,-0.186256474585,0,0,0.00167843897361,30,-0.000189437472727,30,-0.00139539840166,30,-0.0062074107118,30,-0.00549325533211,30,-0.00335394148715,30,-0.0066311955452,30,-0.0124205211177,30,-0.00708383927122,30,-0.00753658032045,30,-0.00921501929406,2024-04-03
2024-04-03,300,-0.178416778575,0,8,-0.0158945750445,30,-0.00279662618414,30,-0.00709948129952,30,-0.00895549077541,30,-0.00152903993148,30,-0.0150463581085,30,-0.0141278961673,30,-0.0135892210528,30,-0.0149154765531,30,-0.0196073316038,30,-0.00371275655925,2024-04-08
2024-04-08,300,0.417948934738,0,22,-0.00200651283376,30,-4.61081654066e-05,30,-0.00528817763552,30,0.00550194596872,30,-0.00254669575952,30,0.00500358920544,30,0.00711945304647,30,0.011601595208,30,0.013117861934,30,0.0147684374824,30,0.0167749503162,2024-04-09
2024-04-09,300,0.174612874995,0,8,-0.0189685747027,30,-0.00320614175871,30,-0.0179869960994,30,-0.00986332260072,30,-0.0133834062144,30,-0.00789042469114,30,-0.0171375963837,30,-0.00531219644472,30,-0.00675471033901,30,-0.00712705077603,30,0.0118415239267,2024-04-10
2024-04-10,300,-0.0418756949513,0,2,0.00551002006978,30,0.000671845686156,30,-0.0025726556778,30,0.00316851935349,30,-0.000255413848208,30,-0.00122391583864,30,0.00163254339714,30,-0.00482345046476,30,-0.00225151982158,30,0.00362968654372,30,-0.00188033352606,2024-04-11
2024-04-11,300,-0.0750423563845,0,7,-0.0101187704131,30,-0.0034712315537,30,-0.00457957573235,30,-0.00873509887606,30,-0.0139826955274,30,-0.00747193675488,30,-0.0119646787643,30,-0.00832312460989,30,-0.00612972397357,30,-0.0093859648332,30,0.000732805579901,2024-04-12
2024-04-12,300,0.0890774788778,0,23,0.00279642944224,30,0.0189778283238,30,0.0209084283561,30,0.0203524716198,30,0.0254365373403,30,0.0131367128342,30,0.0200462751091,30,0.0222467184067,30,0.0195887051523,30,0.0177659206092,30,0.014969491167,2024-04-15
2024-04-15,300,-0.213270828866,0,0,-0.0132225276902,30,-0.0129699604586,30,-0.0141935450956,30,-0.0113725606352,30,-0.0164366979152,30,-0.0120435813442,30,-0.0212955940515,30,-0.0190908815712,30,-0.0257057957351,30,-0.0290274694562,30,-0.015804941766,2024-04-16
2024-04-16,300,0.374818669853,0,14,0.0136683406308,30,0.0160325225443,30,0.0140751199797,30,0.0148764811456,30,0.0182852782309,30,0.0240104626864,30,0.0289844274521,30,0.0260576680303,30,0.0283310413361,30,0.0286541860551,30,0.0149858454242,2024-04-17
2024-04-17,300,0.0843486802048,0,0,-0.00437857909128,30,0.00021119316807,30,0.00168558757287,30,-0.000597314035986,30,0.00195053021889,30,0.00175863702316,30,-0.00400212407112,30,-0.00115219946019,30,0.00299972901121,30,-0.000934632611461,30,0.00344394647982,2024-04-18
2024-04-18,300,0.0488547328214,0,0,-0.0090047204867,30,-0.00503959273919,30,-0.0165124759078,30,-0.00931776594371,30,-0.00895775575191,30,-0.00678490987048,30,-0.0095975799486,30,-0.00468666572124,30,-0.0079150442034,30,-0.0107033215463,30,-0.00169860105962,2024-04-19
2024-04-19,300,0.121491667648,0,5,-0.0112613597885,30,-0.00555782299489,30,-0.00747500639409,30,0.00353430910036,30,-0.00705632381141,30,-0.00262801256031,30,-0.00106736423913,30,0.00015050372167,30,0.0032746931538,30,-0.00300502381288,30,0.0082563359756,2024-04-22
2024-04-22,300,-0.197878284236,0,3,-0.0092348260805,30,-0.00527716474608,30,-0.000712909328286,30,-0.00521645927802,30,-0.00622366089374,30,-0.00705074286088,30,-0.0136358020827,30,-0.0163436736912,30,-0.0197073221207,30,-0.0128361918032,30,-0.00360136572272,2024-04-23
2024-04-23,300,0.183861463649,0,10,0.00744792213663,30,-0.00239448947832,30,0.00482268724591,30,0.00225939159282,30,0.00836328044534,30,0.00288506154902,30,0.0017823636299,30,0.0101621551439,30,0.00765920896083,30,0.00649866042659,30,-0.000949261710048,2024-04-24
2024-04-24,300,0.189016972722,0,0,-0.00538741331547,30,-0.00926740746945,30,0.0056970496662,30,0.00322009320371,30,0.00123238761444,30,0.00230793352239,30,0.00643971981481,30,0.00274442625232,30,0.00454905629158,30,0.000714355730452,30,0.00610176904593,2024-04-25
2024-04-25,300,0.0209915426049,0,0,0.0123217049986,30,0.0189480818808,30,0.0221493635327,30,0.0177947822958,30,0.00852121692151,30,0.0277647264302,30,0.0121247032657,30,0.0176565386355,30,0.0220600478351,30,0.0245808772743,30,0.0122591722757,2024-04-26
2024-04-26,300,-0.391831344125,0,0,0.0298371091485,30,0.0360498763621,30,0.0152786755934,30,0.0289606805891,30,0.0290216710418,30,0.0182827990502,30,0.0120431305841,30,0.00581958889961,30,-0.00291049480438,30,0.00117399101146,30,-0.028663118137,2024-04-29
2024-04-29,300,0.29644750819,0,0,-0.0127570452169,30,-0.0167629756033,30,-0.0129868984222,30,-0.00788352265954,30,-0.00707860011607,30,-0.00191902520601,30,-0.00319185247645,30,-0.00169718265533,30,-0.00365758547559,30,0.00119560561143,30,0.0139526508283,2024-04-30
2024-04-30,300,0.142040972147,0,16,0.0165072325617,30,0.0117547456175,30,0.00713962735608,30,0.00885358452797,30,0.0140403108671,30,0.013839433901,30,0.02371208556,30,0.018553879112,30,0.0212070457637,30,0.0151517568156,30,-0.0013554757461,2024-05-06
2024-05-06,300,0.00582058931293,0,3,0.000956296920776,30,-0.000669203174766,30,0.00203201780096,30,-0.00182698562276,30,0.00440317997709,30,-0.00169036781881,30,0.00633536558598,30,0.00409675063565,30,0.00374350161292,30,-4.66903065899e-06,30,-0.000960965951435,2024-05-07
2024-05-07,300,0.116082881105,0,0,-0.0185988582671,30,-0.0129021387547,30,-0.00412508845329,30,-0.00526404799893,30,-0.00958738755435,30,-0.00959580298513,30,-0.0111221177503,30,-0.00961958337575,30,-0.0113929724321,30,-0.00713820243254,30,0.0114606558345,2024-05-08
2024-05-08,300,0.17658025474,0,20,0.00551258120686,30,0.0211205203086,30,0.0133187389001,30,0.0089492816478,30,0.0123082082719,30,0.00906210113317,30,0.00901549868286,30,0.0130641404539,30,0.0234052855521,30,0.0171481780708,30,0.0116355968639,2024-05-09
2024-05-09,300,0.218870499014,0,0,-0.00285417237319,30,-0.00721076549962,30,0.00519507518038,30,0.00500170188025,30,-0.0030515929684,30,-0.0024097324349,30,0.00307293329388,30,0.00264236121438,30,0.00416145147756,30,0.00266413483769,30,0.00551830721088,2024-05-10
2024-05-10,300,-0.254378926797,0,0,0.00992905255407,30,0.00371046271175,30,0.00479274569079,30,0.0101856905967,30,-0.000746039557271,30,-0.00152181391604,30,-0.003272612812,30,-0.00868649315089,30,-0.0015359481331,30,-0.00245994934812,30,-0.0123890019022,2024-05-13
2024-05-13,300,0.059660787957,0,0,-0.000273710495094,30,0.00123269751202,30,0.000412281340687,30,0.00104770855978,30,-0.000626762688626,30,-0.000421681004809,30,-0.00184767844621,30,0.00085712474538,30,0.00142961740494,30,0.00232955813408,30,0.00260326862917,2024-05-14
2024-05-14,300,0.123197075855,0,7,-0.0175521615893,30,-0.00732662668452,30,-0.013675654307,30,-0.00772303156555,30,-0.0110990544781,30,-0.00713005242869,30,-0.0106597943231,30,-0.0134768905118,30,-0.00920012593269,30,-0.00676215905696,30,0.0107900025323,2024-05-15
2024-05-15,300,-0.0803776067079,0,17,0.00558259291574,30,-0.000419827294536,30,0.00215477356687,30,0.00650182366371,30,0.00410931091756,30,0.00192902679555,30,0.000829009222798,30,0.00540759740397,30,-0.00379200372845,30,-0.00312097673304,30,-0.00870356964879,2024-05-16
2024-05-16,300,-0.0207284329948,0,8,0.0321415290236,30,0.00519159436226,30,0.00372824072838,30,0.009377066046,30,0.00286658201367,30,0.00772792287171,30,0.0111158350483,30,0.010964856483,30,0.00788349751383,30,0.00829480495304,30,-0.0238467240706,2024-05-17
2024-05-17,300,0.0604760724854,0,0,-0.000388409680454,30,0.00778837595135,30,0.0093678990379,30,0.000755715358537,30,0.00053270655917,30,0.00530381407589,30,0.00490824785084,30,0.0105137424543,30,0.00416843499988,30,0.00901627168059,30,0.00940468136105,2024-05-20
2024-05-20,300,0.0501278017609,0,3,-0.0129093769938,30,-0.00527430791408,30,-0.00407166499645,30,-0.00572723336518,30,-0.00159083609469,30,-0.00628488045186,30,-0.00381493172608,30,-0.00502995867282,30,-0.00783239398152,30,-0.00481021823362,30,0.00809915876016,2024-05-21
2024-05-21,300,0.119807018793,0,3,-0.000623001658823,30,0.00721051497385,30,0.00169388647191,30,-0.00130469200667,30,0.00199903245084,30,0.0110508538783,30,0.00778800668195,30,0.0117819486186,30,0.0090907337144,30,0.0132783455774,30,0.0139013472362,2024-05-22
2024-05-22,300,0.254344502371,0,4,-0.0194758661091,30,-0.020511072129,30,-0.0185315143317,30,-0.0195144135505,30,-0.0105696022511,30,-0.0119074936956,30,-0.0188249014318,30,-0.0122499130666,30,-0.0119200544432,30,-0.0106733385473,30,0.00880252756178,2024-05-23
2024-05-23,300,-0.00485458199115,0,9,-0.0192932486534,30,-0.0110676409677,30,-0.0109104476869,30,-0.00694726128131,30,-0.0112743554637,30,-0.00462785549462,30,-0.0103972256184,30,-0.00767192430794,30,-0.0130808074027,30,-0.0172037351876,30,0.00208951346576,2024-05-24
2024-05-24,300,-0.0732999293533,0,31,0.0108415959403,30,0.0132706128061,30,0.0049740197137,30,0.00886974763125,30,0.00949273537844,30,0.0091149630025,30,0.0115433875471,30,0.00940431188792,30,0.00832102075219,30,0.00743577070534,30,-0.00340582523495,2024-05-27
2024-05-27,300,-0.0702421692863,0,0,-0.00442438106984,30,-0.00919102039188,30,-0.00586842093617,30,-0.00719702243805,30,-0.0132784899324,30,-0.00888632331043,30,-0.00890161562711,30,-0.00691756419837,30,-0.0074104112573,30,-0.00849111843854,30,-0.0040667373687,2024-05-28
2024-05-28,300,0.064390661413,0,16,0.00251820893027,30,0.00422841124237,30,0.0045687216334,30,0.00256455154158,30,-0.00247368612327,30,0.00325833563693,30,0.00456122355536,30,0.00316542992368,30,0.00204113335349,30,0.000689297914505,30,-0.00182891101576,2024-05-29
2024-05-29,300,0.0611575629201,0,4,-0.00569592509419,30,-0.00624810671434,30,-0.00220103864558,30,0.00361134996638,30,-0.00383622851223,30,-0.00992245506495,30,0.001171527314,30,-0.00228952360339,30,-0.00183693761937,30,-0.00245121330954,30,0.00324471178465,2024-05-30
2024-05-30,300,-0.0522964739943,0,0,-0.00363601255231,30,-0.00271052331664,30,0.00139221351128,30,-0.00134365155827,30,-0.00771753583103,30,-0.00119451677892,30,-0.00367266335525,30,-0.00492096552625,30,-0.00408521108329,30,-0.0055502038449,30,-0.0019141912926,2024-05-31
2024-05-31,300,-0.0658821887733,0,62,0.00678394455463,30,0.00393841089681,30,-0.000305698311422,30,-0.00670296931639,30,-0.00184972689021,30,0.00139018299524,30,-0.00256821303628,30,-0.00355622777715,30,0.00283254589885,30,-0.00102121429518,30,-0.00780515884981,2024-06-03
2024-06-03,300,0.108918683333,0,0,0.0068542836234,30,0.00617117667571,30,0.00789229292423,30,0.0119861541316,30,0.00609867367893,30,0.00778964767233,30,0.0110411560163,30,0.0060363211669,30,0.00715895695612,30,0.0132946753874,30,0.00644039176404,2024-06-04
2024-06-04,300,0.0855321931063,0,0,-0.00603252649307,30,-0.00921706948429,30,-0.0074435849674,30,-0.00474515976384,30,-0.00327382283285,30,-0.00336502189748,30,-0.00528885517269,30,-0.00269659562036,30,-0.00384644465521,30,-0.0040911831893,30,0.00194134330377,2024-06-05
2024-06-05,300,-0.047399850115,0,25,-0.00912417192012,30,0.00165366730653,30,-0.00271386513487,30,-0.00232222885825,30,-0.00644383439794,30,-0.000609630369581,30,-0.00688046403229,30,-0.00348746171221,30,-0.00727296853438,30,-0.00995204038918,30,-0.000827868469059,2024-06-06
2024-06-06,300,0.0269895477177,0,12,-0.00697686662897,30,-0.00120361847803,30,-0.00357898860238,30,-0.00242221145891,30,-0.00480261445045,30,0.00116899609566,30,-9.97384413495e-05,30,-0.00493408041075,30,-0.00526638608426,30,-3.17573540087e-05,30,0.00694510927497,2024-06-07
2024-06-07,300,0.0989464673543,0,0,-0.0144820846617,30,0.00135056779254,30,-0.00571168679744,30,0.000804891169537,30,0.00438826857135,30,-0.00530678220093,30,-0.00526532530785,30,-0.00064641435165,30,-0.00153660972137,30,0.000317960977554,30,0.0148000456393,2024-06-11
2024-06-11,300,0.0336938248687,0,17,-0.000526561343577,30,-0.00247291126288,30,0.0068932492286,30,0.00117090938147,30,0.00707254232839,30,0.000311998534016,30,0.00682518072426,30,-0.000659914803691,30,-0.000269955402473,30,0.000647228967864,30,0.00117379031144,2024-06-12
2024-06-12,300,-0.00723353908765,0,9,-0.00448447046801,30,-0.00022435982828,30,-0.00210235128179,30,-0.00375406933017,30,-0.00474717421457,30,-0.00266179046594,30,-0.00560804409906,30,-0.00431288499385,30,-0.00760222086683,30,-0.00325704016723,30,0.00122743030079,2024-06-13
2024-06-13,300,0.125128849241,0,5,0.000846729672048,30,0.00563269434497,30,-0.00259627494961,30,-7.20659882063e-05,30,0.00276860804297,30,0.0070689599961,30,0.00396476779133,30,0.00625213980675,30,0.00216144323349,30,0.00888201966882,30,0.00803528999677,2024-06-14
2024-06-14,300,-0.0897025563193,0,6,-0.00375234079547,30,0.00654418068007,30,-0.00110239186324,30,-0.00392435770482,30,0.00552709680051,30,-0.00580025324598,30,0.00113887980115,30,-0.000402142613893,30,-0.00546313123778,30,-0.00454616127536,30,-0.000793820479885,2024-06-17
2024-06-17,300,0.125061904056,0,0,0.00105701887514,30,0.00271136756055,30,0.00573372235522,30,0.00202289014123,30,0.000585788511671,30,0.00364676327445,30,0.00170501472894,30,0.00615185499191,30,0.00337763829157,30,0.00843317341059,30,0.00737615453545,2024-06-18
2024-06-18,300,-0.0485741095811,0,0,-0.00573867745697,30,-0.00614891247824,30,-0.0091551579535,30,-0.00545011740178,30,-0.0087603610009,30,-0.0069138626568,30,-0.00965380854905,30,-0.00700588617474,30,-0.00941792502999,30,-0.0101934885606,30,-0.00445481110364,2024-06-19
2024-06-19,300,-0.292497300095,0,25,-0.00129096105229,30,-0.00443255901337,30,-0.00602944707498,30,-0.0100196180865,30,-0.0109460139647,30,-0.014285299927,30,-0.0116919837892,30,-0.0187721513212,30,-0.014945874922,30,-0.0182647090405,30,-0.0169737479882,2024-06-20
2024-06-20,300,0.0388268731186,0,24,-0.0043867668137,30,-0.000201000773814,30,-0.00112875702325,30,0.00071469147224,30,0.00350214843638,30,0.000135968133691,30,0.00389169063419,30,-0.00230607995763,30,-2.85943351628e-05,30,-0.00219696969725,30,0.00218979711644,2024-06-21
2024-06-21,300,0.185740521149,0,7,-0.0213559512049,30,-0.0212337858975,30,-0.0122860074043,30,-0.00966750364751,30,-0.00811723433435,30,-0.0146831674501,30,-0.00902375392616,30,-0.00800498761237,30,-0.00579797429964,30,-0.0151729620993,30,0.00618298910558,2024-06-24
2024-06-24,300,-0.284773642458,0,17,-0.00730336690322,30,-0.00406132731587,30,-0.00435570674017,30,-0.000185589000466,30,-0.00318220048212,30,-0.00319435587153,30,-0.00774520821869,30,-0.0189933441579,30,-0.0185721572489,30,-0.014118601568,30,-0.00681523466483,2024-06-25
2024-06-25,300,0.0268519613187,0,2,0.0051191826351,30,0.0125827090815,30,0.0103419208899,30,0.0153224747628,30,0.0200673211366,30,0.0124717513099,30,0.0153086800128,30,0.0124690476805,30,0.00503839645535,30,0.0110392170027,30,0.00592003436759,2024-06-26
2024-06-26,300,0.458442557013,0,0,-0.0183501876891,30,-0.0183114614338,30,-0.0197757966816,30,-0.0209252145141,30,-0.0126745263115,30,-0.0141638955101,30,-0.00895083136857,30,-0.00510180974379,30,-0.0018860042328,30,-0.0004235029337,30,0.0179266847554,2024-06-27
2024-06-27,300,-0.145785505297,0,28,0.00815197266638,30,0.00687163276598,30,0.00410112319514,30,0.00470403814688,30,0.00349991116673,30,0.00308321113698,30,-0.00321252341382,30,0.00303584942594,30,0.00225844583474,30,-0.00522801280022,30,-0.0133799854666,2024-06-28
2024-06-28,300,-0.175291326085,0,5,0.00509929237887,30,0.0107903061435,30,0.0107021247968,30,0.0135908229277,30,0.00885935034603,30,0.00643559684977,30,0.00127229490317,30,0.00577197689563,30,0.00269750365987,30,0.00404675025493,30,-0.00105254212394,2024-07-01
2024-07-01,300,0.0830531752488,0,0,-0.00862389616668,30,-0.00961817894131,30,-0.0140575850382,30,-0.00862572807819,30,-0.00131153070834,30,-0.00491083459929,30,-0.00573274306953,30,-0.00852863211185,30,-0.00494896946475,30,-0.00836789794266,30,0.00025599822402,2024-07-02
2024-07-02,300,0.132009265031,0,2,-0.00785626750439,30,-0.00519516458735,30,-0.00492255110294,30,-0.00512018986046,30,-0.00801621098071,30,-0.00603458099067,30,-0.00334610929713,30,0.00120736157987,30,-0.00487779965624,30,0.00525532756001,30,0.0131115950644,2024-07-03
2024-07-03,300,0.145692694588,0,3,-0.0180371329188,30,-0.0129894018173,30,-0.00881440006196,30,-0.00721070775762,30,-0.00813328195363,30,-0.0158510766923,30,-0.00703985104337,30,-0.00675943680108,30,-0.00747260032222,30,-0.00660829339176,30,0.0114288395271,2024-07-04
2024-07-04,300,0.0736589370397,0,33,-0.000415623188019,30,0.00669063348323,30,-0.0027976653073,30,-0.000896348559763,30,0.0013472517021,30,0.00403502164409,30,-0.00124139385298,30,0.00180016760714,30,0.00210459227674,30,0.00109586119652,30,0.00151148438454,2024-07-05
2024-07-05,300,-0.00268095442357,0,0,-0.0203355494887,30,-0.00756856380031,30,-0.00708830775693,30,-0.00994189735502,30,-0.00962326489389,30,-0.0157983656973,30,-0.021223988384,30,-0.0141974566504,30,-0.00983216520399,30,-0.0103440480307,30,0.00999150145799,2024-07-08
2024-07-08,300,0.115228297235,0,0,0.00894461106509,30,0.00884334463626,30,0.0173727944493,30,0.010112375021,30,0.0178457759321,30,0.011672780849,30,0.0123687628657,30,0.0188339035958,30,0.0107214236632,30,0.0218265280128,30,0.0128819169477,2024-07-09
2024-07-09,300,-0.155986300171,0,0,0.00678393244743,30,0.0100119831041,30,-0.00185535545461,30,-0.00674306927249,30,-0.000897785008419,30,-0.00777313113213,30,-0.000942609680351,30,-0.00343678984791,30,-0.00597148155794,30,-0.0073003647849,30,-0.0140842972323,2024-07-10
2024-07-10,300,-0.156178738436,0,4,0.0306547824293,30,0.0184978879988,30,0.0226289965212,30,0.0192513391376,30,0.0151298344135,30,0.0177874863148,30,0.0137576358393,30,0.0185860022902,30,0.0138150071725,30,0.0156928878278,30,-0.0149618946016,2024-07-11
2024-07-11,300,0.133838514038,0,0,0.00476648006588,30,-0.00295654730871,30,-0.00720240268856,30,-0.00707171764225,30,-0.00107391679194,30,-0.00416305242106,30,0.000666693842504,30,-0.00291952281259,30,-0.000144783654832,30,0.00739685306326,30,0.00263037299737,2024-07-12
2024-07-12,300,-0.0649179347892,0,4,-0.00140667159576,30,-0.00303849368356,30,0.00196604127996,30,0.000356874865247,30,0.00235669803806,30,0.00250993366353,30,0.000120143093227,30,-0.000428859406384,30,-0.00431324029341,30,-0.00345251569524,30,-0.00204584409948,2024-07-15
2024-07-15,300,0.0702149910651,0,0,0.0206952691078,30,0.00597147364169,30,0.0102704269812,30,0.00364758376963,30,0.00889657158405,30,0.0132897077128,30,0.0116850677878,30,0.0075400294736,30,0.00843727402389,30,0.00895437598228,30,-0.0117408931255,2024-07-16
2024-07-16,300,0.165090041848,0,0,-0.00282071437687,30,-0.00594756193459,30,-0.00128359394148,30,-0.00382019672543,30,0.00150250201114,30,0.00325281615369,30,0.00646843528375,30,0.00664243893698,30,0.0035501876846,30,0.00073790748138,30,0.00355862185825,2024-07-17
2024-07-17,300,-0.122490305462,0,8,0.00552766304463,30,0.00851726345718,30,0.00582964811474,30,0.0104216691107,30,0.00162222981453,30,0.00452552828938,30,0.00797440577298,30,0.00739389844239,30,0.00121711089741,30,-0.00032152532367,30,-0.0058491883683,2024-07-18
2024-07-18,299,-0.112986066749,1,0,0.0125683862716,30,0.0119030075148,30,0.0058111329563,30,0.00391462631524,30,0.0138408085331,30,0.00656587304547,30,0.00762689532712,30,0.00567442597821,30,0.000954389572144,30,0.00585935637355,29,-0.00670902989805,2024-07-19
2024-07-19,299,-0.150455929784,1,0,0.00568906683475,30,-0.00489042978734,30,-0.00655628461391,30,-0.00142784311902,30,-0.0072487751022,30,-0.00770310172811,30,-0.00834281649441,30,-0.00477820215747,30,-0.00960419792682,30,-0.00314912502654,29,-0.00883819186129,2024-07-22
2024-07-22,299,-0.103681220929,1,0,-0.0239148065448,30,-0.0252285413444,30,-0.0199164878577,30,-0.019355295226,30,-0.0292416028678,30,-0.0167200360447,30,-0.0258285757154,30,-0.0282170660794,30,-0.0298992823809,30,-0.0300574954599,29,-0.00614268891513,2024-07-23
2024-07-23,299,-0.262187605058,1,75,0.00444706855342,30,-0.000585645437241,30,-0.00508565129712,30,-0.00770583935082,30,-0.0116967102513,30,-0.0139908930287,30,-0.0107112629339,30,-0.0105367479846,30,-0.00635541090742,30,-0.0156523976475,29,-0.0200994662009,2024-07-24
2024-07-24,299,0.416568734089,1,0,-0.014590064995,30,-0.0127075016499,30,-0.00681570358574,30,-0.00553782982752,30,0.00471369642764,30,-0.00454195542261,30,0.000201600792934,30,0.00315678515472,30,0.00536713190377,30,0.0178032182157,29,0.0323932832107,2024-07-25
2024-07-25,299,0.0203818347737,1,2,0.00860304478556,30,0.00897274445742,30,0.0054842075333,30,-0.00132389063947,30,0.00795891322196,30,0.0087165851146,30,0.00897494517267,30,0.00764509057626,30,0.0101786889136,30,0.00549379503354,29,-0.00310924975201,2024-07-26
2024-07-26,299,0.104473732413,1,0,-0.0136557361111,30,-0.00739865098149,30,-0.0070903301239,30,-0.00109275581781,30,-0.00762322964147,30,-0.00634154258296,30,-0.00838220305741,30,-0.00836108345538,30,-0.00278880796395,30,-0.00386842153966,29,0.00978731457144,2024-07-29
2024-07-29,299,0.113084127789,1,19,-0.00453185616061,30,-0.00232040486299,30,-0.0069868741557,30,-0.0058980085887,30,-0.00410863570869,30,-0.00529464660212,30,-0.00511049246415,30,-0.00386038422585,30,-0.00256124534644,30,3.65212035831e-05,29,0.00456837736419,2024-07-30
2024-07-30,299,-0.0695012193344,1,2,0.025917949155,30,0.0287193451077,30,0.0342744104564,30,0.0272851008922,30,0.0264055728912,30,0.0313760153949,30,0.025688059628,30,0.0288885049522,30,0.0330183245242,30,0.0159232560545,29,-0.00999469310045,2024-07-31
2024-07-31,299,0.419881281993,1,0,-0.0136657515541,30,-0.0119607290253,30,-0.0115547319874,30,-0.0135785024613,30,-0.00781998597085,30,-0.00232441420667,30,-0.00805699452758,30,-0.00436205649748,30,0.00507329916582,30,0.00490941898897,29,0.018575170543,2024-08-01
2024-08-01,299,0.00564193731583,1,8,-0.0101641854271,30,-0.00992166809738,30,-0.0105716688558,30,-0.0119319716468,30,-0.00919334311038,30,-0.00804506149143,30,-0.0126995090395,30,-0.00832651462406,30,-0.00943148508668,30,-0.0119701437652,29,-0.00180595833808,2024-08-02
2024-08-02,300,0.0189232448797,0,10,-0.017487777397,30,-0.0142246289179,30,-0.0164532866329,30,-0.0160869527608,30,-0.0126101318747,30,-0.0196416582912,30,-0.0125073036179,30,-0.0139779923484,30,-0.016270654276,30,-0.0135208154097,30,0.00396696198732,2024-08-05
2024-08-05,300,0.0208317653813,0,52,0.00868547987193,30,0.00909548439085,30,0.00508695049211,30,0.00252976221964,30,0.00761294178665,30,0.00554818101227,30,0.00822265353054,30,0.00875395908952,30,0.00354078807868,30,0.0157554261386,30,0.00706994626671,2024-08-06
2024-08-06,300,0.212489455349,0,0,-0.000213833656744,30,-0.00666570244357,30,-0.00547142839059,30,-0.00438699731603,30,-0.00205627083778,30,0.000110932189273,30,0.00526436557993,30,-0.0004317323328,30,0.00208565592766,30,0.00276261777617,30,0.00297645143291,2024-08-07
2024-08-07,300,0.186640872973,0,9,0.000336122524459,30,-0.00514327688143,30,-0.00876447185874,30,-5.48422322026e-05,30,-0.0018133004196,30,0.00172876520082,30,0.00358223519288,30,-0.000778162502684,30,0.000439196825027,30,0.00183281104546,30,0.001496688521,2024-08-08
2024-08-08,300,0.0920783985529,0,6,-0.00831247586757,30,-0.00185169384349,30,-0.00749584846199,30,-0.00821824464947,30,-0.00886311754584,30,-0.00536846928298,30,-0.00425565056503,30,-0.00475343083963,30,-0.0065729082562,30,-0.00421756319702,30,0.00409491267055,2024-08-09
2024-08-09,300,-0.0186907554108,0,72,-0.00600786413997,30,0.000617669022176,30,-0.00201511592604,30,-0.00607425766066,30,0.000448244798463,30,-0.00428702635691,30,0.00343984365463,30,-0.000716575013939,30,-0.00348914065398,30,-0.00749113364145,30,-0.00148326950148,2024-08-12
2024-08-12,300,0.146513804945,0,4,-0.0012476562988,30,0.000572444987483,30,0.00180724263191,30,0.00540085043758,30,0.00401626620442,30,0.00271730218083,30,0.00377994775772,30,0.00115153193474,30,0.00626738881692,30,0.00480993185192,30,0.00605758815072,2024-08-13
2024-08-13,300,0.206199872165,0,0,-0.0134201627225,30,-0.0118827903643,30,-0.0124503728002,30,-0.00970217213035,30,-0.015247005038,30,-0.00870776735246,30,-0.00602311082184,30,-0.00744053907692,30,-0.00759997963905,30,-0.00725659122691,30,0.00616357149556,2024-08-14
2024-08-14,300,0.171147225442,0,44,0.00666898302734,30,0.00336826057173,30,0.00800715107471,30,0.00768701639026,30,0.00725780520588,30,0.00966047402471,30,0.0132954716682,30,0.0107136545703,30,0.00747860083356,30,0.0135689517483,30,0.00689996872097,2024-08-15
2024-08-15,300,0.0259856540264,0,0,-0.00631480989978,30,-0.00184444186743,30,-0.00151514809113,30,-0.00417638011277,30,-0.00226246519014,30,0.00315412483178,30,-0.00250859255902,30,0.00118921196554,30,-0.00402763905004,30,-0.00500814104453,30,0.00130666885525,2024-08-16
2024-08-16,300,-0.0980069061414,0,9,0.00164398748893,30,0.00598498387262,30,0.00510361976922,30,0.0015684585087,30,0.00242999987677,30,0.00351258716546,30,0.000538971042261,30,0.00271035428159,30,-0.0016512850998,30,-0.00384539156221,30,-0.00548937905114,2024-08-19
2024-08-19,300,-0.100829799906,0,7,-0.00508018722758,30,-0.0101193310693,30,-0.0113479755819,30,-0.0145606715232,30,-0.0110883470625,30,-0.0155741628259,30,-0.0103985387832,30,-0.0105555020273,30,-0.0124756498262,30,-0.0125976884738,30,-0.00751750124618,2024-08-20
2024-08-20,300,0.0412786010778,0,3,-0.0072533627972,30,-0.00568526983261,30,-0.0110347690061,30,0.000966850901023,30,-0.0050433697179,30,-0.0066361008212,30,-0.00149532756768,30,0.000841685163323,30,-0.00654871249571,30,-0.00673569040373,30,0.000517672393471,2024-08-21
2024-08-21,299,-0.304623448559,1,10,-0.00697113480419,30,-0.000139369571116,30,0.000214411818888,30,0.00242172484286,30,-0.00821653567255,30,-0.0132264019921,30,-0.0110333347693,30,-0.0152142904699,30,-0.0134142097086,30,-0.0142394863069,29,-0.00726835150272,2024-08-22
2024-08-22,299,0.100370213494,1,9,-0.00326094240882,30,-0.00208259630017,30,0.00666050100699,30,0.000929882109631,30,0.00645074434578,30,-0.00101083714981,30,0.00417263712734,30,0.00185254612006,30,0.00436603836715,30,0.00491822371259,29,0.00817916612141,2024-08-23
2024-08-23,299,0.119089973489,1,4,0.000544178474229,30,-0.00367204356007,30,-0.000792606675532,30,-0.00160186295398,30,0.000182970368769,30,0.00272065005265,30,-0.00497010769323,30,0.00600968208164,30,-0.00131992693059,30,0.00721214758232,29,0.00666796910809,2024-08-26
2024-08-26,299,-0.0159045315099,1,0,-0.014540489763,30,-0.00576521363109,30,-0.011416955851,30,-0.00452241301537,30,-0.000367933505913,30,-0.00733986496925,30,-0.00824865885079,30,-0.0119382916018,30,-0.0114934528247,30,-0.012805535458,29,0.00173495430499,2024-08-27
2024-08-27,299,0.181743904871,1,2,-0.00252659711987,30,-0.00538661098108,30,-0.00357726425864,30,-0.00405394053087,30,-0.00637818360701,30,-0.000605305016506,30,0.000950769579504,30,-0.00554843945429,30,0.000987503910437,30,0.00430565653369,29,0.00683225365356,2024-08-28
2024-08-28,299,-0.246746047915,1,0,0.0139423692599,30,0.00712908292189,30,0.0131351845339,30,0.00168464577291,30,-0.00171343085822,30,-0.0067790010944,30,0.0010584294796,30,0.00246680784039,30,-0.00146964786109,30,-0.00458618672565,29,-0.0185285559855,2024-08-29
2024-08-29,299,-0.209941933862,1,13,0.012648534961,30,0.0195631608367,30,0.029027139768,30,0.0201816186309,30,0.0221112258732,30,0.0125080924481,30,0.0095369098708,30,0.000321972358506,30,0.0074953394942,30,0.0149833764881,29,0.00233484152704,2024-08-30
2024-08-30,299,0.361457191548,1,15,-0.0286364126951,30,-0.0321891866624,30,-0.0242909528315,30,-0.0270363297313,30,-0.0139416297898,30,-0.0211933851242,30,-0.0205847192556,30,-0.0140908639878,30,-0.0086887832731,30,-0.00518938386813,29,0.0234470288269,2024-09-02
2024-09-02,297,0.332155853502,3,60,-0.0105040473863,30,-0.00540658645332,30,0.0029983043205,30,0.00677508534864,29,0.00801715813577,30,0.00871650222689,30,0.00907242670655,29,0.00864181760699,30,0.0103670004755,30,0.0145569173619,29,0.0250609647483,2024-09-03
2024-09-03,297,-0.296289187935,3,0,-0.000299549108604,30,0.00153337314259,30,-0.000166265162989,30,-0.00334900198504,29,-0.00835924316198,30,-0.0112511375919,30,-0.00674711214378,29,-0.0107403043658,30,-0.00770693831146,30,-0.0124954339117,29,-0.0121958848031,2024-09-04
2024-09-04,297,0.141749772492,3,10,0.000769903243054,30,0.00180842087138,30,0.00184332334902,30,0.00231788493693,29,0.00562214851379,30,0.00274765701033,30,0.00585890002549,29,0.00375463161618,30,0.00696242460981,30,0.0072403056547,29,0.00647040241165,2024-09-05
2024-09-05,296,-0.115910121521,4,0,-0.0101361032575,30,-0.00972344260663,30,-0.0102946963161,29,-0.00892622116953,30,-0.00489948550239,29,-0.0138631742448,30,-0.0121979219839,30,-0.0134027563035,29,-0.0112594049424,30,-0.0161438249052,29,-0.00600772164762,2024-09-06
2024-09-06,296,-0.0150587319842,4,44,-0.00983415637165,30,-0.0130134187639,30,-0.00771902361885,29,-0.00988967623562,30,-0.0136559931561,29,-0.0110716875643,30,-0.0103371683508,30,-0.011870472692,29,-0.00989878736436,30,-0.0107754096389,29,-0.000941253267229,2024-09-09
2024-09-09,296,-0.0300035479213,4,3,0.000352243572706,30,0.00135037500877,30,0.00253266911022,29,0.00323785748333,30,0.000951900554355,29,-0.00115219550207,30,0.00122062361334,30,-0.000838807958644,29,-0.00174374575727,30,0.0013259917032,29,0.000973748130491,2024-09-10
2024-09-10,296,0.0354950376797,4,0,0.0040843388997,30,-0.000589297211263,30,-0.00189845729619,29,-0.00718379812315,30,-0.00416450062767,29,-0.00431928457692,30,-0.00254740915261,30,-0.000274088873994,29,0.0017853975296,30,0.00374251394533,29,-0.000341824954376,2024-09-11
2024-09-11,296,0.0341314553015,4,0,-0.00791458506137,30,-0.00326130795293,30,-0.00236654491164,29,-0.00739944167435,30,-0.00657035550103,29,-0.00235884985887,30,-0.00246838736348,30,-0.00206758850254,29,-0.0048858881928,30,-0.00772432843223,29,0.000190256629139,2024-09-12
2024-09-12,296,-0.209388068548,4,29,-0.00585707230493,30,-0.00702215218917,30,0.00186995591503,29,-0.00359005527571,30,-0.00552921043709,29,-0.00315530505031,30,-0.00740976119414,30,-0.0119623066857,29,-0.00996286515146,30,-0.0120935607702,29,-0.00623648846522,2024-09-13
2024-09-13,296,-0.0105379773014,4,59,-0.00740462727845,30,0.00280997552909,30,0.00630559818819,29,0.0071666855365,30,0.00386058865115,29,0.00529259862378,30,0.00237099337392,30,1.90549890249e-05,29,0.000599257124122,30,0.00163758825511,29,0.00904221553355,2024-09-18
2024-09-18,296,-0.0231094689814,4,2,0.0178561788052,30,0.0105120483786,30,0.0108663607389,29,0.0129475295544,30,0.00985461100936,29,0.0123906768858,30,0.0108912009746,30,0.00972022861242,29,0.013791648671,30,0.0107140168548,29,-0.00714216195047,2024-09-19
2024-09-19,298,0.0804647791547,2,0,-0.000952714704908,30,0.0033161600586,30,-0.00357922306284,30,-0.00260665011592,30,-0.00171807105653,29,-0.0001990536839,30,-0.00322095747106,30,-0.00141124532092,30,0.00450081611052,30,0.00579307181761,29,0.00674578652252,2024-09-20
2024-09-20,298,0.21067391849,2,0,-0.00597984995693,30,-0.00189676880836,30,0.00207882514223,30,-0.000394370144932,30,0.000861268606968,29,0.00482261972502,30,0.00473583722487,30,0.00149701035116,30,0.0115291532129,30,0.00431010825559,29,0.0102899582125,2024-09-23
2024-09-23,298,0.228904522778,2,8,0.0352747440338,30,0.0324553102255,30,0.0398012399673,30,0.0383711270988,30,0.0380780436099,29,0.0489239171147,30,0.0420119687915,30,0.0468898676336,30,0.0470418855548,30,0.0492418706417,29,0.0139671266079,2024-09-24
2024-09-24,298,-0.00846017320297,2,0,0.01724300161,30,0.0119685428217,30,0.0117270750925,30,0.014730735682,30,0.0132683394477,29,0.00750767765567,30,0.0147927245125,30,0.0171313583851,30,0.00968177150935,30,0.0147063238546,29,-0.00253667775542,2024-09-25
2024-09-25,298,0.125162947494,2,3,0.0455530062318,30,0.0360385365784,30,0.0395938381553,30,0.040877725929,30,0.0442701466382,29,0.0336745716631,30,0.0376202091575,30,0.0468053109944,30,0.0526616349816,30,0.0494056008756,29,0.00385259464383,2024-09-26
2024-09-26,298,-0.514141896685,2,0,0.0984381809831,30,0.0678989887238,30,0.0584528930485,30,0.0641357973218,30,0.061131477356,29,0.0522373579443,30,0.0496582016349,30,0.0306258443743,30,0.0392438732088,30,0.0069408970885,29,-0.0914972838946,2024-09-27
2024-09-27,298,-0.652587087524,2,0,0.16498182714,30,0.10651563108,30,0.103284075856,30,0.0952574387193,30,0.100205078721,29,0.099374063313,30,0.0880073830485,30,0.0755870193243,30,0.0698104053736,30,0.0582425557077,29,-0.106739271432,2024-09-30
2024-09-30,298,-0.379629059658,2,0,0.175785958767,30,0.116891160607,30,0.0511613860726,30,0.0631875321269,30,0.0514732189476,29,0.0296145472676,30,0.0433733984828,30,0.0359194092453,30,0.035735886544,30,0.0694648176432,29,-0.106321141124,2024-10-08
2024-10-08,298,0.500327057681,2,5,-0.128159463406,30,-0.086370639503,30,-0.0840897858143,30,-0.0735742673278,30,-0.0736749619246,29,-0.0644038543105,30,-0.0780217498541,30,-0.0473293736577,30,-0.0744180157781,30,-0.0280459858477,29,0.100113477558,2024-10-09
2024-10-09,298,0.247826695583,2,73,-0.0612277016044,30,-0.0112255774438,30,0.0224935896695,30,0.0131641644984,30,0.00622804183513,29,0.0331518091261,30,0.0265992768109,30,0.0136623298749,30,0.00934861879796,30,-0.0014514552895,29,0.0597762463149,2024-10-10
2024-10-10,300,-0.10495192609,0,3,-0.0344063453376,30,-0.0291004423052,30,-0.015175819397,30,-0.0280825849622,30,-0.0354222692549,30,-0.0308399014175,30,-0.0309213977307,30,-0.0296952147037,30,-0.0432311929762,30,-0.0348646491766,30,-0.000458303838968,2024-10-11
2024-10-11,300,-0.0421384775694,0,2,0.0167781487107,30,0.025523616001,30,0.015300931409,30,0.0213674660772,30,0.0233237203211,30,0.0144005082548,30,0.0144905364141,30,0.017873223871,30,0.0173352994025,30,0.0244029667228,30,0.00762481801212,2024-10-14
2024-10-14,300,0.151188346537,0,0,-0.030064528808,30,-0.0223244186491,30,-0.0274446215481,30,-0.0266864076257,30,-0.0278229340911,30,-0.0251541938633,30,-0.0307547245175,30,-0.023233871907,30,-0.0251689516008,30,-0.0228702835739,30,0.00719424523413,2024-10-15
2024-10-15,300,0.0988293773442,0,82,-0.0138211529702,30,-0.00329779786989,30,-0.0133237959817,30,-0.00687407841906,30,-0.00394539022818,30,-0.00895946659148,30,-0.0128132598475,30,-0.000704741454683,30,0.00475228438154,30,-0.0154117858037,30,-0.00159063283354,2024-10-16
2024-10-16,300,-0.0990271223074,0,0,-0.0148726161569,30,-0.00578746804968,30,-0.0109748123214,30,-0.00757665233687,30,-0.00860726833344,30,-0.00452084140852,30,-0.00940963253379,30,-0.0123451864347,30,-0.0137263536453,30,-0.0148633085191,30,9.30763781071e-06,2024-10-17
2024-10-17,300,-0.160799284344,0,47,0.0496152490377,30,0.0477364137769,30,0.0382486954331,30,0.0394909493625,30,0.034179084003,30,0.0343350060284,30,0.0329222306609,30,0.0362759418786,30,0.0308658573776,30,0.0274335667491,30,-0.0221816822886,2024-10-18
2024-10-18,300,-0.198844075532,0,0,0.00387440714985,30,0.00983047671616,30,0.0139921130612,30,0.0103055136278,30,0.0266735609621,30,0.00811876449734,30,0.0037210106384,30,0.00316941947676,30,-0.00507564144209,30,-0.00149256980512,30,-0.00536697695497,2024-10-21
2024-10-21,300,0.133715865493,0,0,-0.00354905729182,30,0.0129584614187,30,0.00506887026131,30,0.00430219760165,30,0.00899073854089,30,0.00835174880922,30,0.0128492852673,30,0.0070133167319,30,0.00845283828676,30,0.0121558550745,30,0.0157049123663,2024-10-22
2024-10-22,300,0.0308334233355,0,0,0.0140506904572,30,0.0106187844649,30,0.00577047467232,30,0.0002814650652,30,0.00531229795888,30,-0.000389621651266,30,0.0058610518463,30,0.00449634389952,30,0.0052465358749,30,0.00456893630326,30,-0.00948175415397,2024-10-23
2024-10-23,300,0.368918867119,0,0,-0.0281047485769,30,-0.0164090301841,30,-0.0153364716098,30,-0.0134248491377,30,-0.00631132302806,30,-0.00879896059632,30,-0.0083275930956,30,-0.00883113779128,30,-0.00849579367787,30,-0.00445276498795,30,0.0236519835889,2024-10-24
2024-10-24,300,0.0858722560745,0,4,0.0216565541923,30,0.00618081493303,30,0.011365189217,30,0.0088751334697,30,0.0196181312203,30,0.0148697635159,30,0.0055295326747,30,0.0115057174116,30,0.00441150460392,30,0.0192809961736,30,-0.00237555801868,2024-10-25
2024-10-25,300,-0.0312056554771,0,0,0.00457637524232,30,0.0132968723774,30,-0.000819202279672,30,0.00824843998998,30,0.00697320280597,30,0.00678253173828,30,0.00654880423099,30,0.00597369670868,30,0.00103654467966,30,0.00172712211497,30,-0.00284925312735,2024-10-28
2024-10-28,300,0.473196975961,0,0,-0.0292775444686,30,-0.0232084318995,30,-0.0181777477264,30,-0.0135991871357,30,-0.0131180342287,30,-0.0160189904273,30,-0.010300504975,30,-0.00730195222422,30,-0.000965372717474,30,-0.00558740692213,30,0.0236901375465,2024-10-29
2024-10-29,300,0.0144309030283,0,10,-0.00931860227138,30,-0.00513297738507,30,-0.00529559655115,30,-0.0142694795504,30,-0.00723514379933,30,-0.00493244128302,30,-0.00660599861294,30,-0.00957682169974,30,-0.0111067770049,30,-0.00643146643415,30,0.00288713583723,2024-10-30
2024-10-30,300,-0.134625948908,0,3,0.0139302946627,30,0.0104282535613,30,0.00104843976442,30,0.0085022887215,30,-0.00293440022506,30,0.00517102284357,30,0.0116115827113,30,-0.00578079838306,30,-0.00423411326483,30,-0.00172812142409,30,-0.0156584160868,2024-10-31
2024-10-31,300,0.430170146524,0,0,-0.0338667370379,30,-0.00621363939717,30,-0.00916303973645,30,-0.0129407243803,30,-0.00385558395647,30,-0.000993108726107,30,0.00497752428055,30,-0.000307001668261,30,0.00659685116261,30,0.0107989292592,30,0.0446656662971,2024-11-01
2024-11-01,300,0.420083748032,0,10,0.0047963517718,30,0.00505039095879,30,0.00661887740716,30,0.0141667211428,30,0.00971101690084,30,0.0144586805254,30,0.0149537837133,30,0.0211412589997,30,0.0239418987185,30,0.0215079840273,30,0.0167116322555,2024-11-04
2024-11-04,300,-0.20691786233,0,0,0.0442155748606,30,0.0305501092225,30,0.0270192623138,30,0.030923191458,30,0.0240647122264,30,0.0277881659567,30,0.0225840620697,30,0.0196720324457,30,0.0275886058807,30,0.0165805388242,30,-0.0276350360364,2024-11-05
2024-11-05,300,-0.155722917685,0,0,0.00650540599599,30,0.00327031221241,30,-0.00490680336952,30,0.00930250715464,30,0.00808971561491,30,-0.00345078716055,30,0.00172849104274,30,-0.00620055384934,30,-0.00391435623169,30,-0.00676256604493,30,-0.0132679720409,2024-11-06
2024-11-06,300,-0.170975233058,0,0,0.0243494324386,30,0.0385612249374,30,0.032148104161,30,0.0337129384279,30,0.0298711899668,30,0.0316394381225,30,0.0260360203683,30,0.019799452275,30,0.019872058183,30,0.0143211977556,30,-0.010028234683,2024-11-07
2024-11-07,300,0.281829478918,0,0,-0.0175304282457,30,-0.0126069104299,30,-0.00307640642859,30,-0.00925104413182,30,-0.00439570145682,30,-0.00422182865441,30,0.00189036130905,30,-0.00392241263762,30,-0.000517638516612,30,-0.00189820921514,30,0.0156322190305,2024-11-08
2024-11-08,300,-0.0010275710833,0,2,0.0442828349769,30,0.00388885941356,30,0.0109208924696,30,0.00348908896558,30,0.0055829542689,30,0.0135139860213,30,0.00609841756523,30,0.00375502300449,30,0.0215080212802,30,0.0208833795041,30,-0.0233994554728,2024-11-11
2024-11-11,300,0.130975968569,0,0,-0.0163090489805,30,-0.0115425484255,30,-0.00360531220213,30,-0.00307619967498,30,-0.010969680734,30,-0.01551298704,30,-0.0100076673552,30,-0.00902299489826,30,-0.0136932712048,30,-0.00591161428019,30,0.0103974347003,2024-11-12
2024-11-12,300,0.222834392221,0,7,0.00855892058462,30,-0.00114672980271,30,0.00877352338284,30,0.00685069756582,30,0.00377484364435,30,0.00334772467613,30,0.00438113603741,30,0.00746747851372,30,0.00622856197879,30,0.0104552702978,30,0.00189634971321,2024-11-13
2024-11-13,300,0.326582553871,0,0,-0.0386051572859,30,-0.0247732773423,30,-0.0232451073825,30,-0.0230582859367,30,-0.0234123971313,30,-0.0224994961172,30,-0.0202899444848,30,-0.0139469588175,30,-0.0114602204412,30,-0.011673883535,30,0.026931273751,2024-11-14
2024-11-14,300,-0.0152349251264,0,30,-0.0124536398798,30,-0.0126024838537,30,-0.0247598551214,30,-0.0169321335852,30,-0.0195528455079,30,-0.0176884811372,30,-0.0201079882681,30,-0.0222872197628,30,-0.0151712335646,30,-0.0120433010161,30,0.00041033886373,2024-11-15
2024-11-15,300,-0.0480873841633,0,59,-0.0201745554805,30,0.00147262215614,30,-0.00993904657662,30,-0.00618388643488,30,-0.00738322548568,30,-0.00778035912663,30,-0.0124830687419,30,-0.0102381324396,30,0.00933601614088,30,-0.0145584465936,30,0.0056161088869,2024-11-18
2024-11-18,300,0.130123144359,0,0,-0.00877979211509,30,0.0066278995946,30,0.0152367632836,30,0.0124031864107,30,0.0193629246205,30,0.0149306710809,30,0.0172483846545,30,0.0121546667069,30,0.0110696451738,30,0.00580682558939,30,0.0145866177045,2024-11-19
2024-11-19,300,0.0762748269366,0,0,0.00168109138031,30,0.00475840782747,30,0.00122498872224,30,0.00639669690281,30,0.00511008501053,30,0.00569853000343,30,0.0055109700188,30,0.00106415746268,30,0.00091966392938,30,0.00400191126391,30,0.00232081988361,2024-11-20
2024-11-20,300,0.0470982756794,0,0,0.0128439348191,30,-0.00521973986179,30,-0.000633760297205,30,-0.000289469957352,30,-0.000228887802223,30,0.000185422104551,30,-8.27451513032e-05,30,-0.00251526641659,30,-0.00062544940738,30,0.000816833984572,30,-0.0120271008345,2024-11-21
2024-11-21,300,0.205869398549,0,0,-0.0335670001805,30,-0.0334956794977,30,-0.0337937362492,30,-0.0375987514853,30,-0.0356585979462,30,-0.0356464236975,30,-0.0348795987666,30,-0.0286451783031,30,-0.0307028908283,30,-0.0223351828754,30,0.0112318173051,2024-11-22
2024-11-22,300,0.0194388861899,0,92,-0.0019016941078,30,-0.00232542562298,30,-0.00181403756142,30,-0.00511276908219,30,0.000404449296184,30,0.0013056556927,30,-0.00384903349914,30,-0.00604328513145,30,-0.00218532094732,30,-0.00717689376324,30,-0.00527519965544,2024-11-25
2024-11-25,300,0.381704421364,0,4,-0.0239097364247,30,-0.0102216517553,30,-0.0026598116383,30,-0.00822838582098,30,-0.000802787137218,30,-0.0018782078987,30,-0.000101049743535,30,-0.00236218376085,30,0.00237667164765,30,0.00388400163502,30,0.0277937380597,2024-11-26
2024-11-26,300,0.165645537859,0,7,0.0216055307537,30,0.0184362195432,30,0.0201038327068,30,0.019321968779,30,0.0156331472099,30,0.0188677627593,30,0.0146380029619,30,0.0195722579956,30,0.0265020560473,30,0.0236791968346,30,0.00207366608083,2024-11-27
2024-11-27,300,0.166506458274,0,0,-0.0149662075564,30,-0.00324929365888,30,-0.0102370502427,30,-0.0103298425674,30,-0.00979097839445,30,-0.00746337976307,30,-0.00738932285458,30,-0.0110816778615,30,-0.00610415358096,30,-0.00555111374706,30,0.00941509380937,2024-11-28
2024-11-28,300,0.19359638819,0,5,0.0153301479295,30,0.0101518332958,30,0.00854808930308,30,0.0101637104526,30,0.00942643918097,30,0.0176363829523,30,0.0160004384816,30,0.0116570014507,30,0.0145774343982,30,0.0158077273518,30,0.000477579422295,2024-11-29
2024-11-29,300,-0.0344373627762,0,5,0.0129837412387,30,0.00914973579347,30,0.00602958211675,30,0.0113924881443,30,0.00987315550447,30,0.0103998444974,30,0.00958818756044,30,0.00895636063069,30,0.00752950506285,30,0.00936286803335,30,-0.00362087320536,2024-12-02
2024-12-02,300,0.178168106797,0,0,-0.00498592061922,30,-0.00323284277692,30,-0.00239304103889,30,0.000555648410227,30,-0.00256489310414,30,-0.00549097266048,30,0.00143645401113,30,0.00400292873383,30,0.00197464018129,30,0.00725251017138,30,0.0122384307906,2024-12-03
2024-12-03,300,-0.227149558084,0,0,-0.00297536654398,30,-0.00477612018585,30,-0.00281081395224,30,-0.0134062822908,30,-0.00473899627104,30,-0.00928551517427,30,-0.0079020280391,30,-0.00463678641245,30,-0.0139323789626,30,-0.015045360662,30,-0.0120699941181,2024-12-04
2024-12-04,300,0.190225519468,0,0,-0.00382492737845,30,-0.00570553960279,30,-0.00436774082482,30,-0.00311544327997,30,0.00116596021689,30,0.00350903277285,30,0.000203263756703,30,0.00259218621068,30,-0.000315086042974,30,-0.00125494599342,30,0.00256998138502,2024-12-05
2024-12-05,300,0.170694880329,0,2,0.00599710363895,30,0.00787529535592,30,0.0124186612666,30,0.00982769113034,30,0.0152804516256,30,0.0165092125535,30,0.0124010303989,30,0.0145839946344,30,0.014284751378,30,0.0166878066957,30,0.0106907030568,2024-12-06
2024-12-06,300,0.135443139242,0,0,0.00526265520602,30,-0.00567646836862,30,-0.00851593632251,30,-0.00627748575062,30,-0.00418392429128,30,-0.00505298562348,30,0.00391357531771,30,-0.00119430024642,30,-0.00152634386905,30,0.0011490721954,30,-0.00411358301062,2024-12-09
2024-12-09,300,0.104578679792,0,0,0.00271264719777,30,-0.000309381895931,30,0.0080009046942,30,0.00137678778265,30,0.00832660030574,30,0.0057903486304,30,0.00863286480308,30,0.00252256984822,30,0.00665825791657,30,0.00595891661942,30,0.00324626942165,2024-12-10
2024-12-10,300,0.152752351852,0,12,-0.00369888334535,30,-0.000330301118083,30,0.00513647403568,30,0.00226655602455,30,0.00161750917323,30,0.00329575152136,30,0.00349894771352,30,0.00391761260107,30,0.00130217871629,30,0.00365320243873,30,0.00735208578408,2024-12-11
2024-12-11,300,0.0832674893908,0,2,0.0131065687165,30,0.00740670971572,30,0.00934073328972,30,0.00835292134434,30,0.0100577594712,30,0.00489689316601,30,0.00666402000934,30,0.00678022298962,30,0.00773755321279,30,0.011896872893,30,-0.00120969582349,2024-12-12
2024-12-12,300,0.083101821476,0,0,-0.0228625517339,30,-0.0186590980738,30,-0.0235202815384,30,-0.0195944029838,30,-0.0269451737404,30,-0.0197967290878,30,-0.0238373205066,30,-0.020003400743,30,-0.0180328022689,30,-0.0205648504198,30,0.00229770131409,2024-12-13
2024-12-13,300,0.212488147151,0,33,-0.0190367419273,30,-0.0152072710916,30,-0.0109461527318,30,-0.0101307928562,30,-0.00850330200046,30,-0.00623918976635,30,-0.00633350806311,30,-0.009381971322,30,-0.01085044723,30,0.000526630901732,30,0.019563372829,2024-12-16
2024-12-16,300,0.103624443256,0,0,0.00146246748045,30,-0.00384711823426,30,-0.00434911437333,30,-0.000474778818898,30,-0.00292760739103,30,-0.00245059141889,30,-0.00104428129271,30,-0.00162500934675,30,-0.000528355420101,30,0.00199521589093,30,0.000532748410478,2024-12-17
2024-12-17,300,0.11931262333,0,11,0.00427617039531,30,0.00854331813753,30,0.00468302378431,30,0.000683915626723,30,0.00342068076134,30,0.00555464019999,30,0.00876497384161,30,0.00506080407649,30,0.00419624056667,30,0.0057364362292,30,0.00146026583388,2024-12-18
2024-12-18,300,-0.0953721396369,0,6,0.024680333212,30,0.000485616910737,30,-0.00401214975864,30,0.00143351953011,30,-0.00108497939073,30,-0.00307694077492,30,-0.000796180975158,30,-0.00414550304413,30,0.00026050012093,30,-0.00248167524114,30,-0.0271620084532,2024-12-19
2024-12-19,300,-0.0665833908557,0,3,0.00757673569024,30,0.000341943901731,30,-0.00715199299157,30,-0.004932789132,30,-0.000344363856129,30,-0.00569775700569,30,-0.00256528658792,30,-0.000853763020132,30,-0.00543105602264,30,-0.00730532221496,30,-0.0148820579052,2024-12-20
2024-12-20,299,0.426404972648,1,20,-0.0180712975562,30,-0.0135510284454,30,-0.0105811059475,30,-0.00643929233775,30,-0.00426048226655,30,0.00218045106158,30,0.000579669082072,30,-0.000409613043303,30,0.00681849336252,30,0.00834736786783,29,0.026418665424,2024-12-23
2024-12-23,299,0.0433748652566,1,15,0.00910466350615,30,0.0133148767054,30,0.0162040758878,30,0.0131525835022,30,0.0119762914255,30,0.00981414876878,30,0.0132906278595,30,0.0130181591958,30,0.0099366446957,30,0.0152599727735,29,0.00615530926734,2024-12-24
2024-12-24,299,-0.0752604324494,1,0,0.00549911847338,30,-0.00409580068663,30,0.000379951787181,30,-0.00364600820467,30,-0.00117251079064,30,0.00193672778551,30,-0.00394207052886,30,-0.000807634962257,30,-0.00460476893932,30,-0.00412263534963,29,-0.00962175382301,2024-12-25
2024-12-25,299,0.166116282748,1,0,0.00689450092614,30,-0.00561078405008,30,-0.000556157028768,30,-0.00856055971235,30,0.00302527542226,30,0.00157858734019,30,0.00293149938807,30,-0.000133470690344,30,0.00423882808536,30,0.00422033155337,29,-0.00267416937277,2024-12-26
2024-12-26,299,0.411557143755,1,5,-0.020218314603,30,-0.00687216734514,30,-0.00117613875773,30,-0.00244575948454,30,-0.00113756256178,30,0.00174700620119,30,0.00311385979876,30,0.00279331812635,30,0.00261644716375,30,0.00607491377741,29,0.0262932283804,2024-12-27
2024-12-27,299,-0.0907374997559,1,3,0.00821079965681,30,0.0045203147456,30,0.0032325189095,30,0.00521866464987,30,-0.00220768060535,30,0.0062706489116,30,0.00119152863044,30,0.00175470509566,30,-0.0030827303417,30,0.00332534103654,29,-0.00488545862027,2024-12-30
2024-12-30,299,0.0523512672843,1,2,-0.0251132957637,30,-0.0128752151504,30,-0.0226261429489,30,-0.0114281056449,30,-0.0249262619764,30,-0.0236679147929,30,-0.0223286412656,30,-0.0166829805821,30,-0.0184622053057,30,-0.0121764009818,29,0.0129368947819,2024-12-31
2024-12-31,299,-0.207303958714,1,82,-0.0271270573139,30,-0.0220958217978,30,-0.0298083741218,30,-0.0266691911966,30,-0.0267888363451,30,-0.0333003997803,30,-0.0291201248765,30,-0.0338677801192,30,-0.0376756116748,30,-0.031140435487,29,-0.00401337817311,2025-01-02
2025-01-02,299,0.330956578928,1,0,-0.0196018107235,30,-0.0203493591398,30,-0.0191142689437,30,-0.0159282218665,30,-0.0121733788401,30,-0.0167662203312,30,-0.0131416236982,30,-0.00710861664265,30,-0.00746705941856,30,-0.00211698235944,29,0.0174848283641,2025-01-03
2025-01-03,299,-0.0091170905048,1,9,0.00213761930354,30,0.00235043163411,30,-0.0054624080658,30,0.00241415691562,30,-0.00674675311893,30,0.0033876101952,30,-0.00173299317248,30,-7.28170061848e-06,30,0.00016126036644,30,0.000420268246671,29,-0.00171735105687,2025-01-06
2025-01-06,299,0.081502418154,1,0,0.0143525721505,30,0.00181726412848,30,0.00635882792994,30,0.00175587134436,30,0.000845700502396,30,0.0149776218459,30,0.00672158412635,30,0.0121179008856,30,0.00926950201392,30,0.0106213856488,29,-0.00373118650168,2025-01-07
2025-01-07,300,0.190869761162,0,0,-0.00328464317136,30,-0.00676458887756,30,-0.000238545733737,30,-0.00633868761361,30,-0.000655609357636,30,-5.65528862353e-05,30,-0.00773671874776,30,0.00325690908358,30,0.00203396682627,30,0.000878379738424,30,0.00416302290978,2025-01-08
2025-01-08,300,-0.124658995454,0,0,-0.00967661105096,30,0.0101618049666,30,0.00718892598525,30,-0.00313315400854,30,-0.00170378689654,30,-0.0051958123222,30,-0.00665846047923,30,-0.00430251564831,30,-0.00796191301197,30,-0.00863961968571,30,0.00103699136525,2025-01-09
2025-01-09,299,-0.0749733785155,1,8,-0.00751034216955,30,-0.0132674397901,30,-0.0143777765334,30,-0.0170697402209,30,-0.0160136036575,30,-0.0165240243077,30,-0.0159938149154,30,-0.0200382843614,30,-0.0141897620633,30,-0.0158451795578,29,-0.00833483738825,2025-01-10
2025-01-10,299,0.232557614469,1,130,-0.00174329476431,30,-0.0100133102387,30,-0.00453050341457,30,-0.00350653915666,30,0.00212428765371,30,0.00122023420408,30,-0.00183470442425,30,0.00230151810683,30,0.00179540319368,30,0.00778703670949,29,0.0095303314738,2025-01-13
2025-01-13,299,-0.0945648806985,1,0,0.0272515881807,30,0.0390015766025,30,0.0272635929286,30,0.0295462440699,30,0.0325031094253,30,0.0267754402012,30,0.0262892190367,30,0.0305179674178,30,0.028201404959,30,0.0216578766704,29,-0.0055937115103,2025-01-14
2025-01-14,299,0.325998224953,1,0,-0.0127855082974,30,-0.0127474404871,30,-0.0046674311161,30,-0.0116366744041,30,-0.00592695269734,30,-0.00539856543764,30,-0.00764531083405,30,-0.00451349234208,30,-0.00291024637409,30,0.00293730874546,29,0.0157228170428,2025-01-15
2025-01-15,299,-0.0160957913641,1,3,-0.00330679421313,30,0.00737326545641,30,0.00597254838794,30,0.00242930045351,30,0.00467242393643,30,0.00280454545282,30,0.00128695566673,30,0.00746201258153,30,0.00263767037541,30,0.0108552118763,29,0.0141620060895,2025-01-16
2025-01-16,299,0.0525947295426,1,0,0.000143067038152,30,0.0120569802821,30,0.00182619295083,30,0.00389245944098,30,0.00821649469435,30,0.00276505341753,30,-0.00111239554826,30,0.00397502398118,30,0.00319468579255,30,0.00514099327847,29,0.00499792624032,2025-01-17
2025-01-17,300,-0.0579732046048,0,3,-0.00487029366195,30,0.0132415853441,30,3.57250355592e-05,30,0.000105067090772,30,-0.0010768492939,30,0.00336021580733,30,0.00413509598002,30,-0.00224493350834,30,0.00201559462585,30,-0.00423493189737,30,0.00063536176458,2025-01-20
2025-01-20,300,-0.114483142278,0,14,0.00840272940695,30,0.00264090090059,30,0.00276996497996,30,-0.00518929166719,30,-0.00503276009113,30,0.000796250475105,30,-0.0025257607922,30,-0.00310183176771,30,-0.00315001211129,30,-0.00351068587042,30,-0.0119134152774,2025-01-21
2025-01-21,300,0.00153335445955,0,5,-0.00334192113951,30,0.00486667547375,30,-0.0126398084685,30,-0.00453720102087,30,-0.00962092075497,30,-0.00618541426957,30,-0.00982285570353,30,-0.0042822221294,30,-0.00920124258846,30,-0.00780947413296,30,-0.00446755299345,2025-01-22
2025-01-22,300,0.306894598823,0,4,-0.00960065703839,30,-0.00758134899661,30,0.000624285137746,30,0.00287842750549,30,0.00367304892279,30,0.00181784236338,30,0.00377065548673,30,0.00565557088703,30,0.00576183199883,30,0.00851427111775,30,0.0181149281561,2025-01-23
2025-01-23,300,0.181636124984,0,51,0.0028610646259,30,0.00978549290448,30,0.012129040435,30,0.00675063906237,30,0.00916501041502,30,0.00722106313333,30,0.00880738254637,30,0.0122910933569,30,0.0121946120635,30,0.0114973289892,30,0.0086362643633,2025-01-24
2025-01-24,300,0.160183941545,0,0,-0.00806510075927,30,-0.0100590093061,30,-0.00737637095153,30,-0.00842353515327,30,-0.00135212938767,30,-0.00508274231106,30,0.00238340091892,30,-0.00265345769003,30,0.00464738206938,30,-0.000984782003798,30,0.00708031875547,2025-01-27
2025-01-27,300,0.315403567304,0,48,-0.00972016435117,30,-0.0138421533629,30,-0.00771309155971,30,-0.00744677567855,30,-0.00338296103291,30,-0.00835094042122,30,0.00242218165658,30,0.00762530975044,30,0.00299964356236,30,0.00377377867699,30,0.0134939430282,2025-02-05
2025-02-05,298,-0.18098591238,2,7,0.0220183134079,30,0.0234050583094,30,0.01370626688,30,0.0144955692813,30,0.0107409004122,29,0.0172270834446,30,0.00917308311909,30,0.00902671180665,30,0.00670959753916,30,0.0095552187413,29,-0.0124630946666,2025-02-06
2025-02-06,298,-0.236023080173,1,0,0.0166647117585,30,0.0164936762303,30,0.0215130485594,30,0.0191291645169,30,0.0163364075124,29,0.015150652267,30,0.0110102556646,30,0.00705594616011,30,0.0053501627408,30,0.00511909555644,29,-0.0115456162021,2025-02-07
2025-02-07,298,-0.13415599472,1,0,0.00192807312123,30,0.00882141757756,30,0.00201530847698,30,0.000181504088687,30,0.00142994220369,29,0.00349249644205,30,0.00391027145088,30,0.00565663585439,30,-0.00189661583863,30,-0.00340032158419,29,-0.00532839470543,2025-02-10
2025-02-10,299,0.187575365017,0,3,-0.00480414042249,30,-0.0172621142119,30,-0.00700397090986,30,-0.00478430790827,30,-0.00657699117437,30,-0.00487472629175,30,-0.00266051897779,30,-0.00549125066027,30,0.000407745450502,30,-5.64846486668e-05,29,0.00474765577383,2025-02-11
2025-02-11,299,0.00726682588774,0,0,0.0173277072608,30,0.0068121869117,30,0.00722290296108,30,0.00637487787753,30,0.00721109099686,30,0.00580494385213,30,0.0039967042394,30,0.0077004134655,30,0.010608327575,30,0.0135415606201,29,-0.00378614664078,2025-02-12
2025-02-12,299,0.298331429891,0,0,-0.0158283952624,30,-0.00823621731251,30,-0.0123650906608,30,-0.00664950814098,30,-0.00191636884119,30,-0.00451396917924,30,-0.00589423952624,30,-0.000999979209155,30,0.000416519236751,30,-0.00245681917295,29,0.0133715760894,2025-02-13
2025-02-13,299,0.0556520496413,0,35,0.00249574985355,30,0.0123650189489,30,0.0027928808704,30,0.0139356171712,30,0.00600655283779,30,0.00461801467463,30,0.0128029705957,30,0.00804788060486,30,0.007528424263,30,0.00255527370609,29,5.9523852542e-05,2025-02-14
2025-02-14,299,-0.0834304903296,0,0,0.0112279234454,30,0.00306299724616,30,0.00343602290377,30,-0.00497836293653,30,0.00321097765118,30,0.00915166735649,30,0.00297031016089,30,0.0021723289974,30,-0.00114928290714,30,0.00305335270241,29,-0.00817457074299,2025-02-17
2025-02-17,299,0.0327308065735,0,0,-0.0056074578315,30,-0.0124926650897,30,-0.0193145032972,30,-0.0109953125939,30,-0.0143684465438,30,-0.0161616113037,30,-0.0107190394774,30,-0.00823294278234,30,-0.0133255366236,30,-0.00782747939229,29,-0.00222002156079,2025-02-18
2025-02-18,299,0.13331193406,0,9,0.0118618942797,30,0.0019347051857,30,0.00488833989948,30,0.0063498755917,30,0.0126761915162,30,0.0128259118646,30,0.00529105076566,30,0.00686832051724,30,0.00693173985928,30,0.01005105488,29,-0.0018108393997,2025-02-19
2025-02-19,299,0.0808566818069,0,2,-0.00134090182837,30,-7.50263498048e-05,30,-0.00474830484018,30,-0.00216334057041,30,0.00760392751545,30,-0.00410710787401,30,0.000869208597578,30,-0.00423588929698,30,-0.00443180184811,30,-0.000717917399015,29,0.000622984429356,2025-02-20
2025-02-20,299,-0.172334421086,0,4,0.0123202605173,30,0.0104991877452,30,0.0212089978158,30,0.0167489126325,30,0.0115815596655,30,0.013948822394,30,0.0114413220435,30,0.00579977827147,30,0.00288436817937,30,-0.00297191832215,29,-0.0152921788394,2025-02-21
2025-02-21,298,0.105607846289,1,2,-0.00418407330289,30,-0.00372122321278,30,-0.00452202744782,30,0.000577034545131,30,-0.00161375058815,29,0.00898244138807,30,0.00611413503066,30,0.000447515660198,30,0.000857683015056,30,0.00245317304507,29,0.00663724634796,2025-02-24
2025-02-24,298,-0.0649993164093,1,2,-0.0128033040091,30,-0.00586691685021,30,-0.0099776070565,30,-0.000980110955425,30,-0.0142410127446,29,-0.00685734162107,30,-0.0102475779131,30,-0.00976860336959,30,-0.0135818086565,30,-0.011192294769,29,0.00161100924015,2025-02-25
2025-02-25,298,0.0311535789172,1,8,0.0142756281421,30,0.013919621706,30,0.00705991173163,30,0.00780170969665,30,0.0105936648324,29,0.0152281876653,30,0.0103736026213,30,0.00807515624911,30,0.00861031841487,30,0.0112899662927,29,-0.00298566184938,2025-02-26
2025-02-26,298,0.136456668047,1,0,0.00015376607189,30,-0.00933556538075,30,0.00215397682041,30,0.000114554168249,30,0.00139086612035,29,0.00307310814969,30,0.00397618208081,30,0.00139567058068,30,-0.00195536226965,30,0.0054955361411,29,0.00534177006921,2025-02-27
2025-02-27,298,0.101234112203,1,0,-0.0195108540356,30,-0.0198766645044,30,-0.018961051479,30,-0.0230543147773,30,-0.0318962857127,29,-0.0230810306966,30,-0.0283497292548,30,-0.0216769091785,30,-0.00734023051336,30,-0.00994126778096,29,0.00956958625466,2025-02-28
2025-02-28,298,0.167919147946,1,47,-0.0151337664574,30,0.000529662764166,30,0.00341191096231,30,0.0065048080869,30,0.0122091835365,29,0.00157417461742,30,0.0015569467796,30,-0.00011410316074,30,0.00407135672867,30,0.00393329421058,29,0.019067060668,2025-03-03
2025-03-03,298,0.0304368796125,1,0,-0.0046630599536,30,0.0022143998649,30,-0.000704483187292,30,0.000774578249548,30,0.0122619625181,29,0.00503053050488,30,0.00238281278871,30,-0.00140654249117,30,0.00044409831753,30,0.00496024498716,29,0.00962330494076,2025-03-04
2025-03-04,298,0.198692532298,1,5,-0.000205453237868,30,0.00177377066575,30,-0.00177921459544,30,0.000316204619594,30,0.00311626843177,29,0.00323983235285,30,0.000415871531004,30,-4.7355890274e-05,30,0.00414853682742,30,0.0107585582882,29,0.0109640115261,2025-03-05
2025-03-05,298,0.142619772697,1,0,0.0062201442197,30,0.011176715605,30,0.00652333674952,30,0.0127430278808,30,0.0106649333611,29,0.0145873604342,30,0.0206591188908,30,0.0185310952365,30,0.0157234948128,30,0.00786838680506,29,0.00164824258536,2025-03-06
2025-03-06,298,0.227263451975,1,3,-0.00689425645396,30,-0.00583010911942,30,-0.0079559404403,30,-0.00714211678132,30,-0.00193633907475,29,0.000602199637797,30,0.000189463302377,30,-0.00194400548935,30,-0.00245823455043,30,-0.000214069048525,29,0.00668018740544,2025-03-07
2025-03-07,298,-0.115935021594,1,10,-0.00538727641106,30,0.00974946841598,30,0.00135162472725,30,-0.000250482553383,30,-0.00739875761792,29,-0.00179273285903,30,-0.00132247805595,30,-0.00142337486614,30,-0.00465400610119,30,-0.00328610278666,29,0.0021011736244,2025-03-10
2025-03-10,299,0.0316597485007,0,2,0.00331684551202,30,0.0108481608331,30,-0.0018110772362,30,0.00456463498995,30,0.00385847082362,30,0.0035825134255,30,0.00521946139634,30,0.000991747830994,30,0.00374171929434,30,0.00247134827077,29,-0.000845497241244,2025-03-11
2025-03-11,299,0.275716940838,0,0,-0.00977190118283,30,-0.0101057505235,30,-0.00571060786024,30,-0.00056677259272,30,-0.00641603488475,30,-0.00337127852254,30,0.00140071311034,30,0.00159507396165,30,0.00162986118812,30,-0.00460227206349,29,0.00516962911934,2025-03-12
2025-03-12,299,-0.0886781490497,0,25,-0.00245289411396,30,-0.00102857348975,30,-0.00577452359721,30,-0.00718115782365,30,-0.00425478210673,30,-0.00374877243303,30,-0.00363843236119,30,-0.00502888578922,30,-0.00383692188188,30,-0.00682719843462,29,-0.00437430432066,2025-03-13
2025-03-13,299,0.359643733748,0,0,0.0116918943822,30,0.0114894267172,30,0.0121574737132,30,0.0143034793437,30,0.0249510873109,30,0.0188798829913,30,0.0231697242707,30,0.0230560284108,30,0.0213890615851,30,0.0308930128813,29,0.019201118499,2025-03-14
2025-03-14,298,0.114138484606,1,0,-0.00660197343677,30,-0.0025013347622,30,-0.000965507817455,30,0.000139421230415,30,0.000919835292734,29,0.000430093205068,30,-0.0036935149692,30,0.00257887830958,30,0.00120052497368,30,0.000548494281247,29,0.00715046771802,2025-03-17
2025-03-17,298,0.119515684753,1,8,0.00136165018193,30,0.00287513923831,30,-0.0019551415462,30,0.00367856235243,30,0.00182808469981,29,0.00407409248874,30,0.0031446875073,30,0.00263137021102,30,0.00321272620931,30,-0.000483926007291,29,-0.00184557618923,2025-03-18
2025-03-18,297,0.153131407799,2,4,-0.0135018192232,30,-0.00435325689614,30,-0.00147917668801,30,-0.00490741292015,29,-0.0013172805775,30,-0.00649449648336,30,-0.00231633731164,29,-0.00336213316768,30,-0.00172336702235,30,0.00366597762331,29,0.0171677968465,2025-03-19
2025-03-19,297,0.0843403793219,2,0,-0.00657211337239,30,-0.00524976244196,30,-0.00979443825781,30,-0.00389903178439,29,-0.00715362839401,30,-0.00645152153447,30,-0.00875498261303,29,-0.00470511894673,30,-0.00328660220839,30,-0.00320358318277,29,0.00336853018962,2025-03-20
2025-03-20,297,0.0197091645324,2,16,-0.0102339629084,30,-0.0161903016269,30,-0.0132103301585,30,-0.0111132198945,29,-0.0115294614807,30,-0.00897764321417,30,-0.0122488858178,29,-0.0147457933053,30,-0.014455893077,30,-0.00959154870361,29,0.000642414204776,2025-03-21
2025-03-21,297,0.166610543466,2,22,-0.000458214693936,30,-0.00486304145306,30,0.00462855119258,30,0.00052567187231,29,0.00666919769719,30,0.00370564055629,30,0.00413017859682,29,0.00569284567609,30,0.00267638359219,30,0.00575634930283,29,0.00621456399676,2025-03-24
2025-03-24,297,0.185202371058,2,0,-0.00176854326855,30,-0.00279797310941,30,0.00104509398807,30,-0.00310559920035,29,-0.00583715829998,30,0.00101242261007,30,0.00296882097609,29,0.00321088428609,30,0.00412516202778,30,0.00636299094185,29,0.00813153421041,2025-03-25
2025-03-25,297,0.0252397185845,2,0,-0.00261712470092,30,-0.00274812569842,30,-0.00153701507952,30,-0.00378518272191,29,-0.000142737233546,30,0.000946637010202,30,-0.00210043485276,29,0.00173387327231,30,-0.00519022159278,30,-0.0029166280292,29,-0.000299503328279,2025-03-26
2025-03-26,297,0.282478506611,2,8,-0.00549962930381,30,-0.00452181696892,30,-0.00460465950891,30,0.00146267947275,29,0.00162655313034,30,0.00201033148915,30,0.00264237052761,29,0.00425447802991,30,0.00816882029176,30,0.00421228492633,29,0.00971191423014,2025-03-27
2025-03-27,298,-0.0983402275201,1,9,-0.00431264843792,30,-0.00494923582301,30,-0.00133525929414,30,-0.00622069416568,30,-0.00823004730046,29,-0.0043775876984,30,-0.00405054492876,30,-0.00505664944649,30,-0.00716408900917,30,-0.00752894021571,29,-0.00321629177779,2025-03-28
2025-03-28,298,-0.0941625540425,1,21,-0.00393099803478,30,-0.00454541249201,30,-0.00993185862899,30,-0.00697292666882,30,-0.00908999983221,29,-0.0142413657159,30,-0.00958706345409,30,-0.0067453305237,30,-0.0154347838834,30,-0.00908069591969,29,-0.00514969788492,2025-03-31
2025-03-31,299,0.165039791613,0,7,-0.00180851423647,30,0.00268122763373,30,3.44296313415e-05,30,0.00538195390254,30,0.0100374137983,30,0.00823012832552,30,0.0035156130325,30,0.00533185619861,30,0.00915386062115,30,0.00567488651723,29,0.0074834007537,2025-04-01
2025-04-01,299,0.33530456972,0,0,-0.0091154910624,30,-0.00531016197056,30,-0.000344012194546,30,-0.00282340240665,30,-0.00310030789115,30,-0.00256392755546,30,0.00227008853108,30,0.000606324290857,30,0.00377555284649,30,0.00438892235979,29,0.0135044134222,2025-04-02
2025-04-02,299,0.0339828783724,0,4,-0.0118998968974,30,-0.0141357127577,30,0.000757014728151,30,-0.0122696300969,30,-0.00835790205747,30,-0.00161898927763,30,-0.000481790310005,30,-0.0090845823288,30,-0.0056066471152,30,0.00103790184949,29,0.0129377987469,2025-04-03
2025-04-03,299,-0.45364559607,0,4,-0.0542326495051,30,-0.0514069572091,30,-0.0513391084969,30,-0.0687498152256,30,-0.069127343595,30,-0.0972211882472,30,-0.0868907719851,30,-0.0920032337308,30,-0.0879980102181,30,-0.0951333791018,29,-0.0409007295966,2025-04-07
2025-04-07,299,-0.283474985178,0,80,0.0175157226622,30,0.0261382646859,30,0.0258411895484,30,0.0232968982309,30,0.0323964990675,30,0.0317438319325,30,0.0311875343323,30,0.00558016914874,30,-0.00833320431411,30,-0.02912219055,29,-0.0466379132122,2025-04-08
2025-04-08,299,-0.0939906140698,0,6,0.0234685838223,30,0.0105793494731,30,0.0159192048013,30,0.0174099411815,30,0.0129342777655,30,0.0155344745144,30,0.0151948453858,30,0.0118710119277,30,0.0139102097601,30,0.00847287010401,29,-0.0149957137182,2025-04-09
2025-04-09,299,-0.0846044416516,0,0,0.0270265322179,30,0.0209673941135,30,0.0117192128673,30,0.0164380390197,30,0.0139100253582,30,0.0123474001884,30,0.0105017526075,30,0.00667961826548,30,0.0148362303153,30,0.0150334527716,29,-0.0119930794463,2025-04-10
2025-04-10,299,0.283191180175,0,7,-0.00755633134395,30,0.002397503471,30,-0.0039336681366,30,0.00609134044498,30,-5.28772688995e-05,30,0.00556217413396,30,0.00629675574601,30,-0.0012633522274,30,0.00432737683877,30,0.0171824172139,29,0.0247387485579,2025-04-11
2025-04-11,299,0.190281297987,0,0,-0.0049467724748,30,0.00093211728381,30,0.00105816323776,30,0.00440552411601,30,0.00601178221405,30,0.00501244654879,30,0.00753216724843,30,0.0021801313851,30,0.00487143406644,30,0.00839219614863,29,0.0133389686234,2025-04-14
2025-04-14,299,0.0309384415181,0,5,-0.00332085299306,30,-0.00303204846568,30,-0.000923711049836,30,0.00176824734081,30,-0.00726888002828,30,-0.00162235298194,30,-0.0031548817642,30,-0.00654351711273,30,-0.00241432595067,30,0.000444837671239,29,0.0037656906643,2025-04-15
2025-04-15,299,-0.16961703398,0,0,0.0061018941924,30,0.000121539829706,30,-0.0011398732895,30,0.0116672599688,30,-0.000614768243395,30,0.00394259113818,30,-0.00459603453055,30,-0.000584202993196,30,0.00412455992773,30,-0.00167250423692,29,-0.00777439842932,2025-04-16
2025-04-16,299,0.045921020097,0,0,-0.000236453619436,30,9.07321737031e-05,30,-0.00169501500204,30,-0.00301331281662,30,-0.0036937831901,30,-0.00238516717218,30,4.46259982709e-05,30,-0.00245013623498,30,0.00115151004866,30,0.000992259127088,29,0.00122871274652,2025-04-17
2025-04-17,299,0.275688029938,0,8,-0.00660626078025,30,-0.00598874688148,30,-0.000643676496111,30,0.000828504562378,30,-0.000930221867748,30,0.00335044460371,30,-0.00119620363694,30,0.00241111125797,30,0.00734281539917,30,0.00185915932525,29,0.00846542010549,2025-04-18
2025-04-18,299,-0.124986812432,0,0,0.0140132186934,30,0.00481770420447,30,0.0118604656309,30,0.00430120248348,30,0.00444958405569,30,0.00358733139001,30,0.00369068980217,30,0.00770417461172,30,0.00269795255736,30,-0.00199156580493,29,-0.0160047844984,2025-04-21
2025-04-21,299,0.325817650715,0,14,-0.00578147778288,30,-0.00191064283717,30,-0.0041969162412,30,-0.00685244379565,30,0.0020627498161,30,-0.00127967994194,30,0.000150988504174,30,0.00146441266406,30,-0.000986434984952,30,0.00519509334117,29,0.010976571124,2025-04-22
2025-04-22,299,0.159735520617,0,19,0.000275504600722,30,-0.00591443572193,30,-0.000490383303259,30,-0.00237452192232,30,0.0023706832435,30,0.000274803227512,30,0.00152280530892,30,0.00446310453117,30,0.00518930936232,30,-0.000343279592926,29,-0.000618784193648,2025-04-23
2025-04-23,299,0.292805643737,0,22,-0.0159129593521,30,-0.00613396940753,30,-0.0039195776917,30,-0.00531179318205,30,0.00303196511231,30,-0.000526116287801,30,-0.00251766829751,30,-0.00209887814708,30,0.00219945120625,30,0.00218625529669,29,0.0180992146488,2025-04-24
2025-04-24,299,0.230334786029,0,10,0.000614100717939,30,-0.0031803867314,30,-0.00252388720401,30,0.00289073376916,30,0.00156242446974,30,0.00338810891844,30,-0.00113045377657,30,0.00183876557276,30,0.00672333454713,30,0.00744698802009,29,0.00683288730215,2025-04-25
2025-04-25,299,0.127307988429,0,7,-0.00506410421804,30,-0.00375588540919,30,-0.0073776463978,30,-0.00438559055328,30,-0.00870683789253,30,-0.00132566096727,30,0.000375914562028,30,-0.0022526322864,30,-0.00526858773082,30,-0.0048155579716,29,0.000248546246439,2025-04-28
2025-04-28,299,0.174103239679,0,12,-0.00426021032035,30,-0.0025284846779,30,-0.00560187501833,30,-0.00424938183278,30,-0.000523513532244,30,-0.00449738092721,30,-0.000822150730528,30,0.00142723124009,30,-0.00267494330183,30,0.00045185253839,29,0.00471206285874,2025-04-29
2025-04-29,299,-0.124870171517,0,12,0.00929746590555,30,8.99652659427e-05,30,0.00547693949193,30,-0.000538742518984,30,0.0016929586418,30,0.00153651833534,30,0.00114073557779,30,-0.0023728152737,30,-0.0029826045502,30,-0.00412423023954,29,-0.0134216961451,2025-04-30
2025-04-30,299,-0.0496851718494,0,15,0.0180749949068,30,0.0141985658556,30,0.0149043081328,30,0.0161115583032,30,0.0152146061882,30,0.0108442325145,30,0.00769423833117,30,0.0115339653566,30,0.0143444435671,30,0.0163887478411,29,-0.00168624706566,2025-05-06
2025-05-06,299,0.367532502547,0,0,-0.00175812246744,30,0.000986607861705,30,0.00101878447458,30,0.0023999332916,30,0.00506334891543,30,0.00256556877866,30,0.00565749406815,30,0.00863327551633,30,0.0109812356532,30,0.0114249810576,29,0.0131831035251,2025-05-07
2025-05-07,299,0.0158272803361,0,2,0.00108349125367,30,-0.00427668076009,30,0.00846282485873,30,0.00768732046708,30,0.0137876057997,30,0.0022030135151,30,0.00329615478404,30,0.00296603236347,30,-0.000245298928348,30,0.0034482521005,29,0.00236476084683,2025-05-08
2025-05-08,299,0.178138868648,0,3,-0.0118405697867,30,-0.00819437485188,30,-0.00153696141206,30,-0.00295680970885,30,-0.0104467114434,30,-0.00395956635475,30,-0.00485965795815,30,-0.00436307583004,30,-0.00439222855493,30,0.00168773019686,29,0.0135282999836,2025-05-09
2025-05-09,299,0.173580512806,0,23,0.00280977087095,30,0.00664015626535,30,0.0164141636342,30,0.0144415553659,30,0.0160972047597,30,0.0177794359624,30,0.0112953726202,30,0.0143387019634,30,0.0145156029612,30,0.0128532117233,29,0.0100434408523,2025-05-12
2025-05-12,299,0.250040320037,0,0,-0.0075740236789,30,0.000619280326646,30,0.00381691660732,30,0.000135886672069,30,0.00365106668323,30,0.00266741518863,30,0.00535630201921,30,0.0013727148762,30,0.00335523881949,30,0.00308258575387,29,0.0106566094328,2025-05-13
2025-05-13,299,0.213967082594,0,12,0.00114337203559,30,0.00780652975664,30,0.00323561835103,30,0.00619426183403,30,0.00983046647161,30,0.014062567614,30,0.00932223629206,30,0.00872243847698,30,0.0134443854913,30,0.0102498494089,29,0.00910647737328,2025-05-14
2025-05-14,299,0.0661626430226,0,0,-0.0171686299145,30,-0.0123213231564,30,-0.0105888759717,30,-0.00751413917169,30,-0.00785070843995,30,-0.0113490838557,30,-0.0148867070675,30,-0.00677478313446,30,-0.0131818512455,30,-0.0127388425171,29,0.00442978739738,2025-05-15
2025-05-15,299,0.079100626838,0,45,-0.00494747562334,30,-0.00130049581639,30,-0.00412740884349,30,-0.003260205267,30,-0.00275394925848,30,-0.00310689816251,30,-0.0072356085293,30,-0.000838287698571,30,0.000224504867219,30,-0.0017230695812,29,0.00322440604214,2025-05-16
2025-05-16,299,0.257827463638,0,9,-0.00972816906869,30,-0.00426077656448,30,-0.0046346206218,30,0.000215001899051,30,-0.00171690585557,30,-0.00207402301021,30,-5.18798842677e-05,30,0.00232131872326,30,0.00191144749988,30,-0.00125012313947,29,0.00847804592922,2025-05-19
2025-05-19,299,0.0223629458469,0,8,0.00581806292757,30,0.00775217218325,30,0.00115921301767,30,0.0021595498547,30,0.00671975221485,30,0.00394607987255,30,0.00648216996342,30,0.00377048645169,30,0.00485704932362,30,0.00389921665192,29,-0.00191884627566,2025-05-20
2025-05-20,299,0.0295372044183,0,4,0.0066502946429,30,0.000844357418828,30,0.00567959947512,30,0.00247903470881,30,0.00374285783619,30,0.00652357935905,30,0.00137411558535,30,0.00588918710127,30,0.00501640234143,30,0.000712452281732,29,-0.00593784236116,2025-05-21
2025-05-21,299,-0.0454182650835,0,19,-0.00599175877869,30,-0.00155356328469,30,0.00109113450162,30,-0.00302980537526,30,-0.00191327533685,30,-0.00407744245604,30,-0.00329433078878,30,-0.00337937264703,30,0.00199228525162,30,-0.00402931310236,29,0.00196244567633,2025-05-22
2025-05-22,299,0.13913401092,0,14,-0.0111172338948,30,-0.0105060972273,30,-0.00690861139446,30,-0.00819328054786,30,-0.00547833228484,30,-0.0093157608062,30,-0.00926777161658,30,-0.0070461970754,30,-0.00587274832651,30,-0.00886555947363,29,0.00225167442113,2025-05-23
2025-05-23,297,0.193937028952,2,88,-0.0151080274954,30,-0.000926476728637,30,-0.00194092397578,30,-0.00245981174521,29,0.00107591948472,30,-0.000986786675639,30,-0.00313465343788,29,0.000118668875075,30,-0.000632419192698,30,0.00426277006045,29,0.0193707975559,2025-05-26
2025-05-26,297,0.289609029065,2,3,-0.00967385806143,30,-0.00776763539761,30,-0.00986730866134,30,-0.00780800683424,29,-0.00516026606783,30,-0.00778558058664,30,-0.00411867909133,29,-0.000905585300643,30,0.000444501638412,30,0.000514638843015,29,0.0101884969044,2025-05-27
2025-05-27,297,0.0888399466548,2,11,0.00264228181913,30,-0.00430255942047,30,-0.00316281523556,30,0.00134104897734,29,-0.00355557398871,30,-0.00239184894599,30,0.000471263105283,29,-0.00321597070433,30,-6.85135528329e-05,30,0.000393649621401,29,-0.00224863219773,2025-05-28
2025-05-28,297,0.265940492278,2,11,0.00781251583248,30,0.00358885736205,30,0.0048088687472,30,0.01025673002,29,0.0150054339319,30,0.00912539567798,30,0.0152766006067,29,0.0108458874747,30,0.0133897578344,30,0.0103693362325,29,0.00255682040006,2025-05-29
2025-05-29,297,0.355051160687,2,5,-0.00904493685812,30,-0.00730067677796,30,-0.0114831821993,30,-0.00480374181643,29,-0.00576019473374,30,-0.00354888243601,30,-0.00462278025225,29,-0.00467539019883,30,-0.000555650389288,30,0.00349227921106,29,0.0125372160692,2025-05-30
2025-05-30,297,-0.050662960774,2,34,0.00577351031825,30,0.00283793616109,30,0.00141199631616,30,0.00306583475322,29,0.0014336645836,30,0.00239857425913,30,-0.00193538132589,29,0.00257527432404,30,0.00135115580633,30,0.00565841281787,29,-0.000115097500384,2025-06-03
2025-06-03,297,0.1973242125,2,3,0.00412737531587,30,0.00436476059258,30,0.000337141740602,30,0.00482698343694,29,0.00624026264995,30,0.00590504193678,30,0.00679508363828,29,0.00913059525192,30,0.00818626303226,30,0.0140965310857,29,0.0099691557698,2025-06-04
2025-06-04,297,-0.0579012128345,2,7,0.00688329758123,30,0.00364347500727,30,0.00279878173023,30,0.00270270486362,29,0.0060096681118,30,0.00317941908725,30,9.31373942876e-05,29,-0.000709998595994,30,0.00385009637102,30,-0.00106782128569,29,-0.00795111886691,2025-06-05
2025-06-05,297,0.308034803401,2,5,-0.00382119813003,30,-0.00676529994234,30,-0.00218946533278,30,-0.00302783795632,29,0.00172293384094,30,0.00287560629658,30,0.00243323016912,29,0.00118379993364,30,0.0042249164544,30,0.00411604391411,29,0.00793724204414,2025-06-06
2025-06-06,297,0.235745615089,2,6,0.00457743601874,30,0.00630500726402,30,0.00440622167662,30,0.00430276477709,29,0.00630083261058,30,0.00145283143502,30,0.00479533942416,29,0.010153260082,30,0.011353937909,30,0.0122306551784,29,0.00765321915969,2025-06-09
2025-06-09,297,0.0784757232595,2,2,-0.0110925929621,30,-0.00683574099094,30,-0.00789064541459,30,-0.00148969888687,29,-0.00942554045469,30,-0.00890483427793,30,-0.0101108485833,29,-0.00680742878467,30,-0.00487232394516,30,-0.00676899962127,29,0.00432359334081,2025-06-10
2025-06-10,299,0.200037621006,0,7,-0.00130585033912,30,0.00369694828987,30,0.00812480226159,30,0.00222896132618,30,0.0118612293154,30,0.00974822044373,30,0.0109056914225,30,0.00783491507173,30,0.00972032919526,30,0.00563198328018,29,0.0069378336193,2025-06-11
2025-06-11,299,-0.0878906274712,0,6,-0.000389148801332,30,0.00181009969674,30,0.000794639170635,30,0.000255145627307,30,0.00172801618464,30,-0.000224936011364,30,0.00786510948092,30,-0.00352076487616,30,-0.00147286849096,30,-0.000267034978606,29,0.000122113822727,2025-06-12
2025-06-12,299,0.0574792070447,0,6,-0.0110058467835,30,-0.00216315197758,30,-0.00497428001836,30,-0.00341657805257,30,-0.0122754331678,30,-0.00872642640024,30,-0.00807379651815,30,-0.000291750824545,30,-0.0080825034529,30,-0.0029907617718,29,0.00801508501172,2025-06-13
2025-06-13,299,0.287927932992,0,11,-0.00253621931188,30,-0.0035367726814,30,-0.00264453678392,30,-0.00179021363147,30,0.00201006722637,30,0.00196969904937,30,0.00533472700045,30,0.00134853716008,30,0.00592475337908,30,0.00431865267456,29,0.00685487198643,2025-06-16
2025-06-16,299,-0.0034868162477,0,4,-0.00300535350107,30,0.00350535707548,30,0.00210019154474,30,-0.00246962695383,30,0.0015377124073,30,6.41743326923e-06,30,0.00121690635569,30,0.00153613288421,30,0.00133202469442,30,-0.00227436725982,29,0.000730986241251,2025-06-17
2025-06-17,299,0.0646236328066,0,2,0.00241796765476,30,0.00369472312741,30,0.00413316907361,30,-0.0039910255,30,-0.00253442535177,30,-0.00237915129401,30,0.00444538006559,30,0.000304402899928,30,0.000346376502421,30,0.00285869836807,29,0.000440730713308,2025-06-18
2025-06-18,299,-0.0109523997393,0,16,-0.00635339831933,30,-0.00505263591185,30,-0.0128360250965,30,-0.013629944995,30,-0.00953234452754,30,-0.00884535722435,30,-0.0112202484161,30,-0.0118974149227,30,-0.0130206625909,30,-0.0063995863311,29,-4.61880117655e-05,2025-06-19
2025-06-19,299,0.177458395321,0,12,-0.00556678185239,30,-0.00513958744705,30,0.000280755746644,30,-0.000489340221975,30,0.00223449268378,30,-0.00313796196133,30,-0.00144073960837,30,0.00359399127774,30,0.000317511963658,30,0.00242330296896,29,0.00799008482136,2025-06-20
2025-06-20,299,0.190421912678,0,33,-0.00178190274164,30,0.00482285441831,30,0.00291978521273,30,-0.00186881027184,30,-0.00222879857756,30,0.00221960153431,30,0.0101997293532,30,0.00795789342374,30,0.00658277887851,30,0.00751195289195,29,0.00929385563359,2025-06-23
2025-06-23,299,-0.0692179058113,0,0,0.00891161989421,30,0.0136835295707,30,0.0148964663967,30,0.0128376130015,30,0.0177661385387,30,0.0141037022695,30,0.00830370374024,30,0.0107835391536,30,0.010547792539,30,0.00891975872219,29,8.13882797956e-06,2025-06-24
2025-06-24,299,-0.288117896809,0,0,0.0306266918778,30,0.02205789648,30,0.0154202301055,30,0.012097120285,30,0.00918532442302,30,0.00895120482892,30,0.00751607026905,30,0.00972557906061,30,0.0102250995114,30,0.00996240228415,29,-0.0206642895937,2025-06-25
2025-06-25,299,0.17649066477,0,0,-0.00992772169411,30,-0.00535788945854,30,-0.00358420610428,30,-0.000226843359997,30,-0.000301977008348,30,-0.00525756692514,30,-0.00171396532096,30,-0.00187861523591,30,-0.000814064347651,30,-0.00417927233502,29,0.00574844935909,2025-06-26
2025-06-26,299,0.336423070443,0,29,-0.00899803265929,30,-0.00489704031497,30,-0.00392356514931,30,-0.00338217406534,30,-0.000735473644454,30,0.00107359688263,30,0.00203297147527,30,0.000975765811745,30,0.0064523043111,30,0.00472800293937,29,0.0137260355987,2025-06-27
2025-06-27,299,0.012074504282,0,13,0.0102966483682,30,0.00544319534674,30,0.0135273952037,30,0.00945581588894,30,0.00387129583396,30,0.00627788715065,30,0.00342457089573,30,0.0023040114902,30,0.00432219682261,30,0.006302556023,29,-0.00399409234524,2025-06-30
2025-06-30,300,0.13170394842,0,5,-0.0095052877441,30,-0.00104876165278,30,0.00642120651901,30,0.00214086379856,30,-0.000478422647575,30,0.00464268913493,30,0.000138986113598,30,0.00150821404532,30,0.00117609696463,30,0.00187681918032,30,0.0113821069244,2025-07-01
2025-07-01,300,0.0707263575526,0,6,-0.00481121148914,30,0.00116222898941,30,0.00289410143159,30,0.000364615523722,30,0.00242729391903,30,0.00729870982468,30,-0.000310192495817,30,-0.00343273882754,30,0.00384518899955,30,0.00176990625914,30,0.00658111774828,2025-07-02
2025-07-02,300,0.0645427126946,0,5,0.00122787163127,30,0.00494502205402,30,0.00202215719037,30,0.00664214883,30,0.00787724647671,30,0.0083226300776,30,0.0139238219708,30,0.00577721605077,30,0.00665086507797,30,0.00369584350847,30,0.00246797187719,2025-07-03
2025-07-03,300,0.2007500326,0,3,-0.00480135483667,30,-0.000946589338128,30,0.000313736993121,30,0.00143103604205,30,0.00217870483175,30,0.00058150885161,30,0.00156977376901,30,0.00235653715208,30,0.000181740528205,30,0.00166286423337,30,0.00646421907004,2025-07-04
2025-07-04,300,-0.0139170377877,0,7,0.00324690341949,30,-0.00631798896939,30,-0.00482229376212,30,-0.00426890235394,30,-0.00292401504703,30,-0.00248841452412,30,-0.000690188026056,30,-0.00351534294896,30,-0.00164715840947,30,-0.00536899361759,30,-0.00861589703709,2025-07-07
2025-07-07,300,0.16405295215,0,0,0.0229736957699,30,0.0106031559408,30,0.00269597163424,30,0.0087912324816,30,0.0153191899881,30,0.00414393143728,30,0.0145043376833,30,0.0138458097354,30,0.00960144586861,30,0.010614214465,30,-0.0123594813049,2025-07-08
2025-07-08,300,0.125640277524,0,0,-0.00455628056079,30,-0.00641907844692,30,-0.00320111121982,30,-0.00107862753794,30,0.00122817361262,30,-0.0053882598877,30,-0.00343160633929,30,-0.00147170026321,30,-0.00542310858145,30,-0.000963515019976,30,0.00359276554082,2025-07-09
2025-07-09,300,-0.0269857322378,0,23,0.0060498835519,30,0.00892358832061,30,-0.00059785641497,30,0.00585694890469,30,0.00250229239464,30,0.00569991860539,30,0.00422802567482,30,0.00676495442167,30,0.00488070445135,30,0.00223972392268,30,-0.00381015962921,2025-07-10
2025-07-10,300,0.0340337719641,0,14,-0.00423068413511,30,0.00221719942056,30,0.00405404157937,30,0.00707263546064,30,0.00694725895301,30,0.00151998794172,30,0.00754667725414,30,-0.000216450294829,30,0.00271959300153,30,0.00010590950842,30,0.00433659364353,2025-07-11
2025-07-11,300,0.415672228562,0,60,-0.0115031264722,30,-0.00485834479332,30,-0.00380214652978,30,0.00180243654177,30,-5.93503318669e-05,30,0.00729213561863,30,0.00389889883809,30,0.00680319452658,30,0.00693823117763,30,0.00758637394756,30,0.0190895004198,2025-07-14
2025-07-14,300,0.062034043848,0,23,0.00757216988131,30,0.00130201980937,30,0.00595765095204,30,0.000770417856984,30,0.00110539991874,30,-0.0050793546252,30,-0.00507121300325,30,-0.00683841109276,30,-0.000246185052674,30,-0.00191468000412,30,-0.00948684988543,2025-07-15
2025-07-15,300,0.223505528051,0,4,-0.00955511536449,30,-0.00299712806009,30,-0.000461836665636,30,-0.00217903451994,30,-0.000982540892437,30,0.000524244678672,30,0.000122249126434,30,-0.000650737667456,30,-0.0017723441124,30,0.000392136978917,30,0.00994725234341,2025-07-16
2025-07-16,300,-0.0171070399298,0,3,0.0137330610305,30,0.00521402945742,30,0.0123242018744,30,0.0041461349465,30,0.0117315454409,30,0.00609195232391,30,0.00756584806368,30,0.0118514299393,30,0.00925124064088,30,0.00758812250569,30,-0.00614493852481,2025-07-17
2025-07-17,300,0.221933617232,0,3,0.00579729676247,30,-0.0023480693344,30,0.00571219902486,30,0.00592405209318,30,0.00545817799866,30,0.00713395467028,30,0.00801974348724,30,0.00926824007183,30,0.00784033164382,30,0.00587748875841,30,8.01919959486e-05,2025-07-18
2025-07-18,300,-0.0119639120395,0,0,0.0095466338098,30,0.010566836223,30,0.0192726496607,30,0.0144162336364,30,0.0119241559878,30,0.00385784497485,30,0.00976781453937,30,0.00989487208426,30,0.00696037197486,30,0.00907147303224,30,-0.000475160777569,2025-07-21
2025-07-21,300,-0.302575130664,0,4,0.0352195166051,30,0.0170266870409,30,0.0163944233209,30,0.0140093164518,30,0.00556610012427,30,0.00515307765454,30,0.00445071654394,30,0.00429887976497,30,0.00112415745389,30,0.0120134316385,30,-0.0232060849667,2025-07-22
2025-07-22,300,0.358860528905,0,4,-0.0199840255082,30,-0.00905810762197,30,-0.00161777739413,30,-0.0035081426613,30,0.000707038270775,30,-0.00104529259261,30,0.0033428450115,30,-0.000134927031468,30,-0.00204405398108,30,0.00969799794257,30,0.0296820234507,2025-07-23
2025-07-23,300,0.040901887935,0,14,0.01498522982,30,0.0130239045247,30,0.00843610987067,30,0.0110427634791,30,0.015540198423,30,0.00773634528741,30,0.0103400507942,30,0.00948817096651,30,0.0140114640817,30,0.0129525484517,30,-0.00203268136829,2025-07-24
2025-07-24,300,0.171404133029,0,2,-0.0125119630247,30,-0.00433279294521,30,-0.00669296365231,30,-0.00525159249082,30,-0.00591227831319,30,-0.00471587199718,30,-0.000824423623271,30,0.00204507121816,30,-0.00193881790619,30,-3.93946975237e-05,30,0.0124725683272,2025-07-25
2025-07-25,300,0.0452017829688,0,11,-0.00285447039641,30,-0.00539528112859,30,0.00245247292332,30,0.00717386417091,30,0.000273327023024,30,0.00129850313533,30,-0.0027569970116,30,-3.62197556569e-06,30,-0.00194743473548,30,6.91890745657e-05,30,0.00292365947098,2025-07-28
2025-07-28,300,-0.177360875103,0,6,0.0273166783154,30,0.0130644952878,30,0.00615252833813,30,0.00239640683867,30,-0.0046036480926,30,0.00527188787237,30,0.00536085572094,30,0.00302154826932,30,-0.00145187578164,30,-0.00225701532327,30,-0.0295736936387,2025-07-29
2025-07-29,300,0.445006259039,0,8,-0.00663609290496,30,-0.00774861965328,30,-0.00410896539688,30,-0.00616968655959,30,-0.00495553016663,30,0.0025987108238,30,0.00304652052,30,0.000935328018386,30,0.0109311975539,30,0.0085676331073,30,0.0152037260123,2025-07-30
2025-07-30,300,0.10002605586,0,2,-0.0230134241283,30,-0.0229776911438,30,-0.0130875706673,30,-0.0199886653572,30,-0.0173902269453,30,-0.0219521094114,30,-0.0148758208379,30,-0.0213333405554,30,-0.0192817989737,30,-0.0174605883658,30,0.0055528357625,2025-07-31
2025-07-31,300,0.277676477228,0,3,-0.0143317580223,30,-0.00442503672093,30,-0.0126200933009,30,-0.00428566336632,30,-7.46270015952e-05,30,-0.00318940682337,30,-0.000612620497122,30,0.000862900400534,30,0.00317500438541,30,0.00222469167784,30,0.0165564497001,2025-08-01
2025-08-01,299,0.100095190615,1,2,0.000912566960324,30,-0.00326614966616,30,0.00384108233266,30,0.00723491515964,30,0.00282848882489,30,0.00612539239228,30,0.00225267419592,30,0.00295122270472,30,0.00181206862908,30,0.00577129377052,29,0.0048587268102,2025-08-04
2025-08-04,299,0.195897231019,1,0,-0.00123169424478,30,0.00476685585454,30,0.0100992936641,30,0.013006974943,30,0.00885899458081,30,0.00932021159679,30,0.0100266123191,30,0.00855765771121,30,0.00803424138576,30,0.00785664469004,29,0.00908833893482,2025-08-05
2025-08-05,299,0.0341739274137,1,0,0.0104776127264,30,0.00456123333424,30,0.00233685760759,30,0.00396579923108,30,0.00414140010253,30,0.00148295168765,30,0.00432454748079,30,0.00385516486131,30,0.00329354614951,30,0.00333753135055,29,-0.00714008137584,2025-08-06
2025-08-06,299,0.190981886655,1,3,-0.00192596123088,30,-0.00176196102984,30,-0.00118517875671,30,0.000320420658682,30,5.26467956661e-05,30,0.000337576871971,30,-0.00149406993296,30,0.000614768243395,30,0.000776843226049,30,0.000723659992218,29,0.0026496212231,2025-08-07
2025-08-07,299,-0.0330981663359,1,0,-0.00334873399697,30,0.00389086198993,30,-0.00417303852737,30,-0.00480873975903,30,-0.00315347523428,30,0.00358430948108,30,-0.0031952301506,30,-0.00270774168894,30,-0.000174190601683,30,-0.00371007458307,29,-0.000361340586096,2025-08-08
2025-08-08,299,0.182595130319,1,17,0.00550920562819,30,0.00361618190072,30,0.000468617683509,30,0.00234417128377,30,0.0101231439039,30,0.00244121346623,30,0.00962672010064,30,0.0082446616143,30,0.00723324995488,30,0.00959859229624,29,0.00408938666806,2025-08-11
2025-08-11,299,0.110820134906,1,16,0.0100051360205,30,-0.0054267286323,30,0.00697471899912,30,0.000299296778394,30,0.00593235902488,30,-0.00147556862794,30,0.00694585451856,30,0.00198757043108,30,0.00364400539547,30,0.00191515684128,29,-0.0080899791792,2025-08-12
2025-08-12,297,-0.210993887904,3,8,0.0163051020354,30,0.00945613626391,30,0.0108602726832,30,0.0129536576569,29,0.0104087572545,30,0.00507559580728,30,0.000147112485138,29,0.00286268000491,30,-0.00218455400318,30,-0.00319439778104,29,-0.0194994998164,2025-08-13
2025-08-13,297,0.0541279967488,2,14,-0.00993056688458,30,-0.00426996173337,30,-0.00296058459207,30,0.000657453609165,29,-0.0143813546747,30,-0.0049720229581,30,-0.00569976819679,29,-0.00783705711365,30,-0.0067567108199,30,-0.00444559613243,29,0.00548497075215,2025-08-14
2025-08-14,297,-0.208924719832,2,42,0.0107264360413,30,0.0144482078031,30,0.0178168620914,30,0.0122094191611,29,0.0141656612977,30,0.0162399206311,30,0.00511945504695,29,0.00891935825348,30,0.00651638489217,30,0.00418218038976,29,-0.00654425565153,2025-08-15
2025-08-15,297,-0.201533736133,2,10,0.0163021255285,30,0.0152181368321,30,0.00886486377567,30,0.0222989972681,29,0.00881125312299,30,0.00880458578467,30,0.00982238911092,29,0.00556682562456,30,0.00261984858662,30,0.001342787873,29,-0.0149593376555,2025-08-18
2025-08-18,298,0.113552391047,1,20,0.00429790234193,30,-0.00217178673483,30,-0.00791067443788,30,-0.00310438871384,30,0.00370735139586,29,-0.00202866992913,30,-0.000439250463387,30,-0.00664537353441,30,6.34749740129e-05,30,-0.00607526302338,29,-0.0103731653653,2025-08-19
2025-08-19,299,0.058234158457,0,19,0.00246688723564,30,0.0140586160123,30,0.0164137613028,30,0.0199379380792,30,0.0154648758471,30,0.0111182471737,30,0.0100727165118,30,0.00967790838331,30,0.012958032079,30,0.0115573508665,29,0.00909046363086,2025-08-20
2025-08-20,299,0.258349135552,0,0,-0.000730307889171,30,0.00503554753959,30,-0.00136722321622,30,0.000815657782368,30,0.00467612920329,30,0.00121701159514,30,0.00518905138597,30,0.00455017294735,30,0.00869984272867,30,0.00799360126257,29,0.00872390915174,2025-08-21
2025-08-21,299,0.0792021425429,0,0,0.0196746364236,30,0.0277473647147,30,0.0036396405194,30,0.00959809590131,30,0.0225775968283,30,0.0287763401866,30,0.0193515121937,30,0.0221829954535,30,0.0205803178251,30,0.0146822724491,29,-0.00499236397445,2025-08-22
2025-08-22,299,0.142849318758,0,0,0.0201993025839,30,0.0264198351651,30,0.0211537685245,30,0.0110097406432,30,0.0166168939322,30,0.0192720554769,30,0.0194926392287,30,0.0223841834813,30,0.0180473290384,30,0.016390023753,29,-0.00380927883089,2025-08-25
2025-08-25,299,0.124463484172,0,0,-0.00529292644933,30,-0.00808416958898,30,-0.000929971516598,30,0.00260842056014,30,-0.000278848398011,30,0.00442809052765,30,-0.00235262513161,30,-0.00280604558066,30,0.00446356320754,30,0.000355171738192,29,0.00564809818752,2025-08-26
2025-08-26,299,-0.00644844494146,0,14,-0.0179505012929,30,-0.0156067032367,30,-0.0170773379505,30,-0.015548334457,30,-0.00929717626423,30,-0.0178095344454,30,-0.0219590552151,30,-0.016685442999,30,-0.0214454121888,30,-0.0127613116056,29,0.00518918968737,2025-08-27
2025-08-27,299,-0.238429619888,0,82,0.0471649542451,30,0.017171273008,30,0.018060060218,30,0.00905255507678,30,0.010269084014,30,0.0109461368993,30,0.0079008853063,30,0.00573382759467,30,0.00904196687043,30,0.00904400181025,29,-0.0381209524348,2025-08-28
2025-08-28,299,0.0575822261729,0,0,-0.00630159582943,30,0.00430777668953,30,0.00796383805573,30,0.0112822139636,30,0.0130988918245,30,0.00341499061324,30,0.00214710226282,30,0.00667459191754,30,0.00306484708562,30,-0.00189936568495,29,0.00440223014448,2025-08-29
2025-08-29,298,-0.218208277745,1,20,0.0112305739895,30,0.0172392092645,30,0.0121942916885,30,0.0137322824448,30,0.0151876006275,29,-0.0014735381119,30,-0.00032034915057,30,-0.00576480431482,30,-0.000822681176942,30,-0.00134385039564,29,-0.0125744243851,2025-09-01
2025-09-01,298,0.277690493247,1,4,-0.0173276029527,30,-0.020881710574,30,-0.0298303123564,30,-0.0148736834526,30,-0.00685663660988,29,-0.00376276765019,30,-0.00349755492061,30,-0.00482453312725,30,-0.00175379519351,30,0.000601141597144,29,0.0179287445499,2025-09-02
2025-09-02,298,-0.0702746387999,1,2,-0.00275569758378,30,-0.00729241967201,30,-0.00793973822147,30,-0.0138678587973,30,-0.0145536931232,29,-0.00351663236506,30,-0.0131479678676,30,-0.0157916154712,30,-0.0130035476759,30,-0.00496763177216,29,-0.00221193418838,2025-09-03
2025-09-03,298,0.334330492181,1,2,-0.033441323787,30,-0.0370524264872,30,-0.0218159332871,30,-0.0184331722558,30,-0.014775169082,29,-0.00804370082915,30,-0.00820684246719,30,-0.0045090415515,30,-0.00464927172288,30,-0.00633981917053,29,0.0271015046164,2025-09-04
2025-09-04,298,-0.129671093823,1,2,0.0343286506832,30,0.0294029042125,30,0.017426231876,30,0.0328192822635,30,0.0235450603068,29,0.0143398130313,30,0.0172596219927,30,0.0112222610041,30,0.0168066993356,30,0.010918835178,29,-0.0234098155051,2025-09-05
2025-09-05,298,0.0172094222284,1,0,0.000954107439611,30,0.0019089023117,30,0.0118684433401,30,0.017933499068,30,0.0107368044555,29,0.0146436309442,30,0.0105285085738,30,0.00672227563336,30,0.0064690313302,30,0.0011020549573,29,0.000147947517689,2025-09-08
2025-09-08,298,0.254255027074,1,0,-0.0101245008409,30,-0.0158757846802,30,-0.00606071762741,30,-0.00732477102429,30,-0.00558279501274,29,-0.0082103991881,30,-0.00612094393,30,-0.005040013697,30,-0.00221083755605,30,0.00154403573833,29,0.0116685365792,2025-09-09
2025-09-09,299,0.249760383659,0,3,-0.00395687203854,30,-0.00170374906156,30,-0.00921063590795,30,-0.00175400578883,30,-0.00302401790395,30,-0.00870254263282,30,-0.000577296828851,30,-0.000969248998445,30,0.00432171626016,30,0.00412883423269,29,0.00808570627123,2025-09-10
2025-09-10,299,-0.118795144295,0,4,0.0491005256772,30,0.0246994551271,30,0.0175177045166,30,0.0127197960392,30,0.0172748826444,30,0.0164985973388,30,0.0133144455031,30,0.00943376775831,30,0.0131717743352,30,0.0125009994954,29,-0.0365995261818,2025-09-11
2025-09-11,299,0.00752733667857,0,0,-0.000636901473626,30,-0.00407267035916,30,-0.00496080098674,30,-0.00714178103954,30,-0.00233822665177,30,-0.009092614986,30,-0.00588529510424,30,-0.00355772371404,30,-0.00567758269608,30,-0.00551989348605,29,-0.00488299201243,2025-09-12
2025-09-12,299,-0.0609494647783,0,17,-8.51651057019e-05,30,0.0109674613923,30,0.00927538890392,30,0.011978443712,30,-0.00477701239288,30,-0.00348663330078,30,-0.00233939290047,30,-0.00209972658195,30,-0.00303699378856,30,0.00090799247846,29,0.000993157584162,2025-09-15
2025-09-15,299,0.0722155301126,0,3,0.00661704549566,30,-0.00360851478763,30,-0.000320674967952,30,0.0012334883213,30,-0.00115435326006,30,-0.00609513930976,30,-0.0024138847366,30,0.0014888306614,30,0.00115960836411,30,-0.00223898282275,29,-0.00885602831841,2025-09-16
2025-09-16,299,-0.0357302877141,0,0,0.00717795873061,30,0.000416253024014,30,0.0105287348852,30,0.0144241889939,30,0.00615640264004,30,0.0111916102469,30,0.00193209049758,30,0.00464900908992,30,0.00235073175281,30,-0.000509186065756,29,-0.00768714479636,2025-09-17
2025-09-17,299,0.148744135934,0,0,-0.00758775649592,30,-0.0188900884241,30,-0.0115561168641,30,-0.0156311802566,30,-0.0150465751067,30,-0.00941188912839,30,-0.011475273408,30,-0.013216201216,30,-0.0109126465395,30,-0.0135260717943,29,-0.00593831529841,2025-09-18
2025-09-18,299,0.216094567669,0,4,-0.0108443284407,30,0.00178369681817,30,-0.00201463093981,30,0.00282406201586,30,0.00227836566046,30,0.0103948498145,30,0.00490227527916,30,0.00310661783442,30,0.00106768205296,30,0.00247056316584,29,0.0133148916066,2025-09-19
2025-09-19,299,0.318014919174,0,18,-0.000292768090731,30,-0.0114125590771,30,-0.0103804748505,30,0.00976087618619,30,0.000846324372105,30,-0.002845287323,30,0.00554692558944,30,0.00369053287432,30,0.00591539731249,30,0.00948299374431,29,0.00977576183504,2025-09-22
2025-09-22,299,0.20961798558,0,6,-0.00073703925591,30,-0.00756397657096,30,-0.00557609414682,30,-0.00546967564151,30,-0.0145810144022,30,-0.00262522697449,30,0.00253137946129,30,-0.00341651844792,30,0.00137762224767,30,0.00360100856051,29,0.00433804781642,2025-09-23
2025-09-23,299,-0.128174537801,0,0,0.0188500843942,30,0.0138858258724,30,0.0170292463154,30,0.0127017851919,30,0.00646366085857,30,0.0122325178236,30,0.00997017230839,30,0.0096278572455,30,0.00488360133022,30,0.0039080013521,29,-0.0149420830421,2025-09-24
2025-09-24,299,-0.302895707375,0,2,0.01762060076,30,0.0109299281612,30,0.00898979883641,30,0.00245328736492,30,0.0125271994621,30,0.00246251421049,30,-0.00407275743783,30,-0.00221009249799,30,-0.00542137445882,30,-0.00558811239898,29,-0.023208713159,2025-09-25
2025-09-25,299,0.360784130766,0,18,-0.0245480109006,30,-0.0112765450031,30,-0.0146096609533,30,-0.00823368038982,30,0.00301367649809,30,0.000430268060882,30,-0.00117907323875,30,0.00337474537082,30,0.00174045364838,30,0.00043982884381,29,0.0249878397444,2025-09-26
2025-09-26,299,0.133079506438,0,18,0.0102198664099,30,0.0164076127112,30,0.00988172087818,30,0.00644057011232,30,0.0126549322158,30,0.00958272442222,30,0.0154394926503,30,0.010149945505,30,0.0193244852126,30,0.0202073007822,29,0.00998743437231,2025-09-29
2025-09-29,299,-0.101291726922,0,0,0.00283645396121,30,0.0165497306734,30,0.0141115384176,30,0.0104971313849,30,0.00770944776013,30,0.00995460152626,30,0.00553735112771,30,0.00478970026597,30,0.000216150277993,30,0.000915305339731,29,-0.00192114862148,2025-09-30
2025-09-30,299,-0.14645185804,0,11,0.0332157127559,30,0.031129008159,30,0.018585504964,30,0.0196465924382,30,0.0160704981536,30,0.0114528061822,30,0.0122764250264,30,0.0104634622112,30,0.0144134759903,30,0.0124803353101,29,-0.0207353774458,2025-10-09
2025-10-09,299,0.138542168569,0,0,-0.0177847333252,30,-0.0307881757617,30,-0.0180802959949,30,-0.00106308260001,30,-0.0147774275392,30,-0.0188220497221,30,-0.00133666000329,30,-0.00995408277959,30,-0.00266574812122,30,-0.0173704884946,29,0.000414244830608,2025-10-10
2025-10-10,299,-0.0592899357815,0,0,-0.00762596912682,30,0.000308410322759,30,0.000808485376183,30,0.0046236733906,30,-0.0055785914883,30,-0.00609131669626,30,-0.00919711217284,30,-0.00631322246045,30,0.00265563535504,30,-0.00980591960251,29,-0.00217995047569,2025-10-13
2025-10-13,299,0.281240572501,0,0,-0.0219775550067,30,-0.0199353061616,30,-0.0109638767317,30,-0.0135355051607,30,-0.00786249618977,30,-0.00557717680931,30,0.00105916860048,30,-0.00620694365352,30,0.00132332043722,30,0.00794176198542,29,0.0299193169922,2025-10-14
2025-10-14,299,0.0364880729361,0,0,0.0108603639528,30,0.00567449722439,30,0.00924037303776,30,0.0136093320325,30,0.0127728739753,30,0.0133564891294,30,0.0141797307879,30,0.0147749306634,30,0.0147918639705,30,0.00696688704193,29,-0.00389347691089,2025-10-15
2025-10-15,299,0.0429900007467,0,0,0.000136083370307,30,-0.00581098580733,30,0.00466093607247,30,0.00152766704559,30,-0.00369440112263,30,-8.70585427037e-05,30,-0.002301200293,30,-0.00169290904887,30,-7.53998756409e-05,30,-2.62630401267e-05,29,-0.000162346410434,2025-10-16
2025-10-16,299,-0.0779137115607,0,5,-0.025127986446,30,-0.0215143468231,30,-0.023661095649,30,-0.0179402530193,30,-0.0192815307528,30,-0.0293184481561,30,-0.0197833292186,30,-0.0200674459338,30,-0.0270267613232,30,-0.0247470345348,29,0.000380951911211,2025-10-17
2025-10-17,299,0.128924552855,0,23,0.00194840028416,30,-0.00269462075084,30,0.00285017280839,30,-0.00262672896497,30,0.00770849967375,30,0.0084384046495,30,0.00685572810471,30,0.00803026929498,30,-0.000164045894053,30,0.0071033607237,29,0.00515496043954,2025-10-20
2025-10-20,299,0.11346913903,0,0,0.0122216818854,30,0.00665205111727,30,0.0148011231795,30,0.0109834158793,30,0.0119695924222,30,0.00663618044928,30,0.00850841403008,30,0.0157791040838,30,0.00887421611696,30,0.00493350531906,29,-0.00728817656636,2025-10-21
2025-10-21,299,0.0704607642432,0,0,-0.00862970761955,30,0.000338329875376,30,-0.00996334571391,30,-0.000766152166761,30,-0.00647862767801,30,-0.00434171548113,30,-0.00548666529357,30,-0.00812799297273,30,0.000521417474374,30,-0.00122556393035,29,0.0074041436892,2025-10-22
2025-10-22,299,0.0792045415211,0,8,0.00236439495347,30,0.00168184831273,30,0.00364871020429,30,0.00348859815858,30,0.00119462015573,30,0.000433746987255,30,0.0064241765067,30,0.00941289495677,30,0.00623301090673,30,0.00334120006301,29,0.000976805109531,2025-10-23
2025-10-23,299,0.014400768569,0,0,-0.00115619902499,30,0.013815539889,30,0.00425884313881,30,0.0112383607775,30,0.00981546659023,30,0.00682743592188,30,0.0132435504347,30,0.00919221807271,30,0.00243666372262,30,-0.00214174296707,29,-0.000985543942079,2025-10-24
2025-10-24,299,-0.224240317015,0,2,0.0288836043328,30,0.0103685734794,30,0.012656644918,30,0.0097196046263,30,0.00762222427875,30,0.0115251140669,30,0.0116861341521,30,0.0107014831156,30,0.00375516619533,30,0.00360710034147,29,-0.0252765039913,2025-10-27
2025-10-27,299,0.114346960443,0,0,-0.00388758373447,30,-0.00437662610784,30,-0.0122972410172,30,0.00139432947617,30,-0.00628829794005,30,-0.0102415941656,30,-0.00612381706014,30,-0.00186794402543,30,-0.00234803557396,30,-0.00385688291863,29,3.07008158416e-05,2025-10-28
2025-10-28,299,0.0479393771387,0,4,0.0189171433449,30,0.00666884379461,30,0.00629551429302,30,0.0216269306839,30,0.0246173571795,30,0.022184073925,30,0.0177048090845,30,0.0132900578901,30,0.00652208132669,30,0.0102361505851,29,-0.00868099275976,2025-10-29
2025-10-29,299,0.21648688037,0,2,-0.000390285247704,30,-0.0118642272428,30,-0.00620202813298,30,-0.0140516478568,30,-0.00893438048661,30,-0.00736015848815,30,-0.00212104129605,30,0.00247342395596,30,0.000595957040787,30,-0.00129168608692,29,-0.000901400839211,2025-10-30
2025-10-30,299,0.0483557221104,0,19,-0.0134712541476,30,-0.00446361908689,30,-0.0154239153489,30,-0.00916443299502,30,-0.00277864723466,30,-0.0109132723883,30,-0.013141325675,30,-0.0115937553346,30,-0.0107735255733,30,-0.00345386727713,29,0.0100173868705,2025-10-31
2025-10-31,299,-0.215011269321,0,36,0.00863943900913,30,0.00918435491621,30,0.00840225815773,30,0.0142810242251,30,0.00666560931131,30,1.93158793991e-05,30,-0.00139553740155,30,0.00496807694435,30,-0.00682127475739,30,-0.00170590553898,29,-0.0103453445481,2025-11-03
2025-11-03,299,0.206092041909,0,0,-0.0111515522003,30,-0.0158209893852,30,-0.0150790335611,30,-0.0105719827116,30,-0.00779451522976,30,-0.00636957073584,30,-0.00553675694391,30,-0.00762879243121,30,-0.00471796793863,30,-0.00397570570931,29,0.00717584649101,2025-11-04
2025-11-04,299,0.0117940103142,0,0,0.00875520519912,30,0.00103537843097,30,0.00267023849301,30,-0.000257629144471,30,0.00503160571679,30,0.0017594039673,30,0.00260014925152,30,0.000180459028343,30,-0.00086185534019,30,-0.00128959782887,29,-0.010044803028,2025-11-05
2025-11-05,299,-0.214414538251,0,3,0.020766960457,30,0.0167434494942,30,0.021893305704,30,0.0177663844079,30,0.00754017615691,30,0.00616169953719,30,0.00555016007274,30,0.00832563266158,30,0.00519496621564,30,0.00974026042968,29,-0.0110267000273,2025-11-06
2025-11-06,299,0.145732569142,0,0,0.00467263860628,30,-0.00182248547208,30,-0.00356841692701,30,-0.00398096255958,30,-0.00270553026348,30,0.00195617671125,30,-0.00163306796458,30,0.00410289363936,30,-0.00233676820062,30,0.00289250235073,29,-0.00178013625555,2025-11-07
2025-11-07,299,0.0818118721381,0,18,0.0204606093466,30,0.00056040880736,30,-0.0021207134705,30,0.00773312663659,30,0.00422852253541,30,0.00969083886594,30,0.0103881442919,30,0.00877116899937,30,0.0149311004207,30,0.0101195676252,29,-0.0103410417214,2025-11-10
2025-11-10,299,-0.002340944452,0,0,-0.00019564628019,30,-0.00989407859743,30,-0.0119426334277,30,-0.0111913140863,30,-0.00867325626314,30,-0.00692709488794,30,-0.00947143044323,30,-0.0067118704319,30,-0.0086001874879,30,-0.0057949568145,29,-0.00559931053431,2025-11-11
2025-11-11,299,-0.0894522348604,0,8,-0.0135202109814,30,-0.00366760697216,30,-0.00219409866259,30,-0.00100928544998,30,-0.00529098324478,30,-0.00567380199209,30,-0.00412220554426,30,-0.00761822843924,30,-0.00860694888979,30,-0.00701957754791,29,0.00650063343346,2025-11-12
2025-11-12,299,-0.191155050145,0,12,0.016107827425,30,0.0167809259146,30,0.0114008244127,30,0.0119999293238,30,0.00598751287907,30,0.0145954964682,30,0.00809694360942,30,0.00672099972144,30,0.00276984577067,30,0.000551850651391,29,-0.0155559767736,2025-11-13
2025-11-13,299,0.314826337269,0,0,-0.0238555874676,30,-0.0176294464618,30,-0.0179534554482,30,-0.0148863615468,30,-0.0137754464522,30,-0.0147498985752,30,-0.007897650823,30,-0.00911107473075,30,-0.00954021606594,30,-0.00467526074499,29,0.0191803267226,2025-11-14
2025-11-14,299,0.0694651640326,0,79,-0.00239837775007,30,-0.0126612819731,30,-0.000842692446895,30,-0.00888190045953,30,-0.00304537219927,30,-0.00787642411888,30,-0.0094637311995,30,-0.00219231448136,30,-0.00146007933654,30,-0.00595975341275,29,-0.00356137566268,2025-11-17
2025-11-17,299,0.216498894967,0,7,-0.0177545342594,30,-0.0128398938105,30,-0.0153294717893,30,-0.00744107179344,30,-0.00371482572518,30,-0.0048395851627,30,-0.00537132006139,30,-0.00294183683582,30,-0.00831513572484,30,-0.00210852455348,29,0.015646009706,2025-11-18
2025-11-18,299,0.0720279271382,0,6,-0.00169270241167,30,0.00141968531534,30,0.00213372497819,30,0.00745218386874,30,0.00253917975351,30,-0.000219964975258,30,-0.00217677745968,30,5.19315399288e-05,30,0.00432427506894,30,0.00241310009733,29,0.004105802509,2025-11-19
2025-11-19,297,0.156530316889,2,4,-0.0138745568693,30,-0.011573872529,30,-0.00052284396952,30,-0.00432244641706,29,-0.00763317756355,30,-0.00742806773633,30,-0.00294662546366,29,-0.00138571264688,30,-0.00484334211797,30,-0.00195291743148,29,0.0119216394378,2025-11-20
2025-11-20,297,-0.156486677819,2,27,-0.0164165589958,30,-0.0227640289813,30,-0.0302353780717,30,-0.0286035016179,29,-0.022580023855,30,-0.0263544488698,30,-0.0197187978774,29,-0.0209768060595,30,-0.0232297610492,30,-0.0287533290684,29,-0.0123367700726,2025-11-21
2025-11-21,297,-0.0449854091309,2,39,0.00283623533323,30,0.00111931958236,30,0.00763156218454,30,-0.00122028181795,29,0.00362962693907,30,-0.000364255916793,30,0.00575009919703,29,0.00149828393478,30,0.00131506915204,30,-0.00752386962995,29,-0.0103601049632,2025-11-24
2025-11-24,297,-0.0293037557841,2,14,0.00650626607239,30,0.0132386963814,30,0.0151860415936,30,0.00857432745397,29,0.00140483782161,30,0.00609505176544,30,0.00534410495311,29,0.00433656387031,30,0.00775317149237,30,0.00484347948804,29,-0.00166278658435,2025-11-25
2025-11-25,297,0.087196861167,2,4,0.00195317459293,30,0.00196444196627,30,-0.00152622663882,30,0.000550436554477,29,0.000544387090486,30,0.00103536050301,30,-0.00147404754534,29,0.00104424159508,30,0.00048422018881,30,-0.000812781276181,29,-0.00276595586911,2025-11-26
2025-11-26,297,0.0709948051503,2,19,-0.00111842155457,30,-0.000587705755606,30,0.000293880701065,30,0.00130347756203,29,-0.00118720531464,30,-0.000399579614168,30,0.00219069467857,29,-0.000686786544975,30,-0.00106931722257,30,0.00115882733371,29,0.00227724888828,2025-11-27
2025-11-27,297,0.285388103328,2,12,0.00246244668961,30,-0.00398640427738,30,5.82476459385e-05,30,0.000237466956605,29,0.00691770110279,30,0.00592189840972,30,0.00743723334745,29,0.00493335723877,30,0.00507502956316,30,0.00690029002726,29,0.00443784333766,2025-11-28
2025-11-28,297,-0.0420262989024,2,3,0.00994974374771,30,0.00818875990808,30,0.0176418181509,30,0.0143637182191,29,0.0157330334187,30,0.0106860501692,30,0.00765695469454,29,0.010489884764,30,0.00724869780242,30,0.00674467068166,29,-0.00320507306606,2025-12-01
2025-12-01,297,-0.0785113274251,2,0,-0.00933143310249,30,0.0016722381115,30,-0.00558411655948,30,-0.00840970315039,29,-0.00797334127128,30,-0.00513163628057,30,-0.00365174235776,29,-0.00839547347277,30,-0.00975944381207,30,-0.0071051470004,29,0.00222628610209,2025-12-02
2025-12-02,297,-0.105754146819,2,5,-0.0054446416907,30,0.00124381983187,30,0.00239122309722,30,-0.00388427241705,29,-0.00859661307186,30,-0.00757907237858,30,0.00111299962737,29,-0.00486212549731,30,-0.0049514034763,30,-0.00835292134434,29,-0.00290827965364,2025-12-03
2025-12-03,297,-0.00957092640748,2,5,0.00310544972308,30,-0.000327686459059,30,-0.00144291913603,30,-0.00210363487713,29,0.00202742824331,30,-0.00118342833593,30,0.0021314395126,29,-0.00331271695904,30,0.00203459453769,30,-0.00315288011916,29,-0.00625832984224,2025-12-04
2025-12-04,297,-0.00264182760878,2,2,0.00502928299829,30,0.00774478726089,30,0.00561574520543,30,0.0152440788224,29,0.00742234988138,30,0.00492651481181,30,0.00333046913147,29,0.00905861891806,30,0.00733636226505,30,0.00640323664993,29,0.00137395365164,2025-12-05
2025-12-05,297,-0.193541915133,2,0,0.0133579932153,30,0.0109579581767,30,0.0039013067726,30,0.000625439744908,29,0.00291736912914,30,-0.000281918037217,30,0.00494905980304,29,0.00436862884089,30,-0.00305312266573,30,-0.000193336920347,29,-0.0135513301357,2025-12-08
2025-12-08,297,-0.00119358676435,2,8,0.00341244135052,30,-0.0103147746995,30,-0.0154462894425,30,-0.00987573154271,29,-0.0044854641892,30,-0.00671485066414,30,-0.0109409010038,29,-0.0115686040372,30,-0.00855021458119,30,-0.00677596498281,29,-0.0101884063333,2025-12-09
2025-12-09,297,0.154451102507,2,18,-0.00848051346838,30,5.4979325796e-05,30,0.0107183791697,30,0.00160980632063,29,0.00180661678314,30,0.000912239134777,30,0.00748881790787,29,0.00317892432213,30,0.00367367058061,30,0.00351841910742,29,0.0119989325758,2025-12-10
2025-12-10,297,0.310511342786,2,0,-0.0208887923509,30,-0.00857764109969,30,-0.0134484628215,30,-0.00683545647189,29,-0.00891670025885,30,-0.00983794499189,30,-0.0122155034915,29,-0.0103822089732,30,-0.00505175581202,30,-0.00107961683534,29,0.0198091755155,2025-12-11
2025-12-11,297,0.144744028419,2,46,0.00477393856272,30,0.00394892273471,30,0.0118798697367,30,0.00267232488841,29,0.00606396375224,30,0.00415235338733,30,0.00886987615377,29,0.0063022733666,30,0.00761977024376,30,0.0122574875131,29,0.0074835489504,2025-12-12
2025-12-12,297,0.344244977147,2,6,-0.0134482784197,30,-0.0112049616873,30,-0.00993627868593,30,-0.00751599762589,29,-0.00452989758924,30,-0.00273074116558,30,0.000497133587487,29,-0.000902161991689,30,0.00267722411081,30,0.000993354595266,29,0.0144416330149,2025-12-15
2025-12-15,297,0.0594725116708,2,14,-0.0132054965943,30,-0.00803259201348,30,-0.0112545248121,30,-0.0119892712682,29,-0.00813719816506,30,-0.00729284668341,30,-0.0123494984582,29,-0.00741732120514,30,-0.00805741362274,30,-0.00882051512599,29,0.00438498146832,2025-12-16
2025-12-16,297,-0.0426348275427,2,13,0.0140765551478,30,0.0230934098363,30,0.0244877729565,30,0.0115492511541,29,0.0188246257603,30,0.0123801175505,30,0.014709232375,29,0.0115348277614,30,0.0135761359707,30,0.0125498734415,29,-0.00152668170631,2025-12-17
2025-12-17,297,0.407459808167,2,0,-0.0169582832605,30,-0.0143967708573,30,-0.0038352846168,30,-0.00622380198911,29,-0.00448533473536,30,-0.000467958045192,30,-0.00201143673621,29,-0.00129636132624,30,0.00710485363379,30,0.0119490977377,29,0.0289073809981,2025-12-18
2025-12-18,298,0.212789051467,1,18,0.00260531506501,30,-0.00401751417667,30,0.0017868737923,30,0.00383346481249,30,0.00908791366965,29,0.00864527840167,30,0.00851947627962,30,0.00791283044964,30,0.00230154604651,30,0.00768250226974,29,0.00507718720473,2025-12-19
2025-12-19,298,0.0556773138455,1,7,0.00965062808245,30,0.0114805046469,30,0.0015536864521,30,0.00487048644572,30,0.00119250605348,29,0.00492511782795,30,0.00889021158218,30,0.0030416965019,30,0.00519748125225,30,0.0114964144304,29,0.00184578634799,2025-12-22
2025-12-22,298,-0.0983022267289,1,8,0.00239262776449,30,0.00159460306168,30,0.00118273100816,30,-0.00284933438525,30,-0.00317132472992,29,-0.00516224326566,30,0.00182542798575,30,-0.00572814559564,30,-0.0022227067966,30,-0.00316614517942,29,-0.00555877294391,2025-12-23
2025-12-23,298,-0.00486337552149,1,2,0.00479675130919,30,0.00798779353499,30,0.00411970820278,30,0.00399590143934,30,0.00329033681192,29,0.00880775414407,30,0.00443003559485,30,0.00622726092115,30,0.00168466567993,30,0.00255164201371,29,-0.00224510929547,2025-12-24
2025-12-24,298,0.113267757733,1,3,0.000423415505793,30,0.00417535891756,30,0.00664028525352,30,-0.000943497812841,30,0.00159220246132,29,0.00488486280665,30,0.00460043549538,30,0.00297645339742,30,0.00324484310113,30,0.00415566470474,29,0.00373224919895,2025-12-25
2025-12-25,298,-0.0282936705201,1,0,0.0083407657221,30,0.00959639903158,30,0.00431196112186,30,0.00307117891498,30,0.00766863301396,29,-0.00233879894949,30,0.00320486631244,30,0.00260963244364,30,0.0004928886774,30,0.00111441162881,29,-0.00722635409329,2025-12-26
2025-12-26,298,0.233831579547,1,6,-0.0147844394669,30,-0.0118708806112,30,0.00354897184297,30,-0.00182565057185,30,-0.000747417565435,29,-0.00296312570572,30,-0.00618556560948,30,-0.000808723794762,30,0.00087834201986,30,0.00117043172941,29,0.0159548711963,2025-12-29
