return_date,Group-1,Group-2,Group-3,Group-4,Group-5,Group-6,Group-7,Group-8,Group-9,Group-10,Long-Short
2016-01-04,1,1,1,1,1,1,1,1,1,1,1
2016-01-05,0.987160462886,0.991872215644,0.990088055842,0.993946201168,0.990082001314,1.00402621552,1.00739551848,1.00556897698,1.00597158587,1.00855343882,1.02139297593
2016-01-06,1.01123440406,1.02525247318,1.01430051143,1.01995871603,1.01827789065,1.0300531277,1.03196254099,1.02977737917,1.03180770558,1.02825798693,1.01643960416
2016-01-07,0.93260522081,0.940275081812,0.926156055547,0.929411301974,0.932225541542,0.939106476973,0.946879402884,0.943020388775,0.947997379287,0.950582437603,1.01869074322
2016-01-08,0.962885090946,0.955625234285,0.963511797147,0.947869768241,0.955790783451,0.968330725751,0.966241114591,0.970862340882,0.971613661932,0.966641633631,1.00282566608
2016-01-11,0.911871616238,0.911723689444,0.903823869086,0.885612166143,0.894221568564,0.90307713801,0.901107557277,0.905070750072,0.912113327391,0.920390238995,1.00797247463
2016-01-12,0.91918329929,0.914980266654,0.919160931227,0.893109573756,0.905401552776,0.914613959549,0.91107198359,0.913707499513,0.917801191334,0.923608939957,1.00341520886
2016-01-13,0.887693989224,0.886566729018,0.895283654329,0.863114324994,0.8781891058,0.892485891363,0.888043066592,0.896100690379,0.90026884552,0.907800092419,1.02061528666
2016-01-14,0.927794580636,0.920353568327,0.922866263452,0.892178375225,0.909265241875,0.92410406584,0.908300097271,0.914099549961,0.913875428421,0.917286554297,0.985175497623
2016-01-15,0.902202558012,0.879808591928,0.882799513478,0.854820133116,0.869600008216,0.89867369877,0.863443223233,0.874991326233,0.870955184465,0.883856101162,0.976445637612
2016-01-18,0.90924428264,0.887400213469,0.887206442742,0.866777866146,0.884657552132,0.906368340921,0.870062962933,0.879735542511,0.873317009644,0.881497514329,0.966218779203
2016-01-19,0.943492000116,0.91762852385,0.916541608621,0.897594772334,0.914588656263,0.942231134724,0.896764959807,0.909309475502,0.904012484708,0.909802933163,0.960850922612
2016-01-20,0.941720559858,0.903051192164,0.906515698941,0.885566712679,0.898169709623,0.928356133969,0.885998986278,0.895363224463,0.894160275781,0.894666869444,0.94666962414
2016-01-21,0.901858278793,0.860605325044,0.867514500525,0.844116936354,0.866009925094,0.89644859459,0.853155100742,0.86194951379,0.869849943394,0.877133878268,0.968189294105
2016-01-22,0.920487227086,0.869101364052,0.884528837499,0.86443104517,0.880877033726,0.905435807516,0.861114818359,0.869282108112,0.876145066002,0.882955595547,0.954616271051
2016-01-25,0.92776969141,0.879863710106,0.889649484981,0.871033393947,0.890135641557,0.910905937461,0.871310471384,0.879692474321,0.884707188784,0.887435863121,0.951907679785
2016-01-26,0.870763811039,0.814880597668,0.818322529146,0.80235174793,0.815883403774,0.84376481676,0.802580575575,0.807683301054,0.818199653485,0.839732177866,0.959227358148
2016-01-27,0.875863240213,0.815840152871,0.812456199865,0.794265527531,0.81054846893,0.832670031574,0.792136938643,0.794404377981,0.809856892535,0.839298506416,0.953114478871
2016-01-28,0.843285966356,0.784242567136,0.77879192928,0.766819159046,0.777286594736,0.795915765535,0.756704809621,0.769382536639,0.780730519652,0.82273289377,0.969753022276
2016-01-29,0.868703270925,0.814415034388,0.812843378259,0.801255526807,0.817873959773,0.830257325063,0.789114336852,0.794783713755,0.805996741111,0.843476005679,0.964973750372
2016-02-01,0.852563488318,0.799135985339,0.802809747909,0.780253380121,0.808894172316,0.81791295124,0.774160349399,0.784337104405,0.786886555862,0.833803378886,0.971836246591
2016-02-02,0.880916712792,0.828502002993,0.830137206537,0.80513442888,0.833100431308,0.841478530127,0.794401103399,0.804841593596,0.80392671966,0.844564494231,0.952059010707
2016-02-03,0.875680293543,0.829534855308,0.827793268357,0.803973476274,0.828697097142,0.838958406366,0.795290679603,0.806484327898,0.800685971104,0.84081334279,0.953489729333
2016-02-04,0.894782654105,0.848308745259,0.843082474732,0.823324405252,0.84303086837,0.855891821752,0.808371389966,0.818954376289,0.808232482099,0.847520977902,0.940296526931
2016-02-05,0.890777260616,0.8441424779,0.831104826427,0.815014501725,0.830114104254,0.847730323529,0.802196133105,0.809135153336,0.802266035129,0.845679868509,0.942463008081
2016-02-15,0.899364244579,0.835499241382,0.835529019774,0.807817538314,0.832884290524,0.837217522961,0.796850822925,0.804004806678,0.796773617643,0.836276554269,0.922898310994
2016-02-16,0.93225419728,0.875380899745,0.866542474604,0.846990674378,0.86303328542,0.869292834807,0.828315780899,0.834600951181,0.82394558656,0.856925503097,0.911935484848
2016-02-17,0.944711794649,0.887033697853,0.880384685511,0.858499926874,0.881180925036,0.878228001805,0.838049995278,0.846045678076,0.8276891469,0.858442401975,0.901363679497
2016-02-18,0.948018459799,0.87936182852,0.880363721742,0.863218845274,0.877465762877,0.87993609589,0.832987978274,0.845135511161,0.82389526885,0.854413653737,0.893978559032
2016-02-19,0.947667610201,0.88186120557,0.881164463943,0.865868253713,0.87760960754,0.878793217171,0.83316904633,0.845315179029,0.8240051199,0.853753041135,0.89361820589
2016-02-22,0.966217977549,0.903825795211,0.908187035657,0.89133831211,0.906907101372,0.902158894009,0.852767999227,0.864820302005,0.845087049489,0.87537369787,0.898756054929
2016-02-23,0.958027306757,0.897296673354,0.898514383118,0.879576729832,0.895372118073,0.895819532936,0.845183026186,0.861414906496,0.840876017326,0.866477059879,0.897240569509
2016-02-24,0.965454382233,0.89613387926,0.904957569409,0.888090250387,0.905962204828,0.904051703668,0.851930759881,0.87665946954,0.844893889402,0.869768839364,0.893693392467
2016-02-25,0.89931435056,0.822172839467,0.828507189923,0.810251726173,0.834982124737,0.825185759795,0.789666941068,0.806063797896,0.78223518443,0.820300103372,0.904087857787
2016-02-26,0.918263567073,0.828241574456,0.835844342657,0.816110445395,0.843122073824,0.832255793111,0.797170735964,0.82003255785,0.795043266845,0.830016349607,0.895746750846
2016-02-29,0.908574454189,0.797578385427,0.801920282832,0.781873518874,0.800125735327,0.787037954101,0.762283618089,0.778557594167,0.759993334468,0.810080816811,0.883684014779
2016-03-01,0.930571128408,0.818078841198,0.821377209025,0.80763126688,0.823166970058,0.809281158141,0.778116511735,0.793235687843,0.779926200012,0.826059981202,0.879720957043
2016-03-02,0.977759918957,0.862655009465,0.86839225144,0.848436477362,0.863774845309,0.852759089308,0.825625917569,0.8369968722,0.819171699548,0.86207940023,0.873469998624
2016-03-03,0.979148181744,0.863819074454,0.874375323489,0.84985536197,0.865469799249,0.856348347679,0.828355208121,0.837792815759,0.817864451867,0.863059341475,0.873222699996
2016-03-04,0.997225059034,0.86462918267,0.863655667496,0.847346803724,0.866142766537,0.847502951175,0.815469181668,0.839279294099,0.813712206024,0.855020225911,0.848967618101
2016-03-07,0.996548884332,0.861536690957,0.868157260109,0.85999740391,0.879387013473,0.867028383906,0.833947953519,0.857327068353,0.828848592952,0.871580834448,0.865986643462
2016-03-08,0.988571755813,0.858106905528,0.865089336559,0.855051999138,0.883441549181,0.867192806619,0.83229770552,0.861824015215,0.831138383072,0.874844561614,0.876161432503
2016-03-09,0.969337561385,0.848771026098,0.856038767056,0.844046827138,0.865279197029,0.846745784697,0.818276294974,0.834088993313,0.811065896536,0.837682243939,0.855990253285
2016-03-10,0.941850818907,0.827935738251,0.835351805101,0.820883405493,0.845039560125,0.831506127678,0.806204408164,0.81950514752,0.798498644663,0.831523150337,0.873969191335
2016-03-11,0.942024254531,0.830089991976,0.834500625213,0.821816356526,0.841967161376,0.832612493628,0.806258822983,0.820274028607,0.801382035556,0.834336720656,0.876765447867
2016-03-14,0.963584208247,0.848220544745,0.854061956887,0.846335427142,0.869936247655,0.864047056736,0.834680035717,0.841849256966,0.820935383674,0.853876489185,0.877232490802
2016-03-15,0.961290591595,0.8421355313,0.850468206627,0.839214877694,0.867023431407,0.859995686876,0.835929058198,0.840050559712,0.823930505605,0.859347246136,0.884940962756
2016-03-16,0.955500017226,0.837707345826,0.853423524368,0.843017140911,0.863436886881,0.85694992118,0.831443079161,0.832912666753,0.817230580906,0.855919776272,0.886742076723
2016-03-17,0.96284356263,0.850929145183,0.870108835988,0.866898852484,0.888531803396,0.881303184419,0.858681453211,0.851730123492,0.837481221033,0.87224123329,0.896836178755
2016-03-18,0.997923179426,0.881529029574,0.894628743984,0.896894393155,0.922082774823,0.904631453649,0.876518653579,0.868831880897,0.847690132846,0.872331778801,0.864254530758
2016-03-21,1.02730941039,0.909570832999,0.925202792261,0.925806195138,0.947490525265,0.939559719064,0.908194325469,0.883658292853,0.862329078835,0.882686077175,0.849062916374
2016-03-22,1.00705038161,0.899668566801,0.920347782614,0.917451502942,0.937837601834,0.93683399925,0.902937334851,0.880255830906,0.859906621402,0.880217515067,0.863432309791
2016-03-23,1.00869348814,0.902995315129,0.931185073201,0.925941181465,0.952250707291,0.940432495472,0.906385448377,0.882996011726,0.862357513082,0.879401158853,0.861222742144
2016-03-24,0.981188313915,0.880476945766,0.909235334997,0.90914780317,0.931367760773,0.921261569797,0.889877191765,0.875441191636,0.850029584271,0.868218145829,0.873754821547
2016-03-25,0.973307626251,0.882220187362,0.915871161977,0.91883374838,0.938716882148,0.930112995666,0.897367037857,0.883403514442,0.855348047122,0.873058586783,0.885643935863
2016-03-28,0.965129006158,0.872756104914,0.903174352976,0.909762454512,0.930349073851,0.923025833229,0.892207889429,0.876741923703,0.853994678152,0.870168376994,0.890154052665
2016-03-29,0.950722771953,0.860545734214,0.889146695583,0.89395724858,0.913348618374,0.903179563337,0.875956064572,0.864524659982,0.841517273518,0.863940633571,0.897070375168
2016-03-30,0.98314285039,0.893378318492,0.921254798598,0.926351585326,0.941542577518,0.93149857106,0.901381477046,0.88884037353,0.864509644126,0.882704081711,0.885962842485
2016-03-31,0.986222201311,0.89310048924,0.922442509277,0.928014000177,0.948185498818,0.935089508477,0.901171744048,0.890367870174,0.862511742294,0.886199069807,0.886695764798
2016-04-01,0.991314017363,0.891657157992,0.915104450086,0.925663619696,0.946949504331,0.930682790176,0.901395004465,0.897234665851,0.862493781946,0.889149045735,0.8850694281
2016-04-05,1.00848846892,0.901717736501,0.938617163918,0.943527269579,0.968857577007,0.95761531269,0.927614916525,0.915074545919,0.880255303251,0.901940198263,0.882468121034
2016-04-06,1.01387144566,0.899530836834,0.937831974578,0.94038615463,0.973232048069,0.952658918955,0.924262204304,0.914115821728,0.876316963078,0.906194378285,0.881920135183
2016-04-07,0.988322153365,0.880820984094,0.915428915707,0.918129106937,0.956451911503,0.933131669472,0.908956415835,0.901681211501,0.865274104321,0.898055349753,0.896223281108
2016-04-08,0.979079734181,0.871848315819,0.905214137228,0.908331660602,0.948787472391,0.92352277516,0.899374949281,0.892750645055,0.860231024014,0.892703030424,0.899263025696
2016-04-11,0.998044837687,0.893903260547,0.927226369404,0.929318899773,0.977339508129,0.940120056352,0.917023895009,0.908118132261,0.871462016596,0.904048435771,0.893272775298
2016-04-12,0.992864460338,0.886167855257,0.924323065095,0.921293262281,0.976475064435,0.932220987104,0.914253386516,0.905669009927,0.867643578592,0.904424865804,0.898281273804
2016-04-13,1.01796785646,0.905157102586,0.942072773556,0.936018428426,0.99274058466,0.945618182561,0.928146575318,0.919551149487,0.880852626024,0.918717764829,0.889765110961
2016-04-14,1.01895075807,0.910376271436,0.94868492014,0.942682232559,0.995803752165,0.953984354676,0.935910380213,0.926918596299,0.886504605485,0.921790710916,0.891882100514
2016-04-15,1.01240780883,0.904525356227,0.939412205656,0.934123017441,0.990446515792,0.950749485264,0.93155529391,0.92668727809,0.881360529119,0.923271758714,0.899042102097
2016-04-18,0.997955515319,0.886499140163,0.915479600941,0.918976480382,0.974939529838,0.939172666731,0.91551081294,0.909006973762,0.868581515937,0.912105087195,0.901002459174
2016-04-19,0.996042618692,0.895917903009,0.919194957504,0.92175440418,0.985327148121,0.941842859477,0.918221978706,0.910095478536,0.871654716034,0.913617872996,0.904223886045
2016-04-20,0.966441765457,0.862770118327,0.884359364914,0.88359011443,0.954206738606,0.909587728682,0.897925955218,0.883455760963,0.849702067525,0.90110075591,0.918707614113
2016-04-21,0.961087693112,0.851547083013,0.869458182839,0.871145726591,0.946393075361,0.903187261169,0.891908467076,0.876243856943,0.842989971501,0.901594387226,0.924300516518
2016-04-22,0.951123906783,0.853629312898,0.877134001126,0.874454408079,0.952716320049,0.905519781796,0.89732814124,0.880992532962,0.849173160228,0.905675817071,0.938067141184
2016-04-25,0.951994883098,0.847389781672,0.87233713747,0.870214134355,0.948493744024,0.896762601338,0.893956965309,0.880761440349,0.845105617498,0.901042926309,0.932409536167
2016-04-26,0.956200156464,0.855765450785,0.882993005834,0.873321255453,0.957300396396,0.90463990001,0.901714030705,0.888048280695,0.849105162725,0.907381128275,0.934849621657
2016-04-27,0.953081812843,0.849316352843,0.88089084663,0.869783869951,0.949368415499,0.893933769445,0.893238717576,0.882493950251,0.849811133755,0.90380804883,0.934217092581
2016-04-28,0.95122966986,0.848565108171,0.880695587343,0.874841347879,0.945297298661,0.89200926649,0.888955058134,0.878665533308,0.846259877167,0.901463297011,0.933608933286
2016-04-29,0.943215748471,0.847325898902,0.881682222333,0.87659146798,0.944966683503,0.893175479563,0.888442230803,0.876815315968,0.84780293642,0.900041086367,0.940001477647
2016-05-03,0.967034986345,0.873576061794,0.903053148508,0.900884410457,0.972034792513,0.919250031969,0.91096911718,0.898476053727,0.8649467201,0.910464053917,0.927149141187
2016-05-04,0.974370039719,0.872645200428,0.902629259781,0.901085962684,0.966323065791,0.915877246672,0.908279133002,0.901828787731,0.864685994375,0.911203488742,0.92086961143
2016-05-05,0.981577485056,0.874284694727,0.907904458688,0.908506055706,0.972716965295,0.916211900317,0.909629535163,0.903635883496,0.868322414219,0.911046036434,0.913898787841
2016-05-06,0.95074022589,0.843051420089,0.870370527426,0.878200530173,0.937353618989,0.883656242043,0.880692860317,0.876485684803,0.842989408386,0.890904596929,0.922405343376
2016-05-09,0.91222132742,0.807385341362,0.847550782611,0.850706008748,0.904041737384,0.857534884821,0.854337657381,0.85320198589,0.82424194901,0.878181343603,0.946603140127
2016-05-10,0.910486662489,0.813267811152,0.845730618616,0.849565718881,0.9082670712,0.85870624107,0.859497717099,0.853376950021,0.827733808008,0.878747257376,0.949013190788
2016-05-11,0.918911697367,0.822100134979,0.84692395843,0.840865564022,0.913997177865,0.862157236389,0.86283619875,0.857371352818,0.836233934611,0.886580835488,0.948691619805
2016-05-12,0.91858136348,0.824271197188,0.847224406351,0.840298572913,0.911677616675,0.864950428704,0.862722213617,0.860308218406,0.837772677709,0.889292463311,0.951934254174
2016-05-13,0.910574808761,0.816253392819,0.843847049841,0.836583114103,0.907295149639,0.86139327838,0.857407232644,0.858261008374,0.833037205224,0.886205293836,0.956926890137
2016-05-16,0.922065625276,0.829694810295,0.852097163411,0.845619353394,0.921199204069,0.870430443686,0.863481699915,0.864493127804,0.836800569353,0.890054453806,0.949007476231
2016-05-17,0.91990028011,0.82923133939,0.851976160551,0.84698559978,0.918382830646,0.864882854165,0.865290400855,0.862635648026,0.832919602936,0.884891150787,0.945730794718
2016-05-18,0.900427028171,0.812725280296,0.836270904041,0.832128681644,0.90202333611,0.851419333105,0.855877698994,0.851784596311,0.826482667454,0.884333978437,0.965155369457
2016-05-19,0.895107982193,0.812286651724,0.838091431958,0.828395126444,0.905815671448,0.850488423468,0.855965015412,0.850610960579,0.830349368828,0.884426609459,0.970957878607
2016-05-20,0.904227566811,0.820459060547,0.847441452544,0.835233543059,0.910401935263,0.855386327158,0.861778577162,0.854843767225,0.833492495184,0.887228109219,0.964141111454
2016-05-23,0.907488821735,0.827039481915,0.854346596983,0.8406686146,0.919559708174,0.861746883332,0.867075513135,0.859827852839,0.83725572169,0.891357048674,0.965150641331
2016-05-24,0.900229202398,0.816048784864,0.846408125391,0.836186950057,0.909660388197,0.854579332218,0.857816168725,0.851710755851,0.82900660224,0.886556980327,0.967674080717
2016-05-25,0.887195424207,0.809965697342,0.839449134576,0.830458968206,0.912066824018,0.855217534634,0.855051631852,0.851429624712,0.828386718835,0.888233257565,0.98351399651
2016-05-26,0.892267205221,0.815617418128,0.842530825459,0.833310055712,0.912406843898,0.855301968464,0.855847733238,0.853013815754,0.828826425273,0.888903370085,0.978633591899
2016-05-27,0.888495308535,0.816071464455,0.837210760093,0.833484020138,0.911560132663,0.855690342663,0.859037881832,0.852910612039,0.828786974324,0.889082476449,0.982967772945
2016-05-30,0.88332220701,0.808595475456,0.834810791894,0.830439818929,0.905435626547,0.851684369629,0.858488916294,0.85322638613,0.830729138985,0.894323094708,0.994484939986
2016-05-31,0.909987358494,0.844700359563,0.884083042707,0.866633188533,0.94265599525,0.887619979398,0.891586319004,0.885806864649,0.859852964258,0.920727458223,0.993825663924
2016-06-01,0.911592452289,0.848274504573,0.88723812507,0.868651441062,0.940753003023,0.884709800587,0.889161632689,0.886550077632,0.859075767626,0.917371948959,0.988450781605
2016-06-02,0.919388065712,0.853138226083,0.891800584487,0.875781104851,0.945956038005,0.890797378323,0.889208088319,0.888953737339,0.859705504961,0.917108436105,0.979713973096
2016-06-03,0.919580103099,0.856374032988,0.90058888085,0.881476356616,0.948472155744,0.895271381765,0.90087478354,0.895428914904,0.86533327853,0.924118572552,0.986998011881
2016-06-06,0.91880176832,0.855191851674,0.898500553242,0.88171843416,0.946747106943,0.894048836028,0.899956835696,0.895920600959,0.863682827184,0.921177918798,0.984692665828
2016-06-07,0.914072103617,0.855002613786,0.897923151156,0.881875965405,0.944181345214,0.894566761838,0.89963259067,0.895952976715,0.863249817054,0.919956186825,0.988455543666
2016-06-08,0.902575545436,0.849472448215,0.896184879015,0.881283352718,0.940769019271,0.894722196131,0.893779093665,0.892702730784,0.860237013059,0.917628045507,0.998386151364
2016-06-13,0.862160343303,0.814410980652,0.852464922756,0.838053266068,0.909391868266,0.862690059335,0.860239675199,0.85662393693,0.833581103424,0.895105409575,1.01858673052
2016-06-14,0.861777357044,0.813813030295,0.855366480998,0.840608898425,0.910937061103,0.86395787378,0.86309717842,0.858100514144,0.832993422184,0.898545281466,1.02295361213
2016-06-15,0.879132618528,0.832151655117,0.874965053112,0.867111430838,0.931926239036,0.879828619554,0.879866631187,0.871610621837,0.846115113766,0.907682117623,1.01275431493
2016-06-16,0.875075131668,0.821140009697,0.869997085943,0.860500579076,0.92453738031,0.871287825607,0.874577994277,0.865994511176,0.838674797147,0.903544294503,1.01281169739
2016-06-17,0.87078359526,0.829379399322,0.880996555616,0.866594801575,0.937533409546,0.879963056444,0.879002401361,0.874285925544,0.845310459853,0.907660320794,1.02239250586
2016-06-20,0.865839418258,0.827706692282,0.880696702361,0.869027369259,0.938342266106,0.881489129295,0.879128064166,0.873258906667,0.843349271907,0.908508984109,1.02915343326
2016-06-21,0.859884957944,0.819236467587,0.876183826356,0.866728904063,0.934960772709,0.87980407734,0.875632860577,0.869114903148,0.841265129689,0.906738223157,1.03422511244
2016-06-22,0.871530642984,0.837961846419,0.891935893041,0.8813179236,0.944351727794,0.889329023931,0.884777527676,0.878504278516,0.847165129737,0.911414394127,1.02555192336
2016-06-23,0.867741404654,0.832443073911,0.888232923728,0.877581275823,0.940785438461,0.883732760721,0.881325997237,0.873056826933,0.844880050973,0.907567082444,1.02568169976
2016-06-24,0.857750264355,0.82128502122,0.880459594304,0.862895580397,0.927628794534,0.872123334917,0.866766346426,0.860973430859,0.833491369085,0.898879855182,1.02767353864
2016-06-27,0.874633801915,0.844186997085,0.900190588627,0.888739198856,0.945961227227,0.890242361283,0.88173109921,0.872368062174,0.841618720505,0.904199811157,1.01352752644
2016-06-28,0.878421877697,0.850039013916,0.912656953741,0.900259347135,0.955665163,0.897317378267,0.893955142722,0.874410423789,0.843254712582,0.904962726399,1.00999305619
2016-06-29,0.884573593325,0.854707971974,0.917834270607,0.901703759173,0.957067842046,0.902152459039,0.89728763035,0.876804731062,0.844321997963,0.909372826444,1.00784186654
2016-06-30,0.88102122335,0.855426903417,0.916626568025,0.899995705001,0.954134171683,0.905262477409,0.901564056789,0.878148586732,0.844933381779,0.913952056772,1.0169643513
2016-07-01,0.875877189872,0.853457597102,0.915285562063,0.898511423821,0.953891503858,0.90282986032,0.902020133548,0.879124491115,0.844612954707,0.915212019711,1.02430409262
2016-07-04,0.906600453189,0.876378863143,0.938795847434,0.920785214227,0.972391193122,0.919244711056,0.921505403717,0.895767763046,0.861488708833,0.932140404491,1.0073206647
2016-07-05,0.917378716489,0.878503687933,0.945899542599,0.925638460286,0.9794928535,0.924586015523,0.931077001968,0.898057024385,0.868904867686,0.931697969523,0.994866854355
2016-07-06,0.927120329955,0.881078090083,0.957318676824,0.923672717028,0.986508335311,0.923672900445,0.931981047822,0.901182200689,0.875173068487,0.933989411682,0.986749198335
2016-07-07,0.928697263879,0.87985993178,0.955176047798,0.923531720701,0.987531114861,0.923323675853,0.93079960193,0.901755165522,0.873830817863,0.934661836989,0.985781251687
2016-07-08,0.924664494932,0.874516529793,0.950665683721,0.923047337527,0.985779952493,0.919278455464,0.924855851836,0.898788267238,0.871149418996,0.929720633724,0.984850449514
2016-07-11,0.935561133466,0.878649427427,0.943896949177,0.928178785657,0.985927963559,0.921231727729,0.926938443889,0.904383859654,0.877281321953,0.932017167893,0.975677266348
2016-07-12,0.958371912571,0.904542344284,0.970649434918,0.949704986703,1.016447549,0.942581534894,0.946508510983,0.92803314661,0.895633979429,0.950112538561,0.970831422333
2016-07-13,0.963169631639,0.90941660691,0.979895839071,0.956623684215,1.02482577508,0.950160332637,0.950030732654,0.935050267606,0.900227167021,0.960030602394,0.976105674289
2016-07-14,0.956998047536,0.907743499467,0.97947421172,0.954138108391,1.02500181393,0.949217994163,0.951537383267,0.935823340888,0.898097632736,0.95918353278,0.981498893858
2016-07-15,0.951029712622,0.904554332389,0.971964958371,0.957428901358,1.02458240819,0.949495498527,0.952707732647,0.937481095598,0.901811857425,0.960879173256,0.9893551182
2016-07-18,0.946604362524,0.897769452663,0.968640037587,0.952393048696,1.01473218732,0.94563664339,0.941851018549,0.938867713818,0.891368161651,0.956248652536,0.989191057225
2016-07-19,0.943267551228,0.890783713012,0.969725850178,0.95394755558,1.01369153575,0.939934179829,0.946196828991,0.940245580553,0.891560443472,0.956349016147,0.992781809109
2016-07-20,0.938386850535,0.885044264605,0.966503903492,0.948902756864,1.01277462624,0.937389723396,0.947143176993,0.939492888204,0.888912347013,0.953816311011,0.995289518544
2016-07-21,0.941029065207,0.893898102187,0.968325226008,0.9553379418,1.0138979951,0.940639278692,0.952123461337,0.94373817106,0.893260233573,0.955602560624,0.994351001234
2016-07-22,0.939530479909,0.886701801784,0.955761283907,0.947374814895,1.00253007572,0.933322743638,0.943207124999,0.935484061225,0.885881455198,0.948502254494,0.988546287211
2016-07-25,0.944980784317,0.886233693836,0.955220213478,0.95001737527,1.00530766771,0.93526289497,0.945132177964,0.935367711006,0.890814446193,0.950793330881,0.985199438956
2016-07-26,0.951293437795,0.89613747679,0.972455326757,0.962792988581,1.0196100723,0.950798563086,0.956745869274,0.950137261767,0.900660996265,0.961729726389,0.9899502651
2016-07-27,0.936887509063,0.866610946324,0.948535020415,0.933736918613,1.00243271139,0.926076345944,0.922912155126,0.927741097234,0.876865144368,0.938577140499,0.981109629834
2016-07-28,0.937091462547,0.87552879881,0.953325640191,0.9299296231,1.00187261179,0.926064969353,0.928166498847,0.933526866556,0.881622518827,0.945391399224,0.98801910267
2016-07-29,0.929186286412,0.865553699107,0.946340782457,0.925857320932,0.991006192111,0.922686517392,0.922109211356,0.929699655906,0.877737060772,0.942211482033,0.993030597777
2016-08-01,0.918148467049,0.856399099794,0.934612433382,0.914250004846,0.978100778813,0.907603051191,0.910392741959,0.919323035173,0.868989553675,0.93602770472,0.998309519269
2016-08-02,0.921032409376,0.861222974837,0.939222373046,0.922822914299,0.986205312981,0.916281541152,0.920526274187,0.92726431547,0.874600830083,0.942346064932,1.00191256174
2016-08-03,0.921335864337,0.859493005129,0.942939727605,0.928559186967,0.996416425069,0.91769372683,0.923989258674,0.928741373062,0.876599200882,0.940511772156,0.999632219004
2016-08-04,0.918664885751,0.865359091757,0.944416471049,0.933403639716,0.99768330779,0.919065416438,0.928152482639,0.933401537808,0.878258434156,0.939248350189,1.00118734042
2016-08-05,0.918551841505,0.863054581846,0.942533691344,0.936045962113,0.993329129626,0.917518815609,0.924488211168,0.928681951608,0.87660657144,0.939714206812,1.00180711695
2016-08-08,0.928861435343,0.87448715407,0.952268105082,0.951171633309,1.00634009463,0.928081893891,0.939719890986,0.94163620041,0.886904538098,0.948684432927,1.00012603308
2016-08-09,0.936686701174,0.884411311372,0.963770475703,0.95642848426,1.01077432902,0.934286945422,0.9454159571,0.948561632009,0.890966918494,0.95208877108,0.995289328545
2016-08-10,0.934809951877,0.875861692574,0.956260395845,0.953501019206,1.00517500797,0.933127589821,0.943539798856,0.94273356666,0.888449216206,0.949794032798,0.994884633407
2016-08-11,0.92047455061,0.864744703924,0.946749456827,0.944534061285,0.992484211534,0.923742437824,0.937321537326,0.935230772671,0.886013816457,0.949680814379,1.01002269238
2016-08-12,0.92837938135,0.877697736765,0.962509097308,0.96038861924,1.0097689435,0.939307164333,0.958712663533,0.95564379624,0.901862780654,0.965469887809,1.01814113929
2016-08-15,0.958698498519,0.913346718448,1.00299464924,0.98618600511,1.04098998621,0.969684940128,0.979812913576,0.983987361299,0.923139544919,0.985737765079,1.00626416483
2016-08-16,0.965046818852,0.915341432471,1.00253597031,0.987138800819,1.03912361717,0.966990119103,0.983709378376,0.98060941831,0.922975349384,0.971391859558,0.984956237765
2016-08-17,0.954849552761,0.913919830975,1.00563137842,0.992935045433,1.03518730516,0.967165798975,0.984679102073,0.985306464511,0.92479641403,0.971606672573,0.995581691405
2016-08-18,0.950480413838,0.916657001919,1.00549145502,0.995376158419,1.03560326367,0.96987619514,0.979892047365,0.981927589609,0.924188977335,0.971503017597,1.00003099709
2016-08-19,0.94522816071,0.913072340785,1.00731428151,0.996978500856,1.03246560711,0.967780893429,0.984555981173,0.981996369445,0.92450466166,0.981720153996,1.01607422188
2016-08-22,0.933981504371,0.896106801138,0.998953962434,0.980243364827,1.0160142138,0.960427585483,0.974597725168,0.975302181145,0.919266899704,0.977664899334,1.02396666629
2016-08-23,0.929635531606,0.895283418192,0.996902935709,0.981675752528,1.01719428639,0.964156183611,0.976838247775,0.97778389743,0.921051369262,0.980568074482,1.03177202333
2016-08-24,0.922588798196,0.889930246705,0.995406384535,0.978231627892,1.01790097738,0.963763735355,0.977657428691,0.975331334935,0.921794271203,0.980156269427,1.03915965294
2016-08-25,0.907605445063,0.884552450723,0.988000021189,0.962628186667,1.01119034618,0.959164637742,0.968824330589,0.970196572622,0.916833107042,0.975576439666,1.05118065527
2016-08-26,0.906617268428,0.88555996827,0.990851494235,0.962190361711,1.01031441218,0.957794089238,0.970230137541,0.973002041049,0.918471390451,0.977514768537,1.05441369625
2016-08-29,0.910207850133,0.892094449363,0.994591254634,0.963565949546,1.01099340562,0.958622975906,0.967691885258,0.973551423876,0.919043245197,0.978717989134,1.05153565449
2016-08-30,0.909522181259,0.891126345561,0.991482167875,0.963776189992,1.01010583127,0.959291195501,0.969478424471,0.975381358727,0.920123497602,0.980412489305,1.05414835984
2016-08-31,0.913135575436,0.898547044975,0.995176010026,0.966168578737,1.01358257264,0.960018502344,0.97133513369,0.973941431096,0.92097794632,0.982533189712,1.05224058393
2016-09-01,0.906200248364,0.889331917323,0.981324020241,0.95612251756,1.00400128841,0.950931752304,0.962256842019,0.969855771239,0.915804389328,0.977061418198,1.05437244792
2016-09-02,0.91016985808,0.89298585157,0.983714580771,0.958474011832,1.00434057011,0.951337572936,0.962430758693,0.973308751211,0.917781360166,0.978009941119,1.05077734577
2016-09-05,0.910990592939,0.889934158651,0.981547706275,0.95717313221,1.00989829501,0.954618243563,0.965965666508,0.976942098522,0.923044244471,0.984206728059,1.05648766962
2016-09-06,0.920298712214,0.898955674114,0.993463693836,0.966475114498,1.0201416254,0.964137911423,0.975086505679,0.985234257857,0.930167592114,0.995146356906,1.0574359664
2016-09-07,0.921785170728,0.893369681765,0.988787754699,0.963845290709,1.02154036886,0.964925652552,0.977071437306,0.981787651871,0.929523449996,0.995053829058,1.0556296855
2016-09-08,0.919138748705,0.891866165543,0.990051388452,0.966380948203,1.02057178317,0.966188851509,0.975557651049,0.982211132426,0.931011001181,0.996223122357,1.05990084808
2016-09-09,0.911397004283,0.880926574372,0.979275341821,0.96223313084,1.01211311527,0.957787007243,0.966725889232,0.976185330329,0.925812913666,0.989486239651,1.06166070851
2016-09-12,0.898777521507,0.860234370042,0.952432481186,0.938480195343,0.992074031663,0.934754421266,0.948754556246,0.951908871385,0.907952104439,0.972910573541,1.05857607099
2016-09-13,0.892792211104,0.853765667968,0.955917750444,0.940537247283,0.99338284182,0.937142225328,0.952270161987,0.952091852049,0.908335475627,0.9759178039,1.06889756154
2016-09-14,0.886268527704,0.850435302911,0.950080965248,0.933783428036,0.987995672465,0.932959288938,0.948067693696,0.946604834654,0.902095245873,0.97100971661,1.07133235551
2016-09-19,0.890438382513,0.857673811081,0.958739946551,0.944691257293,0.99739026383,0.941605338523,0.956081301421,0.953959930881,0.908552762497,0.977522423549,1.07347736929
2016-09-20,0.892024107887,0.857417318879,0.955880123161,0.942997394385,0.998375554626,0.938632577729,0.955402839149,0.951000044317,0.906623127908,0.975534130531,1.06938221477
2016-09-21,0.892298988637,0.862343161989,0.957031038411,0.944783368754,1.00193758443,0.941053790048,0.958223595084,0.953455456338,0.908504982185,0.979476252858,1.07337404179
2016-09-22,0.900320537989,0.871105333942,0.959677160251,0.950088206962,1.00584638032,0.944958142181,0.961677266257,0.957094985138,0.912800075312,0.982729388049,1.06728967005
2016-09-23,0.890379904801,0.865535121136,0.954825644906,0.94893141046,1.00305935831,0.941503034505,0.959513540641,0.952670783781,0.910032127956,0.979465211858,1.07552879877
2016-09-26,0.870669487529,0.841716586899,0.933733773073,0.928269744226,0.985717895155,0.923592698398,0.943888932831,0.936413449959,0.892226248246,0.965690116208,1.08421174936
2016-09-27,0.878032656185,0.848921755344,0.94386040535,0.937944821368,0.993678369299,0.930877893946,0.949907858847,0.941655637892,0.896893878052,0.969605169318,1.07943823186
2016-09-28,0.873924186422,0.845837366878,0.940800451225,0.935415112729,0.987833334644,0.929319466996,0.947326668612,0.93814825855,0.893750985949,0.968857528452,1.08365678317
2016-09-29,0.877535953965,0.848438573698,0.944233202365,0.938468683296,0.989849163175,0.934237349683,0.949709559174,0.941540236403,0.897317258496,0.975665962536,1.08679339017
2016-09-30,0.880480073958,0.849310012877,0.949179942574,0.942216178756,0.993992798276,0.937058614829,0.952504276069,0.943399524862,0.90041347475,0.976187271531,1.08372790021
2016-10-10,0.889625491477,0.862490024383,0.961004481857,0.965821922654,1.00640565268,0.951847722924,0.970592616816,0.958333014746,0.913645438935,0.987490284314,1.08501957442
2016-10-11,0.89204195082,0.870101586727,0.966367557334,0.969324531198,1.01482287469,0.955093668713,0.971509962916,0.959328772167,0.92032765771,0.990950405573,1.08587423228
2016-10-12,0.888480376323,0.871166608193,0.963105022068,0.971526928682,1.01443664053,0.952194560208,0.967581608153,0.957881572373,0.918389584615,0.987809604839,1.08676804302
2016-10-13,0.889601767182,0.865546318099,0.967438971609,0.973375750249,1.01591210239,0.954584890482,0.9731479833,0.958259291789,0.923810841766,0.99192450922,1.08992351856
2016-10-14,0.893531286377,0.862166185063,0.969536719178,0.973769184953,1.01375025714,0.955629971644,0.972697282835,0.959823206288,0.924681629807,0.994533534196,1.08797593322
2016-10-17,0.885194289314,0.856772644721,0.961870933297,0.96172880799,1.00369404331,0.947907079668,0.961763654543,0.950592026143,0.916103076637,0.988563132346,1.09159581808
2016-10-18,0.898917496367,0.872231425682,0.97914797601,0.979105075742,1.01802283624,0.96244822271,0.976529700406,0.964558813954,0.928291246225,1.00173769085,1.08922043158
2016-10-19,0.902394067943,0.867171954245,0.978133085053,0.976308788256,1.01556004958,0.959851359202,0.976295456559,0.965016695586,0.927227365349,1.00054076927,1.08370641175
2016-10-20,0.901460385207,0.87055605446,0.979703361575,0.976619727044,1.01091553867,0.960573430764,0.977364585396,0.965461301318,0.930449474754,1.00195564568,1.08636017538
2016-10-21,0.902707570289,0.862664256784,0.984575670382,0.974249659158,1.00915465973,0.961513028691,0.980175502114,0.969374997431,0.932763511769,1.00517967819,1.08835280276
2016-10-24,0.909812112455,0.870437427478,0.994886326176,0.98418065284,1.02788840644,0.972757718826,0.998481279596,0.986214756925,0.945697085416,1.01739125091,1.09300919819
2016-10-25,0.918023423543,0.872120993149,0.995676455741,0.980653635996,1.02956184699,0.969996255609,0.995108706596,0.984778052207,0.944948093511,1.01985212447,1.08578826052
2016-10-26,0.912086777991,0.870005525637,0.991373047203,0.97618583808,1.02358351865,0.964321015216,0.991757013157,0.979427758855,0.940112519024,1.01441131657,1.08701723203
2016-10-27,0.909050650523,0.863098516394,0.99032117831,0.973796779491,1.02281818193,0.963097050709,0.990169702168,0.978416994482,0.940449063728,1.01234193857,1.08841817026
2016-10-28,0.900945397538,0.85463044708,0.986587921957,0.968398071614,1.01830632439,0.960019583286,0.983907946705,0.974041720017,0.935966188086,1.01154114189,1.09726171955
2016-10-31,0.901011278833,0.852518515596,0.987344789793,0.965428382699,1.02179251256,0.956595026762,0.98233471689,0.973812337186,0.933781796129,1.00643949621,1.09164751055
2016-11-01,0.90509593244,0.858932659282,0.992572757505,0.973786724723,1.02902656839,0.960397777749,0.991641941478,0.980001400894,0.938067996351,1.01341912127,1.09426916458
2016-11-02,0.898000942036,0.854015233364,0.983984601342,0.963634263081,1.02142800969,0.949038880922,0.984569080321,0.97329029883,0.933017792067,1.00843480116,1.09746510558
2016-11-03,0.904242078125,0.864921105651,0.994038520744,0.973112519811,1.03022341607,0.960316959498,0.99591765335,0.983411116598,0.938635561255,1.01384227401,1.095722562
2016-11-04,0.902939792136,0.858710721431,0.989805122619,0.96930227881,1.02563582961,0.957199439921,0.990396884754,0.979601814752,0.935069971652,1.01013854141,1.0932977627
2016-11-07,0.903118051284,0.859308372949,0.988727668905,0.970486684602,1.02728467021,0.95939372079,0.992852317083,0.983803766053,0.935835268026,1.01033986769,1.09329982329
2016-11-08,0.904429759182,0.861444575411,0.991206045443,0.978930055356,1.03459377999,0.965542809899,0.997762543863,0.989033615073,0.942633932707,1.01545599674,1.09724811055
2016-11-09,0.909611160276,0.853974837349,0.982505142522,0.968678621757,1.02938627021,0.957599401593,0.991548910446,0.978277510059,0.93152622648,1.00644290429,1.08122299794
2016-11-10,0.916986889281,0.865526074873,0.993298796077,0.984812788699,1.04979207784,0.972204834039,1.00452322103,0.989148266279,0.943068886858,1.01770527221,1.08455490399
2016-11-11,0.926905012158,0.870768142528,0.998652730306,0.995863982,1.06781382531,0.981642883915,1.02024389199,0.998504808659,0.961013250819,1.02282712305,1.07828265477
2016-11-14,0.933634054098,0.874424019554,1.00232700769,1.0064108754,1.08170150943,0.991543231184,1.02785721417,1.00071644856,0.962019511515,1.02561833902,1.07339720808
2016-11-15,0.92660847108,0.870645824271,0.999654652848,1.00606840889,1.0792121203,0.990878948779,1.03092476861,1.00659500137,0.966665178756,1.02742076892,1.08336090372
2016-11-16,0.923878453331,0.868051788161,1.00057411089,1.00715866951,1.08138508334,0.989393218762,1.03226927001,1.00795255775,0.967007271142,1.02987325557,1.08913877046
2016-11-17,0.926659693682,0.874790136444,1.00065829424,1.00993252919,1.08764546438,0.992563369346,1.03342624754,1.00673066776,0.963235344891,1.02806436437,1.08394704465
2016-11-18,0.919864592473,0.862340061825,0.990393859834,0.998543456617,1.07332669502,0.985000797896,1.0268664683,1.0025548892,0.959084286111,1.02578545529,1.08949273385
2016-11-21,0.927180890058,0.867797377988,0.994391198291,1.00216211801,1.08062431953,0.99024478622,1.02917511672,1.00719843528,0.96508593828,1.03327189422,1.08877866092
2016-11-22,0.933744568619,0.881076071282,1.00342658473,1.01269984775,1.0891949398,0.997399884262,1.03672112831,1.01404464382,0.971210472409,1.04340102289,1.09174426257
2016-11-23,0.931439599448,0.876388494672,0.994403703246,1.00595132161,1.08102842363,0.994566701757,1.03728797191,1.01395587153,0.974259070573,1.04969321917,1.10102298611
2016-11-24,0.937968372372,0.87994130682,0.998304118593,1.01078340612,1.08137544241,0.997062699252,1.03704206816,1.01772259188,0.976455816483,1.04998121542,1.09360762549
2016-11-25,0.945711155615,0.886548382192,1.00741653969,1.01597457223,1.09262957228,1.00239335925,1.04765743812,1.02515487112,0.985004237307,1.05708843275,1.0919825845
2016-11-28,0.951494994694,0.893186721665,1.01830199026,1.01873599582,1.09556603598,1.01042709045,1.05505723237,1.02546957774,0.987061489018,1.05998170016,1.08829294276
2016-11-29,0.949731691124,0.891166870886,1.02067063753,1.02661174936,1.10747557687,1.01180309383,1.05754537277,1.03061315122,0.98758477601,1.07003155326,1.10062803574
2016-11-30,0.944210761691,0.879868272064,1.00481210969,1.01508121158,1.09424782499,1.00471226769,1.05141229125,1.02732659732,0.986093294235,1.06915616804,1.10612573174
2016-12-01,0.945045861793,0.884294918336,1.01673420468,1.03167210317,1.10508625923,1.01375542066,1.06643453598,1.0379529695,0.993849122381,1.07158868114,1.10766405234
2016-12-02,0.934436456327,0.869095708728,0.99830067461,1.01971751273,1.09337369656,1.00022016505,1.04996538084,1.0275567969,0.991272586977,1.06308085891,1.11130482403
2016-12-05,0.899608928543,0.847820781487,0.976173720913,1.00695738715,1.07023048075,0.994747967533,1.04549278615,1.02590204655,0.989816346837,1.06010562143,1.14961423892
2016-12-06,0.891906534286,0.84196482356,0.965344729499,1.0022235626,1.06627696967,0.992479229611,1.04261770876,1.02059120286,0.988349616357,1.05984619501,1.15917583195
2016-12-07,0.898998626185,0.851794015749,0.978566549409,1.01212312491,1.07649778518,1.00335224287,1.05054104126,1.02374480854,0.992566765765,1.06159478465,1.151870988
2016-12-08,0.892488248758,0.84271493698,0.967485644953,1.00878583287,1.0699332497,0.997790685149,1.0475277885,1.02075361295,0.990404356517,1.0611836309,1.15976650151
2016-12-09,0.897226263696,0.853553953499,0.970281884245,1.01273951896,1.07253371,0.998481414379,1.05171525894,1.01777292364,0.986650890508,1.05823388707,1.15038579578
2016-12-12,0.870923594107,0.82472123388,0.94188544855,0.973426922858,1.03576449126,0.967162133214,1.02084488171,0.988764541254,0.952465365169,1.01698616569,1.13927036485
2016-12-13,0.874903121495,0.828068652122,0.94557415137,0.977920993357,1.03779379676,0.968649844482,1.02895102603,0.992598053159,0.955172162839,1.01676279384,1.13381444509
2016-12-14,0.865764401787,0.818392658519,0.936782109985,0.967660803144,1.02638322242,0.960379202404,1.02035220825,0.985604202555,0.952822874441,1.01241410011,1.14080827555
2016-12-15,0.861148749844,0.818028068363,0.93601026768,0.969597999122,1.0214840183,0.958032333715,1.01874119894,0.979944185392,0.946063722454,1.00698402064,1.14077154842
2016-12-16,0.861523642328,0.824213095599,0.938169119993,0.974523226487,1.02755555672,0.960749820818,1.02224558956,0.983455206121,0.950992876654,1.00832750546,1.14179690467
2016-12-19,0.858031569363,0.821969810923,0.934944209314,0.969656514826,1.01957754315,0.957675861023,1.02394767023,0.980527578043,0.948876319056,1.00349083219,1.14094813875
2016-12-20,0.848472532649,0.81774957909,0.932405393933,0.965238604643,1.01448938374,0.952904172046,1.01949925865,0.976164489773,0.944524181501,0.997259958067,1.14657467849
2016-12-21,0.855334599297,0.825666213072,0.946715257644,0.980597979425,1.02392031232,0.964092867106,1.0320216913,0.986146579755,0.954357610325,1.00574530109,1.14705750569
2016-12-22,0.855906162823,0.826164839578,0.947251489129,0.980610305947,1.02375735677,0.960649849098,1.03284641267,0.98621629155,0.94958852971,1.00360320301,1.14384792956
2016-12-23,0.84963235277,0.814225940021,0.938474408341,0.97597765982,1.0174506998,0.947180494461,1.02179642347,0.975527224629,0.941963968661,0.996204729674,1.14380001382
2016-12-26,0.855240086898,0.814437521276,0.944398055403,0.976007937762,1.02061366778,0.9508032969,1.02713830118,0.978487918243,0.945227185443,1.00054632964,1.14123555844
2016-12-27,0.851327435859,0.812153729867,0.942322441772,0.973454215023,1.01798289115,0.94958508302,1.02525657522,0.97418381579,0.945479854489,0.997733779247,1.14324858469
2016-12-28,0.848348067045,0.80856583428,0.935264803221,0.967316760446,1.01037402331,0.943518202066,1.02126839393,0.971739390343,0.943441024257,0.996084005285,1.14535919669
2016-12-29,0.842486758559,0.808719080451,0.937467134732,0.968881597531,1.00618361064,0.943631163013,1.02363919323,0.970346160318,0.942279302881,0.994604109459,1.15157090412
2016-12-30,0.841093191875,0.808188281079,0.938627120543,0.966854727364,1.01046113004,0.945085114389,1.02578924063,0.974445684688,0.945455742261,1.0015029195,1.16146329928
2017-01-03,0.848517127402,0.815494656834,0.945109805652,0.974798943531,1.01838523079,0.954640822819,1.03308588242,0.986211001416,0.957117743014,1.01100638295,1.16223296671
2017-01-04,0.856705014543,0.823083677897,0.951947522296,0.982238990275,1.02708471214,0.965086931204,1.04020641866,0.996629898723,0.97029644414,1.01761972759,1.15862040416
2017-01-05,0.856994122548,0.819964999102,0.952968483371,0.979085131105,1.02876119057,0.967101685616,1.04494432929,0.994837191183,0.971170486039,1.01985082998,1.16076965264
2017-01-06,0.852189812033,0.817210406991,0.948181236479,0.974843227406,1.02069185593,0.96425424727,1.03843328147,0.986866292935,0.966006687343,1.01141595875,1.15767656201
2017-01-09,0.855875150512,0.826312425391,0.959364263413,0.979482401609,1.02287921571,0.969496705616,1.04098489129,0.995901745556,0.971003743263,1.0155611723,1.15741478225
2017-01-10,0.850499975707,0.821077182826,0.951601286003,0.979496252164,1.02386304457,0.968829699895,1.0404962156,0.994414719135,0.970350952088,1.01692381395,1.16623669966
2017-01-11,0.840866244176,0.813012766292,0.941549827274,0.965100500498,1.01521105133,0.959862264817,1.03589704389,0.988542780764,0.964722389323,1.01131621231,1.17301587043
2017-01-12,0.835574523559,0.806206179156,0.933654618217,0.955795276212,1.00331617133,0.95061368391,1.02901601294,0.980999702763,0.958983247842,1.00671843146,1.17506494621
2017-01-13,0.833325661396,0.797793156335,0.926344199494,0.9500933988,0.998968622792,0.945077006487,1.02147125657,0.977460069684,0.957494089693,1.00580952146,1.17716661094
2017-01-16,0.841161318305,0.804141097889,0.925297687111,0.950887975978,0.986392135871,0.938209805507,0.999803556715,0.958633052222,0.93423971759,0.98924207369,1.14670786089
2017-01-17,0.837985071136,0.804824985782,0.920388576459,0.9529835562,0.996448533322,0.945269601235,1.00746176901,0.969088910174,0.941629368579,0.994100434437,1.15666956574
2017-01-18,0.836460560894,0.802792754051,0.915937125108,0.950664729857,0.995069297224,0.948254465358,1.01287117433,0.977381232689,0.94478146872,0.997742744091,1.16301179579
2017-01-19,0.835393215069,0.798571695179,0.911303920299,0.948352931139,0.992294119568,0.948338994498,1.00915812588,0.977106054141,0.940827981093,0.996241661341,1.16274610311
2017-01-20,0.846301849119,0.807903663477,0.922769781039,0.95697280289,1.00320263628,0.957270044431,1.01899630784,0.984689467233,0.948698865531,1.00301690451,1.15547047489
2017-01-23,0.849824869952,0.813230963615,0.92708855826,0.96156448605,1.00656449389,0.964247517445,1.02380059529,0.991511029627,0.952469179918,1.00392500708,1.15170656358
2017-01-24,0.846313882884,0.812428129552,0.92618998945,0.95828736806,1.00463933452,0.961816517568,1.02004687083,0.992777797227,0.950011890294,1.00754969786,1.16062301095
2017-01-25,0.846913903208,0.812477934973,0.929942952803,0.96267144009,1.00795783743,0.966158313107,1.02745385212,0.997954249421,0.954390045133,1.00958006601,1.16213898598
2017-01-26,0.847545178264,0.81838861981,0.932167472097,0.969062537359,1.01673016011,0.970718555682,1.03435723769,1.000819673,0.958615939552,1.01253198941,1.16467073985
2017-02-03,0.837363178007,0.813511290988,0.926263462091,0.964445987103,1.0126734753,0.96675821983,1.03356245201,0.996055872094,0.957860234812,1.00609645352,1.17126002198
2017-02-06,0.843243956733,0.818108823593,0.927866851773,0.970344178133,1.02048273503,0.970608191901,1.03881846922,1.00035836669,0.961980168238,1.00743919539,1.16459746492
2017-02-07,0.841228100836,0.815598666416,0.925894647445,0.967460867128,1.01676564458,0.970915886786,1.03607130967,0.999446706381,0.96280331165,1.00556460875,1.16521452935
2017-02-08,0.84348638341,0.824085971158,0.933109581317,0.969805224439,1.02489705715,0.980316132236,1.04560496936,1.00567289443,0.968218754999,1.01145817063,1.16891576476
2017-02-09,0.847619833593,0.828338453693,0.937262850448,0.976615368705,1.02840645023,0.982943048659,1.05063785179,1.01171725839,0.971939085556,1.01318030762,1.16517779774
2017-02-10,0.846182706904,0.834845223488,0.941099267375,0.983711950681,1.03340472992,0.987827305829,1.05243630358,1.02099606857,0.977557854562,1.01726034006,1.17184545883
2017-02-13,0.850467108561,0.841354773326,0.944600262846,0.994754351886,1.040861918,0.99255661785,1.05840992361,1.02702199474,0.982719435753,1.02732582668,1.17750721802
2017-02-14,0.847539953133,0.839392116291,0.940900110742,0.995142189209,1.04903847772,0.995314029766,1.06149885575,1.02938169605,0.986714952174,1.03026757948,1.18493178491
2017-02-15,0.833297828306,0.827273534565,0.933499537435,0.986201540346,1.03565324274,0.987512160899,1.05907163178,1.02493344815,0.985230831643,1.02950965977,1.20397176839
2017-02-16,0.835942253814,0.831938670523,0.944533315605,0.994158375992,1.04198278496,0.992599564771,1.06867449257,1.03153323936,0.991042230248,1.03647174321,1.2082929168
2017-02-17,0.831377391233,0.826180240459,0.93584623207,0.99169937909,1.03164220201,0.984545553811,1.06239159616,1.02373983856,0.984703667858,1.03089580711,1.20839080193
2017-02-20,0.84270974175,0.836209531706,0.954594963541,1.00672279102,1.04875727406,0.997468771021,1.07491575831,1.04079416889,0.99870440539,1.04219888827,1.20516864651
2017-02-21,0.849337615062,0.842783600602,0.958456504489,1.00878654908,1.05399625333,1.00339797677,1.08206152633,1.0466692774,1.00600945753,1.05397384045,1.2093062647
2017-02-22,0.847857446419,0.846751273909,0.958090304954,1.01459269187,1.05645014045,1.00774898416,1.08746542053,1.05319270175,1.00716898677,1.05372149451,1.21112422641
2017-02-23,0.842848217527,0.843399600235,0.949576526096,1.00728643591,1.05738145919,0.999092417821,1.08231914506,1.04705366856,1.00591825545,1.05173564776,1.21599718434
2017-02-24,0.842319005242,0.841444080013,0.950536450034,1.01435308696,1.05549333832,0.999718800267,1.08443105206,1.04755780835,1.01094865979,1.05596337124,1.22164870671
2017-02-27,0.833507401183,0.83349573205,0.943181779034,1.00658503251,1.04500022143,0.988648144207,1.07731383723,1.04293892519,1.00252824493,1.04973717301,1.2272254097
2017-02-28,0.835575740999,0.840323004049,0.947160251527,1.00862249261,1.05091779836,0.992596643446,1.07965510634,1.046801641,1.00603787235,1.05246714371,1.2273716135
2017-03-01,0.841925274346,0.844432876918,0.948082686342,1.01203069459,1.05397144447,0.993707782269,1.08081258876,1.04947353833,1.00654910423,1.05284408196,1.21848440628
2017-03-02,0.834592600201,0.837345215287,0.939066637865,1.00387872362,1.04719476923,0.988632532553,1.07345299469,1.04472109012,1.0006004006,1.04625336167,1.22146907351
2017-03-03,0.833921048362,0.836020243841,0.940662942286,0.998508658469,1.04646476109,0.986285830213,1.07331769624,1.04408449043,0.997573088408,1.0428493871,1.21847788697
2017-03-06,0.84193661794,0.841352750518,0.944243479625,1.00886707972,1.05597635761,0.997570921913,1.08309572739,1.05145579279,1.00341231859,1.04802447784,1.21281263261
2017-03-07,0.840643729147,0.842101683041,0.942808727668,1.00572814148,1.05715853682,1.00192543924,1.08317815846,1.05315350962,1.00460136003,1.05345173113,1.22095566137
2017-03-08,0.835557614224,0.83809001693,0.937961285452,1.00182571025,1.0542206534,1.00197068309,1.08208040755,1.04707570193,1.00038870769,1.05296147098,1.22777454929
2017-03-09,0.828562442254,0.831064476688,0.930805810186,0.993192780582,1.04576629509,0.995137719169,1.07378343755,1.04185055692,0.991237763171,1.04664165205,1.23068426906
2017-03-10,0.835372650031,0.826961547268,0.933588869016,0.993681890358,1.0483742837,0.991246727473,1.07553327223,1.03849410949,0.990502989429,1.04548188032,1.2192051919
2017-03-13,0.842809770097,0.845398907605,0.942145098998,1.00884406635,1.06025631,0.999542691672,1.08358596109,1.04596854629,0.999661990093,1.05139608028,1.21524784143
2017-03-14,0.840958761095,0.845367577808,0.936673948579,1.00484242007,1.05813261525,0.999586407093,1.07811089332,1.04565605743,1.00023154766,1.05166045232,1.21822238459
2017-03-15,0.843409613188,0.845139643052,0.935914575229,1.00768641154,1.06272100441,1.00183882267,1.07874140279,1.04736325671,1.00052839428,1.05240826836,1.2155383076
2017-03-16,0.844685038601,0.84807496486,0.941407166077,1.01673796887,1.06846489657,1.01076018064,1.08819009709,1.05560148524,1.01146218846,1.06266075145,1.22554182353
2017-03-17,0.831521652288,0.836483598072,0.93047096771,1.00212579665,1.05232752173,0.998677244459,1.0785228548,1.04506006875,1.00532593434,1.05433444836,1.23503786756
2017-03-20,0.830434446389,0.835591732664,0.934438418672,1.00459065569,1.05644656833,1.00080331266,1.07851000002,1.04521425537,1.01011469518,1.05047463066,1.23213131105
2017-03-21,0.837719864785,0.84052200656,0.937934213573,1.01036972123,1.0638009427,1.00346508923,1.07373135627,1.05015666028,1.00785572545,1.04909458057,1.21970309817
2017-03-22,0.834721515584,0.841044183219,0.93685484158,1.00441356449,1.06227085686,0.995732433038,1.06844628579,1.04125958315,0.999697138105,1.03791006755,1.21106524443
2017-03-23,0.838049910471,0.84295609662,0.939553380122,1.00824873302,1.06531394794,0.996468583167,1.06870269722,1.0421123027,1.00383115815,1.04172398812,1.21068640399
2017-03-24,0.844295722158,0.843955916501,0.94726649265,1.01397841358,1.07667786113,1.00899666022,1.08018124778,1.04731812784,1.01345631517,1.05068050472,1.21207262877
2017-03-27,0.841666717607,0.843160634869,0.940550677608,1.01098721611,1.07318034411,1.00590873669,1.07915329571,1.04209691387,1.01054435386,1.04969169602,1.21470613609
2017-03-28,0.839396476701,0.838419513781,0.93681127279,1.00750260522,1.07120692858,1.00527528654,1.07457646395,1.04084812845,1.00816240433,1.0459685603,1.21367415915
2017-03-29,0.840914795645,0.838897483647,0.932582925137,1.00400544791,1.07353020979,1.00495622387,1.06985790597,1.03715756502,1.00422605601,1.0426530507,1.20763173589
2017-03-30,0.829324462756,0.828008309043,0.92025158795,0.994042449501,1.0650135206,0.994840756817,1.05498550842,1.02236209809,0.992059847237,1.03670324887,1.217385293
2017-03-31,0.831542925289,0.835830758007,0.923494281415,0.999957939095,1.06580026237,1.00379854909,1.06164403322,1.02673264912,0.992672613432,1.04047356527,1.21855618536
2017-04-05,0.844791134752,0.847589507695,0.946197625661,1.01593711763,1.09298350479,1.02616099895,1.08209719654,1.0517198163,1.00932067764,1.05794215398,1.21960048035
2017-04-06,0.859069865078,0.847541439461,0.947762465488,1.01805944512,1.09544088506,1.02295467226,1.08062072868,1.05380434477,1.01882123853,1.06225956183,1.20396381838
2017-04-07,0.871767115175,0.846789395859,0.942406113022,1.01834565172,1.10293939595,1.02602978578,1.08267480845,1.0575364214,1.02350362051,1.06268451582,1.18665059875
2017-04-10,0.882744583643,0.851913862433,0.939291515655,1.0089838499,1.09797326244,1.02669550203,1.07197533977,1.045971052,1.01604921507,1.05523558795,1.16339018066
2017-04-11,0.908388169116,0.858352481255,0.946308252535,1.01243175627,1.09539633204,1.0332458649,1.081612446,1.05397277053,1.02722385816,1.05705581649,1.13160067639
2017-04-12,0.91265619966,0.85665653351,0.939984397143,1.00541747288,1.08902895917,1.01885910552,1.07963642726,1.05420561232,1.02418210629,1.05837808008,1.12769940079
2017-04-13,0.919440631093,0.866628162494,0.949819074213,1.00642425141,1.08974555404,1.01729552717,1.0789658907,1.05220093611,1.02179331699,1.06363215087,1.12491459851
2017-04-14,0.911235880314,0.857586668365,0.938365119887,0.992732762888,1.08081280696,1.00778897943,1.06943983406,1.04011166041,1.01324724382,1.05701530802,1.12795484336
2017-04-17,0.89925251999,0.848217377811,0.934998154338,0.983092035336,1.07835748631,1.00236793072,1.07002123472,1.03218602477,1.01063178483,1.05496707756,1.14060250928
2017-04-18,0.897739668633,0.840074132744,0.930316420748,0.975142187668,1.0716483991,0.996342949701,1.06477840416,1.0278783651,0.998609535704,1.04479599153,1.13152468488
2017-04-19,0.895591863735,0.837922255025,0.921770183547,0.967550088725,1.06512333506,0.984529541291,1.05414546836,1.0187914357,0.99007253053,1.03679842867,1.12557036881
2017-04-20,0.899923855591,0.83958247766,0.922087507683,0.969613703152,1.07561661328,0.991833875903,1.06163457633,1.02351690389,0.988054967264,1.03030881963,1.11308071008
2017-04-21,0.897538376262,0.831979196033,0.918712822691,0.967141328991,1.07627835637,0.988728433323,1.06414688286,1.02703698191,0.99266026235,1.03757645653,1.12388271324
2017-04-24,0.894849605612,0.82794723337,0.907880974429,0.956714424845,1.05327337911,0.974108277577,1.03522170835,1.0051455461,0.970057798031,1.01428795173,1.10202389023
2017-04-25,0.889059037851,0.82394869547,0.907164262576,0.957593404451,1.06208894959,0.981411223168,1.03792973929,1.00619733467,0.970379018827,1.01446061485,1.10934268034
2017-04-26,0.882789039415,0.83226572801,0.911369720139,0.959029696581,1.06381813754,0.981940145864,1.04140329778,1.00353756752,0.969547528096,1.01675676107,1.11967711055
2017-04-27,0.874155217941,0.833298024604,0.91213188895,0.958914291369,1.07598363431,0.983464736376,1.03814148894,1.00399342784,0.97066840152,1.01307866744,1.12657733061
2017-04-28,0.866450086115,0.835833958191,0.915364850049,0.958927259599,1.08215666481,0.990604189222,1.03815740928,1.0050275306,0.966287442668,1.01167388743,1.13494524326
2017-05-02,0.859597863423,0.833901556083,0.909413279794,0.953918848204,1.07651449636,0.985659787055,1.03334665709,1.00065344432,0.959753826539,1.0095384629,1.14152520592
2017-05-03,0.84047906533,0.831960391279,0.905799988377,0.951273058952,1.07142008619,0.985457007567,1.03113069507,0.995370136096,0.955416498153,1.00598024639,1.16289109151
2017-05-04,0.83125936364,0.832757150704,0.903308615361,0.947326994104,1.07560741936,0.980237645184,1.02466898698,0.992207021084,0.953207507893,0.999440561903,1.16808778568
2017-05-05,0.82047983683,0.828757693032,0.894093555609,0.939490555548,1.06362869577,0.96871960676,1.01597801007,0.982075625469,0.934153323972,0.986860266916,1.16853208995
2017-05-08,0.821839244537,0.830155298167,0.878473331231,0.927334247911,1.04545846681,0.957755779862,1.00387723426,0.967858156321,0.919865394244,0.976084272744,1.15383625894
2017-05-09,0.813398697199,0.823467073924,0.876830922735,0.927096696534,1.04699048102,0.964911347972,1.00392250641,0.977285617239,0.923207403323,0.976460274235,1.16613099403
2017-05-10,0.799052442387,0.810133158859,0.857997906304,0.911735443386,1.02225137263,0.956591688229,0.990026944403,0.967561925839,0.916498822118,0.973117641794,1.18270662077
2017-05-11,0.801226630592,0.81538092114,0.865029062307,0.911861404245,1.02349559746,0.958375484836,0.988165438002,0.962566350934,0.91014998649,0.972878206102,1.17919752055
2017-05-12,0.80273211173,0.819377726352,0.86929218074,0.914081381813,1.02387622347,0.960609724572,0.994313106111,0.969481385678,0.907361480574,0.980521610464,1.18624619253
2017-05-15,0.806095376308,0.821890703334,0.867125689983,0.921007956351,1.02921263642,0.964634736805,1.00164862252,0.970958934413,0.909328191947,0.987814431421,1.19009902908
2017-05-16,0.819371001525,0.834589455732,0.888956536672,0.93457567983,1.04099332353,0.978621610378,1.01513047813,0.982625603723,0.917521823442,0.989860309353,1.17296406116
2017-05-17,0.82101354918,0.837726925239,0.890818411431,0.936789338952,1.04042016054,0.982090293986,1.01661497028,0.979791612574,0.912216622729,0.979850959283,1.15875181159
2017-05-18,0.812585786086,0.83445263399,0.883383766463,0.928401796845,1.03603436931,0.981707412994,1.01347224011,0.978335853687,0.909051439515,0.975035288914,1.16495156841
2017-05-19,0.81436117695,0.830853083334,0.886087729738,0.929072812027,1.03311278273,0.985583238459,1.01236588044,0.979780523472,0.911502831479,0.971243977323,1.1578765266
2017-05-22,0.811236426188,0.817533729539,0.881360401882,0.921030485405,1.02923709159,0.982194790564,1.00706213935,0.974275772543,0.911751902585,0.96320565764,1.15273641637
2017-05-23,0.812697199201,0.822242535068,0.886804729868,0.91277877171,1.02101603235,0.966180209187,0.985947117018,0.962991704017,0.896544947045,0.953703739764,1.13928909496
2017-05-24,0.810597028326,0.821347268473,0.885470114927,0.917402559936,1.0209810394,0.969311178125,0.99264933262,0.968988230185,0.901938364131,0.956882056842,1.14603004373
2017-05-25,0.820746883347,0.830891895146,0.896544419997,0.93369614307,1.03173587646,0.981313918309,1.01017404822,0.989245829023,0.916646573818,0.974472852843,1.15274806803
2017-05-26,0.819704815708,0.827674850881,0.897226295388,0.930645019537,1.03048758389,0.981885075347,1.00962074292,0.985228844481,0.915308864151,0.977972565448,1.15835163208
2017-05-31,0.820334250835,0.828521822016,0.902290622593,0.936372423776,1.0366043442,0.984020912716,1.0154748798,0.990504810579,0.917883932735,0.98381228926,1.16437897001
2017-06-01,0.82552966145,0.828613569968,0.900279030058,0.930000456622,1.02091591719,0.968006100833,1.00810881293,0.982000061654,0.909768255359,0.974870296071,1.14642143975
2017-06-02,0.818533033059,0.822370587667,0.900499309603,0.936757694782,1.02111928669,0.980167416127,1.01498806184,0.990438930981,0.913768036303,0.977153949285,1.15882324399
2017-06-05,0.82511179494,0.830362018141,0.90805994428,0.940663041831,1.02463664432,0.981530196737,1.01531686633,0.980486614891,0.906054108218,0.96782892021,1.13845077334
2017-06-06,0.824368345685,0.832913019691,0.91759327204,0.948562032854,1.03003277124,0.989079510792,1.02199328061,0.985013296499,0.910622991835,0.971254794549,1.14350638333
2017-06-07,0.839762674782,0.843561974601,0.937039863448,0.96491429612,1.04494634438,1.00360144288,1.03949603036,0.995573852388,0.922671126546,0.98410028178,1.13727607009
2017-06-08,0.841083239407,0.84443031386,0.936759835843,0.964260505372,1.04563515088,1.00551400716,1.04706442745,1.00069443159,0.930830091676,0.991415398437,1.14394137112
2017-06-09,0.842343784471,0.845910219138,0.938893777912,0.967464627561,1.0482923489,1.00762447422,1.05208293941,1.00294967035,0.934174920819,0.994199235129,1.14543904842
2017-06-12,0.833923092543,0.841372599272,0.929338018962,0.962927280317,1.03625414824,0.997112000763,1.04748148749,1.00255439974,0.931816553369,0.991855262841,1.15418916234
2017-06-13,0.839960674137,0.844832268251,0.9385858236,0.96605753659,1.05088553127,1.0052310402,1.06027014026,1.01103750497,0.940509761171,0.999248105291,1.15443566892
2017-06-14,0.832322502915,0.841644015174,0.938654162395,0.9598948973,1.04091609409,1.00167999625,1.04980732472,1.00210985389,0.92998838865,0.989040539032,1.15314066877
2017-06-15,0.839534063545,0.846170671781,0.950458844829,0.962716151798,1.04672766135,1.00248923268,1.05385753275,1.00366808288,0.930151551646,0.989384821829,1.14355082248
2017-06-16,0.834786654412,0.842548404859,0.944952702093,0.963849744465,1.0463011422,1.00664682597,1.05227179634,1.00401077627,0.928430709444,0.985059116904,1.14501765338
2017-06-19,0.83597239421,0.85133066586,0.951858847887,0.969553383008,1.0531095757,1.01554922547,1.06270167334,1.01442149962,0.936607131309,0.99548160244,1.15550619599
2017-06-20,0.835454316373,0.846193207914,0.950114981994,0.968888436056,1.05015407927,1.01088038075,1.06298087336,1.01476625773,0.936736745639,0.997874930183,1.15900035616
2017-06-21,0.838281789385,0.853139378128,0.958413911765,0.977080781998,1.06057974409,1.0203101867,1.07233071049,1.025215432,0.941734693638,1.00349061622,1.16160033164
2017-06-22,0.827857048464,0.847755206893,0.955135226669,0.975485869633,1.05762743899,1.01040043015,1.06523884939,1.02059214448,0.942451490208,1.0091036794,1.1825432672
2017-06-23,0.837059067083,0.857358381771,0.967438258201,0.982865320849,1.0661020449,1.01612779839,1.0692727241,1.02337122118,0.941694504883,1.00762261758,1.16766312606
2017-06-26,0.851751055722,0.868400525579,0.980784492025,0.999779952645,1.08045368779,1.02852913665,1.09180180424,1.03483278306,0.959503468821,1.02367589527,1.16577142018
2017-06-27,0.849548376016,0.869040498624,0.978915652203,0.998323012157,1.08068822326,1.03364847717,1.09402991288,1.03741423634,0.963733621863,1.02641748369,1.17190832136
2017-06-28,0.838631606149,0.86487195823,0.971157114732,0.993469395554,1.06952961848,1.02791360783,1.08570987507,1.03302532816,0.960713537728,1.02265394704,1.18267044043
2017-06-29,0.845338806698,0.86914280661,0.977241916007,1.00477675015,1.07937223559,1.03574608245,1.09247994878,1.03756101878,0.961734825153,1.02533485538,1.17631208395
2017-06-30,0.844857432131,0.87031664016,0.975537331125,1.00458129053,1.08062348433,1.03572192852,1.0971804687,1.03472611259,0.96389862698,1.02630588,1.17809593468
2017-07-03,0.842709623541,0.868797088664,0.973228109244,1.00286798819,1.07739504362,1.03922417643,1.10582649852,1.03885430274,0.971319694805,1.03206704306,1.18770414273
2017-07-04,0.837996044117,0.863893198472,0.966825739992,0.996084326379,1.07289299412,1.03133541379,1.09650750845,1.03114301018,0.960682702914,1.02887094018,1.19066932166
2017-07-05,0.844507595335,0.871303023947,0.971594061803,1.00552655875,1.08492743895,1.04184263141,1.10486362919,1.03853032428,0.96959739272,1.0339245479,1.18726569249
2017-07-06,0.843005380078,0.866976130207,0.973465906873,1.00437413179,1.08399347142,1.04468507556,1.10732717795,1.03719232917,0.969765562725,1.03376472784,1.189194085
2017-07-07,0.845820061436,0.874087553339,0.977162800429,1.00482977347,1.08956888526,1.04402668174,1.11003204898,1.04162281869,0.97220523622,1.03641867435,1.18827650084
2017-07-10,0.842844028668,0.879705625256,0.975619573896,1.00437887902,1.08574501046,1.03934476616,1.10531953757,1.03816756458,0.967438947346,1.03688646611,1.19299380603
2017-07-11,0.839634514217,0.878624029912,0.971002057362,0.99734567067,1.0747113182,1.03425293261,1.10439270001,1.03681733387,0.963129245443,1.03689899231,1.1975510881
2017-07-12,0.832921179514,0.877084061725,0.976219988145,0.991539730621,1.07653985459,1.03512475409,1.0986580642,1.02810751238,0.961834955935,1.0311516842,1.2004883924
2017-07-13,0.825803376141,0.876069058319,0.97958168148,0.996896689585,1.08936713492,1.04747277346,1.10961385636,1.0363096897,0.973435932071,1.04304875301,1.22459809141
2017-07-14,0.827994854261,0.875629690431,0.980536927945,0.99877279996,1.09594367791,1.05113770594,1.11447469548,1.03959850495,0.965673901998,1.04200352836,1.22012115794
2017-07-17,0.824361836564,0.866915748018,0.954262741611,0.964247853749,1.06135051852,1.02038829257,1.07709356675,1.00243617953,0.926839030548,1.01514965613,1.19403050999
2017-07-18,0.822981643672,0.870408586035,0.963765914693,0.973582604674,1.06714639001,1.02883732972,1.08687375915,1.00957875391,0.930691190633,1.01775843855,1.19909810233
2017-07-19,0.845427938953,0.888127535521,0.986365008482,0.989419016733,1.09489930281,1.04544249876,1.12000257141,1.0235700781,0.955648703761,1.03747802598,1.18962660808
2017-07-20,0.845192171345,0.887952527366,0.989208411108,0.996704113054,1.1050733243,1.0474376974,1.12798652685,1.02585662381,0.961731931794,1.04659570545,1.20041317216
2017-07-21,0.84573471663,0.885385664686,0.987940877589,0.999133946504,1.10155668173,1.04720815806,1.1272674842,1.0256595421,0.964096136778,1.0427428883,1.19522354051
2017-07-24,0.84563371294,0.887928355419,0.993361216118,1.00319943558,1.10418972745,1.0503872017,1.12960732664,1.02782929732,0.967409047287,1.04589049929,1.19897416989
2017-07-25,0.839873300431,0.87865806141,0.981793476224,0.997032839645,1.09822808536,1.04344921839,1.1249296773,1.01799594151,0.96377309322,1.04479696338,1.20588792577
2017-07-26,0.837469376625,0.876247858014,0.98337819554,0.996374551651,1.09484700196,1.04209577003,1.12150796482,1.01277777072,0.96127506567,1.04038690774,1.20424945779
2017-07-27,0.840973270664,0.889412191952,0.978764468627,1.01471705831,1.11652792745,1.0558819407,1.12538598846,1.01662499212,0.965004179058,1.04563569408,1.2052864683
2017-07-28,0.837202939679,0.882105400829,0.973197749015,1.01209675352,1.11971987243,1.06163052486,1.12942100772,1.02485351379,0.972543678636,1.05005746767,1.21578702586
2017-07-31,0.855161826824,0.893128446371,0.980757055172,1.0164448919,1.13107491116,1.07201952897,1.12906415588,1.02678719838,0.978098606475,1.05425760092,1.19457014652
2017-08-01,0.848884118682,0.893396041518,0.985860841859,1.01839583404,1.14128300764,1.07670340241,1.14159027881,1.03159224859,0.981462388119,1.06277557333,1.21299107799
2017-08-02,0.841987260401,0.890426480709,0.978972119023,1.02033063026,1.1405256476,1.07532535094,1.13321868875,1.02858043528,0.973053149776,1.05458893862,1.21350241058
2017-08-03,0.841223372228,0.890641652274,0.975758138201,1.02171845286,1.13485927494,1.06659228961,1.130979373,1.02652748087,0.967995243519,1.0516741318,1.21124932171
2017-08-04,0.831471734796,0.887057119762,0.976586761729,1.02585567905,1.12802569909,1.06693732761,1.12868020898,1.02253283217,0.964505905343,1.0468049909,1.21968242012
2017-08-07,0.832761131452,0.888751811405,0.997825858769,1.03233448589,1.13614223331,1.0704803022,1.13137904713,1.02753331053,0.968254241647,1.05290067807,1.22489338539
2017-08-08,0.83132803868,0.887140284139,0.996776442666,1.04118248712,1.14107891392,1.07561111073,1.1444332419,1.03431136086,0.969009339001,1.05825591535,1.23323131812
2017-08-09,0.825639210045,0.875863958273,0.994314193247,1.03569251187,1.1536635804,1.08088115345,1.14856111108,1.03518576586,0.973057138195,1.06151357932,1.24546669199
2017-08-10,0.811482647373,0.864698868517,0.990176747923,1.03593264306,1.15087343413,1.07563290726,1.1485308715,1.03216823976,0.972600570164,1.06314430707,1.26873501616
2017-08-11,0.797222486294,0.847666009629,0.967779890557,1.01467978399,1.127157713,1.04861781169,1.12887470406,1.00761795023,0.957903028399,1.04993692443,1.2752690353
2017-08-14,0.798208194903,0.873195535898,0.985537169362,1.0407244721,1.14988634663,1.06524372462,1.14623398439,1.02406856016,0.971116559806,1.06200467403,1.28834992481
2017-08-15,0.801221068707,0.870361887869,0.984412640976,1.03863723882,1.15325059647,1.06793903399,1.14838523043,1.02666302674,0.976313300716,1.0656935055,1.28796202114
2017-08-16,0.803103280793,0.871162948605,0.988434476036,1.04460994271,1.15159105797,1.07187578711,1.15252797734,1.02537927524,0.977354731701,1.06475590754,1.28380321723
2017-08-17,0.81220814791,0.883255010389,0.997555603426,1.05450867963,1.1600905822,1.08101579021,1.16461984124,1.03309921286,0.982854090374,1.07258200337,1.27868472627
2017-08-18,0.811612433799,0.877131917167,0.997243339899,1.05571672145,1.15176278788,1.07411230939,1.16329277543,1.02800563752,0.989390476832,1.07707236079,1.28497578275
2017-08-21,0.813641616769,0.886452489508,1.00488798553,1.06003806861,1.15925888135,1.08169126405,1.1673053825,1.03233613048,0.996165792399,1.08245538274,1.28818519023
2017-08-22,0.811959968712,0.885223126989,0.997276959323,1.05533826137,1.15040674767,1.08075479555,1.16820426782,1.02589879917,0.992987270576,1.07899970394,1.28673517304
2017-08-23,0.806001355016,0.873379271576,0.994134701454,1.05159600758,1.14882295538,1.0779139547,1.16650880742,1.02454343108,0.992963090714,1.0792678217,1.29649768856
2017-08-24,0.800067082724,0.866349125359,0.984470017396,1.04331112102,1.13167266824,1.06513116414,1.16151012458,1.01483321111,0.984193678843,1.07398083109,1.29969216245
2017-08-25,0.809936879294,0.880383775,0.999869134439,1.0596761434,1.14565435101,1.0808473058,1.17938059287,1.02903304604,0.998156549821,1.09247438071,1.30603909994
2017-08-28,0.817941214337,0.889233235434,1.02235849914,1.08130627641,1.16642427348,1.09768635961,1.2033057573,1.04546301512,1.01434577487,1.09910228934,1.30105553243
2017-08-29,0.809746548751,0.883222888524,1.01759137297,1.07311679104,1.16809436649,1.08982395136,1.19740400836,1.04440048471,1.01470609104,1.10092066812,1.31624284522
2017-08-30,0.80276380468,0.886986571948,1.02475136956,1.07862381,1.1702963774,1.09112111829,1.19941438471,1.04638718701,1.02051498578,1.10491009588,1.33236298919
2017-08-31,0.800442423415,0.89088730384,1.02344116115,1.08380521368,1.1741886681,1.09279259406,1.19867423414,1.04684186093,1.01699973159,1.10371165264,1.33477068113
2017-09-01,0.809533745856,0.900388834689,1.03510703711,1.0928815466,1.17463958496,1.09426667359,1.19841558742,1.04718450314,1.01713901854,1.10173632023,1.31722166395
2017-09-04,0.81645832972,0.907181253327,1.04392555008,1.10190160256,1.17225511163,1.09955475412,1.20764434446,1.05593646047,1.01780650228,1.10278546061,1.30720876151
2017-09-05,0.814123576637,0.904554289876,1.04152077404,1.1019508098,1.17423817707,1.09726163455,1.21195401118,1.05538380905,1.01870972362,1.10315749649,1.31138787
2017-09-06,0.811352277743,0.903540512255,1.04305954661,1.10362449814,1.17502094325,1.09648581702,1.21597577645,1.06289150051,1.01670481552,1.10574413542,1.31892675919
2017-09-07,0.802473610309,0.891031059965,1.03100178067,1.0944454669,1.16232360582,1.08743576622,1.21876479484,1.06636415112,1.01897292132,1.10268642581,1.32971261624
2017-09-08,0.803898772534,0.89208110678,1.03047169355,1.09293773371,1.16293198463,1.0907751494,1.21585615858,1.0658936277,1.01622109247,1.10344407812,1.32826473912
2017-09-11,0.806916550085,0.895009697386,1.04191297136,1.0986020306,1.16678830431,1.09163200577,1.22312999375,1.07156366709,1.01805301896,1.1070045583,1.32756443829
2017-09-12,0.806351997895,0.894034871553,1.03888226653,1.09885201199,1.16953312366,1.09097958338,1.22181728277,1.07307173216,1.02182992581,1.1082749003,1.33001670254
2017-09-13,0.808541515195,0.88830258105,1.03853756482,1.10184428658,1.17470813338,1.08935107846,1.22530534307,1.07730050445,1.0232041392,1.11246769332,1.33143693925
2017-09-14,0.806626596446,0.890202302869,1.03560177667,1.09512635777,1.17434603996,1.0834484916,1.22596344895,1.07942335694,1.02001980266,1.11027642143,1.33196767917
2017-09-15,0.81569595502,0.888987794869,1.03109027519,1.08342732576,1.16852685538,1.07923670777,1.22723289025,1.08009440669,1.01828847768,1.11086161368,1.31769365281
2017-09-18,0.819815048126,0.89306658969,1.03697895461,1.09585591446,1.17454033734,1.09098299143,1.23352952413,1.08355541865,1.0232297541,1.11332695845,1.31396394576
2017-09-19,0.81169519372,0.886013286107,1.03326772257,1.08879586957,1.16816381075,1.08532933634,1.22771361876,1.08318518551,1.02425501597,1.11596764313,1.33009466842
2017-09-20,0.822520161932,0.895751122798,1.03639025783,1.09372865435,1.16953526088,1.09389959061,1.22840816344,1.08875895996,1.03001812382,1.11756446819,1.31425941328
2017-09-21,0.812820833809,0.885993804832,1.02437750225,1.09061525907,1.164736433,1.08598945202,1.22206379453,1.08375253995,1.02619100346,1.11526118358,1.32704876241
2017-09-22,0.810181375723,0.881022823548,1.02557056255,1.08520640559,1.16578969719,1.0807229153,1.21737986832,1.07566162244,1.02325382844,1.11241375209,1.32796990595
2017-09-25,0.8047177169,0.879377424588,1.01308001801,1.07292340172,1.15092699713,1.06841594962,1.20077265442,1.06161243601,1.0118477239,1.10573411275,1.32895142448
2017-09-26,0.802746310984,0.880537057167,1.01905686201,1.07479609411,1.15738606416,1.06710517598,1.20528695095,1.06329512727,1.01236525733,1.10572735494,1.33219898161
2017-09-27,0.805464362283,0.891733694097,1.02882549731,1.08088132813,1.15786170253,1.06723500138,1.20959544824,1.066889389,1.01062859691,1.10285965302,1.32423317936
2017-09-28,0.802276311937,0.891092702005,1.02578918306,1.08265852913,1.15806816265,1.0688796346,1.20949860637,1.06261645825,1.00756397236,1.09841912006,1.32414266402
2017-09-29,0.804056423458,0.891021723714,1.02938253082,1.09120015239,1.16461288789,1.07397197871,1.22024724747,1.06801846738,1.01235854391,1.10239557818,1.32599823642
2017-10-09,0.808229944268,0.903018107508,1.0430553093,1.11138363596,1.18468992572,1.08710868394,1.23200783623,1.07861031321,1.01973888057,1.1105026303,1.32886696699
2017-10-10,0.809486340603,0.910272846651,1.04375865559,1.11078280626,1.18631012937,1.08881178959,1.24200962107,1.08287270172,1.0270951548,1.11516451292,1.33237981319
2017-10-11,0.808806338769,0.907853204951,1.03995302399,1.10379296124,1.17715597034,1.09380689811,1.23998974033,1.08604181017,1.03078989315,1.11959110271,1.33878788213
2017-10-12,0.805247575456,0.91065596339,1.03893940063,1.10643684589,1.18033086803,1.0896719111,1.2425190566,1.08445627832,1.02707496552,1.11717953073,1.34179485783
2017-10-13,0.809418214451,0.911864097132,1.04898363458,1.11050801912,1.18013994643,1.09665799629,1.24686082125,1.08637405803,1.02990200766,1.11853348187,1.33647143677
2017-10-16,0.80784545464,0.891137191525,1.04192269002,1.09363942848,1.16634924422,1.08501619898,1.24052758168,1.08111903775,1.0286243527,1.11790995265,1.33832328094
2017-10-17,0.797572077053,0.891383427755,1.0430866796,1.09155785357,1.17386269135,1.08519574184,1.2385396829,1.08133019114,1.02628834601,1.11573996359,1.35274491346
2017-10-18,0.803551184886,0.891299747072,1.04890889037,1.09430773366,1.16968812042,1.08152679596,1.24224365875,1.0875877176,1.03023535177,1.11941370476,1.34705799227
2017-10-19,0.808083678388,0.890861068097,1.04435817463,1.08865274341,1.1672194235,1.06761473814,1.22481645507,1.07111998167,1.01089856538,1.1036531739,1.3204942091
2017-10-20,0.80919796324,0.891110455377,1.04934164906,1.09822433131,1.17214192179,1.07498776204,1.23847206422,1.07747412975,1.01952525484,1.11102611376,1.3274948932
2017-10-23,0.810057107412,0.893131442056,1.05373401556,1.10302574532,1.18089821993,1.07776452413,1.24573724408,1.08079899087,1.01687518444,1.1060432414,1.32013174191
2017-10-24,0.810443497622,0.901451977816,1.0527299628,1.1061323122,1.18996568962,1.08357270536,1.25012495636,1.0885210195,1.02595499011,1.11530372294,1.33055501407
2017-10-25,0.810462170466,0.902277427568,1.05443451471,1.10694743748,1.19884865026,1.09103465657,1.25639737147,1.09189194183,1.03594302535,1.120099553,1.33624577297
2017-10-26,0.812186743123,0.905688680474,1.06305064731,1.10869791769,1.19890049483,1.0891371652,1.26074168031,1.0964024651,1.03987416239,1.12316324186,1.3370572823
2017-10-27,0.807491123557,0.896126750183,1.06098347451,1.1045754067,1.19493602981,1.09282225501,1.2672092334,1.09173022491,1.03897986701,1.12525871065,1.34728194397
2017-10-30,0.801307979885,0.893847306434,1.0539819831,1.08616425198,1.18717959173,1.06953443694,1.24701874913,1.07282408103,1.01964723975,1.12101350059,1.35251556248
2017-10-31,0.803410241464,0.90147100918,1.05446425583,1.09079451567,1.19185521544,1.0742134514,1.25231068232,1.07448774811,1.02384734282,1.1243072604,1.35294114585
2017-11-01,0.800290394669,0.898562311798,1.05038009808,1.08869482894,1.18933574753,1.07989850939,1.24980557857,1.0775666215,1.02618199499,1.12152475099,1.35484661368
2017-11-02,0.79568244289,0.895805845789,1.04617668655,1.08454814937,1.1934065868,1.07402144374,1.2429455894,1.07759699912,1.02255878399,1.12165709587,1.3628074947
2017-11-03,0.791898024623,0.89269367203,1.04356692181,1.08109084389,1.19066193637,1.06978682576,1.23233119775,1.06351004209,1.01809650441,1.11583582933,1.36221646011
2017-11-06,0.79862002263,0.896155032156,1.04909145166,1.09005349806,1.20292643874,1.08390856574,1.23663654699,1.07587161132,1.02051627417,1.11942207998,1.35503144241
2017-11-07,0.802365413939,0.901083186238,1.05581828264,1.09524964017,1.21224746658,1.09515070871,1.25535589103,1.08875579976,1.02640731586,1.12845472304,1.35961035725
2017-11-08,0.808626401697,0.904139952642,1.0565575927,1.09935136244,1.21439387023,1.09428034464,1.26372130207,1.08596350645,1.02423467249,1.13247992542,1.35385083203
2017-11-09,0.809875132573,0.902523573765,1.06389680709,1.11472237423,1.21813969707,1.10497585032,1.26692552758,1.09040847515,1.02628392388,1.13714520606,1.35733735576
2017-11-10,0.826529794848,0.910467577406,1.06718077512,1.11591784807,1.22229731183,1.10643791173,1.26705169907,1.08665439081,1.02364010508,1.13254860403,1.32393774741
2017-11-13,0.833485172047,0.912335470238,1.07060090659,1.12474301036,1.22349199404,1.11584298896,1.27251721111,1.08813195842,1.02480275281,1.13335688184,1.31374147317
2017-11-14,0.832838299279,0.909358018137,1.06304166132,1.11677873376,1.21278970703,1.10465402838,1.26447145165,1.08192542131,1.01706324987,1.12524797275,1.30536155614
2017-11-15,0.824312131868,0.893447784348,1.05102539437,1.10721293701,1.19462131248,1.09299344006,1.25108570616,1.07559927686,1.01397359421,1.12580159013,1.31936740458
2017-11-16,0.83156138103,0.902451331128,1.05954694117,1.10888914256,1.19452302751,1.08318626378,1.25020989406,1.06658907313,1.0061939098,1.11465591015,1.29470246671
2017-11-17,0.826346346327,0.890127560262,1.05509182246,1.09335617403,1.16622221584,1.06713577451,1.22472153959,1.05380715016,1.01151593599,1.121940794,1.31128361987
2017-11-20,0.825724584893,0.889078064727,1.05298284956,1.09802014267,1.18921296385,1.07783038407,1.237321289,1.06057260481,1.01783741516,1.12000645525,1.31000947411
2017-11-21,0.836127720339,0.89482547798,1.0625049506,1.11344220482,1.2030916306,1.09438206396,1.24734599434,1.07481965499,1.02516220293,1.14183095822,1.31903184372
2017-11-22,0.824985783343,0.892900851645,1.06239774344,1.11239452465,1.21228839412,1.09213404314,1.26038645796,1.08581100413,1.03370857389,1.15256939893,1.34901372786
2017-11-23,0.805450241691,0.874600701237,1.02166768326,1.08054663255,1.17676080161,1.05790350755,1.22157017769,1.05513685391,1.01544999627,1.13485229676,1.36022136271
2017-11-24,0.802232519799,0.874688252151,1.02244626978,1.07575608227,1.18249113279,1.06402375526,1.2252856232,1.06077104362,1.01851489264,1.13821442944,1.36968517443
2017-11-27,0.789612723034,0.864281715756,1.01197467195,1.0638160436,1.16973327069,1.03845913708,1.20827580535,1.04706657463,1.00817016195,1.13147707572,1.38312399945
2017-11-28,0.785063570472,0.869058846654,1.02312996363,1.07608705571,1.17936789041,1.04241592331,1.22386796631,1.05864622349,1.01795377227,1.13768898432,1.39868598839
2017-11-29,0.78398755223,0.867856803968,1.02194651961,1.08127462203,1.1821097431,1.04579419891,1.22072594591,1.05731054711,1.0162063618,1.13932629905,1.40261597619
2017-11-30,0.77497952617,0.856776227824,1.00458375825,1.07093698091,1.16412333548,1.036247622,1.21517642154,1.04827664272,1.01537209344,1.13575773929,1.41433882313
2017-12-01,0.776318412286,0.864285283313,1.00971304433,1.07207952229,1.16773146282,1.04138210762,1.22218986892,1.05208292173,1.0185693037,1.13757568122,1.41415920452
2017-12-04,0.776299729494,0.856113826524,1.00799422811,1.07589581073,1.16163172608,1.04291261746,1.21592287717,1.04618089344,1.01681853385,1.13101311209,1.40603508356
2017-12-05,0.779767859309,0.853141448244,1.01055334077,1.06844040471,1.15974991365,1.02272298474,1.20412182406,1.04306328522,1.00301207282,1.11764381595,1.38313337111
2017-12-06,0.771478709527,0.852208294389,1.01271838814,1.06784080836,1.16398355773,1.02981394841,1.21270510191,1.0501695918,1.0061070591,1.11472360588,1.39422257615
2017-12-07,0.763313502063,0.843540974395,1.00849175796,1.06003415039,1.15548309805,1.03030744666,1.20720317763,1.03993434634,0.999927963497,1.10894234778,1.4017479899
2017-12-08,0.769418678159,0.848986402605,1.01647738195,1.0679906343,1.16381538966,1.04017774049,1.21329466725,1.04654999656,1.00335867285,1.11211387216,1.39454538705
2017-12-11,0.786530067903,0.866154346956,1.03534279296,1.08650886857,1.18281738424,1.0515959062,1.2228130378,1.0606994778,1.00502757835,1.11235309067,1.36383154086
2017-12-12,0.778642907008,0.855476310826,1.02141645999,1.0737910344,1.16779497794,1.03749055757,1.20636759015,1.04667225139,0.994658737275,1.10197042233,1.36477780138
2017-12-13,0.783707809744,0.866244009227,1.0385479747,1.08377959916,1.17681122863,1.04272254078,1.21012842326,1.04830453469,0.993952566111,1.10297901319,1.35714934693
2017-12-14,0.781117657425,0.864113741672,1.03680250538,1.07561875537,1.1759313371,1.03849405577,1.2045698348,1.04354409703,0.986865827061,1.09369389412,1.35020994143
2017-12-15,0.770678373832,0.856664073265,1.02805548426,1.06818215616,1.16480468589,1.03163277606,1.20023337197,1.03889366613,0.98065694158,1.08526337766,1.35784706743
2017-12-18,0.767314791989,0.848363450984,1.01956161129,1.07073502227,1.16260864838,1.03573487753,1.19949475237,1.03503440607,0.978789513834,1.08182088337,1.35946617407
2017-12-19,0.77040613513,0.85851716478,1.03448323104,1.08324452651,1.1803933699,1.04707647928,1.208912762,1.04260487791,0.98506356365,1.08869709203,1.36263014472
2017-12-20,0.769828499091,0.855318853163,1.02594652467,1.0768866746,1.17440729203,1.03967673273,1.1951703991,1.03115075341,0.976986835032,1.08304707612,1.35658017175
2017-12-21,0.772957997472,0.865156282569,1.03230629736,1.09225006157,1.18118545433,1.04953302744,1.20232937125,1.02976501897,0.978118288803,1.08223600933,1.35004950804
2017-12-22,0.774431934046,0.862530718923,1.03024484939,1.09134650354,1.17593244308,1.04339163291,1.19842115965,1.02378032485,0.978063407313,1.07483839289,1.3382468747
2017-12-25,0.770394682348,0.858306341848,1.01890272432,1.08202618097,1.16729976337,1.03126175401,1.18592794108,1.01409949498,0.967445096648,1.06760683663,1.33621961497
2017-12-26,0.768684765864,0.859588307071,1.02800923142,1.09244281019,1.17213958811,1.04444566985,1.19626813299,1.02266419639,0.973456867878,1.07501776534,1.3484609371
2017-12-27,0.765578048051,0.849096252013,1.01420725581,1.08527397852,1.16637253992,1.03878891925,1.18492835167,1.01440738043,0.962276753691,1.06600158501,1.34260132957
2017-12-28,0.768996241207,0.856045636036,1.02081723558,1.09236781484,1.17103876679,1.0427264207,1.19653386172,1.01870268748,0.964824504193,1.06711819046,1.33801314808
2017-12-29,0.766875963308,0.859908085955,1.03122932267,1.10033644719,1.17760384333,1.0501876223,1.19900651513,1.02693311742,0.972928590342,1.0723153078,1.34821876018
2018-01-02,0.768292143578,0.871304437092,1.04249691825,1.11211431481,1.19399168964,1.06705520658,1.22061994713,1.04807269493,0.987949091163,1.08663444585,1.36373242994
2018-01-03,0.77446763663,0.877637498017,1.05779319321,1.12119796694,1.21201856165,1.08344963121,1.23481514619,1.06138760945,0.993595531191,1.0946983433,1.36289105555
2018-01-04,0.774347690583,0.87984440777,1.05761559178,1.12238219987,1.21507796022,1.0919323905,1.24910506832,1.06402608023,0.994574577713,1.10035578487,1.37014560539
2018-01-05,0.768252949117,0.87416662881,1.06580461037,1.12197990044,1.21536581182,1.09629043594,1.24861541501,1.06985490903,1.00062742591,1.10477327891,1.3864303511
2018-01-08,0.77267067869,0.889188754708,1.0750836916,1.12832265915,1.21983940086,1.10433725931,1.25821817851,1.07145276943,1.0073358044,1.10950683349,1.38439823353
2018-01-09,0.773856585646,0.890449027364,1.07354308957,1.12942306644,1.22010790935,1.10907427948,1.26090861631,1.06898858941,1.00592300002,1.10870011268,1.38126684367
2018-01-10,0.771603278107,0.884249547978,1.07290190621,1.12638218751,1.21694576527,1.11218774556,1.25865315597,1.06188063727,0.99918586714,1.11209318369,1.38951603758
2018-01-11,0.769290248972,0.883892399954,1.07560690486,1.12472426816,1.21983477146,1.11265073035,1.25975886789,1.06095250406,1.00243176797,1.11608613767,1.39867041558
2018-01-12,0.759905716279,0.87839862256,1.07347219081,1.12254338069,1.21532185995,1.11350430129,1.2611288545,1.06609323183,1.00355466674,1.11721567105,1.41714824736
2018-01-15,0.760067987176,0.872256845757,1.06780724372,1.10114431154,1.19218728432,1.09677569002,1.22198071372,1.04611463452,0.985497551201,1.10410415492,1.4002141376
2018-01-16,0.767569912147,0.885049920638,1.07935543603,1.10512160457,1.20687012157,1.10505453517,1.22867138875,1.05719539698,0.998446867351,1.11778477229,1.40374355042
2018-01-17,0.774467128079,0.89476879644,1.091791564,1.10623476409,1.20407044228,1.09731641407,1.22974431741,1.05706582114,0.998858606757,1.11972223441,1.39356293278
2018-01-18,0.774607159215,0.894776502049,1.0937098968,1.11099889065,1.2019108477,1.10278126055,1.22657077411,1.0597491612,1.00615514932,1.13370849492,1.41071772137
2018-01-19,0.777625149798,0.901410950544,1.09597522432,1.11708055834,1.20383765013,1.10657655725,1.23855516607,1.06895719561,1.01492894994,1.14119769828,1.4145404526
2018-01-22,0.781453167023,0.912308138662,1.10461722957,1.12966734156,1.22144435969,1.11299387158,1.25875296812,1.08887211687,1.01685023168,1.14718320277,1.41499625953
2018-01-23,0.780465398423,0.91401631229,1.11453488417,1.1333559313,1.23471693169,1.12529816202,1.27385430056,1.09253277968,1.02812372007,1.16927324439,1.44403185844
2018-01-24,0.784473104041,0.92353642798,1.11960271314,1.13949737816,1.23489057243,1.1256683055,1.29253619977,1.10747452335,1.03451921536,1.18043521994,1.45040156879
2018-01-25,0.776592595816,0.921748199484,1.10606070057,1.13206946218,1.23168599951,1.13319531862,1.29368706539,1.10721809256,1.03196891989,1.17603070749,1.45955990493
2018-01-26,0.778516538431,0.925753013227,1.10444276777,1.13763174689,1.23227076464,1.1311483531,1.2951346788,1.10800635,1.03130363684,1.17868796541,1.45924186457
2018-01-29,0.763037574465,0.919855989741,1.08650462095,1.12645654013,1.21447235172,1.11668883602,1.27094464996,1.09069296033,1.02328384077,1.16631042575,1.47293177621
2018-01-30,0.757234032414,0.903631472382,1.07521804643,1.11309204677,1.20441290045,1.11066130314,1.26650070208,1.08521828704,1.01648627861,1.15975620004,1.47585733798
2018-01-31,0.745108548106,0.891953251737,1.06202130594,1.11531824341,1.19595641052,1.09778686199,1.25696492423,1.08515755094,1.00112485628,1.14836796306,1.48499784325
2018-02-01,0.738606468716,0.885239395181,1.04256819343,1.0965813941,1.17579972408,1.07733375769,1.22698396073,1.04413948987,0.969982360891,1.12037675595,1.46175997334
2018-02-02,0.734640595039,0.883216881888,1.04927846732,1.11793334194,1.19677273214,1.08843369796,1.24842887832,1.05306585699,0.972639975837,1.1265422954,1.47765295119
2018-02-05,0.739599370607,0.883342132442,1.04864804313,1.12404141339,1.20549239327,1.08546658077,1.24869390255,1.04879642334,0.968699610315,1.12012073037,1.45925591008
2018-02-06,0.713268765762,0.854031140608,1.00341659584,1.08009240885,1.14710423139,1.04231587284,1.1939468143,1.00533637928,0.925774138222,1.09085478382,1.473080433
2018-02-07,0.698240727105,0.831819798846,0.984507655545,1.06520476947,1.13797173148,1.02841582693,1.18678041575,1.00283760827,0.926341218052,1.08658472458,1.49835088502
2018-02-08,0.707166080977,0.839414684801,0.990406503121,1.05372548092,1.13756667663,1.02287437425,1.17971972754,0.995821225218,0.923034104037,1.0829997393,1.47425448634
2018-02-09,0.688350052509,0.806301006733,0.940403476862,0.996582638094,1.08514642104,0.971979050097,1.1199783843,0.941441354391,0.886318821078,1.03202494233,1.44409050049
2018-02-12,0.696426950367,0.823036182451,0.955858849589,1.02565057296,1.10804866547,0.989418919374,1.13717634842,0.95754496136,0.898773344169,1.04115231923,1.43991770953
2018-02-13,0.707990674299,0.826656655163,0.960083404875,1.02789795979,1.11757955711,0.99807779364,1.1481658618,0.967271426225,0.903794525859,1.04082146623,1.41555122625
2018-02-14,0.712852170904,0.840450305024,0.970534102516,1.03152420104,1.12746838953,0.996741089941,1.15252415055,0.969065429304,0.901434175989,1.04214726708,1.40763431902
2018-02-22,0.727732858677,0.853824888822,0.993423692938,1.05637106311,1.15325885909,1.0215291449,1.17995048634,0.996372082477,0.918751600927,1.055896022,1.39682067513
2018-02-23,0.733442274972,0.857194971856,0.997773948074,1.05631023277,1.15874061488,1.02352022061,1.18189410926,1.00338585949,0.922116864783,1.06050617387,1.39196060564
2018-02-26,0.746765200458,0.866714861303,1.01184172003,1.0752684026,1.18453463745,1.04471744909,1.20274575299,1.02514373476,0.943814258192,1.08118069348,1.39381195132
2018-02-27,0.752350889513,0.865074087856,1.00340437155,1.07483358058,1.16910131495,1.03902789838,1.18642970913,1.01971844425,0.925801417786,1.06936341683,1.36815212381
2018-02-28,0.753597053164,0.861971921245,1.01171894019,1.0722871398,1.16948993691,1.03656491975,1.18199090091,1.01288412903,0.925885321166,1.06429710885,1.35940409682
2018-03-01,0.75658759293,0.865445600213,1.01720589112,1.07666989258,1.18230140762,1.04714674157,1.19806972125,1.01905155647,0.930862210608,1.06945162994,1.36059326067
2018-03-02,0.747378049729,0.860066785633,1.00238486817,1.07140311777,1.1719745574,1.0427878439,1.19160938388,1.0112669028,0.926901838772,1.0630707907,1.36903712365
2018-03-05,0.746262587761,0.859976311788,1.00414803878,1.07593156337,1.17443367999,1.0481120348,1.19924881069,1.01449045279,0.928026949601,1.06398445144,1.37225703679
2018-03-06,0.747705772252,0.871262073297,1.01436235155,1.09001070629,1.19671290084,1.06705547532,1.22361252739,1.02835463449,0.941932661427,1.07414771029,1.38271115389
2018-03-07,0.74243939476,0.857662902351,1.00371824775,1.08143755733,1.18454514298,1.05958958932,1.21207201787,1.02209413428,0.931491139722,1.06940600305,1.38634629024
2018-03-08,0.746931370535,0.860392098544,1.01205791849,1.09014205332,1.19297288262,1.06786450575,1.22299152491,1.03016408749,0.938309897205,1.0777888903,1.38882581609
2018-03-09,0.751169940086,0.866526922414,1.01885383101,1.09883446908,1.20734078078,1.07962750748,1.2429167787,1.04183310952,0.958336063795,1.0837247794,1.38859363951
2018-03-12,0.757656705517,0.877735205652,1.03452309577,1.11871848227,1.22672923255,1.08607266985,1.24563122862,1.04829996217,0.957155892841,1.08351104136,1.37632850406
2018-03-13,0.751262638244,0.867212157397,1.03136408089,1.10756728033,1.21003827722,1.07986830895,1.23065240107,1.04043750028,0.952745989125,1.07601194405,1.37841798916
2018-03-14,0.742543563553,0.860192891574,1.02821395355,1.10407252412,1.20670222587,1.06660768864,1.22415402095,1.03464010302,0.946679938548,1.06939307236,1.38593670067
2018-03-15,0.745337986662,0.857850574704,1.02808470491,1.10533130376,1.20002555202,1.0664561198,1.22635017384,1.03425718736,0.945242110991,1.07049628209,1.38215075164
2018-03-16,0.73336007002,0.847483811582,1.01451691867,1.09779231914,1.18617017334,1.05660698609,1.22076326251,1.03092360225,0.942355110305,1.06879202508,1.40216211703
2018-03-19,0.727241642883,0.843514972248,1.017253929,1.09971448953,1.19190368142,1.05999148001,1.21402009009,1.03134158314,0.943382304834,1.06849141044,1.41346598312
2018-03-20,0.730679568046,0.848953795131,1.02667829875,1.09815178552,1.18883951127,1.06106549043,1.20997147638,1.02941045912,0.940936442716,1.06897092617,1.40741836873
2018-03-21,0.72502140778,0.841808887079,1.0196274177,1.09263603264,1.1865285938,1.05776619198,1.2110665813,1.02999309226,0.938272621943,1.07127043006,1.42134453939
2018-03-22,0.719326921704,0.830131834443,1.01005252059,1.08167421644,1.17479893311,1.04934141785,1.20928211172,1.0279537626,0.933754514536,1.06589608105,1.42537750798
2018-03-23,0.695430907756,0.810586968936,0.969759382064,1.04514103859,1.11742334918,1.00869286145,1.16350417511,0.998933526623,0.893914531053,1.02574398465,1.41903480523
2018-03-26,0.685484589735,0.798366251589,0.968828530039,1.05087227116,1.13325606036,1.02897925116,1.18226670186,1.00658677445,0.898336127818,1.02757256575,1.44186007788
2018-03-27,0.70252007285,0.820363605336,0.990892051441,1.07481496161,1.15019345393,1.04913743736,1.1966720159,1.01221610709,0.903723329754,1.03327137299,1.41402375101
2018-03-28,0.692394091577,0.804337356522,0.984672366393,1.0618894763,1.13202291127,1.03502182784,1.17909826288,1.00053874248,0.893182898947,1.02609780095,1.42458822446
2018-03-29,0.69299113046,0.813234284603,0.996501209365,1.07344378316,1.145362269,1.04784986316,1.19921949542,1.01123023938,0.903719205051,1.03477883506,1.43541218675
2018-03-30,0.692594109228,0.813059449166,1.00110507258,1.08012874059,1.15361950421,1.0605340196,1.22408266836,1.02251604657,0.913391524231,1.04309123843,1.44776524884
2018-04-02,0.690105524016,0.817549654993,1.01261395457,1.09134833324,1.15480964946,1.05700092374,1.22027226637,1.02486151745,0.911505786807,1.038147248,1.44610522351
2018-04-03,0.683407466582,0.811337800696,1.00333813076,1.08422055824,1.14246170473,1.04422134712,1.21305413133,1.01088594601,0.904514743952,1.03137428849,1.45070638558
2018-04-04,0.673921178082,0.803913181557,0.994401926377,1.07527556298,1.14051123032,1.04018043575,1.21632631625,1.00966350845,0.899632342573,1.02752390651,1.46542759358
2018-04-09,0.670850740317,0.799051454211,0.99233124421,1.07527848909,1.14549320294,1.05010972069,1.21590575381,1.0072234503,0.898989555815,1.02805058022,1.47285532488
2018-04-10,0.674945449485,0.806272427235,1.00826552245,1.08443810997,1.15342092918,1.07091415706,1.2332904486,1.02917831208,0.914474638424,1.04377272365,1.48638998967
2018-04-11,0.674105749193,0.807331230184,1.0083248903,1.09624594681,1.15719916236,1.0738227277,1.23667864056,1.03021151733,0.917910007688,1.05266176399,1.50089769315
2018-04-12,0.665796417067,0.804788508049,0.997967572368,1.08650146771,1.14801758601,1.06748639831,1.22878301531,1.02086656756,0.915054449337,1.04300953944,1.50563617962
2018-04-13,0.6588128462,0.803199578483,0.996594887959,1.08193027813,1.14084036544,1.06169640443,1.22232541929,1.01789060928,0.910704404167,1.03761805896,1.51364600003
2018-04-16,0.654595581722,0.802413991605,0.989248064907,1.06683097695,1.12724796417,1.04522986467,1.2017229928,0.998986036937,0.896205686274,1.0272194224,1.5081660974
2018-04-17,0.632631987025,0.782650147234,0.965095227573,1.04809287888,1.11266665428,1.02499173777,1.18444335934,0.987953686103,0.890457794474,1.02053796617,1.54895974673
2018-04-18,0.639609332594,0.787404503002,0.98101215496,1.05702453232,1.12032067627,1.02419813796,1.19355098459,0.990492814498,0.895358085093,1.0224495852,1.5347775851
2018-04-19,0.643015225357,0.791003366445,0.987473097219,1.06025355225,1.13611021789,1.03174170489,1.21711846211,1.00599931874,0.905719025106,1.02425391917,1.52931340689
2018-04-20,0.636089040788,0.777322227166,0.970814513041,1.0397050253,1.10630278634,1.01292950742,1.20383686167,0.990531872669,0.888679050626,1.00586026587,1.51832271639
2018-04-23,0.634634568358,0.762018202209,0.964282340451,1.0314612796,1.09751044201,1.00499770381,1.1987317198,0.997344086902,0.888791466822,1.00664489384,1.52297886989
2018-04-24,0.648162309543,0.777968311699,0.987023358043,1.0567060743,1.12289976678,1.02641377782,1.22273512121,1.0182494494,0.903345357255,1.0209494703,1.51215712302
2018-04-25,0.64721111317,0.779098641244,0.984894286257,1.05464837894,1.11760215724,1.02563779611,1.2120618998,1.02542813091,0.902143886057,1.0193171427,1.51195856947
2018-04-26,0.635486099746,0.761693506743,0.965229919278,1.03849722187,1.09563217039,0.994232633686,1.19651046788,1.01203959426,0.885390236991,1.01412088303,1.53164189095
2018-04-27,0.638686460226,0.761810806962,0.971350915573,1.0394087813,1.10547722921,1.00106423244,1.20279879254,1.01956117928,0.895261510797,1.02168153172,1.53534737635
2018-05-02,0.637271662732,0.760751261161,0.96521088211,1.03865574423,1.1135605624,1.00084322188,1.21213351537,1.0132666754,0.89839643782,1.02153944823,1.53853490986
2018-05-03,0.642743899043,0.761932957314,0.972151615171,1.04604457207,1.12972716536,1.01495749404,1.22491301751,1.02282912631,0.906329454653,1.02720829564,1.53386136762
2018-05-04,0.638242822177,0.760585608411,0.967392932316,1.04246685734,1.13096559013,1.01079684415,1.22718472113,1.0251766461,0.905235593085,1.02322808192,1.53865947215
2018-05-07,0.645257193032,0.77754953582,0.983639871423,1.05892230475,1.15032914506,1.02719629705,1.24443638044,1.04016682107,0.916439109307,1.0351034225,1.5396067204
2018-05-08,0.646523475371,0.786300502295,0.991475221089,1.07041654394,1.16075653097,1.03770905462,1.25173256273,1.04801076402,0.921017371394,1.03881054024,1.54209927054
2018-05-09,0.64480193884,0.786592602684,0.987004823573,1.0652674971,1.15608445387,1.0343303951,1.24754712682,1.04633888766,0.919047238477,1.04367206885,1.55342237917
2018-05-10,0.648095634142,0.790870892831,0.988469917572,1.06760906392,1.15961043117,1.04013875767,1.25963143028,1.05456081765,0.924115882292,1.04794801543,1.55185178883
2018-05-11,0.640575498253,0.77857352098,0.977282161851,1.06148322014,1.15216665451,1.0399151897,1.26048918577,1.04932527102,0.922115256008,1.04409525731,1.56415325156
2018-05-14,0.640262746219,0.784689859134,0.972582491057,1.06641095192,1.16013157108,1.04648404428,1.26219824177,1.04982393959,0.925560718987,1.0435133372,1.56404515628
2018-05-15,0.641572312791,0.795934919857,0.981411545746,1.07232034226,1.16572208862,1.04914728726,1.28241853063,1.05984187344,0.931938786425,1.04957057761,1.56992487467
2018-05-16,0.636800667302,0.792065452131,0.982338074764,1.07141400315,1.15913504912,1.04579306847,1.27303325337,1.05231510291,0.926331329456,1.04446739562,1.57396784325
2018-05-17,0.631580538076,0.784649029571,0.971436058233,1.06654004412,1.14606616424,1.04438308129,1.2736543259,1.05156355316,0.923137867063,1.04332715769,1.58515204533
2018-05-18,0.636914865274,0.78834014646,0.979319832813,1.07653039458,1.15253357558,1.05095445339,1.28930567286,1.0660499638,0.929839525454,1.05418237658,1.5882564514
2018-05-21,0.640929185316,0.792608074836,0.98322221105,1.08666503265,1.16775656213,1.05835688285,1.30049951776,1.07691446527,0.936602100858,1.0665320235,1.59685233014
2018-05-22,0.639940699344,0.793008318572,0.98441954571,1.09077298616,1.16871871107,1.05857007941,1.2940536656,1.07268342492,0.932555151274,1.06221722124,1.59285482174
2018-05-23,0.63282962355,0.783209826531,0.969007887699,1.07872655096,1.15328201638,1.04317552184,1.28283764498,1.06048208079,0.918123396287,1.05621419847,1.6015528885
2018-05-24,0.629407062752,0.778274143587,0.961914844405,1.07595163902,1.14648684633,1.03640071098,1.27364955429,1.05364440668,0.911772595409,1.05243559599,1.60448508904
2018-05-25,0.624338105879,0.770995835809,0.957743142717,1.07043232232,1.1377132557,1.0291641485,1.26929001647,1.04650160732,0.907234047279,1.0503877892,1.61428490581
2018-05-28,0.625697982919,0.773330172096,0.962595451614,1.06936105017,1.13389905582,1.02612263545,1.2646367,1.03864307526,0.901294614712,1.04561226196,1.60342956299
2018-05-29,0.614936476061,0.761572973454,0.948566995504,1.06668690937,1.13354841179,1.01713286881,1.25873668821,1.03187622226,0.896225109303,1.0411848917,1.62421797315
2018-05-30,0.598986760835,0.742867302257,0.91767475442,1.03572142069,1.11117611404,0.994995059828,1.23118543501,1.00898593796,0.869875222715,1.00936583355,1.61670879967
2018-05-31,0.613625392461,0.756912278771,0.934641808258,1.05854782585,1.13203839307,1.01615303311,1.24965268523,1.01875233373,0.879263831761,1.02091051251,1.5956892676
2018-06-01,0.608111200401,0.751188333418,0.920844857256,1.05335270763,1.1256993104,1.00971848024,1.23744511082,1.01207624302,0.87874157854,1.01427648993,1.5996595154
2018-06-04,0.607121181528,0.748038178856,0.9187385455,1.05034484992,1.124451605,1.01125082492,1.23287717288,1.00514900603,0.882431932946,1.0173472603,1.60710684284
2018-06-05,0.612158051563,0.758270116996,0.929699182802,1.06090206843,1.14443403765,1.02574424521,1.24276666722,1.0162734284,0.887825175273,1.02038249195,1.59856853985
2018-06-06,0.611668006047,0.763159793491,0.929754312202,1.06000896197,1.1475576741,1.02681166895,1.23920983471,1.01417062601,0.886461312349,1.02325042196,1.60434123197
2018-06-07,0.605734602337,0.759527223296,0.931364217431,1.05232053478,1.14542576329,1.02669035199,1.23775698413,1.01098487765,0.889992908231,1.02341256078,1.62015814497
2018-06-08,0.596797697742,0.751684757635,0.918114860098,1.03864670847,1.13361591291,1.00829804991,1.21536716791,0.992848436324,0.87228025427,1.00761188364,1.61904772577
2018-06-11,0.591748637389,0.74680271785,0.911058059263,1.04138934914,1.12948723147,1.00857380887,1.21433020492,0.99113935632,0.870784389985,1.00773944113,1.63295024296
2018-06-12,0.594241285423,0.751821305451,0.926101253938,1.05300744389,1.1348400608,1.01718312152,1.23789817285,1.00391993695,0.877047005062,1.01406208172,1.63631696184
2018-06-13,0.585339056491,0.742149581975,0.918974975803,1.03719762813,1.11367292728,1.00203857476,1.22424956339,0.992230832493,0.866440833872,1.00469947343,1.64572260316
2018-06-14,0.580885948114,0.736985479936,0.913575246558,1.03375989506,1.11140263367,0.996425080192,1.2228820323,0.995267325226,0.8677236333,1.00591019347,1.6602260251
2018-06-15,0.573772032729,0.736005716772,0.90006611099,1.02833702085,1.09398307741,0.985895357902,1.21737561424,0.988198004608,0.855987077321,0.996949087513,1.66576820715
2018-06-19,0.557331599723,0.710153725424,0.862948656051,0.98177296838,1.02479413567,0.931535754442,1.15784129733,0.929158774953,0.799837507196,0.943798386004,1.62469018534
2018-06-20,0.54585449676,0.713296501846,0.875415430056,0.994191055015,1.03273598706,0.94574366504,1.16747980348,0.933329709809,0.807876748417,0.945598514503,1.66124616177
2018-06-21,0.540397108957,0.702800078722,0.858867067118,0.980240530275,1.0144779818,0.928846844389,1.14209915708,0.914085258196,0.790313176292,0.935900391099,1.66081724679
2018-06-22,0.547679565914,0.71155322107,0.878670915956,0.993048090421,1.02913386826,0.934173756941,1.15302828097,0.924580505371,0.791131907967,0.935988715117,1.63859260904
2018-06-25,0.537162928275,0.698702142691,0.870263749892,0.98445304046,1.01453744339,0.925820653951,1.14845968665,0.919018106186,0.779318662154,0.924287247703,1.6495719239
2018-06-26,0.535955381945,0.702337274416,0.872897734934,0.989653481323,1.0192044877,0.927687858737,1.14139046423,0.908624398298,0.772092739094,0.911505565732,1.63046875503
2018-06-27,0.531807486965,0.693497318391,0.8659163656,0.978419961933,1.00389477973,0.917009127276,1.12339947935,0.896128157443,0.751647482835,0.900920858397,1.62415381908
2018-06-28,0.525489203364,0.690143636703,0.861432051198,0.972434789553,0.99443071507,0.906827416489,1.11778721844,0.8832442385,0.744161147805,0.893470264616,1.63001830767
2018-06-29,0.53721588117,0.708018203121,0.886722207244,0.998308325129,1.02595895888,0.934105893169,1.15120131884,0.902712269333,0.760873024103,0.90780571412,1.61979638238
2018-07-02,0.521411244341,0.684197695355,0.870961810859,0.974382691672,1.00650654099,0.910447578488,1.12469534323,0.879496128744,0.743509690825,0.890499782938,1.63657107769
2018-07-03,0.528657374523,0.69306414237,0.874055342937,0.981089983477,1.00930310638,0.914194294883,1.13041843166,0.881028195841,0.746905920424,0.89311247363,1.61862903822
2018-07-04,0.525305081504,0.680378327514,0.862000083674,0.962039039968,0.990865222694,0.903174462284,1.10857175712,0.871574141157,0.739311020606,0.883612620721,1.61167597675
2018-07-05,0.513678122435,0.668137739338,0.847061018366,0.948590000919,0.97400873418,0.886465080104,1.08749773169,0.861062605052,0.726870405243,0.879488109436,1.63982541975
2018-07-06,0.509637003217,0.667381483562,0.852464319549,0.942468063199,0.982439732712,0.891032329927,1.09847443248,0.868750801499,0.728723893196,0.882273529895,1.65791944848
2018-07-09,0.519124824395,0.685407551494,0.87380138567,0.966266207701,1.01057626514,0.91595828924,1.12882591267,0.89176678304,0.74871326586,0.899095018136,1.65866426491
2018-07-10,0.52442788573,0.691783213529,0.8749232081,0.973026510437,1.01738669233,0.922400184862,1.13646086043,0.896971972577,0.751503986722,0.901260454212,1.64571519606
2018-07-11,0.514840887091,0.677788768408,0.853160826265,0.949210141649,0.995945808767,0.898399141567,1.11638938948,0.879209705531,0.734090539162,0.88705789143,1.64986620955
2018-07-12,0.527398617225,0.69482959542,0.876138000443,0.972566283232,1.02626650347,0.9253734919,1.14901734287,0.903451526444,0.75112884639,0.903833869655,1.64082569133
2018-07-13,0.527908121231,0.696770905528,0.878030963126,0.975875321303,1.02613768102,0.931027900513,1.15484577519,0.903839774994,0.755217288096,0.906316604458,1.64374771116
2018-07-16,0.530565095784,0.697707321573,0.878688326966,0.969392291108,1.02279707404,0.933736624882,1.14584767378,0.902471252773,0.75079027896,0.899063006449,1.62231914765
2018-07-17,0.532497437842,0.693267070571,0.875634832524,0.968553366819,1.0224093948,0.932777536907,1.13715062372,0.901080661423,0.74777781762,0.895017954491,1.60911147192
2018-07-18,0.527843387195,0.684912733611,0.869544852517,0.96225644697,1.0135155651,0.934737072456,1.13475934031,0.899240075293,0.745805561851,0.896951881085,1.62665209317
2018-07-19,0.525583897475,0.680444192726,0.858967990384,0.957520810201,1.00904399335,0.931638439647,1.1266607118,0.893081008963,0.744448121318,0.893955981978,1.62818198759
2018-07-20,0.527131372405,0.687581691894,0.872153717821,0.97351222239,1.03040453899,0.950851203028,1.1514626886,0.910352644332,0.761433530456,0.910301634707,1.65315883898
2018-07-23,0.534564592558,0.70109151511,0.884616084809,0.989651766281,1.05065347674,0.965122659763,1.1702657762,0.918330959353,0.768776015262,0.920001800553,1.64746325041
2018-07-24,0.540979978589,0.719649999028,0.902483280903,1.00850312663,1.08204387955,0.979209105933,1.18870573259,0.932968365716,0.78759275251,0.935397469105,1.65526110049
2018-07-25,0.537231867946,0.717690098345,0.896326463662,1.00538896079,1.08208503171,0.981770568659,1.18968940798,0.930073148853,0.791265249745,0.935984049346,1.66776736642
2018-07-26,0.528630357754,0.708136825466,0.884155192543,0.990270069114,1.06731670135,0.975307389156,1.19079646098,0.924267416544,0.785827902521,0.934520373258,1.69186162407
2018-07-27,0.520969624592,0.699714690078,0.881818147334,0.983406062811,1.06215274675,0.972762513264,1.18938895283,0.921524058922,0.781988311567,0.933898483074,1.71525363916
2018-07-30,0.514296682369,0.69286693706,0.874323399777,0.980428189726,1.05822632542,0.969377111096,1.18327428563,0.908368617711,0.77813193024,0.9370048927,1.74292922096
2018-07-31,0.51187943028,0.692520886147,0.87872315036,0.983752524254,1.06123274836,0.969745462589,1.18617404656,0.913444632888,0.780096717092,0.939635855142,1.75601505504
2018-08-01,0.500880863157,0.676866459211,0.859829002881,0.960261440021,1.03749134951,0.95163720243,1.16683894975,0.898851141455,0.769052818123,0.929842172418,1.77544323185
2018-08-02,0.492631625826,0.659785597275,0.841572681398,0.935852893801,1.01693219095,0.926465701139,1.1379165981,0.876243897495,0.749618562541,0.908912537436,1.76472071982
2018-08-03,0.476607877823,0.64094971458,0.828621880023,0.922579065795,0.997167657647,0.9138199395,1.12400563636,0.872776065378,0.74005680355,0.907126056558,1.81865291654
2018-08-06,0.462919225151,0.628593875709,0.814410877632,0.898338679263,0.977474628199,0.89365761006,1.10102664503,0.853626039773,0.732345915351,0.896347089983,1.84927621271
2018-08-07,0.475021300681,0.648491990585,0.845421562087,0.931295529828,1.0037365523,0.921310349403,1.13092731923,0.879493782495,0.752273195692,0.920284104627,1.85031572828
2018-08-08,0.469528351427,0.633772839431,0.826023747121,0.919939516656,0.988535493108,0.908354036841,1.11190841787,0.866759125848,0.744682193759,0.906213943302,1.84342265993
2018-08-09,0.477206041289,0.6487657188,0.850972197506,0.94248943942,1.0273433785,0.928242782436,1.139851656,0.883954919941,0.757820338045,0.920018529689,1.84136048477
2018-08-10,0.480061319549,0.65457326722,0.853467683264,0.948025892322,1.03218910637,0.931985620695,1.14721657893,0.885991118914,0.759304120807,0.919751493215,1.8298085717
2018-08-13,0.483086962642,0.660893194481,0.858142745774,0.950493594477,1.03293626184,0.92724244958,1.14330632194,0.878690722594,0.754676236737,0.916451566334,1.81171091565
2018-08-14,0.47954761295,0.654982919665,0.85362826677,0.942543178844,1.02583887653,0.924094148632,1.14178502004,0.8800855103,0.754103332473,0.919128567989,1.83027656441
2018-08-15,0.467734127145,0.640633957609,0.833991898934,0.920218948061,0.999469097381,0.901514511815,1.11309792166,0.861803342286,0.739459127699,0.899511218122,1.8363004131
2018-08-16,0.458086422994,0.637042196511,0.832361378375,0.911604676686,0.992233208548,0.893809875464,1.10888425156,0.857226682228,0.739137495781,0.894692223591,1.86433910915
2018-08-17,0.452678625411,0.625295111848,0.81606876502,0.896321549298,0.975259651111,0.874787408718,1.09289454042,0.8464271389,0.728522222023,0.883301160437,1.86261155206
2018-08-20,0.452586846993,0.63069902469,0.824209297431,0.907940268144,0.981810754179,0.88040501972,1.10800503321,0.85077414746,0.733703025381,0.892415538825,1.88220861949
2018-08-21,0.456059818999,0.63887336392,0.836504485943,0.919559388512,0.99638523797,0.894815954665,1.12943853658,0.864530766642,0.749455902004,0.903902153324,1.89199190866
2018-08-22,0.451779049029,0.632851387284,0.829072214562,0.909446527893,0.988558730314,0.886953770564,1.12056616578,0.860270697358,0.744156493345,0.897940845241,1.89727310312
2018-08-23,0.451499252297,0.634676486086,0.831653363991,0.917109694913,0.996297843826,0.89134168839,1.12339288995,0.862463982514,0.750010042053,0.901465715767,1.90589587967
2018-08-24,0.45077527772,0.633149685918,0.829633383803,0.92085906477,0.996984668664,0.892415851919,1.12155260223,0.862011111126,0.751590419193,0.908278115719,1.92335486975
2018-08-27,0.460174425457,0.653137232405,0.850745503239,0.943213295251,1.02380514673,0.916821769128,1.14747350708,0.879939005907,0.770062943733,0.923785083563,1.9160881603
2018-08-28,0.458023532815,0.654041420881,0.854683797972,0.945750727873,1.02534737159,0.918933925902,1.14765928609,0.884041896279,0.770090424768,0.92579872325,1.92922074488
2018-08-29,0.455814589321,0.64961490306,0.854855406029,0.938297396142,1.02309413079,0.917002789203,1.14135723655,0.885054893845,0.767619800599,0.923008259938,1.93271004633
2018-08-30,0.447903444605,0.641522627163,0.844861647088,0.927131564242,1.00865974867,0.909252447222,1.12797131184,0.875705057418,0.759292754159,0.913389856095,1.9461140591
2018-08-31,0.440230824162,0.629124721284,0.835921214114,0.919448864897,1.00912389787,0.903435089602,1.1268595692,0.875723601428,0.760550445646,0.91580697882,1.984601185
2018-09-03,0.436770501947,0.623344320344,0.828891809376,0.915712961365,1.01950270365,0.900061380035,1.12410294405,0.872767904723,0.758573347569,0.914795702724,1.99800914919
2018-09-04,0.443148732424,0.629973281076,0.839662982845,0.923902789476,1.03790359384,0.913903710251,1.13268192696,0.881676906095,0.765946587585,0.923791974828,1.98848069335
2018-09-05,0.436266979507,0.621781266166,0.823180658119,0.90588041546,1.01814358972,0.901389025669,1.1132152661,0.871593766118,0.754614666969,0.914387971065,1.99911793584
2018-09-06,0.431519368868,0.616492338519,0.812179116549,0.895578802451,1.00591787494,0.89665788386,1.10420437021,0.871502789104,0.751869113336,0.911555871097,2.01468124612
2018-09-07,0.429459667331,0.61725885605,0.811990986648,0.903695422169,1.00763997285,0.901677644232,1.1102264022,0.871793990839,0.755327591244,0.911128542336,2.02335313443
2018-09-10,0.421499893458,0.604922879378,0.797223140622,0.881204217271,0.990538947464,0.884862378161,1.0935775426,0.853255202221,0.742624007836,0.901319142778,2.03907091377
2018-09-11,0.421709234618,0.606122387483,0.798246630258,0.878174988541,0.994694337268,0.880567653648,1.09255549087,0.851886733459,0.744113862992,0.90324507772,2.04241527166
2018-09-12,0.419560069188,0.602575621849,0.79877733203,0.870969443078,0.992148464541,0.874729436219,1.09152277355,0.853709128428,0.746499155728,0.905886352367,2.05879651747
2018-09-13,0.423146134919,0.609080638384,0.804868485364,0.877594686953,1.00067069528,0.881220141803,1.10247985382,0.864172527167,0.752634544654,0.915556477441,2.06317673412
2018-09-14,0.422081993793,0.608821251053,0.799551744897,0.870693380989,0.999493448263,0.877142123898,1.10502300287,0.865074659331,0.750983300254,0.914406206051,2.06577317631
2018-09-17,0.412968194763,0.60241915952,0.785158190791,0.85496799306,0.986431788771,0.863223793821,1.08598427122,0.855079905787,0.743628715647,0.904322026968,2.08759676287
2018-09-18,0.420974943473,0.611171127949,0.801493713596,0.874276015837,1.01191532246,0.88243207678,1.11296429669,0.86800672357,0.758874564651,0.917710020446,2.07802755279
2018-09-19,0.42512929699,0.616241765539,0.812559214465,0.888424984844,1.02076762511,0.896472976104,1.13327658099,0.885093579974,0.770549697902,0.924931502466,2.07387277237
2018-09-20,0.423331295396,0.614548531905,0.812488134213,0.88727555067,1.01950508886,0.895942898398,1.13361246264,0.884270676757,0.769463812521,0.924334141889,2.0813044172
2018-09-21,0.434247074628,0.629039746423,0.835723914525,0.912413590895,1.04424340704,0.923581465779,1.16093838039,0.903097560884,0.788479801255,0.942696350098,2.06898290044
2018-09-25,0.431158304545,0.623009230172,0.826617186427,0.902377504564,1.03770750757,0.916861422102,1.15217357324,0.899604539008,0.784382291483,0.942748884951,2.0838147368
2018-09-26,0.433464954389,0.629212157475,0.83158786915,0.912353281268,1.04602693603,0.926274164339,1.15945622625,0.909185818793,0.789737661721,0.951470924264,2.09194540522
2018-09-27,0.428044115647,0.621167108821,0.826501939697,0.91092612332,1.03647527888,0.917012663408,1.15161640407,0.905907340681,0.783990812655,0.947301095002,2.10893894924
2018-09-28,0.430993797583,0.628465521854,0.833069750135,0.920122965421,1.04742445253,0.930270961206,1.16164762723,0.919793522328,0.79014724751,0.957216057378,2.11647939193
2018-10-08,0.416070770065,0.601933449275,0.792890250016,0.882662807113,1.00309919192,0.887620129627,1.11565240529,0.883785336661,0.768720464783,0.932679986165,2.13551067117
2018-10-09,0.411657334788,0.599326336389,0.786399805923,0.883507876307,1.0031377375,0.885721370681,1.11323584274,0.885438294198,0.770563826107,0.933147358217,2.15923303723
2018-10-10,0.411309217538,0.597083849334,0.781570847363,0.886079726429,0.99444697084,0.878059279294,1.1207250227,0.886936154768,0.773879512325,0.93813978283,2.17261108489
2018-10-11,0.391931230335,0.56273866641,0.73726649596,0.823288091271,0.931636386513,0.823233411217,1.05040303815,0.82994697821,0.720119766422,0.87115198061,2.11983404958
2018-10-12,0.398532217222,0.571005087053,0.742321432669,0.827198040593,0.933843757718,0.810823591523,1.04750392448,0.826613511272,0.716136524466,0.876280762556,2.09661158381
2018-10-15,0.391476869808,0.561893138916,0.732423554766,0.815608536857,0.918489565682,0.79778903278,1.02779234844,0.817463102935,0.697094901873,0.85717964532,2.08802677316
2018-10-16,0.386503984482,0.54904509687,0.714508198367,0.791920663008,0.902411344784,0.78946722997,1.00802660674,0.803226976804,0.68955078894,0.84568032218,2.08653922726
2018-10-17,0.388774584086,0.550623970074,0.717409973505,0.795382558285,0.914337345903,0.799878495008,1.02301440687,0.808780898456,0.695038707136,0.852935434056,2.09218188052
2018-10-18,0.380546263322,0.539825972062,0.706329240037,0.775805241079,0.893067325749,0.779921932186,0.999569884121,0.784134061409,0.677583123244,0.823678700563,2.06469799847
2018-10-19,0.391460309062,0.557976871859,0.727796059138,0.797261861753,0.921614511092,0.804959198125,1.02238039431,0.802909543932,0.697735336467,0.842774699983,2.05335011265
2018-10-22,0.409034736187,0.586448630875,0.767038017981,0.843246015905,0.966835354791,0.84239997034,1.07645430943,0.850185089241,0.733719641566,0.883564185229,2.06054609299
2018-10-23,0.409032379698,0.570874563433,0.749132004703,0.818873401393,0.948277092705,0.826710330104,1.05500622784,0.82734692557,0.71957441409,0.865214732546,2.01776549497
2018-10-24,0.405285646189,0.567343120317,0.7502016496,0.816273365886,0.947822807473,0.826077398069,1.05990603144,0.827133021363,0.726142938392,0.874688676759,2.05834237744
2018-10-25,0.411060637134,0.572457576653,0.758207397247,0.819201764038,0.950682249559,0.82050576806,1.06065163529,0.827229132756,0.724392170767,0.87204854014,2.02279982717
2018-10-26,0.408146458412,0.567747717053,0.75260665715,0.813387660408,0.946329481324,0.819525529101,1.06360584028,0.824622098848,0.725487606045,0.873168121533,2.03973726695
2018-10-29,0.397669048653,0.554941978444,0.74212889017,0.798531060867,0.925832346026,0.801390782039,1.04435415756,0.807474138543,0.70912339989,0.86186610105,2.06569703887
2018-10-30,0.399931081497,0.56632149573,0.756671416513,0.819343246439,0.943751181807,0.816705916472,1.04242607046,0.817991152099,0.714247417982,0.870373674809,2.07433759939
2018-10-31,0.40117050557,0.573613944071,0.768560928745,0.834094302551,0.961142016553,0.827829342557,1.05538136362,0.827401211893,0.727029318586,0.881676528659,2.09484681206
2018-11-01,0.407052086945,0.579350395368,0.776543022473,0.845686624503,0.972904986858,0.833922962687,1.06530710262,0.83113120811,0.727891070967,0.881596946784,2.06394507038
2018-11-02,0.419966584968,0.607576786014,0.814472147312,0.878064245928,1.00792841958,0.860030378186,1.1057876997,0.856686357084,0.743303586062,0.896842567519,2.03415469366
2018-11-05,0.420874491583,0.602892246184,0.808575016099,0.87627393351,1.0106431618,0.859996798169,1.113182586,0.857403844901,0.740926891697,0.890258584154,2.01482382333
2018-11-06,0.417043581066,0.599231310323,0.802880044668,0.870442899168,1.01275999038,0.854391989564,1.11327154419,0.857551160193,0.741069014827,0.887284295463,2.02643190191
2018-11-07,0.414621629848,0.593691407462,0.797571318768,0.869527755553,1.00924288914,0.849485333971,1.10220969218,0.852979654921,0.732620972162,0.88599628332,2.03525862476
2018-11-08,0.41018804034,0.586882717884,0.78891673091,0.862821231464,1.00406513386,0.843113958743,1.09384753851,0.850293022616,0.728516897159,0.886052949725,2.05715201438
2018-11-09,0.405949263336,0.580873853405,0.790419701097,0.855494519646,0.995021372952,0.832810144354,1.08704198039,0.842180784511,0.721920946203,0.881891255442,2.06874787152
2018-11-12,0.414805597026,0.593671157693,0.810592602173,0.872766251729,1.01240833321,0.853262091338,1.10467215883,0.85725851818,0.730860713131,0.894448875584,2.05307310146
2018-11-13,0.421327177979,0.601670151096,0.82515156463,0.88255030536,1.03014887194,0.862758181231,1.12538530173,0.864531177193,0.737560587957,0.90141501101,2.03678436772
2018-11-14,0.4194622196,0.595950752964,0.817424453022,0.876962231679,1.02384785734,0.854392494413,1.11802996793,0.859155048226,0.733464560151,0.899706123543,2.04193866788
2018-11-15,0.427062862577,0.603305997365,0.832329982254,0.895282886867,1.04354466415,0.866926781977,1.13271156612,0.867701714874,0.741454691207,0.910071584539,2.02846385432
2018-11-16,0.426112430668,0.60597675067,0.845201112506,0.903727427783,1.05692066056,0.876424692587,1.14320756925,0.877604147705,0.746759311143,0.913633676342,2.04091778445
2018-11-19,0.427218215925,0.610328827,0.859764072804,0.916962492385,1.07202788619,0.88576687224,1.15011051727,0.886123582526,0.753793888187,0.92038877696,2.05071135103
2018-11-20,0.417296283681,0.593215392417,0.83519665923,0.892684172355,1.03317206414,0.859038460521,1.11611798937,0.865707664595,0.735916878004,0.905436651487,2.06502339124
2018-11-21,0.418056133534,0.598702229904,0.83626533455,0.898658002544,1.03622366366,0.861683684693,1.12133363779,0.863026961352,0.736459946902,0.906250659887,2.06311971822
2018-11-22,0.416221256884,0.595369247193,0.832204536238,0.895971887671,1.03262468599,0.861365962722,1.11800716644,0.864014824798,0.738473686702,0.904026963578,2.06711254721
2018-11-23,0.403118756158,0.57329275303,0.808116083817,0.86378118961,0.998787532657,0.832408039259,1.08517641188,0.83706185514,0.718668635161,0.882897393648,2.08387048816
2018-11-26,0.398574198908,0.571370549727,0.80782615717,0.859348115351,0.994092651346,0.834720674009,1.08199795372,0.835423398837,0.716169579229,0.8818111673,2.10479921113
2018-11-27,0.398212033282,0.572908086591,0.811147510709,0.865917012759,0.99966183409,0.837032126053,1.08415355115,0.835932842689,0.714750089634,0.878684283385,2.09924816928
2018-11-28,0.401952510505,0.588377142094,0.827963251298,0.880330418645,1.01616826054,0.854323546159,1.10304476595,0.8413551247,0.72421040148,0.883872731204,2.09192517734
2018-11-29,0.394998459381,0.572755619064,0.809806961179,0.861460741087,0.99406172954,0.834023532722,1.0845162855,0.833106809602,0.718553522126,0.878387340281,2.1151342328
2018-11-30,0.400545694811,0.581128295134,0.821449105454,0.87121895086,1.00824311336,0.842115517072,1.09348640492,0.84009631511,0.722303790427,0.885808126747,2.10329900979
2018-12-03,0.409370639219,0.59643548956,0.845466763345,0.902080256084,1.0404347756,0.867065831088,1.1270902562,0.865142082299,0.742978303775,0.908207831149,2.11014526053
2018-12-04,0.41146893297,0.597725107196,0.846506515658,0.906939621529,1.04480387137,0.867596363943,1.12799421617,0.868100254025,0.745678134675,0.911698483795,2.10743961905
2018-12-05,0.409068881267,0.59319555248,0.841053599634,0.90087862015,1.04427136892,0.863842393958,1.12266275332,0.864824373845,0.741497100295,0.908558797014,2.11247452249
2018-12-06,0.400239768463,0.576734575676,0.816704974011,0.880772871538,1.02019098122,0.846187790841,1.09926186903,0.848669782571,0.72911434212,0.897011162429,2.13121977749
2018-12-07,0.399514787264,0.577917842077,0.81754689087,0.881220856384,1.02360217904,0.850290167677,1.09701160296,0.85354078191,0.733996216232,0.901771014747,2.14638919041
2018-12-10,0.393272770184,0.570241105148,0.811107874506,0.869064873001,1.00834112051,0.840786176219,1.0830223769,0.842845699737,0.727457579812,0.894301869273,2.16214635573
2018-12-11,0.394138008365,0.569276040208,0.815215597788,0.875774162373,1.01824846792,0.847449424711,1.09424560311,0.851202601836,0.731624387611,0.896149912037,2.16185742232
2018-12-12,0.393767932486,0.572519637815,0.817213029201,0.877541979914,1.01963540923,0.848802118787,1.09737609088,0.854040095127,0.734708412811,0.899540312291,2.17206624456
2018-12-13,0.395762241887,0.581594467624,0.826830945937,0.888664379406,1.03762147609,0.860813921084,1.11516020461,0.867791937146,0.743074265073,0.907316418515,2.1798419186
2018-12-14,0.386912220886,0.568781861545,0.806063312473,0.869656294934,1.01296173729,0.842568198763,1.09698999328,0.852356557377,0.733467026787,0.896527696458,2.20266739122
2018-12-17,0.384667134954,0.567083417902,0.803709346825,0.861924569224,1.00945395592,0.842643674199,1.09975021122,0.855587223293,0.736907712484,0.900447435985,2.22507888459
2018-12-18,0.379122266178,0.559392342967,0.794326070737,0.850032365515,1.00088501655,0.8389584434,1.08825834905,0.847666274715,0.7334778787,0.894709269098,2.24297329484
2018-12-19,0.370255072071,0.549823402368,0.782086733647,0.837802671702,0.988295112683,0.833219875508,1.07635621478,0.841400541971,0.729932505857,0.886475603004,2.27479240329
2018-12-20,0.370166749303,0.551482881756,0.781983460561,0.839523836187,0.988316250132,0.835844034868,1.0735928415,0.836399172051,0.723535886103,0.877823756498,2.25313347018
2018-12-21,0.367419402481,0.544822867475,0.774510337842,0.824979080331,0.977176257561,0.823646180215,1.06346190637,0.831709986196,0.718548924794,0.873402198351,2.25850710904
2018-12-24,0.36750500555,0.548879953626,0.780290518064,0.829214778761,0.981573687951,0.823664405224,1.07264457938,0.835155517543,0.72152643085,0.876335303943,2.26556555
2018-12-25,0.365402999016,0.546790641189,0.774614520621,0.82237438241,0.971141212077,0.814865901739,1.05313331611,0.816692840688,0.710260465981,0.866037119844,2.25190022024
2018-12-26,0.363818729376,0.542587268988,0.770714728299,0.819167222355,0.968056634496,0.807934509671,1.04909260186,0.81402849549,0.7095227831,0.865379734139,2.25995437638
2018-12-27,0.361490960624,0.54210179487,0.764335777362,0.810059421047,0.959052948638,0.801535539119,1.04261897657,0.807585718875,0.707744641535,0.868609257371,2.28284787223
2018-12-28,0.363471125721,0.540880321048,0.769188478056,0.815009285431,0.964387596798,0.809547604557,1.04941146735,0.814542099745,0.71198120158,0.873351920253,2.2828074493
2019-01-02,0.357639435821,0.530991490649,0.755876664427,0.798573848883,0.946000580736,0.799171765573,1.04115949537,0.809158307941,0.711374802449,0.865717966803,2.29947983271
2019-01-03,0.357001533983,0.531633991474,0.74210379192,0.794205329588,0.943468079353,0.79470824768,1.03836903723,0.803165629853,0.711769329032,0.867619816112,2.30863289247
2019-01-04,0.362339586246,0.551435904499,0.769043787742,0.818811917471,0.978476500696,0.819267225023,1.0653707234,0.822181797123,0.725234599875,0.883139345472,2.31540876171
2019-01-07,0.365793713231,0.55584727023,0.778172330734,0.823276933427,0.992578302049,0.830454360483,1.08193279867,0.835045245717,0.735376174702,0.886837325842,2.30303166961
2019-01-08,0.364318491468,0.554009789652,0.775868055957,0.818867373774,0.992353033792,0.831997215961,1.08154575542,0.83145146825,0.735050407725,0.884385350219,2.3059520974
2019-01-09,0.365415131643,0.556710094431,0.778356385101,0.825862014831,0.995993475923,0.83686137566,1.0909077885,0.839146569723,0.737461292671,0.892035235086,2.31895727823
2019-01-10,0.363551494836,0.557784065079,0.774938818191,0.821912682608,0.987677596624,0.828984125627,1.08729479555,0.837286856323,0.73422673637,0.889800525253,2.32497467695
2019-01-11,0.364568273834,0.558399791752,0.777868095696,0.828624470002,0.993658550872,0.836162315034,1.09516922011,0.843848468586,0.739353332472,0.895479823211,2.33331173207
2019-01-14,0.364084627895,0.555149234836,0.768679239976,0.821311493721,0.988374981735,0.826284522592,1.087998588,0.84144593806,0.732625955713,0.891586664699,2.32626293624
2019-01-15,0.367894178377,0.563664234733,0.782262971886,0.836718738489,1.00424466299,0.842253203015,1.11261116485,0.848379852546,0.742613467853,0.89851308328,2.31999430371
2019-01-16,0.366699133778,0.564496057439,0.782410624042,0.833347896607,1.00364783041,0.839788140911,1.11530281972,0.846427830405,0.739320609596,0.896464469148,2.32224083099
2019-01-17,0.36624503769,0.560790113523,0.777755131708,0.82709767421,0.998181791844,0.833502633306,1.10645719767,0.837565247713,0.737836514334,0.895857180238,2.32354339349
2019-01-18,0.371287170409,0.571913100743,0.78829782241,0.841184292827,1.00949832379,0.848463378557,1.12534692099,0.85215922676,0.748683408695,0.907276555716,2.32117284183
2019-01-21,0.370645234943,0.57611142814,0.797009430934,0.843162110973,1.01163833198,0.854427826784,1.13304161815,0.862361502323,0.750702168257,0.912145762922,2.33764338526
2019-01-22,0.364384136464,0.56677642252,0.786211123497,0.827817156717,0.997373334293,0.841719850217,1.11827038161,0.854151589649,0.743034795538,0.904991576144,2.35879714094
2019-01-23,0.360873751569,0.567248653542,0.788082341637,0.826759720278,0.999402576271,0.840721055976,1.11687658418,0.854639054442,0.741696459965,0.902808475417,2.37583109876
2019-01-24,0.360787143272,0.572155504547,0.79155773673,0.830694928242,1.00629755112,0.84694127291,1.12491702667,0.854689110235,0.743538941425,0.904903324854,2.38191409548
2019-01-25,0.360258876563,0.576632760568,0.793303681645,0.835247649224,1.00784688476,0.848985915336,1.13116224845,0.857845968201,0.745980273789,0.90842840797,2.39468053961
2019-01-28,0.361066520037,0.575605536663,0.792196301896,0.83092560742,1.0055250983,0.85087686707,1.13617939655,0.851301428054,0.744289451379,0.90875248442,2.39016633233
2019-01-29,0.356782654337,0.571610173666,0.790735615624,0.825089540824,1.00124274056,0.847886256973,1.13466446504,0.849698168588,0.744824925924,0.908204287898,2.41708256193
2019-01-30,0.353437588544,0.565252044736,0.782360184781,0.81530080607,0.993220732895,0.840715144831,1.12210589044,0.845745975683,0.740959178819,0.904475117295,2.42981949433
2019-01-31,0.35120018073,0.564354269002,0.782564681401,0.815495874134,0.996016542896,0.843993271995,1.12489956845,0.843083695553,0.739477119099,0.906722854053,2.45123968169
2019-02-01,0.355162651676,0.574679756512,0.804279513476,0.839854641503,1.02347114766,0.863777376375,1.15029782026,0.859515018204,0.753677700244,0.920137016209,2.45984710843
2019-02-11,0.36216629485,0.586188561046,0.83205498147,0.863997119866,1.04881448982,0.880410279517,1.17603966424,0.879516958705,0.767062162111,0.927619707953,2.43134390586
2019-02-12,0.365919889116,0.594124046686,0.847053299158,0.875495837914,1.06414082449,0.889544899055,1.1932415475,0.886305312314,0.778740483309,0.933592721571,2.4218003753
2019-02-13,0.371010815984,0.605634792935,0.868351903598,0.896600990332,1.09652338922,0.905966767709,1.23072471097,0.904632144177,0.796431656669,0.947901035619,2.42522333736
2019-02-14,0.371096402201,0.607441829849,0.868343458449,0.904358492106,1.098803153,0.909261353075,1.23018252514,0.904617418549,0.799194740929,0.953426006382,2.43879962316
2019-02-15,0.366027531321,0.600603856442,0.861793352545,0.895168866381,1.08714628806,0.897730722846,1.21642369812,0.894259676225,0.787250387414,0.940993717857,2.440310657
2019-02-18,0.380516126375,0.628306943338,0.89733576442,0.926854088832,1.13217429331,0.928798186222,1.26092780911,0.925818252636,0.804465723586,0.959712148612,2.39225812771
2019-02-19,0.379471132363,0.627254067478,0.895235830435,0.926988267426,1.13197066608,0.929319838883,1.2667107411,0.92268241228,0.804880095376,0.959460520813,2.39820064832
2019-02-20,0.379654518805,0.627252447364,0.900138995416,0.928029272709,1.14080693749,0.93144196068,1.26923962493,0.928135042829,0.809562471417,0.958765288527,2.39530391934
2019-02-21,0.379480777299,0.627618625928,0.904926787567,0.928864082666,1.13325061253,0.924403491826,1.27119160016,0.925427842893,0.803914804126,0.955225623574,2.38755686259
2019-02-22,0.392388663211,0.645919897624,0.936311871425,0.963552715629,1.16315486215,0.962994908829,1.28720521303,0.934618864031,0.814950555914,0.967646456219,2.33739056334
2019-02-25,0.418645370287,0.691243841905,0.995696911934,1.0234840277,1.23508555216,1.02374810904,1.36356883287,0.976328186789,0.859225983751,1.00372123965,2.26812410763
2019-02-26,0.420248977417,0.689433483674,0.99129127448,1.02511036038,1.22696425558,1.02160209571,1.37029411985,0.975843371253,0.850279116942,0.994311259174,2.23817225828
2019-02-27,0.415581564564,0.682513943304,0.978291678532,1.01910293975,1.21420013066,1.02491308027,1.38405094259,0.978990982445,0.846229577866,0.999700226468,2.2751605236
2019-02-28,0.408527195794,0.672107599556,0.969881707189,1.01917813992,1.21657522145,1.02552397201,1.38481379837,0.983143979976,0.848677818275,0.999325390698,2.31292760387
2019-03-01,0.413583769914,0.681456642699,0.98279082397,1.04079993316,1.23891233349,1.04572310575,1.40552959045,0.995455090992,0.85791889342,1.01269179322,2.31523557101
2019-03-04,0.421134879071,0.693080390631,0.995697920777,1.05735266799,1.25369671722,1.06379075777,1.4480391477,1.01465278816,0.870784306355,1.02779997489,2.30750519555
2019-03-05,0.433770584219,0.702170849324,1.0119035979,1.07137822435,1.27020028113,1.07781118386,1.47102250835,1.01964659332,0.878728191258,1.03390182117,2.25197015527
2019-03-06,0.446780293477,0.711974591193,1.03407668884,1.09555170451,1.31041357501,1.09713693574,1.47907327411,1.02002659119,0.885853662759,1.03567155669,2.18828345493
2019-03-07,0.458541888928,0.71411188507,1.04546443253,1.09937510475,1.31260447169,1.08674021122,1.46666728606,1.00970605788,0.875997838501,1.02213807323,2.1020813151
2019-03-08,0.441704034228,0.669710756158,0.988366655164,1.04898285557,1.25979604371,1.03665035159,1.40568423974,0.968639510753,0.837775654069,0.986697211617,2.10638462498
2019-03-11,0.448174427464,0.692382937204,1.01738574639,1.08819036326,1.30291849783,1.06571663648,1.45209305374,0.989212316681,0.867575168144,1.00637340412,2.11753321763
2019-03-12,0.454150494019,0.703191194209,1.03193002381,1.09855757884,1.31161608591,1.07977614885,1.46786293143,1.00187838528,0.878022349916,1.01459208224,2.10659062389
2019-03-13,0.440967238232,0.68093994271,1.00763594663,1.08995246551,1.29360412452,1.06068044257,1.45454652243,0.992636432578,0.873951168666,1.0080510761,2.15416050295
2019-03-14,0.435096895562,0.663597616342,0.974319309971,1.06423888465,1.2683072638,1.05309530215,1.43345923841,0.979149398317,0.869134884569,0.999235129851,2.1639983134
2019-03-15,0.436367653284,0.668934046658,0.992412105893,1.07700413354,1.29216905412,1.06863838139,1.45101907757,0.991334987356,0.879104065092,1.00777066086,2.17616308498
2019-03-18,0.453245901485,0.690177532762,1.022613373,1.10554290517,1.32273315553,1.0964395388,1.49466686649,1.0221274594,0.903341638728,1.03338284768,2.14729788134
2019-03-19,0.452099074671,0.686615373569,1.02029792941,1.10385043441,1.32423901416,1.09297955211,1.49638131759,1.02264588627,0.899291900193,1.03634805419,2.15889258176
2019-03-20,0.449436934209,0.683149244348,1.01825530021,1.10782615949,1.33040655371,1.08987128342,1.4884784827,1.02187399984,0.898618973837,1.03549203154,2.16982176261
2019-03-21,0.454212133039,0.691735422731,1.02745914074,1.11425298268,1.33218678939,1.09291195077,1.49805518982,1.02244529457,0.900343898017,1.03696919652,2.14986306289
2019-03-22,0.451603801643,0.687993457348,1.02297334532,1.1179273412,1.33995898573,1.09539998873,1.49535525631,1.02661412835,0.905299818473,1.0401653678,2.16883509716
2019-03-25,0.447267571755,0.682812628856,0.995474777841,1.0863391352,1.30584893971,1.07975861774,1.46787840153,1.00771262576,0.888055424932,1.0212917933,2.15030687507
2019-03-26,0.44185132287,0.664794946466,0.962471389681,1.0597970765,1.2757998468,1.06133247682,1.44129293696,0.991878021773,0.879617060926,1.0158084428,2.16480124433
2019-03-27,0.445532410464,0.668426616881,0.978290785809,1.06742734833,1.28807808117,1.07009865265,1.45037583622,1.00170679168,0.887826929642,1.02113348223,2.15811442025
2019-03-28,0.441092546084,0.661702218191,0.965804239045,1.06026441142,1.28129158784,1.05688271855,1.444985044,0.99588434329,0.879553870828,1.01769216439,2.17234762637
2019-03-29,0.455379873104,0.695347274131,1.0063824873,1.11072231832,1.3356028415,1.09476988478,1.48472218902,1.02850745706,0.903586368613,1.04512199535,2.16053484515
2019-04-01,0.470338077755,0.71985756401,1.03781064907,1.14943558965,1.37848023964,1.12541422954,1.53070928099,1.0631545226,0.93224985281,1.0693413945,2.1396338359
2019-04-02,0.470258681715,0.718532533137,1.0349500558,1.15636076193,1.3773708445,1.13235982024,1.53660836941,1.06460455413,0.927682565166,1.06536006003,2.13202880976
2019-04-03,0.472017043994,0.727174681982,1.06087181227,1.17963627196,1.40140794528,1.1507812565,1.56506311276,1.07968610248,0.942326127168,1.07681827902,2.14698737231
2019-04-04,0.476912010769,0.726879277844,1.0740088201,1.18245736653,1.41214008931,1.16071238628,1.57836742678,1.084173841,0.950182699765,1.08828288324,2.14758084713
2019-04-08,0.4752204726,0.729349412339,1.06527012268,1.17072902359,1.40115261016,1.14099223263,1.56713263507,1.08975402805,0.94941479304,1.08203657183,2.142871746
2019-04-09,0.465723936037,0.730507158996,1.0640054199,1.17303894188,1.40791918486,1.14733480145,1.57656307474,1.09273968098,0.956640617915,1.07757844745,2.17686478397
2019-04-10,0.467691276273,0.727700339986,1.06835449726,1.16142209065,1.40201727316,1.14245217538,1.57629509912,1.09285140686,0.955369886135,1.07721129636,2.16692743688
2019-04-11,0.454265501734,0.711612347813,1.0374373274,1.13959235508,1.36362922694,1.11973894664,1.5440947865,1.073318171,0.939564211804,1.06367232116,2.20189719772
2019-04-12,0.454919174091,0.706333814756,1.03925390462,1.13793762745,1.36523724633,1.12635039822,1.54619978229,1.07343090303,0.937799914334,1.06674501057,2.20508948671
2019-04-15,0.449182876497,0.693411489366,1.02555378864,1.12269851883,1.34768843769,1.1145257983,1.54275578667,1.07239886703,0.934723584256,1.06710955796,2.23364809785
2019-04-16,0.458679479268,0.707164285213,1.04710482879,1.14572813656,1.37857736304,1.14409958747,1.58461713964,1.09665270613,0.954764832058,1.09486172754,2.24451459204
2019-04-17,0.457951218916,0.706778445785,1.0443922359,1.14049040437,1.3753813361,1.15055710786,1.58037110299,1.10996527258,0.962106602266,1.11144469735,2.28207409685
2019-04-18,0.455602251835,0.702413844849,1.04519609899,1.13355741743,1.37338895394,1.13844540018,1.57505169415,1.10025301748,0.96012102111,1.10730882099,2.28528753988
2019-04-19,0.457153178686,0.70573269949,1.05188839967,1.14549503501,1.38159662033,1.14564897877,1.5910813245,1.10919869135,0.967874455078,1.11109016323,2.28531215094
2019-04-22,0.446708790519,0.690346293648,1.02514969942,1.12026495176,1.35369431172,1.12794616499,1.57441202051,1.09079572029,0.951291612053,1.09026351746,2.29468706973
2019-04-23,0.443446782645,0.681467141491,1.02040048674,1.10536949715,1.34648863375,1.12279814798,1.57115190269,1.07898592059,0.941802861573,1.08266366542,2.29544812092
2019-04-24,0.440759638637,0.684478519643,1.03054648562,1.11906472133,1.36792195912,1.13582702959,1.57770238298,1.0858363692,0.9445430253,1.08536124016,2.31507715338
2019-04-25,0.427981318667,0.658802947442,0.997828134743,1.08139402396,1.32558550505,1.10821155803,1.54488666115,1.05865847127,0.928580815409,1.06674397564,2.34248425338
2019-04-26,0.42036445193,0.648917671841,0.985391765327,1.06927509858,1.31344097903,1.09554829582,1.5223502714,1.04044012712,0.911007300691,1.05750792619,2.3638922769
2019-04-29,0.407867603401,0.63033827438,0.971983784606,1.0501799973,1.28156566747,1.09159303893,1.51079699101,1.03634448707,0.906393703998,1.05851374699,2.4364158493
2019-04-30,0.406917401017,0.632120834694,0.983962247318,1.06100417126,1.29249148259,1.10048674288,1.51877863344,1.04660484952,0.908265238491,1.06870348949,2.46554599174
2019-05-06,0.381785909111,0.590248638676,0.910079822591,0.992122522771,1.20637043715,1.02752440924,1.42962076747,0.97045528341,0.850339205897,1.0151173977,2.49419429519
2019-05-07,0.384733060987,0.598266338193,0.919896588299,1.00423442273,1.22355854191,1.0415128766,1.45132289551,0.980194307223,0.85996743226,1.02226001143,2.49249041244
2019-05-08,0.376681174319,0.59142187011,0.912479432402,0.996793851779,1.21594044148,1.03598889419,1.43595503359,0.971346564663,0.850709583902,1.0148062635,2.52648065797
2019-05-09,0.371193125143,0.582811377399,0.900370011968,0.982587778329,1.19781145983,1.01980762112,1.41790576451,0.951183349763,0.830613921953,1.00370056543,2.535641216
2019-05-10,0.382593058749,0.609565386637,0.936735624464,1.02147226146,1.23952722176,1.05177693917,1.46285646223,0.980372902001,0.851844943677,1.02122642779,2.50204307999
2019-05-13,0.375959951673,0.600506536219,0.920465546928,1.00455938504,1.2229432579,1.03880126001,1.43646392745,0.961946431361,0.83955495009,1.01113209906,2.5206901131
2019-05-14,0.371471874086,0.595449847349,0.909716258563,0.993950094354,1.21607786755,1.035361149,1.43072711574,0.95799440774,0.836552360887,1.00630503867,2.53874765997
2019-05-15,0.379874998232,0.607461790675,0.926481055116,1.01512365773,1.24733567954,1.05039101715,1.45885260685,0.972559717518,0.848633051176,1.01885269293,2.51297398398
2019-05-16,0.388088690214,0.609945304889,0.931588033167,1.01679497087,1.26122511639,1.05734302789,1.46622108733,0.983101617801,0.858998421523,1.02227796252,2.4670865699
2019-05-17,0.377707996452,0.592230531493,0.897857284505,0.984170871681,1.21551385902,1.02176885531,1.42379873536,0.954203392364,0.836027696824,0.998209733412,2.47499241849
2019-05-20,0.36930325819,0.58543242665,0.890846950426,0.979295045368,1.21056304441,1.01196032299,1.4166118359,0.947346883354,0.830412879211,0.995498125179,2.52334257202
2019-05-21,0.376243369299,0.597428043951,0.913978776755,0.996551879475,1.22866962475,1.03166108001,1.45015066773,0.963028095378,0.84166937217,1.00478561256,2.49946428908
2019-05-22,0.375713567515,0.593553058873,0.911532192072,0.993744150324,1.22013537045,1.02503218266,1.44172417679,0.957807867553,0.835897744427,1.00321360824,2.49907341965
2019-05-23,0.366086255243,0.582870436496,0.892394697299,0.97296810085,1.19949845444,1.00690174122,1.42414704933,0.941874035435,0.823983389655,0.993084316651,2.53787710681
2019-05-24,0.361543516573,0.584222530054,0.887137967973,0.967150251444,1.19743869729,1.00756359789,1.42107428891,0.940162637281,0.822782227212,0.996701686999,2.57861381841
2019-05-27,0.367321179838,0.593965832051,0.905376287011,0.99094278276,1.2235896974,1.02577540989,1.44890267566,0.957955579422,0.834079157272,1.00677049934,2.56345565637
2019-05-28,0.367791655956,0.595828562636,0.909062734972,1.00181556544,1.23296438714,1.03395969834,1.45952057912,0.964782250363,0.839237579781,1.01725976264,2.58688023981
2019-05-29,0.364088537638,0.589005453768,0.899277630252,0.994186399349,1.23974122612,1.03638527432,1.45975983058,0.965410582336,0.839816354615,1.01704853466,2.61238914961
2019-05-30,0.360516569784,0.586746148233,0.888431457108,0.983522141045,1.2290333042,1.03159472825,1.44900031132,0.959802175327,0.838156012134,1.01747733802,2.63911997126
2019-05-31,0.359984226795,0.586128908716,0.889288517378,0.982373480339,1.22357890443,1.03003458714,1.45154330565,0.959228778549,0.841626922034,1.01688736807,2.64148667004
2019-06-03,0.358371561786,0.583584453119,0.880086247917,0.973302347924,1.22401750896,1.02301363231,1.44594387168,0.953235742637,0.839590661225,1.01955553416,2.66025093913
2019-06-04,0.354576665917,0.579325903168,0.866370418755,0.961977289028,1.21304278694,1.01200227466,1.42722238448,0.944241293236,0.83268711149,1.01309541209,2.67156515491
2019-06-05,0.353650421231,0.57823181649,0.870589697414,0.964303361105,1.20715174934,1.00738949689,1.42438361223,0.94904522104,0.829701915934,1.015015961,2.68360851366
2019-06-06,0.345170937082,0.571145334657,0.858733551374,0.948806229355,1.19547526127,0.994553302691,1.40825770131,0.940459514993,0.82347936536,1.00814499316,2.72978725092
2019-06-10,0.345886778837,0.575172395783,0.870332623151,0.964805158489,1.20394189642,1.00640973451,1.41916631312,0.944430915921,0.830449636912,1.01721380879,2.7486819398
2019-06-11,0.35587878258,0.595240899769,0.904631396514,0.995300195572,1.24234776828,1.0438374579,1.47238223411,0.979401704731,0.851358637819,1.03318238438,2.71242756908
2019-06-12,0.353439133498,0.587298420364,0.895113416355,0.986065860278,1.23315838596,1.03611743247,1.46579901732,0.976680166334,0.84998663022,1.02789724506,2.71714687533
2019-06-13,0.352248485012,0.586900949149,0.897025810824,0.990308506264,1.23618588779,1.03690008209,1.47073829832,0.976119735596,0.849277943919,1.02694969111,2.72379549983
2019-06-14,0.345396271901,0.579153121494,0.892151972878,0.972991253747,1.21684750819,1.02123858924,1.45599910502,0.96695069288,0.845212126595,1.01939170418,2.75673472821
2019-06-17,0.342972297309,0.577384539173,0.892196857305,0.973138668793,1.22110526879,1.01838866608,1.46439107859,0.970440494484,0.84650687096,1.02356090179,2.7873560968
2019-06-18,0.34209210439,0.580417436481,0.89127554403,0.975510684831,1.21907080052,1.0170826623,1.46528196831,0.972983647949,0.845619298988,1.02522752842,2.79904802614
2019-06-19,0.346026133969,0.59089104252,0.907290334045,0.986651568656,1.23556028492,1.02961625862,1.48211953665,0.986223294703,0.855708445295,1.03018561328,2.78039564327
2019-06-20,0.353641737493,0.608397801218,0.926167320077,1.01235941186,1.27248663066,1.05818950441,1.51788706993,1.01290423316,0.873826013029,1.04490689886,2.75893427719
2019-06-21,0.359155165977,0.610567144026,0.940464996677,1.02609734918,1.28067296717,1.07184745412,1.52543879761,1.02104315399,0.876440198504,1.04659708683,2.72038400299
2019-06-24,0.358671780919,0.608327858967,0.938793707035,1.02541052253,1.28769073335,1.07125013114,1.5291413705,1.0238459483,0.878348452711,1.04617910345,2.72295890367
2019-06-25,0.356012170246,0.601481291077,0.932925574801,1.02135795899,1.28227520276,1.06958519946,1.51096028304,1.0175403437,0.869754270171,1.03495588332,2.71393868461
2019-06-26,0.351006504534,0.591809136109,0.929295882811,1.02243622847,1.29018473948,1.07462519253,1.51798225055,1.02248597995,0.871153911777,1.03512592472,2.75254358385
2019-06-27,0.35290715818,0.597225770066,0.939648756569,1.03438615607,1.30800220444,1.08310612707,1.53372692616,1.03002563758,0.874802502518,1.03825974665,2.74597219329
2019-06-28,0.353434513786,0.594417123394,0.935897097097,1.03115278483,1.30141721256,1.07684520801,1.5255016985,1.02392600426,0.869842423365,1.03534181665,2.73415154396
2019-07-01,0.363070209025,0.613433458898,0.966599741305,1.05999393537,1.34127664736,1.1067977509,1.57040779244,1.05495059098,0.889937348357,1.05036230754,2.69927670757
2019-07-02,0.360808423492,0.615442349371,0.967859200876,1.06389266471,1.34758223707,1.10943483839,1.57407282892,1.05637621368,0.890104892628,1.05402736355,2.72551080182
2019-07-03,0.360026026016,0.609058004746,0.956574762728,1.04979084757,1.33867968208,1.09923465866,1.55739961533,1.05389927839,0.882893963485,1.05021068864,2.72155177147
2019-07-04,0.357484364079,0.604391338135,0.951390789604,1.04834424432,1.32670176954,1.09589283035,1.54893892075,1.048968305,0.882798497234,1.0477975722,2.73451157399
2019-07-05,0.356510984424,0.605073959796,0.95372572262,1.05477294374,1.32823239007,1.09800141757,1.55262234791,1.05564700492,0.885689458025,1.04758311278,2.74139757454
2019-07-08,0.345653170547,0.59003609474,0.932725489574,1.02276018446,1.29169125188,1.06823637523,1.51297056843,1.02251346609,0.865165641232,1.02816537801,2.7740750782
2019-07-09,0.342645299989,0.592057729305,0.938800200388,1.02514268661,1.29885753493,1.06924369995,1.51507177013,1.02251723665,0.864992787387,1.02266636059,2.78337824976
2019-07-10,0.338530080252,0.588436909626,0.931209461,1.01894314498,1.29713901916,1.06836906259,1.51573365089,1.02241324723,0.859853915326,1.01883194019,2.80637093206
2019-07-11,0.336534437091,0.591011977376,0.931390879018,1.01793936601,1.2979866504,1.06889398759,1.5134796995,1.02346609523,0.860207161395,1.02026306683,2.82685659385
2019-07-12,0.335779569556,0.594644767832,0.935400225252,1.02537953082,1.30234075997,1.07861540729,1.52004984137,1.03134101549,0.863160289286,1.02740588152,2.85298810051
2019-07-15,0.337255520962,0.602802970167,0.94304152018,1.03217063559,1.31372128784,1.08580438877,1.53284160093,1.04024645339,0.869699914751,1.02514633469,2.83417301486
2019-07-16,0.337778525966,0.603837881765,0.940481191043,1.03397833726,1.30795525299,1.08639446626,1.53098414287,1.04391786154,0.867059904662,1.0240425782,2.82672636784
2019-07-17,0.339282188527,0.605077132994,0.941449215887,1.03555372515,1.31038106542,1.08712023514,1.52873788882,1.0474687668,0.866593730089,1.02136694033,2.80675712426
2019-07-18,0.33445586225,0.59363462056,0.931442748439,1.02134390545,1.29135740563,1.07413549422,1.50712569582,1.03178579673,0.857604771997,1.01536178968,2.83018115792
2019-07-19,0.337319677523,0.598703762543,0.938997025686,1.03721005761,1.30708463619,1.08735216313,1.51925915715,1.04387294491,0.86415259056,1.02355118103,2.82877421967
2019-07-22,0.332755155095,0.591217854378,0.931218982345,1.02348046705,1.28529691843,1.07073188889,1.48945690772,1.03314684149,0.855085007617,1.01366514752,2.83973056519
2019-07-23,0.334539833827,0.595043730918,0.936889411521,1.03211041616,1.30109109402,1.07939648982,1.50225968321,1.04122192192,0.860871917413,1.01964211015,2.84124427939
2019-07-24,0.338683861009,0.6044729452,0.945549776051,1.04212202495,1.3118573434,1.09057359465,1.51629354956,1.04583880489,0.866680789413,1.026478774,2.82509952906
2019-07-25,0.339687606889,0.61073155514,0.9543679704,1.05062113513,1.31760833704,1.09563758867,1.52460584089,1.04921548811,0.868829345184,1.02956139712,2.82521094671
2019-07-26,0.339948169059,0.611739470661,0.953025505194,1.05712091061,1.32114768148,1.1008314417,1.52536686479,1.05359883062,0.868678524592,1.03217451767,2.83021447138
2019-07-29,0.338418154466,0.611246629971,0.953464496076,1.05497171329,1.31789406339,1.10056238002,1.5257829887,1.0540341664,0.866767416679,1.03035428736,2.83796144251
2019-07-30,0.339089651481,0.614113302288,0.953851253163,1.05954498245,1.32373318739,1.11217842752,1.54206996049,1.06140645506,0.870308258161,1.03664613723,2.84966028263
2019-07-31,0.335948577357,0.60814062561,0.946710037143,1.05517926124,1.31671384932,1.10724641699,1.53152537528,1.054951392,0.864339444556,1.03086896883,2.86017642391
2019-08-01,0.333784268289,0.603279141033,0.943287236597,1.0523297352,1.30759621186,1.09834984831,1.50954143662,1.04500067574,0.856928732911,1.02346862841,2.8580703098
2019-08-02,0.328605882157,0.594741348823,0.927427557905,1.0331195627,1.28764754265,1.0874622558,1.48303126905,1.02553207002,0.842052453351,1.01046832749,2.8661071263
2019-08-05,0.322457555783,0.583834521995,0.907970108278,1.01442884185,1.2628885691,1.06730612943,1.46132974807,1.00378983758,0.827576379624,0.991743242677,2.86662084872
2019-08-06,0.317334379597,0.577316106595,0.895078199385,0.995752586143,1.24984998364,1.05020843792,1.43530247976,0.985973313391,0.811811340738,0.971997536548,2.85509075401
2019-08-07,0.316281264967,0.572263581439,0.88844741668,0.99421014008,1.24511910247,1.04024440203,1.43827614504,0.983235982243,0.81599985153,0.972912901151,2.86725447735
2019-08-08,0.317457826682,0.577858912758,0.895677763136,1.00402727122,1.25678057846,1.05433794976,1.45476746921,0.994912040332,0.82477560139,0.980748131265,2.879679401
2019-08-09,0.312930450381,0.5754086932,0.888242220572,0.993088960913,1.24480285744,1.04195782174,1.43287990698,0.980891152205,0.815763693117,0.97117288031,2.89263259124
2019-08-12,0.319537058046,0.584019294489,0.907760864742,1.01009545516,1.26744144874,1.05924341209,1.45491331996,0.996777657467,0.823864777923,0.982694144546,2.86587916347
2019-08-13,0.316765278907,0.5789204368,0.901407853963,0.997656576059,1.25210114252,1.05143453522,1.45578145243,0.998599522362,0.820071540945,0.97760688378,2.87590259978
2019-08-14,0.317041626635,0.579398055256,0.90952729404,1.00256522873,1.27146535278,1.05650840671,1.45961577373,1.00061644882,0.824923562571,0.980569922869,2.88211025067
2019-08-15,0.320360425347,0.586777290003,0.914450333616,1.01110516352,1.26958669675,1.05788089697,1.45798451154,0.999784863003,0.824204883115,0.978349293614,2.84541334042
2019-08-16,0.320081750809,0.590030023621,0.920020638141,1.0180759338,1.27278470358,1.06771513809,1.46618191417,1.00477008062,0.822040684997,0.986606655506,2.8719040649
2019-08-19,0.327682814095,0.604600681885,0.950579008235,1.05425486665,1.30931996591,1.10239726388,1.51731784575,1.03257272915,0.841001576161,1.00585535964,2.85973509621
2019-08-20,0.32709936117,0.604047667554,0.948328833147,1.05253403678,1.31156655887,1.10118829153,1.51682569678,1.03059197356,0.841416976877,1.00236741545,2.85491044234
2019-08-21,0.325249455572,0.60403695755,0.953998295199,1.04636283006,1.30936379278,1.09392015297,1.51319772687,1.02634872511,0.838697401681,0.999846943976,2.8638776208
2019-08-22,0.324270641196,0.602547569822,0.955648241262,1.04940415368,1.31063212888,1.09645459577,1.52259008104,1.02912281629,0.839409153005,1.00403874493,2.88450289304
2019-08-23,0.323437815436,0.59925654301,0.961206742272,1.05290828352,1.31221874934,1.10329824161,1.51853924661,1.03430976273,0.83889924158,1.00845775624,2.90460655243
2019-08-26,0.320892047204,0.595835538413,0.950197656618,1.03820518869,1.29920474723,1.09798017823,1.50229817351,1.02333733687,0.830570796657,0.994930966811,2.88850813055
2019-08-27,0.325271178587,0.608743497066,0.967707197867,1.05449337962,1.32392513499,1.11892002988,1.52940698845,1.03526864901,0.842893977546,1.00242274238,2.87083970937
2019-08-28,0.323521601345,0.608808996832,0.967900352287,1.04747276408,1.31717554187,1.11229545339,1.51903595191,1.02998874208,0.842276101038,1.00564922104,2.89552177428
2019-08-29,0.323554963537,0.606126763834,0.969081957808,1.04991577012,1.31486564536,1.1059790728,1.51611950446,1.02427425771,0.840327837847,1.00007502582,2.87917364604
2019-08-30,0.321510201733,0.60342773828,0.960670628791,1.04873263743,1.31026023964,1.10297161573,1.50998635301,1.01947450443,0.840971543313,0.998223467343,2.89203852567
2019-09-02,0.326328194028,0.615022264434,0.985277504772,1.06426472779,1.33874789491,1.12213362717,1.53940987792,1.03964244715,0.854586671993,1.00888368918,2.87958451166
2019-09-03,0.329501622282,0.618890437113,0.986716330805,1.06539147505,1.34855946499,1.12660095745,1.54281045557,1.04034284744,0.85188590485,1.00608581542,2.84359578241
2019-09-04,0.332471989019,0.62594199098,0.99826024808,1.07415587127,1.35858794446,1.1436648756,1.56395274073,1.0477976881,0.863392983245,1.01880408503,2.85390839839
2019-09-05,0.335949393521,0.630447573518,1.01377339089,1.08535293633,1.3815397617,1.16242950487,1.57867389464,1.05933460569,0.868185865158,1.02415813696,2.83905663504
2019-09-06,0.33585323758,0.631136596459,1.01681735282,1.09286652221,1.38768089585,1.17384324649,1.5911208425,1.06638484959,0.871550585021,1.02805219111,2.85066389547
2019-09-09,0.338610936922,0.637493254577,1.03261708182,1.11841546584,1.40487128942,1.18825424194,1.61954800985,1.07755690871,0.880492307564,1.036081753,2.84952202298
2019-09-10,0.338615309859,0.635836468535,1.0271318161,1.11710324944,1.41276610993,1.18758914116,1.61873386365,1.07582318861,0.878216605898,1.03445301273,2.84500572032
2019-09-11,0.337738981508,0.630454464304,1.02112038799,1.11009232317,1.40292867389,1.18005630459,1.60447937692,1.07311312853,0.874933382124,1.03496680627,2.85378158867
2019-09-12,0.338545279585,0.63682834083,1.02444364757,1.1222740413,1.41388950231,1.19026313137,1.61528080686,1.08130596717,0.883558873945,1.03875025202,2.85740098137
2019-09-16,0.33824344807,0.630418804415,1.02102636973,1.11789666025,1.42175505222,1.1929818253,1.61364492733,1.08048145162,0.882181037734,1.04029632323,2.86420145239
2019-09-17,0.332379998061,0.618382917238,0.996538550545,1.09312438345,1.39736221328,1.17074811677,1.57698625121,1.05999297237,0.866063959173,1.02385403634,2.86858256829
2019-09-18,0.333747071229,0.621908679267,0.999892269146,1.09155918616,1.39805035482,1.17570989792,1.58147142225,1.05979384216,0.86413822841,1.02321852309,2.855003589
2019-09-19,0.337048344914,0.626056458025,1.00582888591,1.10528683152,1.41092504031,1.18297251994,1.58893733136,1.06573520815,0.865520850647,1.02706573539,2.8374977609
2019-09-20,0.336409983005,0.629220315494,1.00526980882,1.10555570411,1.4235355448,1.18628407635,1.59298067049,1.06870979305,0.866622808546,1.02724582413,2.84336945245
2019-09-23,0.332985400112,0.624834502229,0.99752096816,1.08932968004,1.401695994,1.16524355972,1.58002167888,1.0544635556,0.858276049108,1.02026116281,2.85298113257
2019-09-24,0.330416387102,0.625783480892,1.00395773872,1.08989937019,1.40675599254,1.16810097763,1.58276945794,1.05556796581,0.858896847299,1.02109009129,2.87731009749
2019-09-25,0.324588503572,0.616344739654,0.987964552869,1.07607579538,1.3914665537,1.15206207899,1.56272533695,1.0432762883,0.855375604982,1.0150846655,2.91113751319
2019-09-26,0.319618564262,0.605231128493,0.97015794225,1.057759514,1.37528645093,1.14010800085,1.53485469444,1.03223754925,0.848859683201,1.01225222423,2.9475883252
2019-09-27,0.324920311464,0.611002531911,0.973100684094,1.05850903597,1.37874141902,1.14491896781,1.54017189684,1.03209599807,0.84721826364,1.01250802423,2.89943938577
2019-09-30,0.318661687653,0.602199711146,0.967880085823,1.04698583402,1.36598484033,1.1414860113,1.52786285976,1.02718815992,0.841972853001,1.00962037462,2.94701933101
2019-10-08,0.315632627289,0.600030975356,0.962879647959,1.04575686721,1.3692883505,1.14777119542,1.53094234221,1.02757278879,0.846079602059,1.01411553259,2.98815351153
2019-10-09,0.317022113543,0.603287562306,0.973404915092,1.04887746111,1.38058022392,1.14881018279,1.53607991978,1.02778211034,0.847281069753,1.01936468367,2.99046592861
2019-10-10,0.319994196566,0.611346598223,0.994725983894,1.06247709053,1.3976290171,1.1606864573,1.55123519494,1.03261079429,0.856961611587,1.02761199014,2.98662506886
2019-10-11,0.322559136098,0.61349550286,0.999574233732,1.06525145826,1.40412132048,1.16718230001,1.55858348777,1.03846730724,0.865497310329,1.03720466392,2.99056543294
2019-10-14,0.327591798686,0.616656495445,1.01756202252,1.08020444756,1.42539652342,1.18663083691,1.58259768342,1.04988665053,0.870694990728,1.04874059854,2.97716723571
2019-10-15,0.322255930026,0.612012048009,1.00498755535,1.0711633698,1.40603334224,1.18492135232,1.57163321285,1.04072776663,0.86514456205,1.04347804944,3.0107204848
2019-10-16,0.320495223063,0.606502297129,0.999552981174,1.06432579788,1.40294601718,1.1843101455,1.57364477505,1.03843315379,0.861946849793,1.04062565776,3.01894019985
2019-10-17,0.321525060259,0.608097847228,1.00230010485,1.05894682533,1.39986789327,1.17992745897,1.57193412314,1.0341345136,0.859248044356,1.04038060702,3.00852862225
2019-10-18,0.316870227989,0.598823743877,0.987535752037,1.04800053266,1.37837738665,1.16152966357,1.55080665819,1.01708656341,0.84922666874,1.02965175523,3.02105891786
2019-10-21,0.31672373964,0.599194845411,0.983525940534,1.05056338173,1.37880256095,1.15864098329,1.54615379911,1.02183517379,0.849979206055,1.0322456931,3.03006631274
2019-10-22,0.316451094302,0.603400226915,0.994905126911,1.05404011086,1.38850875577,1.16275324834,1.55341763025,1.0297313685,0.857459875586,1.03597835223,3.04363157722
2019-10-23,0.314198726062,0.596968894717,0.988830081076,1.04332577805,1.37978931087,1.15224807204,1.54305726341,1.02229791731,0.852164748024,1.03249346818,3.05505654584
2019-10-24,0.31279950823,0.59715241542,0.987905194725,1.03877528737,1.38037957983,1.15181621408,1.54409534854,1.02018138723,0.849895800341,1.0330276667,3.07024224254
2019-10-25,0.31709966886,0.604584849816,0.992401631499,1.05037743102,1.39337419483,1.16211920624,1.54970027398,1.02678769373,0.856345950296,1.03893879415,3.0456029356
2019-10-28,0.321496427236,0.615477113139,1.00920481458,1.06167873402,1.40849951114,1.17558629032,1.57996297343,1.03676638848,0.857752450311,1.04315565701,3.01573555023
2019-10-29,0.317772299541,0.606905082732,0.991997079316,1.05168434802,1.39320780709,1.17202071351,1.56923918977,1.02561402742,0.848553822222,1.0377775655,3.03512109452
2019-10-30,0.318386263123,0.605076978854,0.979779999258,1.0421661076,1.38174080793,1.16217200356,1.55665174081,1.02098796861,0.842416932306,1.02816961668,3.00115722984
2019-10-31,0.315416359837,0.600039857089,0.979364849339,1.04000888814,1.37373653834,1.16283808898,1.55290151749,1.0264808967,0.844082158479,1.02399341892,3.01696195145
2019-11-01,0.317759000756,0.60944051547,0.988503524426,1.06048199988,1.38512484531,1.18118179131,1.58011921812,1.03943388603,0.854294736557,1.0328341929,3.02060187246
2019-11-04,0.320316021504,0.614408034117,0.994801152267,1.07273023309,1.39678734346,1.19581497679,1.58081184525,1.0406516215,0.858962700997,1.03862974599,3.01324448969
2019-11-05,0.320944584694,0.615013038376,1.00272892407,1.08249066295,1.41258969137,1.20117237059,1.59173829602,1.04962995329,0.8646456103,1.04420455755,3.02350502591
2019-11-06,0.318511109924,0.610129892176,0.997874631795,1.07610990024,1.40388862582,1.19614023387,1.58702815718,1.04637170237,0.858507578249,1.0410099502,3.03717990967
2019-11-07,0.319065887752,0.612439619472,1.0008014076,1.08091124804,1.40910813128,1.19969044856,1.58863968366,1.05134633311,0.865129011983,1.041153209,3.03230775784
2019-11-08,0.317241038356,0.609503282379,0.998624146275,1.07577196994,1.41138786922,1.19198512925,1.58831359867,1.04522811129,0.862009599501,1.0336379775,3.02776284247
2019-11-11,0.310527165282,0.598235325435,0.972650061359,1.05459272748,1.38181774652,1.16868069948,1.55602794527,1.02270214332,0.844448029003,1.01580158305,3.0395934587
2019-11-12,0.310914260223,0.597784404144,0.975177629889,1.0565478738,1.38313927343,1.17396844985,1.55864067267,1.02402210514,0.84502170973,1.01434518152,3.03144637679
2019-11-13,0.30889525538,0.598188223806,0.980623414714,1.05117583626,1.37749300731,1.16743096365,1.54672709909,1.01792986157,0.83856434345,1.00842045791,3.03342540475
2019-11-14,0.310701932111,0.603562686339,0.981140809608,1.06410269942,1.38586762497,1.17087530562,1.54705198103,1.01929903257,0.838728693685,1.0081007657,3.01472174167
2019-11-15,0.308471133848,0.597505022027,0.974491450065,1.05454156452,1.37155943275,1.15736457536,1.53298384119,1.01031693433,0.831075965456,1.000279882,3.01297871525
2019-11-18,0.310238695235,0.605159918454,0.98399337901,1.06280471756,1.38615172274,1.16750336673,1.54888911902,1.01771082304,0.834589658715,1.00836566023,3.02006959543
2019-11-19,0.315038895989,0.614239151542,0.992986230562,1.08239524741,1.40791437109,1.18082993606,1.56926529965,1.02645140054,0.845187674858,1.01705329874,2.99936085358
2019-11-20,0.311658505976,0.610174415102,0.979770491679,1.07344058761,1.39688346977,1.17236161472,1.55931652691,1.0167317643,0.837262176138,1.0071770388,3.00241843439
2019-11-21,0.309916967188,0.607478179733,0.97604465915,1.07238465781,1.39305564329,1.17145181225,1.563681265,1.01813612527,0.835784768701,1.00689869533,3.01836611403
2019-11-22,0.308847515902,0.599712726608,0.969333141805,1.06578829989,1.38018303261,1.16373135035,1.55625362778,1.00982063913,0.832321609471,1.00395074427,3.01994476104
2019-11-25,0.311446303666,0.60497278094,0.967660362149,1.07109479031,1.39312293931,1.17352328429,1.56366659166,1.01706102878,0.841921646295,1.0140756153,3.02498975675
2019-11-26,0.310912452175,0.608625101969,0.967901206142,1.07504764972,1.40093567311,1.18319552319,1.57204213645,1.01976116356,0.853131965225,1.02063498352,3.0497415147
2019-11-27,0.306571600335,0.600312608495,0.960671092236,1.06911689582,1.40268474793,1.17535885736,1.56492964246,1.01539864337,0.852915139837,1.02277175438,3.09870579573
2019-11-28,0.305664131852,0.597752233221,0.963233988302,1.06272332498,1.3932510258,1.17030785446,1.55758705764,1.01258014195,0.849694778019,1.02093829441,3.10232327298
2019-11-29,0.305404024017,0.594902396366,0.953940179404,1.06155286427,1.39317718516,1.16513753505,1.55466984187,1.01210427906,0.847829417098,1.01936589936,3.10018519094
2019-12-02,0.304606969904,0.601366810436,0.956080566941,1.06410225195,1.38513088047,1.16705826615,1.55613572118,1.01406532627,0.852008831831,1.02101351431,3.11328703422
2019-12-03,0.30634030598,0.604372434958,0.958014789643,1.06766803421,1.3939252624,1.168833725,1.56503997656,1.01499620294,0.852351818062,1.02420634249,3.105306791
2019-12-04,0.305034642699,0.605857950092,0.95911061378,1.06646703923,1.38712883805,1.17064539977,1.56267076766,1.01668325776,0.851118356462,1.0195947252,3.10455999048
2019-12-05,0.307350081643,0.613814548613,0.96519863653,1.07523407488,1.40738197243,1.18372818429,1.57509572995,1.02282810596,0.854933012375,1.0232256899,3.09204999014
2019-12-06,0.30883719936,0.617520140245,0.973201123179,1.08326244797,1.41304873243,1.18728953964,1.58686852955,1.02516557461,0.856833515662,1.02208718506,3.0736486545
2019-12-09,0.310559827997,0.614191612044,0.975694354512,1.09196401467,1.41437095515,1.19132720873,1.58103160764,1.02005628664,0.85983167936,1.02141339721,3.05447825848
2019-12-10,0.309988647399,0.614517240075,0.981357193635,1.10154853675,1.4161428766,1.19365296635,1.58329306842,1.02080137556,0.858883020345,1.01975756671,3.05514437841
2019-12-11,0.307091846316,0.609924286081,0.985553150675,1.10576826175,1.4166977934,1.19529976697,1.58635464417,1.02737985712,0.860256032897,1.0224984649,3.09190587903
2019-12-12,0.305160940615,0.607340506992,0.98844525788,1.10664306209,1.41343302988,1.18709177718,1.58752170655,1.02391784314,0.856957208505,1.0163287617,3.0926904977
2019-12-13,0.306792198908,0.614575096427,1.00739300527,1.12871027096,1.43370055805,1.20789126494,1.61363881456,1.04242744158,0.877417486411,1.04005351708,3.14835279212
2019-12-16,0.308998906782,0.619513257377,1.0229670951,1.14781826039,1.44779026794,1.22451476064,1.62399708406,1.05617637737,0.888052309404,1.05275628358,3.16415981472
2019-12-17,0.312863721008,0.629474255961,1.0404838244,1.16679409681,1.47474867723,1.24451449199,1.64399355364,1.06983523462,0.896503643585,1.06867309836,3.17242349024
2019-12-18,0.313027902886,0.625346657045,1.03800621636,1.16181388503,1.4875028047,1.24017801646,1.64604522824,1.06970144476,0.898634922622,1.06775467594,3.16803229882
2019-12-19,0.309842451009,0.619989342639,1.03697174599,1.16414110685,1.48934315736,1.24435872332,1.64994703857,1.07141613942,0.902027857277,1.06990788789,3.20665959276
2019-12-20,0.307493797769,0.618089277363,1.03148616811,1.15485225909,1.48319463802,1.24660979916,1.64215457402,1.06954054346,0.899906277692,1.06794064324,3.22507046364
2019-12-23,0.302068662644,0.608744517767,1.01513794802,1.1375971604,1.46050504612,1.22645930213,1.6149499211,1.05455565087,0.883769376553,1.05317229467,3.23737172544
2019-12-24,0.308050127952,0.618976785128,1.0231989582,1.15436105753,1.47177756493,1.23726571475,1.62708651596,1.0620631813,0.88988669862,1.05962204398,3.19309238462
2019-12-25,0.308225014882,0.621503232117,1.02648741771,1.15908245064,1.46818385494,1.24045774114,1.63460822635,1.05896682515,0.889409690389,1.05722679242,3.18406168204
2019-12-26,0.309948854231,0.629692687008,1.04916309369,1.1687539158,1.48528081691,1.25409520461,1.65342495804,1.06568718335,0.898732773673,1.06315787743,3.18411659214
2019-12-27,0.308944207592,0.623015932622,1.04014525547,1.17018355478,1.47412620387,1.24962464001,1.65303894048,1.06442115545,0.903266263219,1.06380939043,3.19638862215
2019-12-30,0.312622685168,0.637478356009,1.05648521085,1.18529969727,1.49433302762,1.26809766372,1.6835117488,1.08066460172,0.917126007221,1.07336940971,3.18705511118
2019-12-31,0.314917092277,0.639616836554,1.05672839179,1.18794116866,1.50582048276,1.27601999399,1.69883188979,1.0895296415,0.923154500243,1.08251916913,3.19083213046
2020-01-02,0.320210635652,0.648188866474,1.08225268021,1.20611348454,1.52963779511,1.29204755343,1.72547763366,1.10444385677,0.938245819619,1.09957549624,3.18747160813
2020-01-03,0.320725624759,0.652903037379,1.08004370983,1.20880355202,1.52924173432,1.2939563969,1.72333242399,1.10517139658,0.939660895142,1.09762126522,3.17668028963
2020-01-06,0.325345621235,0.660920300802,1.08095757974,1.20620002377,1.52305563273,1.29221371856,1.71840394703,1.0994143644,0.937087456773,1.08933063842,3.10692645085
2020-01-07,0.326570712645,0.666257288104,1.08956208068,1.21574629428,1.5341313982,1.30684793884,1.73641669923,1.10711519839,0.943407239285,1.09713886416,3.1174974699
2020-01-08,0.320856453267,0.652832496472,1.07138490314,1.19858053355,1.50589744759,1.2885404682,1.71795580268,1.0982023794,0.930263988438,1.08529157371,3.13838289349
2020-01-09,0.323613914773,0.667861104987,1.08191678025,1.21514325998,1.5257370707,1.30949715234,1.73569171025,1.10946691542,0.941864523719,1.09289728422,3.13340517426
2020-01-10,0.324561767104,0.673321177152,1.08496092529,1.21269086832,1.51663948633,1.30203970227,1.7298987209,1.10771665591,0.938454662879,1.0913034501,3.11965793213
2020-01-13,0.329196334955,0.677606667842,1.10755551192,1.22878212075,1.53245881413,1.31643637302,1.74860679929,1.1152981374,0.946334951377,1.09449070626,3.08422215062
2020-01-14,0.328520962339,0.680415347884,1.096422045,1.22049655749,1.53268886117,1.31614750409,1.76039743571,1.11302110012,0.940665904438,1.09316054451,3.08680134727
2020-01-15,0.32359286592,0.679425828151,1.09169383686,1.21117193712,1.52588175591,1.30697528656,1.75627027321,1.10906966632,0.933690234349,1.08557311417,3.11168108514
2020-01-16,0.321432567607,0.677424826021,1.08813550424,1.21044797938,1.52072324687,1.30061082107,1.75027412742,1.10318799088,0.931967946663,1.07876952214,3.11295281389
2020-01-17,0.322122072507,0.678027831489,1.09487584284,1.21695053458,1.52481723639,1.29717533635,1.75225303033,1.10452637295,0.925265442542,1.07841102361,3.10524071798
2020-01-20,0.327923749557,0.686732285516,1.10583910703,1.23156090797,1.53280501485,1.31220089816,1.75577205406,1.11264103588,0.930450759614,1.08418531759,3.06593968534
2020-01-21,0.323410799386,0.679208930381,1.09289067113,1.21389655759,1.49899382961,1.28780934982,1.73070121076,1.08894397536,0.91731246868,1.06751216827,3.06098417251
2020-01-22,0.326025268582,0.683630953873,1.11110009969,1.21839319168,1.50630703609,1.29561573894,1.73651059921,1.09048083981,0.918232173271,1.06468668562,3.02813723388
2020-01-23,0.31504843114,0.665531287514,1.07016232173,1.17522879436,1.44167844586,1.25113483834,1.68205465474,1.06164114898,0.898542648997,1.03943185147,3.05826184907
2020-02-03,0.289119900693,0.607426511903,0.970880162864,1.07929530688,1.32269114995,1.13674721432,1.53989361598,0.973398221288,0.815518594055,0.959834798097,3.07576330054
2020-02-04,0.282264164704,0.598642512881,0.969948173483,1.10022145577,1.3728535039,1.198242786,1.5961692075,1.00174472345,0.831353248972,0.96868556943,3.17705917359
2020-02-05,0.286847476169,0.604946538895,0.979072254328,1.11962990555,1.39993040864,1.21880170875,1.62650863198,1.02435041021,0.850528576444,0.981240582404,3.16664861334
2020-02-06,0.296444814232,0.61913354948,1.00138738618,1.14000611125,1.42853764472,1.24511356725,1.65983569997,1.05192940736,0.863139288377,0.993520483028,3.10032849467
2020-02-07,0.299931123177,0.623819566696,1.01384934444,1.14634296536,1.43383474588,1.24624905729,1.66560990231,1.04683168141,0.857811972623,0.990294414642,3.05380029652
2020-02-10,0.30339468377,0.629577970299,1.0272603492,1.15933357115,1.42790447639,1.2539831202,1.69562154067,1.06242385862,0.860362420026,0.98845566555,3.01286525369
2020-02-11,0.307636002515,0.637644796814,1.02851428631,1.16391775028,1.43952267389,1.25835533425,1.69279617447,1.05955205831,0.862042668343,0.988106960102,2.96968390444
2020-02-12,0.311562326463,0.647857772521,1.03970308009,1.18460266273,1.45468544288,1.26972733182,1.70816140388,1.07031758193,0.871942143071,0.994141506621,2.94991855289
2020-02-13,0.311293838848,0.649975904655,1.03040188894,1.17131515564,1.44851217419,1.25870546596,1.69651123839,1.05865709904,0.872306804944,0.986960923156,2.93115367057
2020-02-14,0.311657819929,0.659789577396,1.03266426447,1.17777535344,1.46097728599,1.2716759903,1.7130577691,1.06630086608,0.880683962232,0.991539103219,2.94132304887
2020-02-17,0.317756655362,0.674124617476,1.06005687868,1.20506463208,1.51199476998,1.31497883987,1.77740797434,1.09736195874,0.912583177801,1.00935026014,2.93659966583
2020-02-18,0.318603920391,0.67127269642,1.06330620779,1.20852502719,1.51038229079,1.315714927,1.76507119665,1.09322974247,0.913393071101,1.00926562228,2.9285232836
2020-02-19,0.315524469806,0.66684073997,1.0616967047,1.19339847252,1.50392830813,1.31056805976,1.7597517695,1.09469020658,0.911011811926,1.00830220723,2.95403330039
2020-02-20,0.320829284191,0.679305628801,1.08618300371,1.2278553536,1.55746716854,1.34501566521,1.79881126644,1.12479612825,0.926952085359,1.02156421815,2.94322191013
2020-02-21,0.322197536416,0.684556612092,1.09460767318,1.23660948805,1.5594162007,1.354799368,1.79964439291,1.12957828817,0.93199663932,1.02677490179,2.94568231162
2020-02-24,0.326433492405,0.688797963025,1.10939777705,1.2403786158,1.55818663523,1.35826471188,1.77563683658,1.11981899514,0.926073197244,1.01458482067,2.87198345653
2020-02-25,0.333803151175,0.690759353975,1.12000167238,1.25866040634,1.54843548924,1.34301620317,1.75970151277,1.1013270494,0.913485091703,1.00169251815,2.77065049331
2020-02-26,0.320611647596,0.672543400579,1.09669507318,1.22666971696,1.5153642029,1.32707178464,1.75879965765,1.12590513511,0.917383546947,1.00352231343,2.88520446306
2020-02-27,0.319869663884,0.673491001011,1.09493727655,1.2280513947,1.5082555954,1.32336390455,1.75587540389,1.13191649562,0.92205305664,1.00760042038,2.90360649501
2020-02-28,0.308201617441,0.644201720338,1.04461164883,1.1802887515,1.45336498399,1.26003652239,1.6761005994,1.09399428555,0.887575056466,0.979094607031,2.92737748224
2020-03-02,0.319337752437,0.665717951651,1.08614191448,1.22846456226,1.51751655754,1.31251155278,1.74315898299,1.13180910059,0.916296061609,0.998024981654,2.87820322397
2020-03-03,0.31952578438,0.666065794758,1.09520234616,1.23682354956,1.53348355375,1.31854845453,1.76171109086,1.14044661481,0.918335626515,1.00203515371,2.88807341607
2020-03-04,0.321260669346,0.659420966339,1.11611437192,1.24764389192,1.54805431201,1.32945741362,1.77743088766,1.15510589286,0.92835967553,1.00525684118,2.88167801558
2020-03-05,0.328960989733,0.674195201236,1.13707875909,1.26946099531,1.57350274823,1.35117874021,1.80242604858,1.17497012611,0.947660813975,1.02301096466,2.86350099028
2020-03-06,0.32540182163,0.666486959397,1.11909117244,1.25072621527,1.54549307524,1.33226828757,1.77130046271,1.15537203544,0.933472690971,1.01010903228,2.85836873338
2020-03-09,0.308998065282,0.632094614784,1.0855882615,1.20432151165,1.49702421825,1.29306350789,1.70786741961,1.12047379907,0.906013557008,0.987895391952,2.93960197384
2020-03-10,0.317717519227,0.653431505816,1.11715375263,1.23805999646,1.53365135601,1.31859850029,1.73387026371,1.13592354061,0.918463126081,0.997353533511,2.88479473304
2020-03-11,0.314274620163,0.640874481308,1.10085224788,1.2199732844,1.51060394357,1.31566712359,1.71425778019,1.12549892243,0.911112575711,0.987452335991,2.88741667208
2020-03-12,0.306347921385,0.634856582027,1.07382962832,1.19450315005,1.47416838015,1.28889787553,1.67739205663,1.10427595693,0.897198294525,0.978658041974,2.9345282261
2020-03-13,0.306615823095,0.625548561153,1.06215822298,1.18181184987,1.45909199373,1.27078139477,1.6482945638,1.09104989552,0.882351603961,0.963193714428,2.88559184167
2020-03-16,0.293203876842,0.595022220742,1.00364390776,1.118842991,1.38460891332,1.2174014664,1.58344305289,1.05291959648,0.856825217229,0.945614580794,2.95914840194
2020-03-17,0.292458083312,0.597094623691,0.999905970087,1.12327870816,1.37594586809,1.21300743196,1.57377427101,1.03668436758,0.851848121236,0.943664552362,2.96057299368
2020-03-18,0.286400066301,0.587612188388,0.977066245259,1.09983600273,1.34916171139,1.19353099457,1.5400256981,1.01683429297,0.832720164147,0.929023721981,2.97596581298
2020-03-19,0.293121395579,0.590343012806,0.976775538255,1.0909109738,1.33840096945,1.18255843573,1.50985001189,0.997855498653,0.818903426382,0.912821383367,2.85422351388
2020-03-20,0.293046301768,0.594124895225,0.982770467241,1.11534909373,1.36866037726,1.21041457254,1.53900699494,1.01775044375,0.829286095034,0.92825763142,2.90322101867
2020-03-23,0.282913576214,0.573108057403,0.947874404224,1.07542214454,1.31034203789,1.1646387809,1.46445877742,0.977043475207,0.799781277517,0.905757219559,2.93323397415
2020-03-24,0.288480107823,0.586576081346,0.977020596622,1.10276346468,1.34167861912,1.19110814425,1.4989286775,1.00203002342,0.814605459833,0.920865319469,2.92444701731
2020-03-25,0.294857055978,0.603072750907,1.00684497547,1.13140252644,1.39313634385,1.22232259912,1.54564750546,1.03150349749,0.830250227977,0.938377931309,2.91541699697
2020-03-26,0.292110818142,0.595611683024,0.993073345835,1.11681847929,1.38579493818,1.2080472469,1.54288044175,1.01932684485,0.818723660503,0.9376227456,2.94022432706
2020-03-27,0.292475666142,0.594591921077,0.999293557928,1.11572370243,1.38674736357,1.20900419397,1.54840451488,1.02609456686,0.824447076945,0.943297265946,2.95434629472
2020-03-30,0.290799540233,0.592516811174,0.979904351213,1.09304164565,1.35851047448,1.19171823889,1.52514592336,1.00947151336,0.820540087516,0.936968628274,2.95145624106
2020-03-31,0.289498124044,0.590674671624,0.977280452646,1.09035396531,1.36315536218,1.18628205558,1.54160948159,1.01199917688,0.825412633413,0.944944790763,2.98978985832
2020-04-01,0.285985720834,0.587463683549,0.971914884986,1.08500707957,1.36083670088,1.18582417936,1.53822532617,1.00291533053,0.820347909437,0.941048383884,3.01373601038
2020-04-02,0.29396413039,0.608715272858,0.995140448626,1.09708674256,1.37780357857,1.20297663855,1.55849530346,1.01491438217,0.826941362618,0.951560154476,2.96332327916
2020-04-03,0.29204085087,0.604584635905,0.984232084997,1.08629537597,1.36805657923,1.19595621005,1.54259685533,1.01068254167,0.822681337612,0.954283759491,2.99119279339
2020-04-07,0.299445310032,0.617169509884,1.01227325073,1.11550337225,1.41450024637,1.23072275195,1.59115213154,1.03109819079,0.838499747265,0.967234194821,2.95594653216
2020-04-08,0.30083360386,0.613529546586,1.00600705625,1.11533762138,1.41326323854,1.22646714103,1.58684195433,1.03394450849,0.835682618701,0.966344277974,2.93952246032
2020-04-09,0.301634832671,0.618078386989,1.00900837502,1.11919038288,1.43117001438,1.22706039737,1.59501362306,1.03912604614,0.839652127357,0.970052541793,2.94297361464
2020-04-10,0.296574431098,0.607349009035,0.99551542983,1.09263185072,1.40719258186,1.21254278814,1.58110286967,1.02852405196,0.831545407518,0.965094278434,2.97730412989
2020-04-13,0.294820127985,0.600892225343,0.989737689178,1.07695205672,1.41293100226,1.20682236803,1.56557018087,1.02309682711,0.829490014521,0.960732608702,2.98145984173
2020-04-14,0.300176381778,0.611026239223,1.00697268622,1.10187650677,1.45280231992,1.25113006556,1.59859985589,1.03887613699,0.841963768284,0.970868228346,2.95874712846
2020-04-15,0.298364946166,0.605708291265,1.00441744204,1.1035948415,1.44497876933,1.24290305458,1.58589000517,1.03015642301,0.832572603453,0.963703352075,2.95476674352
2020-04-16,0.298331678942,0.609746902286,1.01146860673,1.10594948681,1.44562186573,1.24481184467,1.59532879809,1.03131854389,0.831217865405,0.966669041022,2.96418915854
2020-04-17,0.300660180775,0.613384626624,1.01952533416,1.10841392642,1.4465956309,1.24868088643,1.60854883543,1.03569065224,0.837771541964,0.971339688292,2.9553754825
2020-04-20,0.300991919424,0.61608387429,1.02685799898,1.11188415478,1.45495540399,1.25947453946,1.61395787282,1.03681103608,0.840136725187,0.970408870579,2.9492825332
2020-04-21,0.299166958093,0.611087619509,1.01665351286,1.09810880914,1.4358238556,1.24340293195,1.59081258621,1.02444304973,0.831385509616,0.962127437181,2.94199542889
2020-04-22,0.300684294724,0.617856120204,1.01929724849,1.10682761199,1.44567231227,1.25684735646,1.60535637897,1.030254108,0.831979120584,0.963389875933,2.93093429157
2020-04-23,0.300268431421,0.614776513402,1.01716090337,1.10091284873,1.44269055727,1.24818145642,1.60764139953,1.02921658828,0.833822699818,0.960257075982,2.9254569782
2020-04-24,0.295396869498,0.607659640252,1.0033950748,1.08614414548,1.42683181088,1.23626195405,1.59356725169,1.02121131616,0.82229104947,0.953394744512,2.95201332503
2020-04-27,0.294688991349,0.609111027608,1.00714875202,1.09119318429,1.42833280702,1.23798801944,1.58219652292,1.0221452039,0.827463968114,0.958491518416,2.9748686536
2020-04-28,0.298582180793,0.613709937678,1.01249804375,1.08998215121,1.42276704919,1.23503623403,1.58062708751,1.01345673597,0.823684595629,0.950058972988,2.90939504869
2020-04-29,0.296386753466,0.617437974873,1.0182347467,1.09927251923,1.42289524102,1.24252349821,1.59320969477,1.01580478776,0.828966039719,0.958502095239,2.95664300318
2020-04-30,0.302604931139,0.628297070761,1.03172136316,1.13081009197,1.45249554366,1.27226136036,1.61351682524,1.03457198158,0.845865904354,0.975433772912,2.94684108769
2020-05-06,0.307992051248,0.643159804947,1.04272883248,1.1606644366,1.45936322146,1.2725548177,1.62196263468,1.03931464308,0.847519997779,0.971272110149,2.88180736923
2020-05-07,0.306984193906,0.640605993334,1.04053874682,1.15404103442,1.45453544773,1.27110017306,1.61806479277,1.03610114726,0.844662457074,0.964739008751,2.87185364619
2020-05-08,0.30851952268,0.653364483568,1.04963464326,1.17601390658,1.47063216329,1.28536543969,1.63661811929,1.04410877156,0.854181422731,0.973025121076,2.88215682155
2020-05-11,0.3071788981,0.660470314393,1.04746628539,1.17673398066,1.46433229008,1.28270378103,1.64010940289,1.04055571699,0.85477586976,0.973145002493,2.8950358906
2020-05-12,0.306269725961,0.656983918326,1.05169846625,1.17217908901,1.46598880226,1.28157081324,1.6345388803,1.03686587808,0.850838479421,0.967551102192,2.88696301919
2020-05-13,0.308414398793,0.661131489231,1.05667794209,1.17543673433,1.46920949735,1.28324255528,1.64010225213,1.03738293643,0.851431844184,0.968245043856,2.86881745253
2020-05-14,0.305204992723,0.652261595431,1.04784098567,1.15739661356,1.45078401272,1.27165445154,1.62556033269,1.02678384542,0.842779092964,0.960536391176,2.87583079274
2020-05-15,0.305180281811,0.653627902072,1.04488179895,1.15482309659,1.44183372933,1.26802677985,1.61705556865,1.02686799284,0.842890246414,0.962101931265,2.88075083659
2020-05-18,0.300013647592,0.657401066121,1.04307947944,1.16057871367,1.44172267482,1.26912710031,1.62138636634,1.03039673262,0.843212074909,0.964869043284,2.93780666621
2020-05-19,0.300975797359,0.658671861905,1.05589822096,1.17394447657,1.45745805734,1.28620355739,1.63431297079,1.03891623187,0.848093709242,0.971104384536,2.94737025665
2020-05-20,0.29736765689,0.65469941555,1.05122670728,1.17098591854,1.44687008246,1.27477678287,1.61745882385,1.0328718549,0.842895459452,0.969283188864,2.97717629133
2020-05-21,0.295173213929,0.647534314126,1.04097005275,1.16357362265,1.43341356541,1.26468471109,1.61406130406,1.02844950451,0.835616934424,0.961443159614,2.97506571166
2020-05-22,0.2891890618,0.63425559425,1.02036945385,1.14054587939,1.40061533148,1.24109003167,1.58091432195,1.00790301786,0.82117404548,0.947734395279,2.99296022467
2020-05-25,0.287031733756,0.627628830709,1.01695504003,1.13990927939,1.39943775673,1.24345674221,1.58077221707,1.00618318676,0.822166098294,0.948758742437,3.01852238112
2020-05-26,0.29086848508,0.635374957003,1.03754667106,1.15789619005,1.42001214036,1.2611966073,1.60390637004,1.01809127529,0.829309738182,0.954182281463,2.99542906691
2020-05-27,0.290030505014,0.628505310543,1.03055335951,1.14645248034,1.41239468891,1.25477208453,1.60185617764,1.00908291323,0.827719094063,0.955273981832,3.00748590857
2020-05-28,0.289176594548,0.626749958817,1.03376082062,1.14551923295,1.40782291994,1.25448420192,1.60424079014,1.01572891124,0.835846027702,0.960558107532,3.0329765715
2020-05-29,0.291196950592,0.633431781229,1.04204023195,1.1533203002,1.42329671939,1.26046472035,1.60957625064,1.01503157451,0.834797021273,0.958014942477,3.00375634977
2020-06-01,0.297111813583,0.645904528181,1.0629528028,1.18577028348,1.46484389346,1.31426671576,1.65899389918,1.04350359571,0.857307444015,0.976851780471,3.00180427234
2020-06-02,0.301139756252,0.650026479544,1.06778272288,1.18705936653,1.46747241828,1.31712462625,1.65983419999,1.03829878561,0.853544459252,0.982873162984,2.97961216484
2020-06-03,0.299615303682,0.650973331669,1.06667117261,1.18523088084,1.46373171513,1.31641718364,1.66279293805,1.03551181114,0.852552506148,0.977278102429,2.97773417488
2020-06-04,0.298756587196,0.652072268807,1.06771645288,1.18181272153,1.45758357729,1.31511167175,1.65450345143,1.03406608809,0.847765625377,0.974157203277,2.97675927323
2020-06-05,0.297776651381,0.656342157985,1.07206059687,1.19176318824,1.46671357568,1.32400905571,1.66642296488,1.0414302404,0.848548469959,0.977433108641,2.9965334604
2020-06-08,0.296948662364,0.658882961415,1.07310366723,1.19009829293,1.47734963995,1.32899305925,1.67435454443,1.04986310594,0.854013366421,0.982483635228,3.02034901945
2020-06-09,0.298082008647,0.661399787085,1.07484244971,1.19822877443,1.4951081136,1.34221901174,1.70479479913,1.05693837184,0.858995311511,0.985997222017,3.01962289389
2020-06-10,0.297472833205,0.663327936293,1.07878717806,1.19323948758,1.49451483682,1.33750483579,1.70009102012,1.05632191116,0.852902945574,0.981902812467,3.01325479185
2020-06-11,0.295346024635,0.663217725718,1.07125367078,1.19276817224,1.48309457289,1.32373907764,1.67408899437,1.05024175907,0.845941053504,0.975430548624,3.01493629905
2020-06-12,0.296572597007,0.665132160339,1.07469252077,1.19918949123,1.47701711307,1.32728588521,1.67196649003,1.04533995956,0.842722327084,0.975223897064,3.00177653057
2020-06-15,0.291814193421,0.65497332298,1.06405966271,1.19054203115,1.46657357066,1.32156926494,1.66662575006,1.03678375934,0.833421550418,0.973080391068,3.04334119145
2020-06-16,0.293916003769,0.671232964488,1.08419843864,1.21314356848,1.49626766175,1.33906336037,1.6841333806,1.04931331237,0.843987599098,0.981934235801,3.04911202534
2020-06-17,0.294825335964,0.67296927782,1.09432020157,1.21429664382,1.49801661444,1.33869301623,1.68946960314,1.05355403777,0.840495773172,0.98346351754,3.04442726935
2020-06-18,0.294899941963,0.675481970258,1.10817066251,1.2236068625,1.50665852429,1.3445751971,1.69962196566,1.06350703831,0.847686175135,0.986999628186,3.05460331982
2020-06-19,0.298637707649,0.680917641326,1.12069063933,1.23899540145,1.5289201709,1.36185908495,1.71760314375,1.07724919107,0.854574071106,0.991099295989,3.0285749712
2020-06-22,0.300735871225,0.681664515769,1.12630135933,1.24527510028,1.52731658876,1.36159834605,1.71973754984,1.07239907881,0.849375559753,0.990260622648,3.00473406643
2020-06-23,0.304346338511,0.690250403945,1.13147739833,1.25330468425,1.53417228329,1.36683393825,1.71368707708,1.07059890293,0.844961266973,0.984311889272,2.95061074448
2020-06-24,0.303131833179,0.690433715458,1.13062101061,1.25279574916,1.54641452553,1.37593465523,1.73280035802,1.07845055161,0.848671029299,0.987531678649,2.97203702894
2020-06-29,0.301658624543,0.684467140869,1.12516581825,1.2410755203,1.52319565221,1.35786091913,1.71149765091,1.0705634344,0.836685871794,0.980509049436,2.9653459781
2020-06-30,0.305040781336,0.703366966774,1.1511762977,1.26963781224,1.5529052312,1.37276824884,1.73349430021,1.07931081435,0.842950113173,0.983913408485,2.94239468619
2020-07-01,0.310962128924,0.717219711567,1.1627863006,1.29344982222,1.58647384701,1.39269490486,1.76851314393,1.09729113257,0.854818224383,0.997809367118,2.92683381172
2020-07-02,0.321053077583,0.743412976604,1.20591523543,1.3306327806,1.63511166842,1.42116211158,1.78553055015,1.11501435827,0.870231927202,1.01399939738,2.87934547272
2020-07-03,0.330638688864,0.76204082865,1.2435411824,1.38134866726,1.66629438612,1.44988046478,1.82327951926,1.12700465717,0.87323961854,1.03481808023,2.85249407049
2020-07-06,0.355518853506,0.805675143959,1.31945528294,1.43737816533,1.74746663692,1.53606253435,1.92345106013,1.19994924897,0.916599793195,1.09460613091,2.80265411761
2020-07-07,0.353009746062,0.812800553923,1.30439876484,1.42900486474,1.73342228831,1.54867053006,1.93494316807,1.21266922694,0.936377938468,1.10924778678,2.85992293473
2020-07-08,0.358147345521,0.837093469026,1.34156844674,1.48665015283,1.7722773832,1.58404662278,1.97251436143,1.23793068978,0.947801786596,1.12186639952,2.85083445526
2020-07-09,0.372817305916,0.850757515836,1.35736202052,1.51523987621,1.81066692185,1.62007495509,2.0136265435,1.25271772911,0.973898429128,1.13015664943,2.75512912037
2020-07-10,0.370794307597,0.845439444582,1.3252849004,1.47397568889,1.78033288767,1.59427292359,1.99452116189,1.23543495906,0.958553772714,1.11297267171,2.72818752172
2020-07-13,0.380406972251,0.874249040347,1.353905876,1.50996133837,1.81246644064,1.63306748646,2.04138051932,1.25731002523,0.983324945867,1.13882080085,2.7208211027
2020-07-14,0.375257883853,0.872915757765,1.33102098157,1.49695732152,1.80870786935,1.61528651684,2.01522259964,1.25085613435,0.972413692291,1.12529492506,2.72533398534
2020-07-15,0.366714039561,0.847825448475,1.30799422383,1.45354945012,1.78406952968,1.57186629178,1.97448713255,1.24633163793,0.96492946815,1.12271363736,2.78113261205
2020-07-16,0.34185514176,0.80222378283,1.23138214022,1.38579214386,1.72249889484,1.50262847922,1.89575144832,1.20968012251,0.930883614392,1.09206959846,2.89375073559
2020-07-17,0.338751620409,0.802744795235,1.22264468259,1.39112440837,1.73865808522,1.50915881448,1.92097062898,1.21477563141,0.929803354961,1.09280454128,2.9219690035
2020-07-20,0.350627953029,0.821809097212,1.24829561378,1.46389211177,1.80890492119,1.57953990039,2.00154718611,1.25850719023,0.966275450055,1.12802448872,2.91369935598
2020-07-21,0.347042525265,0.814847178077,1.25359285163,1.45730171815,1.79144191913,1.5861867336,2.00370706444,1.26509196037,0.974074010601,1.1519871386,3.0053898488
2020-07-22,0.350890926988,0.819501778068,1.26385451453,1.46115113004,1.80995884927,1.59210120105,2.01251500976,1.26898679787,0.977011911627,1.15730922614,2.98594733071
2020-07-23,0.354845384941,0.821073284484,1.26242038171,1.45140242693,1.80890934127,1.57625564408,1.99704595751,1.26289295395,0.979662745744,1.15405885302,2.94391019477
2020-07-24,0.338382051716,0.774900362512,1.19854207534,1.39014048015,1.7252909635,1.51413623311,1.92676670155,1.21562431557,0.940686252536,1.12197077049,2.99864115782
2020-07-27,0.342925769575,0.780911798793,1.20816171482,1.39760732817,1.73455848569,1.51952344252,1.91736485902,1.22496165902,0.943316787234,1.12371723474,2.96304377776
2020-07-28,0.342082605218,0.780756249921,1.2263021724,1.412762349,1.74522431332,1.53313531476,1.93865582624,1.24060351804,0.948612982257,1.124497553,2.97238668518
2020-07-29,0.351173295307,0.803024758411,1.26103676895,1.46410261448,1.78580762236,1.56633882224,1.9929584128,1.26253150557,0.968896580478,1.14215392542,2.94006798248
2020-07-30,0.35281004073,0.798252657983,1.2542277592,1.4544514104,1.76931522951,1.5585129517,1.98310121834,1.25597728747,0.965256305213,1.13898475922,2.91820705109
2020-07-31,0.360348906941,0.807017733687,1.26503478883,1.46814026814,1.79085955293,1.56273714217,1.99874758038,1.26362992382,0.968065099516,1.13959580042,2.85741618325
2020-08-03,0.37217086547,0.82831622988,1.30290520811,1.50111026933,1.83617663538,1.59303204858,2.03848495056,1.2889512432,0.980796310513,1.15429477187,2.80052911386
2020-08-04,0.373492394052,0.823767393778,1.28739968081,1.49320190237,1.84174037503,1.60313359179,2.03003300391,1.28564913144,0.983299798342,1.16459970927,2.81558646532
2020-08-05,0.371048435658,0.817259432211,1.30263358075,1.49451460137,1.86127046046,1.61178431209,2.03912594688,1.29592086313,0.985399093233,1.16606488421,2.83755260771
2020-08-06,0.371404104123,0.817423861114,1.30341463836,1.49614458742,1.8748285639,1.61876996233,2.04174038286,1.2939112113,0.982205036441,1.16713722336,2.83744214812
2020-08-07,0.36878009348,0.795808336022,1.27437003946,1.47151438627,1.85746085969,1.60873523608,2.02691644188,1.2794742673,0.979472029774,1.15861841167,2.836778796
2020-08-10,0.366630385564,0.802117737099,1.27464155012,1.473127105,1.86527690864,1.61356858737,2.05054606163,1.28942582582,0.996665393548,1.17074355817,2.88300245387
2020-08-11,0.361205607661,0.790851040209,1.26448317732,1.44281972096,1.84324271419,1.59386034288,2.02869524395,1.27139594892,0.983575874473,1.16352913174,2.90789444901
2020-08-12,0.351083585013,0.781854133898,1.247749297,1.43101988661,1.82822037167,1.57736238891,2.01989242217,1.27205290545,0.996083905563,1.16749484469,2.9992931544
2020-08-13,0.348131072358,0.778430587205,1.24296407607,1.4361744375,1.82841352901,1.5848350501,2.01155120561,1.27440548689,1.00107258268,1.16703127187,3.02332543487
2020-08-14,0.353049722504,0.791704770114,1.27384165028,1.45686368594,1.83915830188,1.60645063345,2.03902225585,1.28823822259,1.01421275633,1.17799620733,3.0090155796
2020-08-17,0.361248830851,0.817308866189,1.30868341075,1.4984341068,1.88123577915,1.64907964528,2.08635262683,1.31623370776,1.03581704576,1.20447115701,3.00676152042
2020-08-18,0.364427203852,0.818636843267,1.3033501065,1.49552761791,1.87410638307,1.64623791501,2.09255715258,1.31023559213,1.03243060076,1.20365457718,2.97826869663
2020-08-19,0.358794710199,0.803958221808,1.27662251172,1.46842911689,1.85159226229,1.6237375434,2.07991142014,1.30494011523,1.02818625609,1.20225267044,3.02083124093
2020-08-20,0.350156719669,0.785594638442,1.2556161017,1.43908243839,1.83485679303,1.61410436561,2.0603045178,1.29323521702,1.01543508476,1.19121693028,3.06582894888
2020-08-21,0.352896882935,0.790274852948,1.26421706206,1.44854922631,1.85313161198,1.63877839996,2.07731779491,1.30100821845,1.02226409304,1.19137047935,3.04223238908
2020-08-24,0.35350087285,0.789627530207,1.28067943522,1.46284482229,1.86459329973,1.65972891165,2.08494071159,1.3020730044,1.02789081978,1.19303824165,3.04128427492
2020-08-25,0.351318792549,0.784218534556,1.28359807758,1.45751549225,1.8418909207,1.64721626502,2.07557230213,1.29785761842,1.02671826001,1.1877738963,3.04663759913
2020-08-26,0.345997523002,0.768985922813,1.26517661037,1.44506471574,1.79943197459,1.61898790399,2.03351617243,1.28129520216,1.01487668942,1.1791543383,3.07067451572
2020-08-27,0.34694712692,0.77998036245,1.27623589819,1.45913783814,1.80902949051,1.62432992285,2.05352327936,1.28913333093,1.01609468706,1.182802414,3.07174700147
2020-08-28,0.35162201163,0.797904215935,1.30417310787,1.49424382986,1.841279889,1.66099896561,2.10023287377,1.31541353959,1.03245282039,1.19670945188,3.06647391244
2020-08-31,0.350224162596,0.789998055581,1.28961621701,1.48535771089,1.85296284613,1.65199875775,2.09110084011,1.29814118116,1.02851433169,1.19622486103,3.07742274185
2020-09-01,0.352818603318,0.795742093698,1.30759333253,1.50215708719,1.86505220275,1.65605968625,2.10037686853,1.29969076747,1.03019196281,1.19647772608,3.05527589253
2020-09-02,0.354485830052,0.796397118329,1.30511841458,1.49277366681,1.86551026876,1.65933072978,2.1036542839,1.29035072026,1.03068213227,1.19198434943,3.02936423828
2020-09-03,0.352527550405,0.792946678085,1.28734314621,1.48422230805,1.85127610593,1.65667236996,2.09142662656,1.28585068175,1.02692183422,1.18936595367,3.03944478798
2020-09-04,0.349154256468,0.791507058306,1.27729721868,1.47087528738,1.83401946056,1.63231547488,2.07285869537,1.28176399741,1.02352682295,1.18399049093,3.05479178552
2020-09-07,0.345141379053,0.770923492755,1.24792973904,1.44427004054,1.79751309995,1.60034854288,2.01570549483,1.25213789709,1.0012498463,1.17497344345,3.06663620745
2020-09-08,0.34323691653,0.771931987905,1.2506123903,1.45639577891,1.81191893246,1.60744862765,2.01853690562,1.26866591667,1.00767653778,1.18914887419,3.12055499835
2020-09-09,0.339322061188,0.757564344613,1.22138900585,1.42398875867,1.77074320794,1.5694727595,1.97128482924,1.2304808105,0.977733033705,1.16768787996,3.09982932468
2020-09-10,0.338582563523,0.756373350382,1.22144579749,1.40590434567,1.76697678496,1.55883270339,1.94296236445,1.21159689513,0.965293448526,1.15744352366,3.07938948774
2020-09-11,0.343880193885,0.770649096487,1.24191306903,1.42337690473,1.7741627389,1.57243751922,1.95139620085,1.21659906643,0.963952382759,1.15519880749,3.02523574705
2020-09-14,0.345299934613,0.773308099423,1.25060887523,1.43569741365,1.7755460823,1.5722200282,1.96440655143,1.22063151687,0.966476131657,1.15678058619,3.01688814909
2020-09-15,0.346799830545,0.774561607278,1.25742269151,1.45883660906,1.79054171706,1.5822094837,1.9870759354,1.23138741946,0.975448233504,1.16064245662,3.01385531963
2020-09-16,0.34529088516,0.769775991992,1.2491208157,1.45939237778,1.77981305208,1.58608797689,1.98542442654,1.22839769498,0.974538941275,1.16307856154,3.03329463728
2020-09-17,0.347400033615,0.767414582294,1.24051044083,1.45296791576,1.78962480891,1.58631288013,1.97158699185,1.22443583571,0.974368628109,1.15769765716,3.00073295944
2020-09-18,0.350582915767,0.774365445898,1.25915832741,1.48985955746,1.84309546526,1.63230850343,2.02501862723,1.25896343991,1.00118962216,1.17903559286,3.02854779015
2020-09-21,0.348326520167,0.765758139851,1.24354664352,1.48244999967,1.82660163756,1.62591786627,2.02171721871,1.25355965214,1.00168000006,1.16908498376,3.02248011931
2020-09-22,0.343616743502,0.754007589247,1.22379873619,1.45262980937,1.80343456244,1.59805753975,1.98518904905,1.24190077564,0.991674657073,1.15817666438,3.03514584445
2020-09-23,0.348748620799,0.760311467225,1.23203842753,1.46026429655,1.80200405938,1.59556656302,1.98274270021,1.23856552378,0.989348429674,1.15423373988,2.97948336016
2020-09-24,0.340431750417,0.745202088654,1.20032955243,1.42367022031,1.76927865791,1.55982152231,1.94764811063,1.21501317694,0.972679025129,1.14097220217,3.01630464393
2020-09-25,0.338919987318,0.746741944334,1.1998086818,1.42780321217,1.76885011841,1.56091808773,1.95100848878,1.21596894074,0.969319745757,1.13835499974,3.02278031094
2020-09-28,0.338173657807,0.746826884378,1.20095287039,1.42702808199,1.7559608423,1.55860634535,1.94750285096,1.2172948302,0.968061529807,1.13795655851,3.02837870203
2020-09-29,0.33875294582,0.747362669498,1.20645236486,1.43362708088,1.7673918076,1.55892381313,1.96647321849,1.22582096983,0.971826129103,1.13906990474,3.02615400496
2020-09-30,0.338550213573,0.7464832649,1.20925283179,1.42212405693,1.75890752573,1.5530567556,1.96231064007,1.21829676976,0.964023242173,1.13781075468,3.02461988679
2020-10-09,0.344016793573,0.766046846831,1.24572162743,1.44759477285,1.80592473423,1.58936840303,2.00283150194,1.24026516001,0.979710921049,1.14672337605,2.99947350839
2020-10-12,0.353861477371,0.778383489033,1.27790811964,1.49446727648,1.86567608812,1.63473522427,2.05729655186,1.27683457961,1.00874851654,1.16533176401,2.96231175017
2020-10-13,0.356526023998,0.77613969301,1.28356937189,1.50640776218,1.87117580472,1.6368999579,2.05528977037,1.27834219709,1.00841493496,1.16745166311,2.9453946497
2020-10-14,0.351631751207,0.774354619383,1.27522542426,1.48767345139,1.87506613257,1.61876627943,2.02555795281,1.26551392624,1.00036017354,1.16192208392,2.97187734383
2020-10-15,0.351977483376,0.765092208932,1.26843744651,1.48496170633,1.87188060801,1.61441081181,2.02099661671,1.26153475832,1.00083757001,1.16438236594,2.97524805306
2020-10-16,0.350112726725,0.764034079864,1.26245149489,1.47426617212,1.86626191053,1.61164293038,2.01581777086,1.25913496316,1.00854805619,1.17046633859,3.00655660989
2020-10-19,0.345251618968,0.75932675801,1.24538948146,1.46893238856,1.84811044727,1.59910292081,2.0061910042,1.24918468988,1.00277033508,1.17116839094,3.05010421665
2020-10-20,0.350225238963,0.769271853853,1.26046848215,1.4816576836,1.86402440956,1.60685352154,2.01361672522,1.24989185966,1.00276017024,1.1668800002,2.99499670914
2020-10-21,0.349315627372,0.759672846332,1.24777288941,1.46776675175,1.85572505956,1.60651550592,2.00798513222,1.24999396849,1.01166935618,1.17659364406,3.02770709614
2020-10-22,0.348084229089,0.755315505165,1.24268420273,1.45972155643,1.8483369328,1.59338199391,2.012044684,1.2418434603,1.00768285816,1.17767284767,3.04115738481
2020-10-23,0.3429040042,0.745555795036,1.22305920013,1.43305205632,1.80852146045,1.57031717504,2.00363077937,1.23092334306,1.00361960687,1.18131674546,3.09582599885
2020-10-26,0.343607335687,0.748210574008,1.22160055353,1.42593319541,1.7968993684,1.54926077174,1.99545932303,1.22237733174,0.989743814979,1.17407104841,3.07048765366
2020-10-27,0.345746080992,0.757822228866,1.23064333234,1.43814363103,1.80305799021,1.55005682189,1.99525455827,1.21354902034,0.98644912008,1.16778285969,3.03493057111
2020-10-28,0.346764566945,0.772057563608,1.24874483361,1.44408117226,1.82287002136,1.55088808156,1.99965132401,1.21834907754,0.98399049831,1.16000926235,3.00578771846
2020-10-29,0.348394743889,0.775601949584,1.26440400256,1.45704280963,1.83829502471,1.55745937042,2.00099681128,1.21809050938,0.979975051086,1.15544538276,2.97983137865
2020-10-30,0.341197411432,0.75635733705,1.22880652256,1.43742583648,1.81006066456,1.5368672321,1.95595059086,1.2034512109,0.971931407554,1.14639536954,3.01805089674
2020-11-02,0.345962952839,0.762403437022,1.2255071422,1.45511886329,1.81548035112,1.5312037792,1.95412083627,1.19522573717,0.963953457735,1.14101999469,2.9617460028
2020-11-03,0.349689604571,0.772031421402,1.23678690768,1.4732189316,1.84207147795,1.56574332492,1.98847288421,1.22382967099,0.980957539475,1.15686798781,2.97097924007
2020-11-04,0.349698320471,0.770084976599,1.23967624992,1.48441309407,1.84667041575,1.57443033699,1.99487539944,1.22474034261,0.987271767995,1.15843341127,2.97492538931
2020-11-05,0.356925067891,0.780929616352,1.25983660222,1.50793808878,1.87564272905,1.59842445093,2.02836461383,1.24429221781,1.00772707856,1.16945229046,2.94174371791
2020-11-06,0.357816314577,0.782516055583,1.25425270516,1.5149610632,1.87316299672,1.59377143504,2.03870376428,1.23655308483,1.00722995684,1.17165164153,2.93993058656
2020-11-09,0.365521390987,0.800074701029,1.27547940854,1.55591040218,1.91868974356,1.6388642575,2.08554125848,1.25972581581,1.03280635189,1.18718343039,2.91559593252
2020-11-10,0.363179980997,0.797791569614,1.26107814865,1.53713014023,1.8933334209,1.6375820551,2.08126372252,1.24538390036,1.02987927585,1.18708501273,2.93403057928
2020-11-11,0.356679601413,0.782839369873,1.23431206821,1.50677258302,1.85800822124,1.62460254572,2.06882603361,1.24880299436,1.03076969629,1.2023481125,3.02427002672
2020-11-12,0.356350481899,0.784629222963,1.23672948465,1.51488830999,1.86560939637,1.61571960148,2.07486980831,1.24912548911,1.031268355,1.19723643237,3.01420319076
2020-11-13,0.350628563693,0.786731857492,1.2342113371,1.51005133636,1.85391045518,1.60615210012,2.06223620232,1.23740265232,1.02379792221,1.18729836328,3.03758181786
2020-11-16,0.352076365692,0.797557056685,1.24500671615,1.52248005848,1.88023424514,1.62698114879,2.09017167117,1.25433190962,1.03756872459,1.1977994363,3.05190507643
2020-11-17,0.351009984905,0.795882810492,1.23762362517,1.51518815933,1.8863028693,1.62616255484,2.10159622189,1.24816468618,1.03849086272,1.19984424359,3.06635880855
2020-11-18,0.352003752817,0.80099555983,1.23159389828,1.51874035399,1.88934682315,1.61323469505,2.09525812298,1.25069499507,1.03915167454,1.20133036635,3.0614754154
2020-11-19,0.352199273213,0.810673314466,1.23214547915,1.51785925696,1.90811683275,1.6242830998,2.11532158748,1.25558889906,1.03874640215,1.20226343507,3.06215275596
2020-11-20,0.353699555138,0.813559510111,1.23614626877,1.52385247251,1.91898831856,1.63725613101,2.12360458894,1.2672308033,1.04851873765,1.20330230671,3.05175473695
2020-11-23,0.362037241617,0.83130079935,1.2596252946,1.5380312901,1.92174832285,1.64353820024,2.13265175133,1.26919825754,1.05900979556,1.21447152501,3.00814316277
2020-11-24,0.359071004331,0.833458454004,1.25452443202,1.53475068485,1.90891001383,1.6449469795,2.12878276139,1.26342562686,1.05517446462,1.21215315233,3.02704701659
2020-11-25,0.352447524968,0.819653993275,1.23337037073,1.51630594855,1.87847466483,1.6217347403,2.09168670604,1.25034183267,1.04457257263,1.20977893433,3.07695538359
2020-11-26,0.349508599003,0.821865906819,1.23248899927,1.51976034963,1.8660779856,1.62324996702,2.09375820195,1.255937964,1.04651673192,1.2175396467,3.12235156436
2020-11-27,0.352708540192,0.827192755964,1.25385850678,1.53939016679,1.87337646552,1.64418461623,2.11817507942,1.26865138247,1.06030537881,1.2295473993,3.12455833566
2020-11-30,0.352090431876,0.82743114007,1.26175697636,1.53266266155,1.88459220764,1.64329704694,2.12051079506,1.26472705763,1.0606133292,1.22841444741,3.12715491815
2020-12-01,0.358113582106,0.844950752921,1.2789021157,1.55457342551,1.93598251051,1.66791401545,2.15543424155,1.28897251283,1.08114615556,1.25097018007,3.13107898503
2020-12-02,0.358739778655,0.845949986503,1.2681991022,1.55420783318,1.93835097078,1.67288397804,2.15382117906,1.29198141864,1.0846772292,1.25036588555,3.12409148665
2020-12-03,0.354054548349,0.841718055496,1.27287830118,1.54165758789,1.92982533607,1.67476984113,2.14789865126,1.2925523926,1.09319745972,1.24951213315,3.16275975867
2020-12-04,0.357793317998,0.845085265743,1.26793888318,1.5377086448,1.93262468743,1.67531145656,2.13306626044,1.28605106698,1.08846947375,1.2436146371,3.11443371319
2020-12-07,0.355524536875,0.838159578109,1.25994444137,1.52110870189,1.91615466333,1.6653618968,2.10762669438,1.2663947535,1.07123487522,1.22846172451,3.09623441348
2020-12-08,0.356219395379,0.838076041332,1.2557500453,1.52068100116,1.90640517008,1.65646853676,2.09764703004,1.26492956033,1.06585611333,1.22167105845,3.07306764458
2020-12-09,0.351142349367,0.827536558743,1.22644921546,1.49657320216,1.88221961708,1.63107958268,2.06309767351,1.24178641664,1.05064313021,1.2076244183,3.08153299653
2020-12-10,0.350253701547,0.827781378556,1.22909674827,1.49143760852,1.88533152411,1.62659827267,2.05314224789,1.23780972886,1.04867858163,1.20403932159,3.08018333292
2020-12-11,0.346088985822,0.815832303652,1.21931218568,1.47878138304,1.88109442368,1.6138017679,2.03177334206,1.22466660255,1.03772569186,1.18946518002,3.07952477539
2020-12-14,0.345159556572,0.818432391069,1.21833753824,1.49856177403,1.90054924715,1.61452573611,2.03345389419,1.22359067093,1.04417932591,1.1930515595,3.09708003867
2020-12-15,0.347114646962,0.823574066029,1.22711197329,1.50779697709,1.90625695816,1.61397094832,2.04018508879,1.22114873314,1.04554146129,1.18622015814,3.06180337079
2020-12-16,0.346702866489,0.817136097691,1.23025621495,1.50997336116,1.90495155766,1.60710537328,2.03507966557,1.22534044552,1.03912339109,1.17964260428,3.04845796931
2020-12-17,0.351154813173,0.825563915986,1.2545021,1.52834136262,1.92646254799,1.63040321883,2.05150623918,1.24272655147,1.0493364071,1.18835320158,3.03182340474
2020-12-18,0.349751095335,0.823412099066,1.24692668334,1.52421589306,1.94577753685,1.63477162009,2.06836031235,1.23932838229,1.04824919004,1.18601255543,3.0379712687
2020-12-21,0.359326805038,0.835128817538,1.26633397247,1.52957200862,1.95962157082,1.64367828377,2.08705869585,1.2428159346,1.04947490373,1.1900679305,2.96518358736
2020-12-22,0.350142018026,0.816605576098,1.2368256082,1.48617471385,1.92401431053,1.58534661116,2.03993574131,1.22050098751,1.02945607933,1.17493532266,3.00327239306
2020-12-23,0.353125704334,0.833334277292,1.2654765175,1.51034028556,1.93736746573,1.58892108376,2.04445674022,1.2241788891,1.03108805228,1.17594175147,2.98025297678
2020-12-24,0.352357107519,0.828301051659,1.26483236,1.50271579836,1.93588500668,1.57792335691,2.03702793613,1.20394336068,1.01943783147,1.1633239937,2.95476178732
2020-12-25,0.359264059703,0.84208286573,1.27541532328,1.51772355316,1.96576697644,1.59953314766,2.05470534699,1.20955976531,1.02378244085,1.17575928244,2.92842690879
2020-12-28,0.359825169234,0.841750729887,1.27312106482,1.51344537733,1.96141470455,1.60164893368,2.05292392314,1.20228824948,1.02966341567,1.1715386925,2.91334111111
2020-12-29,0.352897262673,0.827790885242,1.26398414654,1.49192334363,1.95495407134,1.62103812198,2.05567226311,1.21113639529,1.03546012634,1.18746643957,3.00904178652
2020-12-30,0.353975189367,0.834657130452,1.28089447264,1.51724152905,1.98349426214,1.64064305875,2.07316957412,1.22326462308,1.04445438036,1.19061752257,3.00783550047
2020-12-31,0.360750789259,0.857220669504,1.30095196433,1.5526089266,2.02206070014,1.67269880498,2.10627953079,1.24579447746,1.05929331426,1.20542743702,2.9876751737
2021-01-04,0.366639249875,0.88243367612,1.32618885567,1.57862655868,2.03684414322,1.68976377931,2.13995684201,1.25462914079,1.06444806715,1.20078358241,2.92739808567
2021-01-05,0.380512133815,0.897306188066,1.3559555039,1.61514541848,2.06764785392,1.70119006236,2.17798556871,1.25902178948,1.06271347969,1.20278235991,2.82150412535
2021-01-06,0.383534188622,0.890159265141,1.3518898934,1.63559010517,2.07239875321,1.70545314641,2.17197774932,1.25683007264,1.07665876503,1.21765041677,2.83397323731
2021-01-07,0.386685321295,0.905162751621,1.36875045385,1.67754400619,2.0944524883,1.72318098679,2.19765173118,1.26488590734,1.06551186124,1.20518259538,2.78167144925
2021-01-08,0.385005380369,0.901717262465,1.35195225553,1.67774143528,2.08898399506,1.73745229343,2.23415709307,1.2861470514,1.07896245053,1.21689800223,2.82079655259
2021-01-11,0.382536118668,0.888420734491,1.33142239793,1.66321006349,2.07856742443,1.71660828484,2.19329552496,1.26475834752,1.06417826735,1.2007129497,2.80137063817
2021-01-12,0.388998345272,0.904789471904,1.36996466607,1.7089469397,2.13865267575,1.75495600561,2.2283660104,1.30453112419,1.07908975877,1.21731981462,2.79279206241
2021-01-13,0.394238061192,0.902894229199,1.35603559497,1.68232793915,2.12412677941,1.73242126076,2.23994366418,1.32264032152,1.08222279851,1.22299621362,2.76819668593
2021-01-14,0.391008382961,0.894788551103,1.33185417746,1.65413860152,2.10241611161,1.70560725583,2.20884364483,1.30865588071,1.07843396862,1.22018787088,2.78451775821
2021-01-15,0.384621302064,0.88532471116,1.31788360111,1.63326367096,2.08599147426,1.71110415695,2.21781306449,1.30297279498,1.08367978156,1.22629989045,2.84395043783
2021-01-18,0.387234761474,0.891805420668,1.3409281266,1.66139898182,2.12364276184,1.74315088389,2.23922994658,1.31285301289,1.09463993437,1.23237470259,2.83871439452
2021-01-19,0.379760812205,0.870175241599,1.31853807176,1.64518089187,2.10002816698,1.73128566509,2.20053521208,1.3022393209,1.09662555013,1.24209488746,2.91589388307
2021-01-20,0.379405089157,0.87539215431,1.32286513191,1.66458706331,2.11526816836,1.74041093378,2.22231680729,1.31318205787,1.09958944262,1.24631673911,2.9285362648
2021-01-21,0.38854477665,0.89122593118,1.36220316911,1.69599857118,2.15055359621,1.7553672518,2.24316614109,1.31718725451,1.09471473118,1.24640227479,2.8581902118
2021-01-22,0.393172432103,0.894392054188,1.36865233331,1.69404906225,2.14618682507,1.74095638535,2.20512941651,1.30025117038,1.08202412536,1.22834694259,2.78274489908
2021-01-25,0.391915462808,0.890386636204,1.39779577061,1.7062041071,2.15403881455,1.73396060913,2.19186591645,1.28827632719,1.07314011412,1.21865572678,2.76968645659
2021-01-26,0.384522188393,0.870183367042,1.3593537627,1.67385065241,2.14754909605,1.71980860201,2.14477732936,1.27985920548,1.06849254401,1.21528026277,2.81426355307
2021-01-27,0.387867896397,0.86256793832,1.36729348977,1.67748339119,2.15964012653,1.72296106201,2.16254726893,1.27779918027,1.06685085566,1.21821388904,2.79657028164
2021-01-28,0.375672760055,0.834882390286,1.32870250327,1.61062764745,2.09389775888,1.6754846003,2.12293586843,1.26196388203,1.05492053261,1.20979887256,2.8651807811
2021-01-29,0.372800090603,0.830628773048,1.31864035471,1.60557750794,2.06304068625,1.67930555545,2.12037367466,1.25136554012,1.03877864302,1.20709931412,2.88069665903
2021-02-01,0.37321556801,0.840533780387,1.33078109245,1.63418910952,2.12010117364,1.69875467369,2.14523956457,1.25352562763,1.03671864923,1.21201631477,2.88922042197
2021-02-02,0.376796248201,0.848641212559,1.34706372807,1.66211258323,2.15981695076,1.72735000393,2.17734529554,1.27237493008,1.04271656728,1.21380382853,2.86576195271
2021-02-03,0.373404554331,0.842815593438,1.34015370459,1.64411835889,2.14834211145,1.70674923042,2.151740913,1.26736378768,1.03565544231,1.20457635317,2.86977197355
2021-02-04,0.3692345523,0.832869623375,1.32716135125,1.63652350626,2.14012415461,1.70876377632,2.12047939342,1.24536119568,1.01417541932,1.19095979468,2.86938023567
2021-02-05,0.366097419498,0.819647330561,1.3151501696,1.60399096666,2.12527967006,1.70416016495,2.13622603432,1.26512172739,1.00846395499,1.20539569603,2.92853981882
2021-02-08,0.368289478371,0.82857797588,1.3251441242,1.62653143216,2.18929668077,1.737730038,2.16958764329,1.28863466768,1.0106364074,1.21005727761,2.92233021435
2021-02-09,0.379278927013,0.856115631007,1.35467501217,1.67171391549,2.24274422705,1.76847564363,2.21687741261,1.31296767184,1.02152672894,1.21962244217,2.85823053927
2021-02-10,0.386094525327,0.865270054461,1.36586465746,1.69134871275,2.27733686356,1.80411289879,2.23790451304,1.33307018718,1.03355641633,1.22902627078,2.82890669007
2021-02-18,0.386030722479,0.84900880877,1.3678897644,1.68501470339,2.32514598446,1.82155892013,2.27533095662,1.35266767987,1.05284984608,1.24770158249,2.87236000214
2021-02-19,0.39288498698,0.853027936772,1.36511566188,1.69086846982,2.33810749819,1.82702343238,2.27963431064,1.36995707377,1.07709111419,1.27210862866,2.87754707305
2021-02-22,0.393499087539,0.83681646764,1.33962700456,1.68346008835,2.33720042303,1.78982746694,2.22550870295,1.33890536159,1.04931411165,1.26088323984,2.84765715165
2021-02-23,0.388448437811,0.827294975404,1.3463851845,1.65605573951,2.30774171754,1.79203421329,2.21360233867,1.3334968747,1.04895865327,1.25503018525,2.87098857221
2021-02-24,0.377289842531,0.802542976492,1.31764687014,1.6001453914,2.26205653876,1.76111508155,2.19212419,1.33322495675,1.04715114808,1.25056890235,2.943255213
2021-02-25,0.375347936865,0.798182405719,1.31600288653,1.59860785242,2.25281309337,1.75821572957,2.20524444869,1.34827360452,1.06878898686,1.26949511139,3.00294756541
2021-02-26,0.367804899175,0.774803272879,1.28357722566,1.55121015551,2.21259297245,1.71349362824,2.17177814142,1.31971484887,1.06050606048,1.25721449027,3.03424577197
2021-03-01,0.374772248833,0.793438203058,1.31089495274,1.58261021956,2.26615476357,1.73656936958,2.21110628787,1.3292764478,1.06473541752,1.25997935079,2.98344077716
2021-03-02,0.374942504385,0.78779618157,1.28168932154,1.55958840922,2.24988791594,1.7113670463,2.19204136343,1.31665104304,1.05220556133,1.25476588089,2.96974071853
2021-03-03,0.372608364503,0.800145279174,1.30164332014,1.59666868997,2.29513904557,1.73272440185,2.23124027737,1.33663975939,1.06805892197,1.27376741479,3.03320056436
2021-03-04,0.367433801092,0.774628922515,1.24546291686,1.54827020717,2.24521372787,1.69221813658,2.17910125499,1.30143582959,1.05537510273,1.24653414195,3.0104737233
2021-03-05,0.365324819042,0.773941646166,1.24169605301,1.52865033157,2.24798051405,1.69736896828,2.18365004605,1.32217011767,1.06691721308,1.25901004867,3.05788337495
2021-03-08,0.348910636159,0.751251780566,1.20379765824,1.46177291144,2.18883186614,1.65214447999,2.13711550828,1.30024980474,1.05247723342,1.25366985724,3.18230498051
2021-03-09,0.338814488263,0.726322868854,1.17834632198,1.41701782849,2.13904265297,1.62098297757,2.09505054097,1.27986057973,1.04166827217,1.24388293936,3.24954576368
2021-03-10,0.340258057234,0.730583675958,1.18405210817,1.42139026511,2.15037173664,1.60874884695,2.0722208487,1.27111333326,1.03408944939,1.23721448456,3.21827978536
2021-03-11,0.348921098722,0.758807493254,1.21289975407,1.45721241335,2.19401064653,1.62956500794,2.12546588376,1.28841597335,1.05274557055,1.25139378606,3.17322533563
2021-03-12,0.350846244721,0.765620064741,1.2033241553,1.46499815737,2.19475608009,1.62738197064,2.13434119712,1.30104491349,1.05181737137,1.25870676094,3.17426119953
2021-03-15,0.342132465952,0.750222032053,1.18098886341,1.44474108918,2.16444354825,1.59993376366,2.1087295299,1.27361845978,1.02892884196,1.25140237928,3.23467810538
2021-03-16,0.341675739172,0.753471133741,1.19045737664,1.45286533485,2.18144868517,1.61332557572,2.13048073738,1.28263512737,1.03986875352,1.25763504401,3.25510666792
2021-03-17,0.342333826652,0.75748292845,1.20160578803,1.45776555104,2.20316396896,1.61574065441,2.1363406968,1.2992867919,1.04167109513,1.25702576439,3.24726015801
2021-03-18,0.344236279403,0.766107898977,1.21226963129,1.47688295148,2.22582106321,1.62314558287,2.14627191948,1.29761089067,1.03833826237,1.25578767824,3.22601581621
2021-03-19,0.333394575335,0.741538687585,1.19308514866,1.44010385288,2.19245867739,1.58413337968,2.11276003141,1.28113474202,1.02969806664,1.24491102975,3.29967779965
2021-03-22,0.331722124691,0.75167425988,1.21463812737,1.45305534762,2.23261633604,1.61510594516,2.13311381113,1.2980947029,1.04340713236,1.26265655741,3.36326551042
2021-03-23,0.329653159204,0.741198829429,1.19993931493,1.43903432515,2.18795853348,1.59490112054,2.11817634518,1.28402596568,1.04210252024,1.25738248871,3.37019411252
2021-03-24,0.327862242265,0.725131530729,1.17253045615,1.40817647141,2.13103811888,1.56417447444,2.08841769883,1.26767903608,1.03494259105,1.25119924758,3.37193037284
2021-03-25,0.326871483879,0.730154721053,1.1762283164,1.4184387423,2.12772203483,1.5672126898,2.09103872044,1.26889638115,1.02843160896,1.24843674815,3.37467509953
2021-03-26,0.3342438812,0.755767368724,1.21218312766,1.45394616388,2.19014711432,1.59128516076,2.11600284957,1.28205717092,1.03590231804,1.25296217456,3.31079402729
2021-03-29,0.332901501949,0.750119801533,1.2123772416,1.45985938595,2.20204028503,1.59283851153,2.12048201141,1.28662577838,1.03675904069,1.25632141711,3.3329671025
2021-03-30,0.333690487694,0.757611907056,1.22351346893,1.47705402556,2.21643255975,1.59916107903,2.12764331434,1.29438125515,1.03402425349,1.25720458737,3.32741089151
2021-03-31,0.330934697608,0.749165342421,1.2074824911,1.46442817478,2.19398400894,1.6002188102,2.13613706785,1.29418414687,1.03303688817,1.26071859257,3.36419081284
2021-04-01,0.333873847891,0.754698077178,1.21545726437,1.47231722706,2.22700105421,1.61890807006,2.16610777956,1.30010145013,1.04204074654,1.26325327706,3.34107595381
2021-04-02,0.338537927399,0.764277363599,1.22764730516,1.48622705666,2.22990389674,1.63022018719,2.18498311515,1.30208039911,1.03962281075,1.25989204156,3.28551264649
2021-04-06,0.337181762511,0.759896805224,1.23008172601,1.48638295923,2.22738404618,1.63560520492,2.19779685517,1.30298544343,1.03936618126,1.26222943894,3.30476963713
2021-04-07,0.334786404089,0.759638507654,1.23168937043,1.49090066827,2.22444764657,1.63287327464,2.20356507297,1.30393704469,1.04273002634,1.26456006327,3.33434895023
2021-04-08,0.332873384309,0.762278905284,1.2327881296,1.4818981416,2.22755385577,1.63132976518,2.20847896302,1.30936876316,1.04221310569,1.26247770755,3.34791123605
2021-04-09,0.326339791565,0.751591196583,1.22098823265,1.47352366821,2.20066906033,1.6172274968,2.18747945185,1.29434194992,1.03441683658,1.25959787668,3.40598667301
2021-04-12,0.318243587835,0.738453002439,1.19132405928,1.44070982547,2.16001094562,1.58844175477,2.15002735492,1.27674263365,1.01951005634,1.24981480666,3.46403252671
2021-04-13,0.315274247186,0.7348658053,1.19214349677,1.43766192075,2.16196090859,1.58397742982,2.15712660006,1.27032443077,1.01441725079,1.23612678655,3.45841512491
2021-04-14,0.3177527239,0.74958319992,1.20385182621,1.45104741499,2.18942512074,1.60394942556,2.17241066405,1.27795557233,1.01621515326,1.24028510152,3.44286142742
2021-04-15,0.315217267201,0.748215784825,1.20895131019,1.44544168323,2.17259630546,1.60132388806,2.16186403931,1.2702894557,1.00548119805,1.23492872593,3.45546462145
2021-04-16,0.312914451535,0.747836447552,1.21393604496,1.4532243983,2.18428889808,1.61649990706,2.18447331277,1.28572419169,1.01676856076,1.2454047771,3.51002160183
2021-04-19,0.3183425717,0.76674375928,1.23800938442,1.49826337226,2.23321036845,1.65429165175,2.23314801705,1.30804349425,1.03788204308,1.25976366526,3.4896021102
2021-04-20,0.316241501103,0.766413406064,1.23642344615,1.49677788671,2.22849537396,1.64831139736,2.23190516205,1.30371236968,1.03147450154,1.25778175991,3.5071436225
2021-04-21,0.315532109761,0.776202625828,1.22834055031,1.50304158569,2.22266984034,1.64922935194,2.23377089477,1.30173951836,1.02628884276,1.25316491776,3.50213742879
2021-04-22,0.313918251892,0.778828356414,1.2307119533,1.50924793487,2.2293650112,1.64813865825,2.24891327957,1.30033395207,1.0241847769,1.24788707505,3.50530023603
2021-04-23,0.314079538727,0.780709529721,1.23340066878,1.51411962365,2.24088849308,1.65714181796,2.24634886507,1.29896778326,1.02054487065,1.24280059282,3.48921139224
2021-04-26,0.313228582037,0.772366011267,1.21984392711,1.50151568711,2.22590914919,1.64404330661,2.23277656456,1.2815021317,1.01102375179,1.22915286473,3.4603484142
2021-04-27,0.31169585664,0.776167594071,1.22674193945,1.49333431157,2.2355348984,1.63171626025,2.21709389251,1.27070793945,1.00853733544,1.22339070276,3.46105916793
2021-04-28,0.313456403138,0.785988892043,1.23492026951,1.51575589807,2.2413210356,1.64847860822,2.24098520153,1.27811689889,1.0099090817,1.22445881693,3.4445318961
2021-04-29,0.315484503695,0.786515278119,1.23323718443,1.51951537047,2.25937967047,1.65718559156,2.26475836507,1.29105561017,1.02336406717,1.23796344554,3.46023530697
2021-04-30,0.30803952337,0.789435220102,1.21801030879,1.51028575039,2.22996010743,1.64276546995,2.23770274502,1.27670747538,1.0146718492,1.22655919679,3.51001583155
2021-05-06,0.302701846734,0.787515458938,1.20810208616,1.4974400038,2.2012197079,1.6259261672,2.22933969689,1.27057691542,1.01481904538,1.23078422706,3.58292768922
2021-05-07,0.300566962803,0.786025559106,1.19494671006,1.47316963496,2.17745610405,1.60269483294,2.16810778271,1.25502917065,1.01205351909,1.23346249497,3.6159939114
2021-05-10,0.304292074084,0.795125953784,1.20916015603,1.47004920193,2.1790281041,1.58871417206,2.1362917122,1.24713532829,1.00773506161,1.22550533652,3.54785162815
2021-05-11,0.302981867879,0.792602792021,1.21414926202,1.47154047467,2.19983949588,1.59052926519,2.16402414523,1.26653401532,1.01302089258,1.2358577711,3.59309821103
2021-05-12,0.302957287602,0.797279825201,1.22052598066,1.48937751061,2.2021799383,1.59836141237,2.16452850157,1.27626477205,1.0181254166,1.23791398864,3.59936790068
2021-05-13,0.300806376903,0.792536174973,1.20394887574,1.48009013323,2.18717989104,1.58647529906,2.14400743988,1.26327320703,1.01146788149,1.23120541563,3.60541649384
2021-05-14,0.305130352948,0.808059029587,1.24037861776,1.50864040228,2.2359359659,1.61415086994,2.19340352304,1.29603481383,1.04257930671,1.25843248861,3.63332077312
2021-05-17,0.305158669185,0.815606196591,1.24658145854,1.5159364044,2.25321339696,1.64024473332,2.21840563943,1.3223837915,1.05348068731,1.27412385542,3.67828739546
2021-05-18,0.306241337047,0.820269502971,1.24850364751,1.51143388934,2.2690921178,1.63760222355,2.21558330108,1.32436879982,1.05856269967,1.27474246747,3.66702313529
2021-05-19,0.306025110246,0.815633329648,1.25007657424,1.50957981739,2.2785759226,1.62951378798,2.21687833382,1.31359288727,1.05140019598,1.26643629924,3.64571812981
2021-05-20,0.305806335914,0.814865918854,1.24246725974,1.50073755938,2.28283650739,1.64468941255,2.22904495,1.32226623677,1.05445768173,1.26488441584,3.64385697674
2021-05-21,0.30257999028,0.804657122722,1.22763087964,1.48219965938,2.2725755049,1.62899139389,2.22591300745,1.30619213618,1.03982303618,1.26278813654,3.67626180094
2021-05-24,0.300934212845,0.809538972505,1.24350054227,1.48711896704,2.29419676981,1.64296591164,2.23597652955,1.3153073228,1.04171310725,1.26479642584,3.70210411827
2021-05-25,0.307135279483,0.83786849999,1.27334289715,1.52745562175,2.35535956207,1.68029065092,2.28742902047,1.33777555459,1.06451056996,1.28122561631,3.67390718569
2021-05-26,0.30815937277,0.83767101388,1.27230342244,1.5323027142,2.36138411976,1.67264011393,2.29078957221,1.34412565814,1.06447780027,1.29355005889,3.69699740113
2021-05-27,0.309260524279,0.847488111571,1.27712081519,1.53681930342,2.37966106633,1.6794667083,2.30971744758,1.3565103654,1.07452731949,1.29911567344,3.69969351404
2021-05-28,0.304384705456,0.83385710923,1.27908077748,1.5336678248,2.36563588877,1.66868073436,2.29447479353,1.35873133388,1.07580562996,1.29810110325,3.75513374099
2021-05-31,0.307188637355,0.842677742911,1.27937392719,1.54271236597,2.38201858678,1.67308109683,2.29036799588,1.35786390425,1.07441653527,1.29447858083,3.71006299304
2021-06-01,0.306724513273,0.843018312194,1.28378254152,1.54039908744,2.38287115398,1.68736567673,2.29969394837,1.36574871293,1.07371669097,1.29296269915,3.71132382069
2021-06-02,0.304467214768,0.83395046025,1.26578203362,1.52761652536,2.35181640413,1.66432267844,2.26970534899,1.3522309412,1.06753571115,1.29054537484,3.7316981231
2021-06-03,0.301849766114,0.821794746946,1.26054312731,1.51490987014,2.3469985393,1.65621128067,2.26491540403,1.34917550443,1.06599097832,1.2937550277,3.77305977114
2021-06-04,0.301363435666,0.821583195205,1.273047889,1.52587422862,2.36008549734,1.66838997813,2.27852127264,1.35988061097,1.06654610995,1.29429131052,3.78070279694
2021-06-07,0.301240920139,0.830861108952,1.28520358581,1.53369208752,2.35819770649,1.6655600199,2.28397339699,1.35978582501,1.06805752991,1.29091642731,3.77238155735
2021-06-08,0.298194972079,0.818215188192,1.2725997236,1.5268116239,2.3434304513,1.65616317361,2.28585040495,1.36103704099,1.07124282176,1.29338412317,3.81773659973
2021-06-09,0.297010523328,0.818536744518,1.27077622098,1.52519002581,2.34815589175,1.65822688335,2.28209893077,1.3566547507,1.06772194079,1.29210870015,3.82913616402
2021-06-10,0.299634042858,0.834007971397,1.2819811086,1.52608382513,2.35309130361,1.65816670418,2.27257773431,1.35406675712,1.07239165963,1.28776092073,3.78242852431
2021-06-11,0.295446906304,0.828030543953,1.27229782233,1.50265784432,2.32965428536,1.63430112324,2.24565761798,1.33708718683,1.06627072402,1.2856894736,3.82920053515
2021-06-15,0.29082288914,0.819262156957,1.26409016984,1.48684122672,2.31864099546,1.60619051588,2.20599718501,1.32094616705,1.04907503205,1.2655195409,3.82905845691
2021-06-16,0.282223020597,0.804853367237,1.24316025851,1.46749814676,2.27807177433,1.58985738532,2.1916383268,1.32119381601,1.0513905085,1.27011933196,3.95620431942
2021-06-17,0.282689674789,0.807773696382,1.26345925709,1.48141057384,2.30568594216,1.60415472963,2.20188389812,1.32036163814,1.05028387105,1.26622302981,3.93752644335
2021-06-18,0.287511569363,0.810634328437,1.27075789642,1.49151069488,2.3050211357,1.60985085081,2.20176106871,1.31560098928,1.04331138511,1.26068650337,3.85314653438
2021-06-21,0.287057081169,0.812070595608,1.2769552272,1.50667418662,2.30230461997,1.60231530387,2.19736297058,1.31708182709,1.04434463793,1.25161185021,3.83150179618
2021-06-22,0.286515713123,0.82003203904,1.28071941216,1.51161380241,2.32472850655,1.61377959491,2.22094107068,1.32640201004,1.05077005189,1.25296085793,3.84285737544
2021-06-23,0.285038617247,0.828559415336,1.28806462799,1.54179154806,2.35289621198,1.63610235178,2.2330532468,1.3473008073,1.05749582899,1.25197600971,3.85964819509
2021-06-24,0.286469676633,0.827181019473,1.2822381116,1.54663256592,2.352034546,1.63556825482,2.23642869808,1.34270141795,1.06044457847,1.26011453779,3.86536034178
2021-06-25,0.290940925657,0.837142690551,1.29746386023,1.57415938399,2.38338581164,1.6685430029,2.265216517,1.36190611721,1.06818266272,1.27237112652,3.84262607567
2021-06-28,0.293589548184,0.841824071003,1.3062409405,1.5756860809,2.38465710017,1.66636413215,2.27456773425,1.36464039842,1.06696406394,1.27025604359,3.80125651804
2021-06-29,0.287552754805,0.831703770378,1.29201544803,1.56280830662,2.35262578454,1.64363171986,2.25425971777,1.35194083044,1.05643170945,1.26354643738,3.85933944302
2021-06-30,0.290612627838,0.835409281915,1.30674142821,1.56841023656,2.37363383558,1.65268319021,2.26147318441,1.35578552447,1.06310378201,1.26763563193,3.83076180436
2021-07-01,0.28601990165,0.826922219899,1.28666090502,1.55489170526,2.35098440817,1.63704536971,2.27732877322,1.35406839341,1.06230469755,1.27510512094,3.91387423861
2021-07-02,0.276944745912,0.801644376357,1.25687950212,1.51934463645,2.30061279059,1.60237717296,2.24141544813,1.32648370863,1.05148532947,1.26562767959,4.00896741531
2021-07-05,0.283205549271,0.813678725746,1.26524915133,1.53662780394,2.29946821269,1.58971421389,2.23110193505,1.32179107232,1.04877758112,1.26406112279,3.91337575904
2021-07-06,0.284811916962,0.818899550995,1.26306176988,1.52432839394,2.28681173834,1.57952441611,2.235599823,1.32652326288,1.05378723151,1.26588841534,3.89683580512
2021-07-07,0.285667162202,0.827313384485,1.26787473589,1.5441318001,2.31286651836,1.60222700552,2.28104590447,1.34363722962,1.06340755437,1.27537288904,3.91433066337
2021-07-08,0.290456621283,0.831877269733,1.25795286365,1.5444436996,2.30030516979,1.58045377518,2.26001211752,1.31852355197,1.04593823049,1.26759917939,3.8248446938
2021-07-09,0.286267850545,0.832848739338,1.25391461237,1.54315166884,2.30116960468,1.58758242739,2.26087133404,1.31820625219,1.05018855936,1.26623970935,3.87590198552
2021-07-12,0.291220920604,0.845102642604,1.28687961348,1.56085259041,2.33102408239,1.60026969765,2.28436989891,1.32463629027,1.05326479952,1.26383873784,3.80149100252
2021-07-13,0.290734625935,0.850956515435,1.27803479288,1.55835144718,2.33355739597,1.59682693169,2.30843562705,1.33381639006,1.05827571491,1.26717928356,3.81788691691
2021-07-14,0.288119817999,0.834544020878,1.26143218216,1.53922782216,2.32209677748,1.58667413506,2.29730952435,1.31622366325,1.05184844488,1.25667481661,3.82057528445
2021-07-15,0.290938308153,0.848881025066,1.28260520325,1.54173826541,2.33463784456,1.59221249008,2.30845364857,1.31517134116,1.05456366305,1.26270644112,3.80153856406
2021-07-16,0.287200740277,0.837228774409,1.27255378663,1.5293554951,2.34140838337,1.59619543755,2.29877872795,1.30071927838,1.04687556335,1.26383376043,3.8537693452
2021-07-19,0.287821675012,0.837305524798,1.2712303335,1.53270684948,2.34953612139,1.5995936431,2.29174410641,1.29763627917,1.04292138187,1.25758978971,3.82639785799
2021-07-20,0.287015030967,0.832595941097,1.27041956363,1.5454957015,2.35845504757,1.60156926876,2.28890696269,1.29178995026,1.0447246278,1.25804600526,3.83850975583
2021-07-21,0.28997646886,0.849193827051,1.28406862823,1.56918682761,2.37413230471,1.61344579965,2.28491394448,1.29735930729,1.0408463625,1.25746161167,3.79712070443
2021-07-22,0.291584077292,0.852868654225,1.29044031616,1.56653988356,2.37583740707,1.62756685994,2.28051036548,1.30666948472,1.04786501915,1.26478877009,3.79819535346
2021-07-23,0.291079275626,0.855450850201,1.28160000259,1.56352480549,2.33745631394,1.60493385426,2.22754288682,1.28625043751,1.04199566218,1.2591137407,3.78772866775
2021-07-26,0.287047074916,0.838589002001,1.24475832261,1.49780130868,2.26548304024,1.55872939466,2.16376941362,1.25269436559,1.0180234696,1.23508890304,3.76792579173
2021-07-27,0.277429129541,0.819399738687,1.19811010819,1.45869060165,2.19987624484,1.49241396955,2.11131807889,1.22481506016,0.997303449579,1.21915911866,3.84557832079
2021-07-28,0.276462810429,0.819512601487,1.18776960222,1.42895610541,2.18753686422,1.47088511942,2.11784468222,1.20779771915,0.98716736807,1.21334636159,3.84063782707
2021-07-29,0.282739260485,0.838683254855,1.19914954931,1.48434710578,2.26707436666,1.51696349082,2.14043300157,1.22017780472,0.988631042389,1.21369881212,3.75456063023
2021-07-30,0.28757576835,0.838980110347,1.2023525605,1.48309695071,2.24414473061,1.5211174626,2.10209987995,1.21684981274,0.989305078902,1.21134306441,3.68304804023
2021-08-02,0.292480247521,0.847222519208,1.2268577415,1.5122713218,2.32140673997,1.58983469919,2.1827366264,1.2456956184,1.01601320252,1.2312478044,3.68075495964
2021-08-03,0.295622370878,0.854617997658,1.23720992197,1.50010631866,2.32618960826,1.57087892057,2.15677707444,1.23718162804,1.0086801387,1.23169437597,3.6425475115
2021-08-04,0.29288273498,0.853252215769,1.24786878179,1.53593873387,2.37652687156,1.59736362733,2.18198591386,1.23560207195,1.00967359098,1.22677229964,3.66174798615
2021-08-05,0.290499163077,0.84565230339,1.24608291761,1.5188327792,2.35125637338,1.57235255913,2.16073331694,1.23263539582,1.00402578465,1.22738954354,3.69339083291
2021-08-06,0.288062928589,0.841036300248,1.24211608703,1.51394177861,2.34595022453,1.56235118729,2.14376000618,1.22854777956,0.999597326313,1.22412714015,3.7145479492
2021-08-09,0.293779542639,0.849845157907,1.25272294497,1.51994601379,2.3977836941,1.59769932649,2.19535770665,1.25480113762,1.02231722615,1.24258565757,3.69684405573
2021-08-10,0.299552425335,0.852136557946,1.25579670744,1.51992607666,2.42029163716,1.63243353713,2.2167233502,1.27905147525,1.02994556926,1.24612939188,3.63474266917
2021-08-11,0.297142323805,0.842931621063,1.24249524953,1.51484756685,2.4227230922,1.62343195185,2.21293215073,1.27940422574,1.03144720237,1.25643848095,3.69405644776
2021-08-12,0.298241063823,0.842211746187,1.23193844466,1.50337721457,2.39733639356,1.62124817034,2.20043991812,1.27553292312,1.02735354433,1.25434171533,3.67423227103
2021-08-13,0.29512065554,0.832832490234,1.22418205411,1.48961653678,2.38736412943,1.61013150369,2.1891820836,1.27549678209,1.02485526891,1.25185617405,3.70539400327
2021-08-16,0.294868110197,0.83122476584,1.22186642159,1.49026861999,2.37932847629,1.62061273583,2.20341122307,1.2840486157,1.0325692708,1.26130499816,3.7365326045
2021-08-17,0.286293653739,0.813698684554,1.20654413868,1.46243879808,2.33553746367,1.58889583754,2.17332714697,1.26061646759,1.02135809018,1.25021409763,3.81233100834
2021-08-18,0.288838358562,0.818018099842,1.21756124199,1.46909582932,2.34111734986,1.62553704452,2.21239081745,1.28762621493,1.05186771498,1.26969350725,3.83784471351
2021-08-19,0.285864400494,0.815811148482,1.19608052452,1.45562320471,2.31468063224,1.61478033701,2.21400812197,1.30740315296,1.04770639274,1.26579110721,3.86556459664
2021-08-20,0.283704381455,0.811692903966,1.17366791795,1.41753340843,2.27380675806,1.57307108323,2.19587506046,1.29297872075,1.03977894574,1.26501748089,3.89241062022
2021-08-23,0.285940906641,0.82417522723,1.20210056577,1.45459421213,2.3027009706,1.60151878616,2.21901392116,1.31658709161,1.04630118085,1.27050381011,3.87860682715
2021-08-24,0.285855478274,0.835749620838,1.20455670655,1.46579994871,2.32333085358,1.6154852848,2.24234320232,1.32708405956,1.05707294693,1.27465361982,3.8924341896
2021-08-25,0.286209744594,0.837105187954,1.21158801196,1.45036350181,2.34186716767,1.6287115452,2.27033385839,1.31896338837,1.05904761976,1.28111349366,3.90733685985
2021-08-26,0.286031819285,0.811741937076,1.19167720012,1.42012004189,2.29759836775,1.59894840989,2.23600147198,1.29818657247,1.04111796238,1.27328604239,3.88589253297
2021-08-27,0.286872871919,0.820603233546,1.19122035023,1.41626686019,2.29346430069,1.59190214836,2.24023620806,1.29284523186,1.03237844283,1.28005309725,3.89511850465
2021-08-30,0.289349618505,0.813873016821,1.19952711609,1.42525506,2.28103130134,1.58675907179,2.20903441957,1.26809786536,1.03031998905,1.27845950246,3.85664039098
2021-08-31,0.287518150014,0.814552461286,1.19411656581,1.43296965107,2.29569245461,1.59393689299,2.23963401219,1.27311621413,1.04132953254,1.29559669468,3.93274798021
2021-09-01,0.292421256653,0.8220214571,1.20252466953,1.47508576855,2.34630283667,1.6165855764,2.25153836093,1.2948144532,1.06257603654,1.32390471885,3.95161023876
2021-09-02,0.294868419492,0.816991925207,1.20032612593,1.46026168319,2.31802931711,1.62106019514,2.25443861684,1.30904193451,1.08026326715,1.3383133728,3.96154786986
2021-09-03,0.289831034422,0.800358803185,1.18872353266,1.46462611832,2.31597207701,1.61478427904,2.25450418289,1.31550815838,1.0918567227,1.34665929315,4.05392977771
2021-09-06,0.29667730452,0.815193303996,1.22666145122,1.49701147926,2.35342730011,1.64856645502,2.2845074349,1.33771518332,1.11259115382,1.3601603856,3.99881266111
2021-09-07,0.298845130556,0.822478237345,1.24333557273,1.51377266465,2.37798706976,1.66486334213,2.32528560419,1.35471608867,1.1274159286,1.37209580628,4.00468289017
2021-09-08,0.297363598332,0.817275784084,1.25087141436,1.51993946054,2.37250693164,1.66348657533,2.31380155971,1.35425804653,1.14878462306,1.37648820113,4.03735611868
2021-09-09,0.29630828815,0.821029915609,1.25646694817,1.52006514059,2.37293814058,1.67454814115,2.32080352456,1.35304087128,1.14898628487,1.37680459708,4.05261226045
2021-09-10,0.294119574136,0.821859422308,1.25761615465,1.52843719651,2.38495537536,1.67232869062,2.33244521649,1.36121398398,1.15383174594,1.37898463951,4.08896426588
2021-09-13,0.287855198876,0.809048286475,1.24895278473,1.53253789911,2.3954292418,1.68131902836,2.31936735128,1.36680491239,1.16425352054,1.37977492003,4.1783973769
2021-09-14,0.279749533128,0.792986947389,1.22444070366,1.51340241026,2.37598725461,1.6573538811,2.2901657896,1.34377151755,1.14401913797,1.35671691489,4.22622918578
2021-09-15,0.279385771715,0.786342629209,1.21381817803,1.48816594151,2.36193474357,1.65419382265,2.27250591745,1.33786576165,1.13694954502,1.3493675155,4.20883091593
2021-09-16,0.270453486497,0.770265935878,1.1946136455,1.47716074549,2.34695716963,1.62617263355,2.24962283509,1.32605805914,1.1271196993,1.34479489108,4.32912955636
2021-09-17,0.276586853563,0.785756995276,1.19581514824,1.49762176567,2.36896771248,1.65354856588,2.2634549698,1.3271971144,1.12852009465,1.34777053654,4.24053231201
2021-09-22,0.278086850423,0.787923573225,1.19792619541,1.49196344604,2.36235372213,1.64376631444,2.28496158574,1.33015462095,1.12695438656,1.3323144198,4.16890482771
2021-09-23,0.284690519009,0.79239033038,1.19604033144,1.51200702395,2.38531800146,1.6532920055,2.32463048078,1.34988492278,1.14490755789,1.34570911279,4.11181967144
2021-09-24,0.285607101995,0.784085109519,1.18415331765,1.50153534049,2.37219247123,1.64641297269,2.30298568426,1.3472439284,1.14287353575,1.33819779674,4.0756304955
2021-09-27,0.291910912484,0.789008343838,1.16028645881,1.47953250263,2.33154000038,1.62284722859,2.27531808241,1.34478941227,1.13991807714,1.32847282961,3.95605627033
2021-09-28,0.290565748891,0.778977836405,1.16801933175,1.48600791901,2.35153371123,1.63871233866,2.30540998916,1.35084957045,1.15076024088,1.33185281716,3.98435155146
2021-09-29,0.28390162418,0.766884252518,1.14323208345,1.45445084362,2.30609582527,1.62455130369,2.28490787516,1.33413439983,1.13795853562,1.30572260737,3.99756188789
2021-09-30,0.284691594495,0.771165695805,1.1506418654,1.46834396546,2.32078293469,1.64187324053,2.30586114744,1.34629657594,1.15092895912,1.31258515155,4.00744863737
2021-10-08,0.281251185118,0.776547208232,1.15340624178,1.47011681968,2.36671548974,1.6635426062,2.33574233755,1.38264109263,1.17947936413,1.34422451217,4.15247541703
2021-10-11,0.281622377594,0.776801170822,1.15335527403,1.46964157244,2.36082984009,1.65347246124,2.33841428724,1.38502898912,1.18375242906,1.34842017929,4.15995595543
2021-10-12,0.274467160215,0.767688727056,1.12989028397,1.45057882313,2.33617573995,1.62660610023,2.32002090888,1.35862809881,1.17022804801,1.3314781739,4.21338142422
2021-10-13,0.277523285018,0.769695477094,1.14019174708,1.46490700615,2.35362934879,1.62742290575,2.33080376216,1.37532066415,1.17957529923,1.33541659077,4.17892933083
2021-10-14,0.278890049336,0.769864440594,1.14333708938,1.46206836363,2.32003402004,1.62484548911,2.32638577166,1.36323689655,1.17197392959,1.32866421291,4.13721840638
2021-10-15,0.278515613055,0.771738938732,1.14129371322,1.45382684992,2.31975088651,1.62594823332,2.32515503691,1.36486022204,1.17034313223,1.32678988885,4.13693670975
2021-10-18,0.2790503649,0.766925983008,1.13200356267,1.43993340202,2.31532804577,1.61248105762,2.31475806733,1.35464501047,1.15845348359,1.32132470299,4.11195328999
2021-10-19,0.28084569337,0.777433934653,1.14040253589,1.44805912978,2.33980046359,1.63290335968,2.34778198425,1.36478684589,1.16868670034,1.331402043,4.11685879667
2021-10-20,0.279283927153,0.775918862399,1.13822352974,1.44355655843,2.31347060125,1.62050330662,2.33959144638,1.35905861934,1.16306165169,1.32373133135,4.11603362044
2021-10-21,0.279180722551,0.775435400475,1.12988513589,1.45316658491,2.30621806939,1.62255916955,2.35139438889,1.35892326336,1.17040494038,1.32600854551,4.12463544032
2021-10-22,0.280895890538,0.774105465196,1.1245779316,1.45167216763,2.30766494135,1.6367083544,2.35394176306,1.36201808611,1.17697980546,1.32879632327,4.10796699223
2021-10-25,0.280269893812,0.776187597656,1.12842043262,1.45883184697,2.36249771731,1.64445636515,2.3596246465,1.36456001905,1.18554433427,1.32907422084,4.1179810115
2021-10-26,0.279849255484,0.778982245786,1.12190122779,1.4504587161,2.34499182576,1.66295862421,2.36092407587,1.35005835727,1.18812221392,1.33635044609,4.14670594646
2021-10-27,0.277549603202,0.77838993224,1.09902265236,1.43119456353,2.31578948517,1.64142977083,2.32581479079,1.32367371725,1.15867845014,1.32151749285,4.13475459901
2021-10-28,0.275705915229,0.773268755149,1.07441288567,1.4176409805,2.30928376992,1.63099492397,2.32226017685,1.3019345923,1.13999840201,1.31444190817,4.1400826314
2021-10-29,0.27846490036,0.777689645682,1.08762666179,1.43735236066,2.32960715957,1.6508307044,2.36435543661,1.32413864443,1.14886691657,1.32272312479,4.12473613722
2021-11-01,0.279177441773,0.775670982112,1.08486064963,1.43056790546,2.33931149061,1.63892044095,2.37870054002,1.32456089746,1.15925279003,1.33333630234,4.14727746461
2021-11-02,0.279757132827,0.764462849478,1.07796956383,1.41641699969,2.32899375427,1.62536087081,2.35554045795,1.30985934256,1.1457126219,1.31880891684,4.09347923024
2021-11-03,0.277454710835,0.769241662568,1.07654603306,1.41307793889,2.34079349061,1.64678218972,2.37989237748,1.31555149054,1.1490466206,1.31844277789,4.12603240195
2021-11-04,0.278313867808,0.779332583118,1.08043432035,1.42373052466,2.36185003179,1.65398025395,2.40729272425,1.33566676966,1.15894300564,1.31881283613,4.11441395573
2021-11-05,0.278544112597,0.773813809999,1.06988704474,1.40935145023,2.32996851777,1.65317467399,2.39507033802,1.32278432075,1.15326311143,1.31372796637,4.09514645823
2021-11-08,0.27626858897,0.776535817281,1.07742813037,1.40534766523,2.3114495548,1.65172126469,2.39799025797,1.33644663525,1.15207885922,1.31747426285,4.14027906966
2021-11-09,0.276793409084,0.779126719022,1.0749782466,1.41011007986,2.30466406725,1.66240879178,2.40324376199,1.34005757571,1.15301667518,1.31730912458,4.13189492968
2021-11-10,0.277379088741,0.781353403588,1.07051871733,1.40812616217,2.29182800374,1.65194219175,2.40336372448,1.3360083567,1.15523417924,1.31384952028,4.11230061128
2021-11-11,0.287264247433,0.794645857613,1.08461483887,1.42633250851,2.31328236232,1.66266113355,2.4370236633,1.3472807684,1.16873329482,1.33022011329,4.01698694092
2021-11-12,0.28384418957,0.789262143294,1.08336112505,1.42544197966,2.30589898204,1.66439258668,2.43616311178,1.35466767243,1.17107701259,1.33737298771,4.08641183245
2021-11-15,0.2819308328,0.789460366589,1.08799887371,1.42146399947,2.29184398639,1.67522526853,2.45827402133,1.3629441708,1.17446996045,1.34252278136,4.12969326212
2021-11-16,0.283237828144,0.796826569847,1.08957373785,1.41360148233,2.29548756663,1.66686789568,2.4417341882,1.36795708494,1.15629034179,1.34190148545,4.1086373821
2021-11-17,0.283447321604,0.79166180347,1.09519152845,1.41350149149,2.32323043667,1.67454520847,2.45007701447,1.37607122351,1.15765815201,1.34116614322,4.10334700508
2021-11-18,0.284310612036,0.787773784322,1.09006895916,1.40102128869,2.29161098531,1.64857931236,2.41081913211,1.3529860615,1.1405412478,1.33459508667,4.07074512604
2021-11-19,0.286523418975,0.791774545684,1.10123760904,1.43040863042,2.30846178324,1.66776915658,2.43558156188,1.37107130401,1.15395703184,1.34719304553,4.07748821362
2021-11-22,0.285873908801,0.789525776584,1.10820516912,1.44874471168,2.32050313838,1.67041346335,2.45933788022,1.37688180287,1.16030951668,1.34222545182,4.07169614166
2021-11-23,0.285197206693,0.786012199094,1.10602264679,1.44881182727,2.33419334993,1.6751042577,2.47261095052,1.37716883216,1.16267691083,1.34692744713,4.09559809199
2021-11-24,0.284509995716,0.785863558171,1.10462873914,1.44540497412,2.33435696536,1.67446366531,2.45641898364,1.38436933166,1.15685246912,1.34943098801,4.11307935106
2021-11-25,0.282978285971,0.784761577134,1.10338742558,1.44272100272,2.31329830505,1.66542523071,2.44753031268,1.3857858667,1.15361279291,1.34933220322,4.13492174216
2021-11-26,0.281208307685,0.782312610314,1.09221549016,1.42811740954,2.29327866764,1.6462815481,2.41744205265,1.37169066062,1.14214394649,1.33859639589,4.12788590215
2021-11-29,0.278414267971,0.779986777578,1.09196934718,1.41909340774,2.27673892473,1.64415645229,2.40053746253,1.35968600266,1.13386195595,1.3320913725,4.14884008706
2021-11-30,0.277240583107,0.778348329054,1.09618832657,1.42146414936,2.2779191957,1.64077336734,2.39996967032,1.36358216017,1.135758095,1.3369279059,4.18139349627
2021-12-01,0.273374819682,0.777025367303,1.09205069636,1.42026215194,2.31089385619,1.65624137005,2.42397993426,1.3789476975,1.14665393191,1.3492527817,4.27824509713
2021-12-02,0.276975037784,0.780423442883,1.10010481541,1.41550593059,2.31159772659,1.65527994566,2.40938446033,1.37295326059,1.14558694308,1.35161929375,4.22940641336
2021-12-03,0.281896346576,0.785653781776,1.11568059655,1.42924021166,2.32628944942,1.66082706994,2.44978937461,1.38390979489,1.15430610397,1.35788640645,4.17386874596
2021-12-06,0.282016528617,0.781916878454,1.11582292817,1.4241391383,2.30802706183,1.65199016214,2.44665949502,1.37967939854,1.14727173642,1.3529795544,4.15700661032
2021-12-07,0.283680000182,0.784132852859,1.12357184405,1.43142733708,2.32527543891,1.67204359533,2.47314577066,1.39112790154,1.15471054593,1.35956635635,4.15272438664
2021-12-08,0.286319702379,0.791882855968,1.13912737127,1.44449686744,2.3539127791,1.7017060848,2.51115407369,1.41445986,1.17826439647,1.36911951088,4.1432620222
2021-12-09,0.292315662585,0.811349734887,1.16608383359,1.4637384481,2.40865512947,1.72155452682,2.53119243127,1.44735160107,1.1986967639,1.37728024573,4.08119216601
2021-12-10,0.29252725956,0.802021688356,1.15577963022,1.46013262485,2.39035141395,1.71373413649,2.51645422688,1.44008479942,1.18054808207,1.37261426659,4.06441158617
2021-12-13,0.290350619366,0.799775546679,1.16882387406,1.45478421487,2.40954607639,1.72548369572,2.52750459411,1.45426494462,1.18248731679,1.37961676832,4.11538902816
2021-12-14,0.289069148941,0.79400356674,1.15626506498,1.44344056188,2.39319468469,1.71897862247,2.51188838076,1.44343134945,1.17296775062,1.3716335331,4.10973846497
2021-12-15,0.286241319867,0.784999441533,1.15173480012,1.42625659075,2.3679671872,1.70548252758,2.49524108016,1.4379949823,1.1743769648,1.37020220728,4.14565353477
2021-12-16,0.290942159769,0.789977731691,1.16599488077,1.440924118,2.37927133665,1.72191038135,2.50645576776,1.43889216123,1.17958522712,1.37659282161,4.09690623541
2021-12-17,0.288305936562,0.778369085515,1.14856462476,1.42073520229,2.34270354899,1.70339569547,2.48530773079,1.41422523035,1.16205061166,1.36981730067,4.11386348328
2021-12-20,0.284683141291,0.768570948703,1.12565174396,1.39349359647,2.29824490432,1.68633901197,2.44552552424,1.40045276864,1.1560258385,1.36503867943,4.1512062231
2021-12-21,0.286236176341,0.776204538669,1.14338698218,1.41088042146,2.31965028786,1.70678555271,2.4657186994,1.41892147521,1.1675753809,1.38057411892,4.1758047806
2021-12-22,0.28671303428,0.774873592751,1.14524663461,1.41904971256,2.32081439796,1.71993001248,2.47245194871,1.41909031373,1.16962864104,1.38552252028,4.18381542403
2021-12-23,0.288681109882,0.777819617108,1.1568753287,1.4272687776,2.31398250489,1.72039133706,2.47102071957,1.42327886981,1.17158074609,1.38468335153,4.15256257701
2021-12-24,0.288031137499,0.776120432859,1.15044293761,1.41738748368,2.30591696991,1.70381620526,2.47983081032,1.42150957407,1.17637743332,1.3807554089,4.15013256203
2021-12-27,0.289457055522,0.78546879894,1.1529112849,1.41778093451,2.31391904162,1.71213510223,2.48473368391,1.42375575966,1.17961398726,1.38291050465,4.13606460949
2021-12-28,0.291341972301,0.786512007198,1.14864973479,1.42038027871,2.31378421531,1.72838873699,2.5011054984,1.43096392034,1.1910924279,1.38887811062,4.12697910767
2021-12-29,0.287965870935,0.78097297646,1.12518169688,1.41588193252,2.29378445139,1.70560935292,2.48741070189,1.41873698517,1.18193229941,1.38865659003,4.17414473799
2021-12-30,0.289000772574,0.792946085597,1.13317287673,1.42733601997,2.32081967824,1.71716522503,2.51207235696,1.42268264169,1.19012959702,1.39299666054,4.17218931462
2021-12-31,0.290470492315,0.79567227826,1.14926557487,1.43272425116,2.32570557906,1.72603689259,2.53511044091,1.43364633762,1.20116553029,1.39643587419,4.16127240528
2022-01-04,0.289403242984,0.78933471346,1.14375352783,1.43001918096,2.33280522709,1.71978526354,2.52908010801,1.42802673031,1.20863117518,1.40836471106,4.21210881442
2022-01-05,0.287538375873,0.788832982445,1.14101090209,1.41380053304,2.32330907868,1.69965735218,2.48883421475,1.39592947752,1.19236671182,1.39872293349,4.21041451973
2022-01-06,0.285195162215,0.788616108268,1.13754040639,1.40591582626,2.30299679802,1.67957413188,2.45457782057,1.39386732475,1.18759811425,1.39408872135,4.23077628155
2022-01-07,0.283536605254,0.784267965792,1.13163466533,1.40220948379,2.29590339268,1.68004107357,2.4646569242,1.39591973472,1.19606875507,1.41092498671,4.30647507545
2022-01-10,0.284336957881,0.790847001194,1.13348830902,1.40762693347,2.30531282588,1.69915065636,2.49038937793,1.40129628484,1.20919211024,1.41592695722,4.30958616892
2022-01-11,0.279833866149,0.780414835581,1.11096875716,1.39489866939,2.2800284797,1.68167757833,2.45450240934,1.39328299503,1.20333222999,1.41538627537,4.37619215612
2022-01-12,0.282376430867,0.784985704295,1.1204281133,1.41016844877,2.30415027749,1.71475703507,2.48401537902,1.39673199813,1.20461323356,1.41445411391,4.33354804147
2022-01-13,0.277228448035,0.773151998012,1.09675269169,1.38395878946,2.25921839766,1.68068914389,2.4553711936,1.37472844509,1.1941639209,1.41409203337,4.41144329217
2022-01-14,0.276841711308,0.77407585751,1.0902782536,1.38233126812,2.24958871916,1.66095061559,2.41394779772,1.36065362548,1.17446319911,1.38829446807,4.33711845694
2022-01-17,0.279636136337,0.783237599315,1.10649644254,1.39858009051,2.27125667966,1.67988273041,2.43364587864,1.36940751093,1.17722293847,1.38779900963,4.29179197841
2022-01-18,0.28067603702,0.789327371817,1.12509624578,1.41191318459,2.27858756252,1.6952813435,2.46267641373,1.3811620104,1.18699041868,1.40000057586,4.31356536919
2022-01-19,0.28135756898,0.786589485085,1.10951350483,1.40269516025,2.25344085112,1.6804014881,2.44436732045,1.37092143388,1.17105052771,1.39611176579,4.29110937747
2022-01-20,0.282828148868,0.792055541983,1.11134395914,1.40809362342,2.25286455684,1.68041008848,2.45167380628,1.37271313379,1.17108135839,1.39868727648,4.27659703678
2022-01-21,0.278926309202,0.780358133244,1.10028148107,1.39127155454,2.22034247051,1.65423730057,2.42344559337,1.3448572502,1.15774502596,1.3849260832,4.29352016295
2022-01-24,0.279228479095,0.793780297952,1.10797418823,1.39228412823,2.22134218305,1.65349745704,2.43766909176,1.33885562669,1.1552571197,1.37515535174,4.25857782728
2022-01-25,0.273544002943,0.771371968625,1.07437311142,1.34810457226,2.1590280777,1.61457773735,2.37386531052,1.30455321974,1.1263498542,1.34512273425,4.25226814342
2022-01-26,0.272829114481,0.776413820639,1.08266865878,1.33968820501,2.18371787727,1.62151481158,2.39033397259,1.317246146,1.13616581591,1.35293209651,4.28806849418
2022-01-27,0.267133736225,0.759265736692,1.05110594545,1.31128890202,2.13843264764,1.57481363337,2.34770087784,1.2927211632,1.11052638704,1.33152797446,4.30974345471
2022-01-28,0.264235047537,0.749015540084,1.04064224534,1.29492676181,2.1044430141,1.55513817781,2.33199570746,1.29395707259,1.10419123437,1.3274495501,4.34330821607
2022-02-07,0.26363082585,0.765091728447,1.06762608956,1.31506022175,2.13647373714,1.60049906297,2.37390399728,1.30722850833,1.11807097502,1.35009284574,4.42732702649
2022-02-08,0.266459546366,0.770358691719,1.0714186937,1.33173589041,2.10127885925,1.60407236476,2.34697385164,1.30095956974,1.12287666549,1.35607186058,4.39942928947
2022-02-09,0.268142369896,0.781114810447,1.08103006061,1.34290744183,2.12223813016,1.61634555163,2.36032147062,1.31015781528,1.12757825936,1.37184369694,4.42281242292
2022-02-10,0.266564390666,0.778768640684,1.07408351544,1.34099467917,2.11417466921,1.6236645984,2.34877048377,1.3147242439,1.13949486807,1.3853187836,4.492283602
2022-02-11,0.26607393514,0.773619824196,1.07251664473,1.32895715861,2.07622761191,1.6012240914,2.33103631238,1.29024698867,1.1212123941,1.36322797566,4.4289133939
2022-02-14,0.261316422614,0.764810175147,1.06018899511,1.31674429402,2.06734373612,1.58446919932,2.29315063887,1.27289561865,1.10370078184,1.34691523252,4.45510666769
2022-02-15,0.267835867621,0.784329607135,1.07944694684,1.34155027027,2.08517277326,1.60764872662,2.31060865736,1.27345942998,1.10335643758,1.34498315352,4.33756795533
2022-02-16,0.268783432738,0.780854048359,1.07831077869,1.34480448526,2.09647282177,1.61627165709,2.32547928519,1.2806085967,1.10827373417,1.35054028293,4.3401439894
2022-02-17,0.267894557718,0.781245545471,1.08134271869,1.35305333644,2.10282331864,1.61291746521,2.32750575413,1.28028423397,1.10367613434,1.34470257637,4.33573671797
2022-02-18,0.26608072822,0.776349640079,1.08009291391,1.36511839983,2.13668449386,1.6266496539,2.34681149867,1.29100020577,1.11025108764,1.35180076273,4.38797936952
2022-02-21,0.26656316599,0.776238873901,1.07843972418,1.37161926138,2.1408096203,1.62709908315,2.34755175757,1.29658395132,1.10972339043,1.35758688481,4.39880531017
2022-02-22,0.263280616754,0.766605348999,1.06806188523,1.35077647329,2.12134857061,1.61361323019,2.31077381235,1.28152375232,1.09659377295,1.3364186764,4.38438520579
2022-02-23,0.270233129216,0.77504361878,1.07616668352,1.36324381553,2.14564916457,1.62460210562,2.34009415166,1.29513982298,1.10888007556,1.3442236132,4.29421136169
2022-02-24,0.265182876393,0.760425847738,1.05493790203,1.33069028802,2.09202116734,1.59077490424,2.28725530167,1.26682524188,1.09199134041,1.32315800969,4.30716828081
2022-02-25,0.266389605972,0.773547062897,1.06794297585,1.34863177819,2.11480432321,1.61027520336,2.30237361836,1.2744349176,1.09605877852,1.32457186531,4.29217067836
2022-02-28,0.267273509913,0.776665860186,1.07328619956,1.35183115968,2.11603423938,1.62016571869,2.29924419437,1.27025325441,1.09178175235,1.32058088972,4.26499644008
2022-03-01,0.26721255783,0.779031757201,1.07959727592,1.3544463637,2.13730172685,1.62765753745,2.32849812873,1.28107023382,1.09795483302,1.32737272738,4.28790424609
2022-03-02,0.265583382874,0.770615472954,1.07305262747,1.34925763411,2.12846411448,1.61735396158,2.32062022557,1.27174241094,1.0884810585,1.32551923984,4.30805982775
2022-03-03,0.264618916741,0.763749128077,1.06854274306,1.34988458809,2.12053313662,1.60287088829,2.30376096253,1.26136990847,1.08527371275,1.32872174278,4.33411297832
2022-03-04,0.262265854923,0.759759127147,1.0582752056,1.34007229691,2.10492333048,1.58488176305,2.28667148317,1.24691089984,1.07588693686,1.32142890933,4.34886481481
2022-03-07,0.254026764151,0.739622496221,1.03200965282,1.29839847557,2.04660880406,1.52693696413,2.21706635561,1.21360849252,1.04445497554,1.29195330945,4.38847940904
2022-03-08,0.248505661953,0.723447085648,1.00528939069,1.26422204818,1.98701300413,1.47267946576,2.15928142136,1.17395706091,1.01340307468,1.26477545838,4.39154293635
2022-03-09,0.247128298853,0.711272237196,0.994389811728,1.24654480914,1.96917847405,1.44699212767,2.12283822083,1.15383629719,0.995971486027,1.23801217243,4.32295616358
2022-03-10,0.250332299584,0.728759493958,1.02462681762,1.27360874231,1.99361846567,1.47118303126,2.1543224655,1.16700974677,1.00200184734,1.2415318073,4.2791993925
2022-03-11,0.251050509936,0.730687544789,1.0291162789,1.28277099561,2.00695185501,1.48436490282,2.18774630625,1.18053168925,1.01845240454,1.25741175887,4.32165582892
2022-03-14,0.244652076276,0.715081808658,0.998992154593,1.2607659038,1.95264031313,1.43708725179,2.14503574121,1.14683801491,0.988693786886,1.22018043539,4.30383827602
2022-03-15,0.240152062442,0.680978480717,0.951198599267,1.19675794656,1.83183974359,1.35414384631,2.03050617792,1.08710630578,0.938650717924,1.1671167882,4.19583415622
2022-03-16,0.250646903113,0.70893421393,0.983376969385,1.24527768628,1.88283110866,1.40871107681,2.10873036231,1.1280390214,0.974288099224,1.19735960957,4.12119700751
2022-03-17,0.253412420524,0.726841841682,1.0025768029,1.26294439412,1.93709508089,1.43513122752,2.14325552657,1.15134526561,0.991261246319,1.21539977623,4.13781822578
2022-03-18,0.255594895238,0.730609115833,1.00286127999,1.26247700208,1.96160969244,1.45420168919,2.15796485564,1.1586641436,0.998173273841,1.22929666065,4.14949374058
2022-03-21,0.254588577445,0.729624331109,1.00334656487,1.25490497185,1.96611601281,1.45996663144,2.16475892937,1.16321048659,1.00135856407,1.22765609309,4.16029321842
2022-03-22,0.251466071179,0.730195830196,0.998985822103,1.24360922177,1.95550186179,1.46262238417,2.16664468968,1.16710618509,1.00234513953,1.23988690169,4.25276673109
2022-03-23,0.252398124886,0.72595693037,1.00014050116,1.24620499622,1.95748529668,1.48575800042,2.18091595371,1.17458328076,1.01240121582,1.24507041032,4.25478318564
2022-03-24,0.255306340635,0.719674049991,0.996481716236,1.24020952768,1.94037347254,1.46688222665,2.16069714185,1.1654987214,1.00111054769,1.23269469423,4.16346657332
2022-03-25,0.249341953913,0.702366746248,0.974434585972,1.21496874364,1.91774822029,1.4503368932,2.12310530532,1.14875394351,0.992081009084,1.23015674652,4.25216017343
2022-03-28,0.249180111858,0.700726051479,0.969131231526,1.19606828683,1.90185044425,1.43566307714,2.11608305114,1.14566465879,0.993130554243,1.23637110064,4.27640068983
2022-03-29,0.248515894557,0.698032567121,0.963464569984,1.18772357037,1.89359179751,1.43547624737,2.10204127926,1.14374868677,0.990774372331,1.2204298833,4.23266190901
2022-03-30,0.249948647681,0.710300745263,0.988661601331,1.2352805546,1.95103425699,1.48560048905,2.16300224827,1.1782703666,1.01306846489,1.24845504492,4.30545571579
2022-03-31,0.24920027193,0.701384514726,0.981034991552,1.22036212312,1.93175548417,1.46935983618,2.15261567411,1.17079844329,1.00282984858,1.25013827817,4.32415160191
2022-04-01,0.250343363151,0.713746709668,0.997201135047,1.2419383443,1.94851875353,1.48037469092,2.16206671223,1.18148456424,1.00879785143,1.25392477879,4.31741382571
2022-04-06,0.251503074002,0.719163499828,0.999462839269,1.2472057523,1.94240172362,1.48053135608,2.15180882111,1.17835254722,1.00371434436,1.23573997152,4.23480101003
2022-04-07,0.248513615784,0.708388763216,0.980157666582,1.23056311297,1.90698974207,1.44951098554,2.1238123918,1.16497255423,0.988515675212,1.21167600487,4.20267175705
2022-04-08,0.250075436867,0.71214690654,0.984717735257,1.22413802099,1.90920511292,1.44932605439,2.12863211488,1.17038097901,0.997149062626,1.21599629607,4.19124427186
2022-04-11,0.244513892875,0.694289448949,0.956720887652,1.18055330458,1.85490655044,1.41595146901,2.05004953576,1.13727306389,0.962948536761,1.17180791238,4.13214866334
2022-04-12,0.245880179962,0.706770415714,0.987176779327,1.21175181185,1.92128142527,1.43822942455,2.09361562816,1.15790932701,0.987352294863,1.18459133672,4.15413738787
2022-04-13,0.2448266621,0.698036606007,0.97642002758,1.19713706638,1.89172511753,1.41000114666,2.06024782638,1.14095113456,0.96751327115,1.17844117906,4.15036909908
2022-04-14,0.251006199316,0.717434363749,0.991369267981,1.21857766853,1.91530492349,1.41270170483,2.07996911389,1.1579855101,0.975215606763,1.18234170803,4.05934920951
2022-04-15,0.252172128541,0.721042457335,0.996813975935,1.21452976754,1.90434678168,1.40960645412,2.07092409859,1.15819643004,0.97050258068,1.18249737832,4.04102790944
2022-04-18,0.256856061342,0.724861960627,1.00130193214,1.21635382388,1.89728803492,1.40530643248,2.0810211788,1.14814259472,0.95917832236,1.17191496544,3.92980445984
2022-04-19,0.25210163918,0.715254266972,0.990165497337,1.20123993678,1.88120627644,1.38730490962,2.07342392651,1.14424176833,0.960765618132,1.17674987482,4.01875838478
2022-04-20,0.246482421662,0.691963814655,0.983610253512,1.18515155942,1.85075055622,1.37641254705,2.05273427705,1.13910089682,0.954503135509,1.16701158421,4.07507690203
2022-04-21,0.243273166483,0.672764340895,0.960298957287,1.15262433354,1.80151722776,1.34970958651,1.99290376052,1.11151437567,0.934913291133,1.15568163213,4.08857234256
2022-04-22,0.241333524958,0.675451075745,0.959380595831,1.14973365181,1.79544878314,1.34950975398,1.99204445233,1.1082946162,0.937245759306,1.16788768306,4.16435352941
2022-04-25,0.230496061965,0.643674834747,0.909720279939,1.08990474686,1.69785386848,1.28101986359,1.87259193805,1.0525869891,0.882098711938,1.09923027867,4.10654772797
2022-04-26,0.228078104551,0.635090687018,0.90819952434,1.05857774998,1.66620495145,1.25753618731,1.83525991902,1.02968733312,0.862049526393,1.08899408749,4.11138560502
2022-04-27,0.231406130466,0.653042061958,0.945569596852,1.10531078949,1.72849273056,1.31288448953,1.90948014209,1.0551548867,0.882746170436,1.09619419952,4.07857717007
2022-04-28,0.235087163128,0.650714910528,0.936413783016,1.10715029761,1.7390025768,1.30955430134,1.89559990121,1.05226282983,0.888847263921,1.11392871796,4.07968256311
2022-04-29,0.239147554283,0.666931341667,0.96694212864,1.158293712,1.80287764248,1.35521773122,1.98137846334,1.09433492991,0.926422871735,1.15073053064,4.14400283233
2022-05-05,0.245037251821,0.669089360341,0.974406738721,1.16549816173,1.80470750523,1.37246478558,1.97167553806,1.0931760948,0.924826306943,1.15301488585,4.05017122739
2022-05-06,0.242308995756,0.657684563567,0.954348237917,1.14474389788,1.7648156308,1.34097236953,1.9171686279,1.05741116894,0.89374777901,1.13142810081,4.01943857323
2022-05-09,0.241678698602,0.65146912669,0.954123805625,1.14064107733,1.75514325395,1.33176952111,1.91258490528,1.0494672375,0.894852488289,1.13021713029,4.02559197064
2022-05-10,0.241190580779,0.6533188579,0.965380560914,1.15898090897,1.77214204265,1.35101141847,1.9521338072,1.06861532282,0.906930060306,1.14411851633,4.08323621536
2022-05-11,0.243175740493,0.661910055651,0.973481791481,1.18272879697,1.79074014782,1.36738688865,1.98107460988,1.08643352302,0.923978171079,1.15246893277,4.07943019192
2022-05-12,0.241071841117,0.664127593434,0.975098646781,1.18418573581,1.78923154574,1.36904361942,1.97325495504,1.08554339335,0.924694046205,1.15129644568,4.11057417447
2022-05-13,0.241453986142,0.665749236201,0.978036158703,1.19169159943,1.80605800891,1.37818870536,1.97649866746,1.09244453818,0.935203495602,1.16452090188,4.15127455744
2022-05-16,0.240803176006,0.661642439856,0.97202906224,1.18588295235,1.78815346205,1.37567458587,1.95734494168,1.08729605891,0.930516677689,1.15440411255,4.12639957036
2022-05-17,0.240473439548,0.669374898722,0.983320871494,1.20075013251,1.81893535233,1.38140343365,1.96699351986,1.09281313327,0.934824294691,1.1570082533,4.14135838998
2022-05-18,0.241707666249,0.667721134115,0.974848478637,1.20327523226,1.81543949692,1.37691048431,1.96387393048,1.09104747386,0.934173759659,1.15596328358,4.11636259237
2022-05-19,0.245326711616,0.671283553145,0.978437324048,1.21751322051,1.81251072942,1.37729629933,1.95916180201,1.09155366602,0.935184959884,1.1563940191,4.05626287718
2022-05-20,0.249668299315,0.682495587408,0.99463284084,1.24214716513,1.84087738738,1.3917533246,1.98200975832,1.12280557493,0.953639125465,1.18070009978,4.06973652698
2022-05-23,0.248939063582,0.681119171948,0.992136170894,1.2456734543,1.83139049004,1.39873175334,1.99021458439,1.12430719843,0.945127816141,1.17853040387,4.07414479729
2022-05-24,0.242139264294,0.663661404353,0.960375234445,1.19886257464,1.77075472655,1.35993915982,1.93656775133,1.1030612441,0.923659888747,1.16608259688,4.14239883209
2022-05-25,0.24473699334,0.671903829008,0.96591254262,1.21012866931,1.78949099946,1.38144390377,1.95365214414,1.11559402706,0.931779573472,1.17368652002,4.12497039008
2022-05-26,0.248123889193,0.67572167696,0.973702748889,1.22495862704,1.80316816873,1.3950608939,1.96120280699,1.11979526797,0.931556440585,1.17779703543,4.08233183021
2022-05-27,0.247269229741,0.671661647787,0.971581227826,1.22118493115,1.80499168061,1.39147141971,1.95470717164,1.11971458439,0.933098305768,1.17935281008,4.10178579841
2022-05-30,0.247147098566,0.68139093053,0.972164433512,1.23174298011,1.82202749075,1.41431477379,1.96875255095,1.13272499317,0.941558959149,1.17960051721,4.10467327645
2022-05-31,0.253491120459,0.69704717259,0.992365424555,1.25551153439,1.85090893101,1.4461363543,1.98968846808,1.14855352633,0.950579850147,1.18388231513,4.01420980318
2022-06-01,0.251888732869,0.688124694405,0.993449273761,1.25396229941,1.84916238917,1.44361426943,1.98449049917,1.14318104568,0.956265731374,1.18549644924,4.04505780717
2022-06-02,0.25161711833,0.693487847093,1.00711384674,1.26439643945,1.8512919094,1.44676837887,1.98994113997,1.15347944726,0.959317010198,1.18722730918,4.05532554411
2022-06-06,0.260532953094,0.707607820566,1.03060576577,1.29257172828,1.88522478038,1.4713056604,2.02501229646,1.16939301923,0.963861837618,1.18277164682,3.89640896328
2022-06-07,0.262141733582,0.711834004621,1.03020122992,1.29159597259,1.89658972525,1.47705342156,2.01913698807,1.16875791534,0.965595293945,1.18854751256,3.89137625056
2022-06-08,0.26276803908,0.719619714769,1.03831790158,1.30344256542,1.91218184986,1.48640254692,2.03486412587,1.17490087807,0.971204027605,1.20569990855,3.93823700595
2022-06-09,0.261720995729,0.714886615042,1.0247242339,1.27904499147,1.88760219316,1.45968465395,2.00587273209,1.15366854018,0.964189020638,1.20145891118,3.94007699364
2022-06-10,0.266006052953,0.720367763861,1.04295412855,1.29796887036,1.9164459359,1.48558030534,2.04352509659,1.17149050129,0.978990388896,1.22258817745,3.94485916617
2022-06-13,0.265198280373,0.716180106861,1.03799973041,1.2857162362,1.89988712794,1.48390766096,2.02254817981,1.16499225864,0.963932620689,1.20978374744,3.91552303939
2022-06-14,0.268752535419,0.725026554295,1.0378917432,1.28561668012,1.89871558182,1.48098295481,2.0580987389,1.19230528182,0.986478621119,1.22684316894,3.91825983489
2022-06-15,0.275503555402,0.729012106423,1.05852170063,1.30612623878,1.92361892361,1.50482718125,2.08143131027,1.20582139073,0.991851549192,1.23936279691,3.85981864754
2022-06-16,0.271653468648,0.730490133286,1.05535277183,1.3110326726,1.94359122405,1.5076791376,2.06105772553,1.19118368454,0.98574035725,1.22816728983,3.87889174647
2022-06-17,0.27806635635,0.730970612578,1.06797667199,1.33805994851,1.95568299311,1.51616233315,2.07464154686,1.20125715265,0.987772856654,1.23093281335,3.79605754686
2022-06-20,0.280165448319,0.745270305223,1.07918696658,1.35003593232,1.97123123297,1.52057466989,2.11797736817,1.20175316278,0.984618345404,1.22938913031,3.76264098715
2022-06-21,0.27752197932,0.740455713073,1.07261184366,1.34066425916,1.97391103668,1.52067601002,2.11479605392,1.20391501077,0.984421520131,1.23272617866,3.80835625109
2022-06-22,0.274934094232,0.721211829052,1.05677221946,1.3173895361,1.9386907284,1.49825829346,2.08069324007,1.18557298849,0.971849971493,1.21672879214,3.79444710953
2022-06-23,0.279273621469,0.738265807367,1.08351785712,1.33586950315,1.97860071108,1.51628108331,2.10437936567,1.20501405363,0.983779005498,1.22456929751,3.75900712597
2022-06-24,0.279509250661,0.745835229554,1.09550712421,1.3402978942,1.99607031932,1.53451017429,2.12306479357,1.21798630742,1.00066667304,1.22862056455,3.76827156867
2022-06-27,0.282864811122,0.752734831363,1.11138211307,1.35293175506,2.02232144182,1.56151284568,2.15403221162,1.23333245168,1.00482758859,1.23504951835,3.74275085297
2022-06-28,0.285048871809,0.762620815913,1.12065310089,1.36654974845,2.03244788179,1.5781578937,2.18518707482,1.24992605165,1.01549096379,1.24379052408,3.74034140587
2022-06-29,0.2815001861,0.751235403787,1.09406029658,1.35289625918,2.01178355851,1.55268258189,2.15693840151,1.24036584073,1.00602385176,1.24692715078,3.79633889014
2022-06-30,0.284450407854,0.759511520282,1.10978682979,1.3656353395,2.05456707018,1.57732754037,2.19280305513,1.25348948949,1.01499491045,1.25320514263,3.7756656071
2022-07-01,0.282928343392,0.758174043645,1.10393279793,1.35910398216,2.0397012807,1.57753642208,2.18298942142,1.25052813348,1.01130516671,1.24916338842,3.78369177334
2022-07-04,0.286020800741,0.768568058734,1.11561716968,1.37318435726,2.0509787529,1.59739807054,2.19345771661,1.25093684377,1.01824493829,1.25353086218,3.7555643398
2022-07-05,0.28686571535,0.756602097693,1.11995709301,1.36292010042,2.0335498755,1.58903610366,2.19363628603,1.24843647109,1.00813035052,1.25245013626,3.74123243972
2022-07-06,0.282760121547,0.742146931032,1.10379066281,1.34717048073,2.0149594954,1.56867419315,2.15964284888,1.2357845655,0.996497401939,1.23871388292,3.75374460301
2022-07-07,0.289096952764,0.751231129535,1.11586977938,1.34214647018,2.02603478795,1.55979606512,2.1591418908,1.23233472793,0.992686323013,1.23756958306,3.66615320167
2022-07-08,0.283791402934,0.745140729432,1.10627769283,1.34585576378,2.02492796426,1.57121050431,2.15953012465,1.23619943137,0.99577010564,1.24041507629,3.74186442128
2022-07-11,0.280010787406,0.727743799998,1.08700677492,1.31946339835,1.97953039506,1.54814745048,2.13297589557,1.21957573413,0.983191989969,1.23904359868,3.78757560248
2022-07-12,0.277666375032,0.72307752307,1.06718800267,1.29859059538,1.95887286146,1.53342820558,2.11105859336,1.21758555254,0.973209732107,1.24079578973,3.8246435701
2022-07-13,0.276949743434,0.723582323284,1.08000189889,1.30005540297,1.95812940927,1.54133545777,2.10963746495,1.21919883804,0.971416727827,1.23310037862,3.81079420053
2022-07-14,0.278788136546,0.729408913984,1.1008485334,1.31426729672,1.96037583506,1.53701279174,2.10492091329,1.21177947717,0.962199336433,1.21876291402,3.74118939645
2022-07-15,0.276087853155,0.721138650049,1.08529836429,1.28345267577,1.93967802483,1.51781230178,2.06934519517,1.18689442585,0.940493375357,1.19979950653,3.71921453311
2022-07-18,0.279974633534,0.720742309019,1.09759741075,1.29531216284,1.95504198687,1.52970323993,2.11107568434,1.20670273098,0.955839851297,1.21815607145,3.72375806409
2022-07-19,0.279539441593,0.721999338067,1.09285942104,1.29300993603,1.95701027259,1.53048913763,2.08946783885,1.20916190002,0.954345407678,1.22496122865,3.75034882049
2022-07-20,0.281545344947,0.723353855113,1.10099865775,1.29698625726,1.97461150457,1.54428385521,2.09914873668,1.21522939001,0.957717570524,1.23095912656,3.74180048011
2022-07-21,0.280728174763,0.710690732502,1.09209970822,1.283699696,1.96054990255,1.52964820863,2.08746257867,1.20215597095,0.954521174386,1.22351810856,3.73004206528
2022-07-22,0.277450276652,0.705215205748,1.08420160588,1.27800988675,1.95775015914,1.52479510043,2.07274616746,1.20075413768,0.955288142045,1.22822164397,3.78793487018
2022-07-25,0.272776094712,0.6973322958,1.0765342252,1.27022637057,1.93818191487,1.51750871766,2.05392322652,1.19582459148,0.950257565281,1.22320570529,3.8362803362
2022-07-26,0.274623270373,0.706688785051,1.0882985705,1.28126740066,1.96595958821,1.52715619645,2.06791138995,1.20305454855,0.957142072031,1.22977101614,3.83089241049
2022-07-27,0.272188352273,0.707371144956,1.09187420281,1.27446517272,1.96628236922,1.52233169693,2.0688439451,1.19697204387,0.9530096814,1.22381998204,3.84632038707
2022-07-28,0.270971231019,0.70606257084,1.09453705869,1.27595015331,1.96286016146,1.54608455946,2.07308948653,1.20812085625,0.959532032137,1.22655934997,3.87212915428
2022-07-29,0.265977955968,0.69432990667,1.08056918139,1.26032606601,1.94155383815,1.5160007315,2.05001692826,1.18994277505,0.948856843107,1.21492350652,3.90674890667
2022-08-01,0.26883152743,0.705950171142,1.08780287301,1.28136155945,1.95140383663,1.52513599486,2.0564207588,1.18073564809,0.946127738832,1.20877521131,3.84506429004
2022-08-02,0.264932947374,0.689584233983,1.06544955376,1.24684499985,1.90338178422,1.48330169382,2.00706074605,1.14903657092,0.924448945135,1.19280969482,3.85003954926
2022-08-03,0.259828615473,0.68509504786,1.05533785593,1.24792217624,1.88639148319,1.47475422136,2.00963452876,1.14653470492,0.920970553902,1.18694462905,3.90528564407
2022-08-04,0.262030567899,0.689456670823,1.06103436341,1.25212112697,1.89724316392,1.48570918293,2.03141983853,1.15757043348,0.930677177988,1.19634645284,3.90312366148
2022-08-05,0.266471250524,0.703551735602,1.07557465781,1.28606303949,1.93029792371,1.50915394229,2.06972068913,1.18014361584,0.94628433056,1.2181815357,3.90821442039
2022-08-08,0.265505964191,0.702330307497,1.07600926081,1.28479791737,1.94098616582,1.51446032326,2.06649020063,1.17831665251,0.950867020635,1.21810347823,3.92212141564
2022-08-09,0.267842521753,0.709010283891,1.08543530899,1.2826120507,1.93739811983,1.51017400225,2.05779587849,1.17678970203,0.947437261233,1.21561265149,3.87958508412
2022-08-10,0.263772301671,0.700513725207,1.07380878144,1.26890570849,1.92294926722,1.48768371639,2.03567348541,1.16743793212,0.943538894502,1.21007264329,3.92085975041
2022-08-11,0.265053035448,0.709440371566,1.09700074358,1.30552335269,1.95778380993,1.53443138285,2.09412964213,1.19565080156,0.971390710425,1.23059690731,3.96832462499
2022-08-12,0.265390279495,0.709196556465,1.09363108896,1.304949709,1.95774927658,1.53778304058,2.09749286725,1.19372182604,0.970493466633,1.22388014593,3.94161582708
2022-08-15,0.263408241806,0.704109270021,1.07992355154,1.30835758787,1.94088591365,1.53153558095,2.09887177884,1.18617719373,0.97726894549,1.22310125249,3.96854484884
2022-08-16,0.263546128071,0.704554627976,1.07497665086,1.31195458515,1.93267202825,1.52596387377,2.09038345745,1.1790433129,0.974176533322,1.22194926958,3.96272964521
2022-08-17,0.265781777875,0.708232998068,1.0900783542,1.31945065221,1.95317944465,1.54062204547,2.10317797971,1.18889888335,0.983493993355,1.23053301275,3.95695070504
2022-08-18,0.264344219072,0.704401965612,1.07830718176,1.31185598757,1.93406706308,1.52687361473,2.07922470282,1.18203765662,0.974034577635,1.22032463141,3.94552655957
2022-08-19,0.259368750549,0.689749677811,1.06471727354,1.29537705107,1.93965153805,1.51911550052,2.07267188114,1.18301583648,0.979506624456,1.22410759838,4.03201999131
2022-08-22,0.259857719109,0.698041891343,1.0737317359,1.30632743952,1.95126231012,1.53733523501,2.08993043854,1.19572013398,0.986464686556,1.22637635473,4.03189165522
2022-08-23,0.259188506998,0.695834368979,1.07082913692,1.30452706891,1.94024112504,1.52550133959,2.07373861738,1.18982146662,0.983776090917,1.22089822204,4.02426483146
2022-08-24,0.250978591376,0.673158496893,1.03993687479,1.27871203418,1.89239946872,1.4920519061,2.03557983671,1.16893329722,0.972094166861,1.21357012135,4.12758075188
2022-08-25,0.251618944783,0.672087519822,1.0456060727,1.28964830704,1.91054779448,1.5120992362,2.04217538457,1.18720524583,0.984765468034,1.2243570759,4.1537379992
2022-08-26,0.250678352203,0.669912519291,1.04180397224,1.28587678457,1.90017002998,1.50392548229,2.04549401164,1.17750433684,0.986376274818,1.2270937563,4.17854977467
2022-08-29,0.249244716751,0.669526162943,1.04134342428,1.28347970817,1.89898349892,1.50942292538,2.03576493558,1.1755349697,0.984682428448,1.22731961413,4.20321610039
2022-08-30,0.248600151775,0.665847342914,1.034726333,1.28246045002,1.89604555476,1.50490216719,2.04028243048,1.17920458564,0.985146503296,1.22990161679,4.22292853837
2022-08-31,0.249530731509,0.668881491128,1.02709466492,1.27010583486,1.87969669161,1.48670348462,2.02584219146,1.18892136582,0.981385099062,1.2352197765,4.22538110514
2022-09-01,0.246233568248,0.661362019834,1.02488836723,1.26479184133,1.87818526403,1.48197480594,2.00672596315,1.18010078876,0.973376953042,1.23238489648,4.27151556825
2022-09-02,0.244039667206,0.66324475984,1.02441861597,1.26054189783,1.87397919987,1.47747735564,1.99555971385,1.1797064515,0.970739682894,1.23057682443,4.30330719746
2022-09-05,0.244735741253,0.664806114442,1.02353967808,1.26206348459,1.85995724946,1.47652197598,1.99631506776,1.17628810312,0.969349474088,1.23399585045,4.3029891581
2022-09-06,0.246526658564,0.674250505912,1.03745600491,1.27462127703,1.88912963177,1.50142983659,2.01566099636,1.19243602323,0.975721446922,1.24184074215,4.29885634549
2022-09-07,0.246538906614,0.683469288834,1.04975911133,1.27960282693,1.88738176923,1.49928813025,2.00704534708,1.19167977864,0.976717559445,1.23259539845,4.26663833827
2022-09-08,0.243378791734,0.681011894566,1.03968688852,1.27800759859,1.87968623951,1.48969762664,2.00988273687,1.18549141251,0.975362568756,1.23322669779,4.32351299557
2022-09-09,0.245140960876,0.68934804214,1.04843165962,1.28791698016,1.90832290279,1.52394754465,2.02961084594,1.20424400569,0.987686116803,1.2457940035,4.33626800766
2022-09-13,0.246085311491,0.687289054445,1.04747957817,1.29575465667,1.91187017795,1.53403914749,2.02970350817,1.21119194537,0.985358240641,1.24859042364,4.32929708018
2022-09-14,0.244135971416,0.67513698478,1.04003986988,1.28696833478,1.89678623268,1.51834596538,2.01121193762,1.19931970245,0.970510529371,1.23832039007,4.32798139527
2022-09-15,0.24188812603,0.666334834801,1.01190402538,1.25970354929,1.86390356467,1.49353696355,1.99248479426,1.19477362905,0.969436938494,1.242267083,4.381624492
2022-09-16,0.235704426787,0.653030526182,0.987923554118,1.22543151258,1.82169381519,1.45144338701,1.94607036904,1.16364286438,0.94164833868,1.21034411267,4.38104149788
2022-09-19,0.235338457179,0.649212484426,0.988003021161,1.22172576407,1.81829359186,1.44186189052,1.92493895233,1.1582241054,0.935123688999,1.20423197377,4.36571987845
2022-09-20,0.235192859783,0.65282721672,0.995105326793,1.22649691429,1.81772316564,1.44115321269,1.92845463696,1.15547669816,0.93579577437,1.20756462744,4.38050274696
2022-09-21,0.232436646802,0.647411136062,0.981061384336,1.21825436448,1.81873012888,1.43539686336,1.91784921143,1.14917971221,0.937796114185,1.21223578924,4.448782512
2022-09-22,0.229679729972,0.643088164889,0.973469636894,1.21242891764,1.81579301022,1.41981632756,1.90890238521,1.13961549103,0.929212875898,1.20025671983,4.45758727793
2022-09-23,0.226972185234,0.64105130185,0.970651895222,1.20121961502,1.80058223606,1.40998325471,1.90304764768,1.12846273887,0.922164492683,1.19464314599,4.48928683496
2022-09-26,0.225224545393,0.645321302308,0.972072504694,1.19239423849,1.78649272832,1.38498810772,1.87939004641,1.10970744129,0.903236098513,1.17135627575,4.43634492546
2022-09-27,0.227109715936,0.663651787016,0.990975180819,1.21770903366,1.82155712823,1.40938615371,1.91182340392,1.1333625824,0.915159553526,1.18113176476,4.43623518009
2022-09-28,0.222284097634,0.652903407884,0.970887828513,1.19918137167,1.79075949358,1.38423139823,1.87621217377,1.10653515434,0.89464390401,1.16426620334,4.46715044877
2022-09-29,0.222993160685,0.652926531816,0.972293449812,1.20523012766,1.79163964461,1.38703997872,1.86762528592,1.1029922736,0.886702584316,1.15471702362,4.41626164276
2022-09-30,0.216757532036,0.649058972398,0.962987934361,1.20041670438,1.77762013075,1.3868371435,1.86316380387,1.10295179316,0.887243867411,1.16060641296,4.56227917724
2022-10-10,0.215825566367,0.6422692446,0.933591404967,1.17488753106,1.7320678372,1.34724447886,1.81663744101,1.08003531988,0.862495242682,1.14166619893,4.5074421206
2022-10-11,0.214765940796,0.634432939675,0.932260512247,1.18588721333,1.72693739868,1.34098934983,1.81820250247,1.08147338289,0.863833605416,1.1442694415,4.53984996318
2022-10-12,0.218175473025,0.645587192933,0.964828579484,1.1985036672,1.77187535235,1.3669748403,1.85883501757,1.09635452161,0.883220718151,1.15925928071,4.52724892226
2022-10-13,0.217376010743,0.644308369362,0.97024052503,1.19979928743,1.77194742198,1.3735093557,1.85707187446,1.09119532435,0.875710471715,1.15201289469,4.5155388882
2022-10-14,0.225745292402,0.664449755367,0.992797439469,1.23604351595,1.80108110642,1.4015426348,1.9003761317,1.11665476821,0.896001962106,1.16387161314,4.38816685656
2022-10-17,0.228549601563,0.665561702631,1.00195033136,1.2433272331,1.81659850909,1.40052292547,1.90541535786,1.12426459779,0.899838498153,1.16477786319,4.33707193331
2022-10-18,0.227380968053,0.662762497084,0.995407182882,1.23654999494,1.81785336832,1.40189543192,1.90962170542,1.11979498716,0.900141129343,1.16086739696,4.3446878159
2022-10-19,0.223326843475,0.65235417337,0.983559669701,1.22428278893,1.79612096264,1.37708780543,1.87560612104,1.10234003333,0.888272200967,1.15230550416,4.39010817963
2022-10-20,0.226334716125,0.647785484652,0.976548613836,1.21990923611,1.7951857078,1.38131586013,1.87639850047,1.10414951351,0.885517911382,1.15329232659,4.33473974765
2022-10-21,0.224335337273,0.645619393402,0.974832885914,1.21821470849,1.79358556593,1.37549582042,1.87457967629,1.10876062044,0.883060182548,1.15444261381,4.37735509541
2022-10-24,0.220606473029,0.631428533199,0.954586298394,1.19308332007,1.74793343026,1.33782641962,1.8347500813,1.07914879864,0.859746071413,1.1313928204,4.36271575504
2022-10-25,0.221370538914,0.628123132408,0.949211038249,1.19122577173,1.73693896247,1.33634049478,1.82220269341,1.07458755345,0.858254482193,1.13046751836,4.3440375628
2022-10-26,0.224986237279,0.637690411197,0.964907997497,1.2248163111,1.76873435151,1.37336056581,1.86705028149,1.08657214765,0.864208823766,1.12663490134,4.25835778668
2022-10-27,0.225329416115,0.632648187534,0.960257544521,1.23234448472,1.76555309898,1.37109855706,1.84834979478,1.08396446646,0.867039115533,1.12807357326,4.25730014334
2022-10-28,0.220019726964,0.619793108592,0.931902058637,1.19779148815,1.72417891374,1.32990044183,1.79615043952,1.05374003819,0.842992250367,1.11289625865,4.30034115106
2022-10-31,0.218165395601,0.618985874521,0.923660337393,1.19070841487,1.70109632187,1.33997795357,1.78871869527,1.03386578741,0.829573493723,1.10792793321,4.31738642542
2022-11-01,0.221738328107,0.637461450243,0.952849055561,1.2384861903,1.76722459507,1.39819895455,1.85495255679,1.06662541391,0.85020019858,1.12197396512,4.30141457954
2022-11-02,0.224214075061,0.645690715451,0.973516402902,1.26087231093,1.80093441526,1.42074110655,1.87616225187,1.08378530297,0.862082120098,1.13051301323,4.28612547107
2022-11-03,0.223165797004,0.640724596529,0.969306572672,1.25721375917,1.7890266779,1.41129313205,1.88011535627,1.08006910482,0.858543814686,1.12735607858,4.29419566611
2022-11-04,0.227242184156,0.661889030538,0.994589151282,1.29162519411,1.84450502505,1.4484938694,1.94652612041,1.11992022942,0.88011350041,1.14566201757,4.28548599117
2022-11-07,0.228893278652,0.661566983994,0.999436760141,1.29741490859,1.84479924568,1.45752655777,1.94866287058,1.12574803829,0.880733207337,1.14195109561,4.24046739232
2022-11-08,0.226158884335,0.655918364702,0.992583054664,1.28953801463,1.83192306054,1.4501340822,1.93097503471,1.11915703397,0.878851276945,1.14158394301,4.28976130091
2022-11-09,0.224276725745,0.650569376445,0.987080867679,1.27915446258,1.81375506687,1.44182487826,1.91368787943,1.11699619993,0.874230591242,1.14035532314,4.32084509655
2022-11-10,0.221266063228,0.646614236843,0.972557417781,1.26058966987,1.78601365305,1.43272648781,1.89888925981,1.11582064259,0.872610571508,1.14116738902,4.38192452214
2022-11-11,0.22633695126,0.670532460085,0.999214213563,1.29570895232,1.82309862479,1.46551893866,1.94444401927,1.13498549621,0.893432950107,1.15403133689,4.33089708674
2022-11-14,0.230719627277,0.674919136199,0.993554081885,1.28426686761,1.80376108988,1.45288175759,1.94582656141,1.13881346306,0.904286558573,1.1638736843,4.28397252534
2022-11-15,0.236708889683,0.684288050621,1.01243757899,1.33102526387,1.84431173869,1.47925531485,1.99718151876,1.16102699512,0.915149704549,1.17557390423,4.21583069862
2022-11-16,0.235316029739,0.676844981826,1.00205994454,1.3208631777,1.83245545584,1.4650452149,1.97916875359,1.15336382881,0.915677248424,1.16850002832,4.21526954226
2022-11-17,0.23413706488,0.673644744874,1.00776072447,1.32174332451,1.82290862812,1.46377258259,1.98161033397,1.15591895598,0.916422130089,1.17197047126,4.24890795064
2022-11-18,0.23105594287,0.665995651469,0.999847751416,1.3175549376,1.8155998005,1.45268587032,1.97744266335,1.1522721775,0.910869447502,1.17102149499,4.30138091361
2022-11-21,0.229050312091,0.660448819714,0.990204379916,1.2996876007,1.80085770268,1.44705264105,1.97068818297,1.14300367917,0.908454868391,1.16660070441,4.3224797232
2022-11-22,0.226305704867,0.654454148155,0.986008885903,1.2917449517,1.78569522743,1.43966505392,1.97882667049,1.14205601412,0.916390203194,1.18396361429,4.43860697698
2022-11-23,0.226239758679,0.655913223724,0.986070871367,1.2792268162,1.79846005368,1.44578324124,1.97824991628,1.14001257903,0.915996820128,1.18381383711,4.43933889541
2022-11-24,0.224446935425,0.657112820183,0.985758538301,1.27131250934,1.79307831047,1.44234312816,1.96946966329,1.13794437449,0.915008968152,1.17959037778,4.4586800629
2022-11-25,0.224379828298,0.659652529624,0.984676293876,1.26246929579,1.80321905252,1.45607204899,1.97514084963,1.14524213913,0.925823896635,1.19270678222,4.50959125951
2022-11-28,0.221446330015,0.649312695601,0.974024463777,1.25218092454,1.78949601272,1.44602487601,1.96091913583,1.13732923003,0.916533796357,1.17933606249,4.5179944591
2022-11-29,0.226441257228,0.665339371587,1.0045016079,1.28635134385,1.83803669042,1.48312341386,2.02177152116,1.16518629828,0.935621664727,1.20319372229,4.50748475185
2022-11-30,0.225890456582,0.664029905418,1.00908650576,1.29212584506,1.83578905292,1.48637806336,2.02054363948,1.16007836588,0.93866185596,1.20570921612,4.52787256707
2022-12-01,0.228342000894,0.670057756607,1.01748387512,1.30042073099,1.84669532921,1.51054917861,2.05846659022,1.16809480936,0.946714128894,1.21320513286,4.50688233279
2022-12-02,0.225917500551,0.666108163678,1.01717227205,1.28861489911,1.82486672544,1.50043434401,2.03780080668,1.16224878946,0.94294992077,1.21349284566,4.55580452976
2022-12-05,0.230645120987,0.675597800494,1.03760030852,1.31505201286,1.87060461897,1.53812343167,2.07316053624,1.19023003037,0.958158577485,1.2354353706,4.54284694657
2022-12-06,0.230723952021,0.672133823593,1.03999351815,1.31752911039,1.87385746533,1.55209430566,2.0831995115,1.20028121404,0.968813124999,1.24096379124,4.56162294859
2022-12-07,0.228837647569,0.666997491165,1.03597661951,1.31755379525,1.87138487348,1.54106283515,2.0706291445,1.19399765072,0.966325168009,1.23845933822,4.58971086137
2022-12-08,0.229663906313,0.67099784366,1.03354937872,1.31303840646,1.86322703992,1.53718102116,2.0615876453,1.19186914258,0.966018883881,1.23658561513,4.56619491134
2022-12-09,0.231556748507,0.679738406552,1.04318364543,1.3236535838,1.87807660658,1.54408309811,2.07210758332,1.19749714768,0.965633717326,1.23763145595,4.53242313563
2022-12-12,0.227846931207,0.665231448476,1.02226838225,1.30067287186,1.85439307828,1.53279484581,2.09145760292,1.19366014801,0.961030953081,1.2329272818,4.5878104899
2022-12-13,0.225531975814,0.652792809983,1.01266599536,1.30252272319,1.85610567374,1.53763372326,2.09353769363,1.19540021649,0.967384610916,1.23707234542,4.64984733785
2022-12-14,0.225324078252,0.65507506778,1.01702888558,1.3048691437,1.86041305883,1.53633250854,2.09553626,1.19323312643,0.970884175831,1.23607539894,4.65038633829
2022-12-15,0.22327231393,0.649913260841,1.0098553708,1.30256205354,1.84529623127,1.53292903145,2.10053247462,1.19746692399,0.974083976516,1.24384348947,4.72195725584
2022-12-16,0.220646956495,0.6410613833,1.0068788849,1.29619326147,1.85662533394,1.53654845899,2.10689977158,1.20642787058,0.978644268723,1.25430104524,4.81718023433
2022-12-19,0.215987420342,0.628995101824,0.981058431517,1.27377942919,1.81047362542,1.5082766622,2.06428220283,1.18860151842,0.961585476484,1.23519946077,4.84554736331
2022-12-20,0.211525192267,0.61726931719,0.969238303752,1.25257727173,1.78675262188,1.48631968393,2.04696413613,1.18109494648,0.953036745904,1.22721380296,4.91432792616
2022-12-21,0.209044779431,0.613527114658,0.972776620311,1.24980744445,1.78513468218,1.48368957485,2.04572275588,1.18044920932,0.952272146881,1.22586879825,4.96656890845
2022-12-22,0.209294870707,0.614178638919,0.979398534453,1.25715491671,1.78050871711,1.47488600066,2.03867511588,1.18242352043,0.945062523147,1.21909481032,4.9331825414
2022-12-23,0.209476016078,0.61665700459,0.975834012226,1.25174841862,1.7785325799,1.47003196209,2.03262168421,1.17749147462,0.942829854576,1.21614900409,4.91699237259
2022-12-26,0.209210308628,0.61650916613,0.970729215918,1.26219849152,1.78982360563,1.50075687305,2.05295536102,1.19826818614,0.952291364483,1.22134888229,4.94425281862
2022-12-27,0.211688504122,0.62233807487,0.977452993761,1.2685610601,1.80791335345,1.51669994947,2.08607363097,1.22478910349,0.967281483911,1.2360056275,4.9450190904
2022-12-28,0.209621668882,0.619575956045,0.96653537834,1.26472347979,1.7960070442,1.51016401268,2.07975141006,1.21746191442,0.964031735926,1.23261284795,4.97972626993
2022-12-29,0.208283710494,0.614951772595,0.960040072066,1.26051509877,1.79169363887,1.50931397093,2.07297550173,1.2198694009,0.960687128382,1.23452745208,5.01924546983
2022-12-30,0.209886515558,0.61638661348,0.962799643885,1.26512046141,1.79868390244,1.51288292121,2.08266016469,1.22098971718,0.961178511511,1.24067320073,5.00560778973
2023-01-03,0.210454851961,0.61285053657,0.964738306504,1.27464365853,1.82657401575,1.53168152406,2.09488634966,1.23029697847,0.971960362357,1.25615438046,5.0545136833
2023-01-04,0.209719017501,0.607934076575,0.959583157674,1.26600834051,1.82761317278,1.52573312778,2.10204689692,1.24223336997,0.984344060833,1.25983878536,5.0870115952
2023-01-05,0.213435621092,0.613422112381,0.968448540284,1.28904041168,1.86163822587,1.55213109374,2.1429561087,1.26225717902,0.999450781093,1.2747340006,5.05700477783
2023-01-06,0.213542153485,0.61697906537,0.969182888104,1.30408973063,1.88312087624,1.56244085123,2.15210778546,1.25427777023,0.996244491812,1.27427953848,5.05267776922
2023-01-09,0.215682288349,0.62531475821,0.971286229111,1.32185241089,1.88890376877,1.58116426491,2.16184211317,1.26132596259,1.00179755079,1.27818833454,5.01753833354
2023-01-10,0.214208618527,0.626659184403,0.974260552491,1.33377688582,1.90015567817,1.58588689064,2.16162917891,1.26282273385,0.997777739285,1.27210153332,5.02792735719
2023-01-11,0.211660028067,0.624120446302,0.962671689644,1.33202412241,1.88422528697,1.57952111656,2.16425609726,1.26461266184,0.994424185788,1.27256908165,5.08959610706
2023-01-12,0.211961040562,0.62618565813,0.96137147317,1.32971348956,1.88601191805,1.58247452028,2.16659176612,1.26597374802,0.994248334756,1.27895205707,5.10788642331
2023-01-13,0.214138513221,0.631151534536,0.967335614717,1.35181019324,1.90073843807,1.61446142927,2.19023671322,1.27815103796,1.00862305746,1.2946428142,5.11807902129
2023-01-16,0.216034065021,0.640030229294,0.985294363501,1.37465201259,1.93404439091,1.65674292256,2.23104944717,1.29337313102,1.02064293932,1.30400444194,5.10978292978
2023-01-17,0.217046415199,0.642281761021,0.990901763449,1.37721256711,1.92870652644,1.65992649039,2.23702269718,1.29811237746,1.02177755168,1.29887072651,5.06572151546
2023-01-18,0.214848856624,0.639734510183,0.986826158308,1.38741374453,1.931646901,1.65976357689,2.249782527,1.3009685387,1.02300991555,1.30166663161,5.12791539715
2023-01-19,0.216503895439,0.64471655174,0.996999738426,1.40199716656,1.96079728928,1.67004373303,2.26523706139,1.3101233971,1.02637881075,1.30779570851,5.11255917582
2023-01-20,0.218797641977,0.647853446635,1.00097924153,1.40744165951,1.96550527337,1.68202984832,2.28189600424,1.31586867389,1.03844045329,1.32131869436,5.11125960219
2023-01-30,0.218649809078,0.650888605674,1.00309717895,1.41212136853,1.980390284,1.69497075765,2.28435169369,1.31785722808,1.04265306377,1.32551987775,5.13096452346
2023-01-31,0.214259127424,0.642623086096,1.00100355066,1.39121635531,1.96657218471,1.68102868788,2.27445639505,1.31256544393,1.04185095983,1.31985331459,5.21206409107
2023-02-01,0.215729780648,0.650893647444,1.01877301995,1.40612433516,1.9895457048,1.70707021312,2.30368439373,1.32784876062,1.05527144041,1.33257371703,5.2265215204
2023-02-02,0.215434931872,0.651945908691,1.01476395226,1.40390916256,1.98634700907,1.70310656503,2.30279114913,1.32563988934,1.05499633243,1.33170394264,5.23025350666
2023-02-03,0.213230622785,0.650588932831,1.00448012895,1.40122471564,1.96359903266,1.68710532122,2.28095006554,1.31889655386,1.05046405038,1.32511031337,5.25787253639
2023-02-06,0.210809774403,0.644670753963,0.989713132386,1.38312457548,1.93568382993,1.66498073089,2.25038532073,1.30625680774,1.04416274329,1.32069219842,5.30003564794
2023-02-07,0.209996920131,0.644693024026,0.992824945746,1.38597857736,1.94185597495,1.67342808251,2.25999556408,1.31512178357,1.05049132402,1.32685511297,5.34520410869
2023-02-08,0.209545595909,0.639719076051,0.987391664658,1.37873547238,1.93356915926,1.66244949716,2.25841761974,1.31055484158,1.04674996713,1.32053452517,5.33122965498
2023-02-09,0.2126438915,0.648613115639,1.00116030371,1.40196056543,1.96651372622,1.68645902722,2.29551437662,1.32710251451,1.06248635519,1.32972388529,5.2895023129
2023-02-10,0.211411250086,0.6443532807,0.995476791571,1.39384693057,1.96333003186,1.67511381172,2.28401743274,1.32117318915,1.05899705144,1.32867084084,5.31597528357
2023-02-13,0.214095114437,0.650045191966,1.0057618524,1.41112029607,1.97189431729,1.68901337312,2.29679962442,1.33129157703,1.06769999936,1.33307452387,5.26610802826
2023-02-14,0.215167257697,0.648699236889,1.00796822151,1.41390436529,1.97435257752,1.68923470952,2.30143346766,1.33483291615,1.0718639226,1.3359149204,5.25095702215
2023-02-15,0.212613855271,0.645697578298,1.00548076628,1.40400422635,1.9676554619,1.68651130792,2.30704642638,1.33546240729,1.06561998396,1.33576475499,5.31268019487
2023-02-16,0.209236590487,0.63852434886,0.989158151832,1.38721654257,1.94793382402,1.66231549084,2.28195636472,1.32272958701,1.05400773806,1.33069634535,5.37691109388
2023-02-17,0.202969780319,0.631010454661,0.968053303591,1.36735978218,1.92551847632,1.63979618725,2.26408114744,1.31281939728,1.04841293698,1.32542474745,5.51665324744
2023-02-20,0.210234710726,0.642954646467,0.992275641317,1.39356426451,1.97417220386,1.67001501367,2.30808436929,1.34909071849,1.07925555204,1.3471483202,5.40961214794
2023-02-21,0.21233675391,0.645427665722,0.991787750628,1.4008339739,1.9867872842,1.67194460921,2.31206395782,1.35406972946,1.08828886767,1.3528880438,5.37857229516
2023-02-22,0.210160857416,0.639773896922,0.986091108867,1.39260160623,1.97999504281,1.66974597596,2.29802882494,1.34374371306,1.08467081808,1.3487372997,5.41718680483
2023-02-23,0.208140662155,0.638051888647,0.983588907617,1.39071095066,1.98239412587,1.67025299416,2.295452898,1.3440445037,1.08655574522,1.35004463169,5.47451101501
2023-02-24,0.205224152442,0.63375734424,0.977198480222,1.37511805512,1.96709013439,1.65936975899,2.27006782182,1.33762176774,1.08144808783,1.34450507569,5.52875775992
2023-02-27,0.204493478895,0.630360468134,0.975518406258,1.36136654574,1.9517087116,1.65233876841,2.26268056054,1.32998586381,1.07259780482,1.34350209388,5.54431779798
2023-02-28,0.205780101384,0.634348175845,0.982922098593,1.37302591266,1.9658169129,1.66309710456,2.27585771908,1.34164536239,1.08005584716,1.35597985432,5.56092710763
2023-03-01,0.207461762784,0.644400427494,0.995664657649,1.38494958553,2.00298487935,1.68935120395,2.2943529454,1.36155230495,1.09124963623,1.36791526536,5.56443009111
2023-03-02,0.208577662747,0.643687871757,1.00216334568,1.39161496493,2.00433792238,1.68624785022,2.28967333895,1.34954412358,1.08521286892,1.35809154736,5.49453891519
2023-03-03,0.208916318696,0.648005597122,1.00466297149,1.3932031235,2.01767395139,1.6923130178,2.29633370929,1.35716415705,1.09189390004,1.36256568234,5.50371910144
2023-03-06,0.20730935531,0.643116257029,0.996116952661,1.38944525206,1.999234479,1.68409455365,2.30347334852,1.35241731461,1.09281648007,1.36795578133,5.56782501828
2023-03-07,0.204344351182,0.626411279837,0.975811567872,1.36138014646,1.96347531139,1.66133196856,2.2717455402,1.33324804908,1.08325901144,1.36834221008,5.64903065122
2023-03-08,0.204855225371,0.628743000477,0.972271858864,1.35919916685,1.9546593224,1.66029005405,2.27040371053,1.33099306091,1.08148671949,1.36549850028,5.62316780437
2023-03-09,0.204005305905,0.629008952685,0.972073176511,1.35420480417,1.95384352256,1.65358450625,2.26060105712,1.32829817517,1.07734007671,1.36346937298,5.63814163198
2023-03-10,0.201416926153,0.620384416533,0.954225376944,1.33743753123,1.92340462322,1.62991671691,2.2311828289,1.30816404862,1.06459359622,1.3440818172,5.62950695252
2023-03-13,0.204379585261,0.629219849893,0.966290440315,1.3487709903,1.94950984634,1.65942324763,2.256092139,1.31378013803,1.06938514911,1.3552839892,5.5936208439
2023-03-14,0.203024758234,0.623325260563,0.96033602464,1.34300300308,1.93608336131,1.65264860431,2.23473522513,1.30674194491,1.06379377786,1.34986437142,5.6083325955
2023-03-15,0.201938755738,0.621007878079,0.961034906175,1.34396971479,1.93835894441,1.66291322562,2.248289536,1.31343329106,1.06825873936,1.35634108634,5.66524125628
2023-03-16,0.199728178961,0.61239680941,0.952991876451,1.31748732307,1.91324918014,1.63387280165,2.21475358663,1.29519387012,1.05771606706,1.33667252048,5.64510457471
2023-03-17,0.205342332962,0.618352438967,0.961195300088,1.31794892587,1.91853175302,1.63975288911,2.22791692397,1.29887548416,1.06701673894,1.33873016127,5.49511641743
2023-03-20,0.20340668767,0.618467675059,0.96016196587,1.30884608803,1.90516869212,1.63236065423,2.22270885955,1.30100270836,1.06169374616,1.3328856529,5.5229256644
2023-03-21,0.204681696245,0.627383013087,0.968920435522,1.32742624655,1.94332404933,1.63815244544,2.24679063765,1.31371451337,1.06719511178,1.33780126307,5.50867471158
2023-03-22,0.205461265614,0.628699539402,0.976342071097,1.34042983533,1.95055407839,1.64078449226,2.24849813372,1.31794424078,1.06746650718,1.34531263984,5.51862352569
2023-03-23,0.213905939289,0.646340927183,0.984005077604,1.35656052413,1.96768479312,1.64292182039,2.26983581161,1.3210380717,1.0702292312,1.34783721419,5.30215839375
2023-03-24,0.214235021092,0.643382434138,0.977140810277,1.35254729577,1.95793008756,1.64104681939,2.26510230595,1.31652612516,1.07230472748,1.34967056621,5.30121342218
2023-03-27,0.216975328846,0.638775368585,0.972014858,1.34606695772,1.94020885549,1.63242201685,2.24793893659,1.31623087252,1.07234685342,1.33905868974,5.19172376785
2023-03-28,0.216197867436,0.634974901345,0.958768288017,1.34688435175,1.92445395774,1.61861165336,2.23905106058,1.31419655571,1.07240487501,1.33965245623,5.21262876104
2023-03-29,0.217113152179,0.637477030496,0.958358958981,1.34429385586,1.92940603935,1.61863319983,2.23187483217,1.31149997428,1.07695492304,1.33814494008,5.18469503869
2023-03-30,0.216182597213,0.641273988074,0.960984393857,1.3580651411,1.95174504238,1.63029645173,2.25273414411,1.32755152362,1.0838435884,1.34825395527,5.24608460829
2023-03-31,0.214725255489,0.638105279715,0.959443023788,1.35287139059,1.98334951651,1.65517780278,2.26900981854,1.3297487987,1.09005102012,1.35217895207,5.29672204077
2023-04-03,0.225084837363,0.65320890544,0.969463079828,1.36320241727,1.98914876614,1.67309145954,2.28003637627,1.33389653072,1.10098605869,1.35697604822,5.05996875843
2023-04-04,0.22669606423,0.656332788654,0.972921395625,1.37450453876,2.0059255904,1.66337533482,2.28190478516,1.34535536621,1.09877042132,1.36151697298,5.04068039354
2023-04-06,0.225490567086,0.654235162735,0.979144898385,1.3680940984,2.01218476621,1.6833506116,2.29961232154,1.34523486823,1.09944338253,1.36141303255,5.06710030545
2023-04-07,0.226947408,0.658282787023,0.98062502988,1.38806144843,2.01667230691,1.69032891298,2.31515950364,1.35761562223,1.10882621387,1.36877102995,5.0617490151
2023-04-10,0.222826535865,0.646139154729,0.96813714286,1.37588797733,2.01427175203,1.68678551109,2.32013810636,1.35441996228,1.11310996073,1.37011978146,5.15864710247
2023-04-11,0.222813778545,0.647211267743,0.964896403637,1.37181148301,2.02483700813,1.69063677257,2.32007474603,1.36004003432,1.11818822318,1.37613953645,5.18160746614
2023-04-12,0.224557881799,0.65291758262,0.976164692072,1.38135978205,2.02823798727,1.6899761963,2.3004579979,1.3507297291,1.11123176481,1.37136167784,5.12305760057
2023-04-13,0.218002487587,0.636771326847,0.959572371495,1.37936467311,2.01251117934,1.68249854673,2.30284726963,1.34893664783,1.10951990351,1.37328583171,5.27980033971
2023-04-14,0.21818715819,0.638003243525,0.961980992673,1.39952066713,2.03111479441,1.6963561741,2.33252040379,1.3564058244,1.11413213253,1.38274565801,5.3116975043
2023-04-17,0.219337480534,0.64183110348,0.965914808161,1.4170634661,2.04805790136,1.71663448253,2.36102520626,1.3803400947,1.13530841619,1.40168374123,5.35644227387
2023-04-18,0.220940032834,0.64521078765,0.976022043157,1.4230408879,2.0417195669,1.71878602725,2.35705649634,1.37220006787,1.13565796604,1.40448324056,5.32800443467
2023-04-19,0.218632660774,0.638620927342,0.967252939858,1.41135286014,2.02941361342,1.69995738532,2.32096160724,1.35849562413,1.12443652752,1.39140261138,5.33402481043
2023-04-20,0.222034116903,0.646245360955,0.960051986186,1.40502056027,2.00084501867,1.69238635155,2.32173385392,1.34746612324,1.11134601268,1.38630615604,5.23150123887
2023-04-21,0.213088740769,0.626054684526,0.92786172148,1.37329298773,1.96030982045,1.66610955021,2.28124380456,1.32846362539,1.10020408867,1.36881968961,5.37628085787
2023-04-24,0.212066765836,0.611525847752,0.910787401095,1.35390023182,1.94551675805,1.6417971904,2.25616064373,1.31285141807,1.08827005869,1.35967829984,5.36616111313
2023-04-25,0.210230128838,0.601324116765,0.889102459696,1.33754373157,1.90953317727,1.6215233384,2.24366764764,1.30819552334,1.08310995056,1.36483696872,5.43299499099
2023-04-26,0.204706387891,0.592834176023,0.877443042697,1.32636877784,1.90167654571,1.63314102582,2.27415084468,1.3227278362,1.10840921914,1.38913253302,5.67245864279
2023-04-27,0.20447899187,0.590265212598,0.877402048465,1.31886560292,1.91335869168,1.63698983314,2.30000549451,1.33407460904,1.12565303086,1.40570033414,5.74641368803
2023-04-28,0.205348930679,0.598187824977,0.885044625376,1.33096357583,1.94200408209,1.6677947724,2.32672422186,1.34501886274,1.13651782124,1.41308688973,5.75216182057
2023-05-04,0.20572480279,0.595927791352,0.876030270692,1.34388069211,1.94179261006,1.67449228802,2.33682724631,1.33813987344,1.13424715434,1.42790014333,5.80193238127
2023-05-05,0.206583375903,0.594585028719,0.871110572466,1.32477587614,1.94257474142,1.6625886976,2.32344767948,1.32068114703,1.12532031355,1.4186781707,5.74024727135
2023-05-08,0.206085947772,0.60586530878,0.878296536945,1.34045571585,1.96178915999,1.68033471377,2.34695421813,1.33850027805,1.14170016373,1.44920386252,5.87758197689
2023-05-09,0.20561482691,0.598854766611,0.86684058525,1.3393399781,1.94355502267,1.6569509994,2.31934554011,1.32129574323,1.13107235191,1.44822117436,5.88703284897
2023-05-10,0.203865570943,0.593425642089,0.869728687164,1.33052836492,1.94201184113,1.64132199853,2.30565475332,1.31374043666,1.12313915386,1.43457919658,5.88166166297
2023-05-11,0.204187039777,0.593120455845,0.871626024564,1.32891394465,1.92502148739,1.64045515581,2.29782550453,1.30871807456,1.12077312096,1.43959073893,5.89293399515
2023-05-12,0.199271545319,0.583800209072,0.860067982271,1.3097615257,1.90687240617,1.61684203151,2.25782806903,1.29273878613,1.10920655095,1.42589823968,5.97874752322
2023-05-15,0.20173493767,0.591470754133,0.87986288737,1.34195278037,1.93482129666,1.6381875897,2.29016187669,1.31547582601,1.12266380038,1.43864414596,5.95828151465
2023-05-16,0.20125341018,0.587365349294,0.877091992233,1.33657900187,1.9259433797,1.62611573348,2.27661829051,1.30924238394,1.11356511057,1.43011732126,5.93718886962
2023-05-17,0.201201592222,0.586783175268,0.877535762195,1.33810075331,1.91393668909,1.61777050457,2.2600436135,1.30270957745,1.11232055363,1.42204890816,5.90522121681
2023-05-18,0.202381842535,0.591820585016,0.884061192328,1.33379333991,1.90470297895,1.61673072325,2.25984036441,1.29170713798,1.10956961607,1.41488644058,5.84083816888
2023-05-19,0.201495194193,0.591528852761,0.883356314937,1.3294806405,1.89914655618,1.61767792359,2.25843323436,1.29410086772,1.10656505383,1.4140229046,5.86286247958
2023-05-22,0.20246178981,0.595775666439,0.886408657768,1.33052724008,1.90543409154,1.63153617683,2.27149094377,1.29457898288,1.10806353751,1.4270295399,5.88866613987
2023-05-23,0.199926862918,0.589910016556,0.876446314462,1.30814631897,1.8799786966,1.60007239836,2.24504768752,1.28045271278,1.09337075698,1.41134988842,5.89769290448
2023-05-24,0.198910010113,0.582040735018,0.868531023653,1.29198239154,1.86040866532,1.57890070654,2.21399031962,1.26198380638,1.07741933015,1.38714699953,5.82655122997
2023-05-25,0.201448434055,0.584331351751,0.867958957749,1.28925284543,1.85025588267,1.57642328126,2.20553316685,1.2578182905,1.07459848263,1.37913416316,5.71853770856
2023-05-26,0.202627827794,0.58237992078,0.872169162251,1.28752953486,1.86549015178,1.57984317795,2.20708826444,1.24910303227,1.071593384,1.38074073745,5.69171974673
2023-05-29,0.202236204877,0.579370345283,0.872969374209,1.29163455531,1.87305366828,1.56672194746,2.18839350587,1.23043251131,1.06310674688,1.37769189659,5.69015225041
2023-05-30,0.202976086275,0.581217597858,0.884052876153,1.30504765468,1.87402348605,1.56284214203,2.18563706824,1.22878235568,1.05715088249,1.36905600318,5.63366679708
2023-05-31,0.204041601261,0.581551714861,0.880651816714,1.29817632257,1.85805167356,1.55020529214,2.16499346258,1.21639019239,1.05000620664,1.35280831807,5.53723384451
2023-06-01,0.200487880779,0.585207971195,0.88650398062,1.30941761164,1.86478643797,1.5544273519,2.1724551545,1.21986178878,1.04844473394,1.35391308252,5.63819584563
2023-06-02,0.202146076713,0.58944071635,0.899253434906,1.32519454392,1.89575576178,1.58169928135,2.20228559958,1.23904333358,1.05988678869,1.37422642861,5.67615573519
2023-06-05,0.200225447881,0.589598978287,0.892102028045,1.32123789756,1.88899176628,1.5827069413,2.18591890059,1.23209737512,1.05973549286,1.36263537554,5.68220986988
2023-06-06,0.197450906593,0.586467540595,0.879846746779,1.30752274204,1.86585489349,1.56345460302,2.15995583311,1.21043455731,1.03939482181,1.34419962562,5.68407138923
2023-06-07,0.194424402575,0.581055002329,0.875400542285,1.29661405793,1.86892224653,1.56030905911,2.13914465961,1.20512626732,1.03859836125,1.34387646744,5.76982965558
2023-06-08,0.195073769226,0.580230615845,0.881807245096,1.29864370383,1.88361184356,1.57632606344,2.16238548633,1.21085533307,1.04199131987,1.35897959873,5.8154028725
2023-06-09,0.195717036941,0.583348845661,0.891187040439,1.30717072742,1.89829073938,1.5820428096,2.18928074601,1.21539520146,1.05130296,1.36997461779,5.84327657474
2023-06-12,0.194550504757,0.586494941247,0.890841560515,1.31419910711,1.91478905788,1.58891652744,2.19754725678,1.22819778131,1.05507173358,1.36595869593,5.8609753657
2023-06-13,0.196553729236,0.593279583321,0.897093983868,1.31451986511,1.93614366315,1.59498760286,2.20483125633,1.22941776661,1.05895228527,1.36745374624,5.80704164632
2023-06-14,0.196588907413,0.599713606979,0.898362012268,1.31599935807,1.94093213992,1.59246321904,2.18655382477,1.22628345249,1.05752890893,1.36184501956,5.78218426157
2023-06-15,0.197690634002,0.606889949421,0.909292142938,1.33762712255,1.97555938493,1.62551975328,2.22063695106,1.24910338455,1.08173553257,1.37564312656,5.80836429303
2023-06-16,0.199417259195,0.612827128212,0.917102719175,1.34663393254,1.98577541286,1.63679008492,2.25788602001,1.26382718517,1.08980190117,1.38648080172,5.8033939885
2023-06-19,0.201322530248,0.613655709616,0.915957879709,1.35081185803,1.96849627591,1.62308508802,2.24095533228,1.25429545273,1.08333566421,1.37539000974,5.70152450185
2023-06-20,0.203278721594,0.616196654798,0.918810442717,1.35124678483,1.94666630089,1.61640556851,2.23654556767,1.24856556377,1.07753162461,1.36697863105,5.61125605465
2023-06-21,0.196639321244,0.602150663743,0.903074080849,1.32447276637,1.91240197915,1.58787151691,2.21102066762,1.23510183139,1.06643679283,1.35650353376,5.75152962712
2023-06-26,0.190319015212,0.599473451784,0.894577226565,1.3107164784,1.89153815497,1.56584397108,2.18369367726,1.22373248149,1.05195534591,1.33847866772,5.85996826848
2023-06-27,0.191201537542,0.60417748976,0.905223298167,1.32649146775,1.90869172071,1.59616678688,2.21128437039,1.24963111813,1.06611208828,1.35225113283,5.89309216393
2023-06-28,0.190623509347,0.600170423595,0.897502577011,1.32615301663,1.90115079604,1.59491281737,2.23004402425,1.24776071276,1.06575597022,1.35634748407,5.92875962463
2023-06-29,0.190450105576,0.599366178623,0.896735243661,1.32346700061,1.90189146889,1.5912364782,2.20759926555,1.23743429779,1.0607981821,1.35432675425,5.92531996159
2023-06-30,0.191487023793,0.605746554558,0.899791357345,1.33238478822,1.91090769959,1.62096895115,2.22667319386,1.24384508199,1.07053626896,1.36615008594,5.94478746644
2023-07-03,0.19321678477,0.605229136614,0.903554099765,1.34213424303,1.94342222632,1.65190594262,2.26479254071,1.26588350872,1.08598214069,1.38883719781,5.98980910345
2023-07-04,0.194026530046,0.606036235471,0.909492575171,1.34553013695,1.93458721953,1.65320348491,2.27532229369,1.27381509708,1.0877653133,1.39605567833,5.99583865717
2023-07-05,0.191626195516,0.598552332822,0.899694153135,1.3318623514,1.92904659792,1.64021926675,2.26726614466,1.27061316035,1.0818625523,1.39879938841,6.08179797764
2023-07-06,0.189772021678,0.594523786573,0.898003198196,1.3233028004,1.91322463397,1.62217674798,2.25957624676,1.26253913354,1.07844987036,1.39596225871,6.12830994456
2023-07-07,0.188238643053,0.586605856001,0.891312704785,1.31666178107,1.90868986238,1.60877216321,2.26297081112,1.26501284163,1.07860286253,1.39882202926,6.19038182277
2023-07-10,0.186953272492,0.588178539975,0.893847925594,1.31974966647,1.93122678799,1.61397055806,2.29134243227,1.27766839978,1.09205912711,1.40927797493,6.27892428775
2023-07-11,0.187545252371,0.589462570072,0.900631648673,1.33890878818,1.9419899687,1.62388001291,2.30764642291,1.28571033915,1.09584260074,1.42064822121,6.30970154591
2023-07-12,0.185905966005,0.58383420794,0.884487257843,1.32965448879,1.93001051318,1.61699271897,2.29858440962,1.27904387699,1.09098886947,1.41027008102,6.31875935232
2023-07-13,0.187365133002,0.596750938495,0.897535454908,1.35032281907,1.96445941496,1.6364813184,2.33057751452,1.29587839176,1.10367263347,1.42844712122,6.35060651269
2023-07-14,0.188361500904,0.599679101631,0.901852214953,1.35374648757,1.95038564978,1.63692785216,2.31713922302,1.29282872044,1.09783294019,1.42257066851,6.29070973833
2023-07-17,0.186634962468,0.595992594662,0.895482899334,1.35155543204,1.93026976122,1.63253655414,2.30873542809,1.28852222371,1.08994819694,1.41993563554,6.33671864361
2023-07-18,0.186018676788,0.596277639831,0.89238929135,1.34880794658,1.92981145127,1.62668401959,2.30702444187,1.29060421847,1.0888048412,1.41526566441,6.33680247926
2023-07-19,0.185517598123,0.594548747207,0.895545515543,1.3502378506,1.91777320745,1.62407180517,2.30312927807,1.2883683282,1.08943820285,1.41959286406,6.37324681436
2023-07-20,0.184368071363,0.590859690183,0.889619009579,1.327430816,1.90169913251,1.5988496411,2.28234565118,1.27767481364,1.08055417783,1.41586561975,6.39600408027
2023-07-21,0.182846542845,0.588795624104,0.887729346027,1.32293582566,1.9014843114,1.60536633607,2.28314820973,1.28149411617,1.0829661413,1.41941969731,6.46484330123
2023-07-24,0.182099379267,0.589976876936,0.882204908229,1.31850360206,1.89044269708,1.5969367007,2.27624868744,1.27462818541,1.0794835864,1.41531024671,6.47254373933
2023-07-25,0.183629849584,0.599182582481,0.904595270859,1.36944442665,1.94356001483,1.65428246427,2.35673764045,1.30178517219,1.1094039465,1.45029907821,6.5781567579
2023-07-26,0.184217034677,0.597404783898,0.900836497877,1.363243199,1.92689535095,1.65131481222,2.35995792583,1.30498469657,1.11161451746,1.4497600301,6.55467710179
2023-07-27,0.183476728589,0.59755134802,0.901327905726,1.3574594235,1.91814948097,1.64401715166,2.35066759142,1.30183445836,1.10979680347,1.44953599436,6.58000522301
2023-07-28,0.188761957356,0.606712858009,0.922582799047,1.37348944286,1.95639398748,1.67985793857,2.39543889067,1.33707618994,1.13729811358,1.47497935915,6.5059589458
2023-07-31,0.192041609487,0.608793399034,0.925884782181,1.37538622624,1.96872065436,1.69305086965,2.42045844819,1.34254169034,1.14355551825,1.48409779768,6.43314125397
2023-08-01,0.191377261139,0.607198339962,0.92736598373,1.37017248612,1.96934631385,1.68311489377,2.40773299529,1.33653260865,1.14093854327,1.48737154609,6.46958681644
2023-08-02,0.190187805465,0.604631038048,0.91816285109,1.36959498536,1.95293264519,1.67401499464,2.391912727,1.32699076613,1.13643346146,1.47319729085,6.44814341176
2023-08-03,0.19172983,0.609802399553,0.930150137076,1.3825361181,1.97084491794,1.69102942752,2.41403658788,1.3327543131,1.14482102766,1.48432879809,6.44458477818
2023-08-04,0.191660472394,0.612370742972,0.933970877726,1.38407755557,1.97698777721,1.69033229464,2.42202492622,1.34173569768,1.15664926891,1.4833486954,6.44266072355
2023-08-07,0.19035308955,0.610516116078,0.92058303412,1.36988076128,1.95710981881,1.67530498679,2.40618729798,1.32473941137,1.15054460587,1.47610719648,6.45515619642
2023-08-08,0.190477317637,0.60879861683,0.915855403215,1.36720555308,1.94545919068,1.67388431276,2.39147391813,1.31975212431,1.14607680543,1.47399400698,6.44170226006
2023-08-09,0.18941256882,0.605624781318,0.920330541352,1.36260558251,1.92998101581,1.66951392811,2.37861437664,1.31089304112,1.1415155211,1.46829694176,6.45281319819
2023-08-10,0.189718802743,0.606750163266,0.920707802338,1.3705596544,1.9417317419,1.67141025208,2.40074308432,1.32303931365,1.15076774946,1.4781886071,6.48585207194
2023-08-11,0.18300086665,0.591340384203,0.902165217383,1.34206918664,1.89483111727,1.63916928034,2.34850486021,1.29682573951,1.12853240015,1.4512672058,6.59739276049
2023-08-14,0.181411751888,0.58960331376,0.899429799688,1.33283577845,1.89022031924,1.62861642051,2.33705723298,1.28715612676,1.12457054703,1.44390968324,6.62123523132
2023-08-15,0.179286282673,0.585489623549,0.894769265348,1.32353402268,1.88986726933,1.62649101136,2.33395723491,1.27557654592,1.11651058512,1.44406839621,6.69953921541
2023-08-16,0.179070459772,0.584290892236,0.889650842434,1.31512123924,1.86854633991,1.60063696772,2.3026030005,1.25921103735,1.10433119771,1.43467102957,6.66400637253
2023-08-17,0.178832183614,0.584283376687,0.891888450444,1.31421465313,1.87674331009,1.60661641829,2.32005584445,1.26661431293,1.10876098079,1.45236496912,6.75506153462
2023-08-18,0.175423663041,0.575529846656,0.876458391145,1.29337949411,1.85112241834,1.58046860469,2.28496679555,1.25849178349,1.09542282074,1.45164518466,6.88046444699
2023-08-21,0.172075316981,0.56792668546,0.861009477936,1.27389025299,1.82641753574,1.55447751631,2.2574596419,1.24179419716,1.07820308564,1.43614611024,6.93833117956
2023-08-22,0.17406860247,0.573700226884,0.862820923963,1.28145653594,1.84452006449,1.5536301021,2.28434255902,1.25095262429,1.08431513185,1.44072496645,6.88008040227
2023-08-23,0.170728952195,0.561768570099,0.848763062634,1.25883460946,1.81736717732,1.52344672653,2.23799045644,1.23181518455,1.06164806209,1.41873322425,6.90706042892
2023-08-24,0.171824235696,0.569326090932,0.851318352754,1.27030603837,1.816826123,1.53105196032,2.24267965116,1.23700900835,1.06349165172,1.41917232375,6.86488706205
2023-08-25,0.170247946961,0.563973175481,0.839342584933,1.25755667193,1.80073453013,1.51403986508,2.24048833124,1.22803057307,1.06100864599,1.42397902101,6.951115647
2023-08-28,0.172515274615,0.571990901369,0.846006248175,1.27854914947,1.82204944412,1.52817944546,2.2817338289,1.23851482939,1.06557310832,1.43968367375,6.93520394146
2023-08-29,0.176355045768,0.58279851296,0.86111570784,1.30185876577,1.84384218683,1.54289482755,2.30135127279,1.25313888324,1.07449340803,1.44329508758,6.79823994183
2023-08-30,0.178475281519,0.587389302416,0.865631726119,1.30332685641,1.84393250393,1.53562982688,2.29584306151,1.25199419714,1.06720282143,1.43480384942,6.67651220925
2023-08-31,0.177099428576,0.582876059678,0.853324109947,1.29204656791,1.83472173807,1.52417792416,2.27632541168,1.24295027197,1.06412920197,1.42992898588,6.70529695868
2023-09-01,0.177141845544,0.579742008817,0.852468346999,1.29924740072,1.85051967627,1.53133830041,2.30438589029,1.25748321419,1.08034914797,1.44651634968,6.78147330164
2023-09-04,0.181065189422,0.58810889462,0.864139628239,1.3171177068,1.88883608824,1.55868087307,2.31812331641,1.27550972671,1.09347213605,1.45599714195,6.67572428593
2023-09-05,0.180053778975,0.584448727843,0.860646161766,1.30358690969,1.86798389676,1.55044565588,2.3078738766,1.27030490237,1.08532552025,1.44824487751,6.67747014334
2023-09-06,0.179368138522,0.579898196354,0.855264862835,1.29804994966,1.86928727114,1.55308836911,2.30399598678,1.26595977643,1.08465462433,1.44702844918,6.69728916284
2023-09-07,0.175842728847,0.569903818544,0.83882896287,1.27951959941,1.84389047172,1.53598405749,2.26840467151,1.24541095702,1.07379318044,1.43415403763,6.76933502228
2023-09-08,0.175270859374,0.565359462979,0.841189293208,1.27334502278,1.84183494729,1.52923758792,2.26221550538,1.23866564335,1.06799632719,1.42914799252,6.76772103345
2023-09-11,0.175848201777,0.570441225269,0.847827110295,1.28317531172,1.86345478408,1.54397947219,2.28122166921,1.25223301093,1.08027764343,1.44029925836,6.79823489986
2023-09-12,0.175719897582,0.570380538111,0.847113277713,1.28145025072,1.85596805473,1.53763548868,2.27545502197,1.25222758966,1.08149867344,1.43975828102,6.80064167735
2023-09-13,0.174346532248,0.56398883727,0.836814678094,1.26505460513,1.84015405458,1.52757666971,2.24806316028,1.24844727733,1.07818181514,1.43522999053,6.83240391477
2023-09-14,0.175327783192,0.561525285068,0.830485937852,1.26032744975,1.83376162048,1.52160389192,2.24380757703,1.24896787745,1.07538505423,1.44126005751,6.82265612067
2023-09-15,0.174899397904,0.560412669089,0.826464273565,1.25297031573,1.83797956776,1.5086306019,2.22686072426,1.24312677516,1.06819233748,1.43455159086,6.80756955637
2023-09-18,0.174411159972,0.56246721512,0.832081606391,1.25692589553,1.84352257248,1.51530184602,2.23728875017,1.24847419908,1.07392382617,1.43535975023,6.83040819732
2023-09-19,0.174186894243,0.560927906902,0.829044994728,1.25173413515,1.82804622214,1.50881238503,2.22849095017,1.24235075887,1.071974858,1.43927031154,6.8578001279
2023-09-20,0.173852151082,0.560295680635,0.824126148196,1.2449681928,1.81724422796,1.50360385511,2.21405030084,1.23225244889,1.06715692004,1.43107527521,6.83193157596
2023-09-21,0.173002896489,0.556635429849,0.817754412593,1.23669147572,1.80446245471,1.49169156141,2.19018289399,1.22233468924,1.05727151405,1.42102958339,6.81734706459
2023-09-22,0.175951699378,0.56616722955,0.830791533121,1.24914732325,1.82784981735,1.51633292658,2.22499683774,1.24286307868,1.07320036834,1.43752890469,6.78030162649
2023-09-25,0.173842007936,0.562905095982,0.823185635397,1.23308753011,1.81559930266,1.50682260398,2.20668699989,1.24085915419,1.07394730455,1.44039615674,6.87512240721
2023-09-26,0.173801684335,0.558551244204,0.822281075142,1.22715799165,1.80693945199,1.49684663897,2.19038500561,1.23317779502,1.06842526901,1.43203147211,6.83679184176
2023-09-27,0.174871015859,0.559858968147,0.820791903107,1.23796391577,1.81574847637,1.50372121339,2.20473728039,1.23783179723,1.07421823284,1.43476589401,6.80778247716
2023-09-28,0.174374034307,0.559405391561,0.82304800242,1.23505062437,1.81801390998,1.50035970148,2.20503912193,1.23463443202,1.07686771512,1.43452936636,6.82600782818
2023-10-09,0.174700662238,0.563497169554,0.826177454624,1.23803047858,1.81519905698,1.49795602082,2.20094847676,1.23460707864,1.0716417208,1.43028904161,6.79304472896
2023-10-10,0.172834269479,0.558934997181,0.823041677969,1.22795613596,1.80553659557,1.47664773656,2.18170981658,1.22824037676,1.06023849078,1.41978728998,6.81574013682
2023-10-11,0.17305808957,0.567228854574,0.829882506788,1.22788751856,1.8135605563,1.47210196101,2.17846152918,1.22604492441,1.05910942533,1.41867067075,6.80155339379
2023-10-12,0.173625402362,0.568531495322,0.834459379023,1.24030908109,1.85166839259,1.49363673854,2.20612135795,1.24148080424,1.06873823503,1.43650400357,6.86475539301
2023-10-13,0.171547222338,0.560627292262,0.824633504799,1.23128035291,1.82982193817,1.48317939825,2.18338296575,1.22494217688,1.05831621455,1.4291630831,6.9118411871
2023-10-16,0.170282725872,0.556325640565,0.809967946529,1.21628545374,1.80151205874,1.47335924827,2.16913128575,1.21324488537,1.05197970064,1.41369223067,6.88796778587
2023-10-17,0.170867656485,0.560854167834,0.813779135172,1.22135681367,1.80991063853,1.4807119048,2.1686571696,1.21424371505,1.05247187015,1.41383946556,6.86502461052
2023-10-18,0.168602417712,0.554769466216,0.8050948683,1.21015593833,1.77173027319,1.46011986022,2.14267113086,1.20163324995,1.04172361329,1.39727125027,6.87558764139
2023-10-19,0.165411858462,0.546599421156,0.791534739067,1.18870233561,1.74858231675,1.4327677498,2.10825658718,1.18176454303,1.02390889301,1.37050183559,6.87397335958
2023-10-20,0.164283218608,0.544737297248,0.784598316396,1.17932021498,1.73602648246,1.42440423013,2.08657356217,1.17401726548,1.01926608903,1.36710752981,6.90385123467
2023-10-23,0.1604727207,0.536699498851,0.772683577599,1.16535920778,1.71000433948,1.40383100156,2.06189644086,1.15569230457,1.00855587932,1.35100074402,6.98264513033
2023-10-24,0.159983932577,0.542096638092,0.776954059722,1.16970320182,1.72339128544,1.41470233919,2.07752719335,1.1716872649,1.01401408018,1.36946078763,7.0993244598
2023-10-25,0.16083867971,0.544466970472,0.778904990302,1.17590568648,1.73242014616,1.41980929246,2.08449728969,1.17264906924,1.01736872093,1.37791254667,7.10520901977
2023-10-26,0.16125305281,0.546184678852,0.776549278408,1.17522192661,1.73061135628,1.42336842873,2.07780143932,1.17564985983,1.01660825814,1.38562249929,7.12666006225
2023-10-27,0.164760730112,0.556701727919,0.795088015389,1.19286165444,1.75140622155,1.45254177423,2.11667284794,1.19207511035,1.03515035687,1.40630684232,7.07802209372
2023-10-30,0.167907599164,0.569893971719,0.805834489062,1.20663954754,1.77015205451,1.46123937178,2.12226208614,1.19143265427,1.02517344248,1.39175226443,6.86958047168
2023-10-31,0.166636449521,0.564767092206,0.80066752528,1.1968592547,1.76336175846,1.45184360525,2.1192177074,1.19395155099,1.0259547445,1.39892594683,6.95699557794
2023-11-01,0.164774823058,0.563473830281,0.800504627463,1.19240478456,1.75607595284,1.44386321213,2.10221924935,1.18918110307,1.02051087443,1.39824988165,7.0313554933
2023-11-02,0.163998143285,0.558885804338,0.797278543529,1.18349296541,1.73873025843,1.430391182,2.08456990609,1.17830042678,1.01300829507,1.39153936339,7.03075330018
2023-11-03,0.164998141778,0.565691621094,0.802946927505,1.19996497844,1.7595753308,1.44582031738,2.10545367567,1.19291412337,1.02046265698,1.40033801942,7.03233764626
2023-11-06,0.167855083422,0.583116699438,0.831163164761,1.23436824472,1.78957447096,1.47950194345,2.12733509536,1.19658774247,1.02676095579,1.39269429944,6.87218688124
2023-11-07,0.167950230759,0.583447268165,0.831050303338,1.2311363463,1.7890893781,1.47712714287,2.11942852359,1.18690408392,1.02336103368,1.39655360211,6.88733499012
2023-11-08,0.167539046125,0.584342932969,0.830506687427,1.22611098432,1.79061297614,1.4726737842,2.11745291705,1.18325877582,1.0187856982,1.39342199231,6.88875287628
2023-11-09,0.168249294214,0.585734596464,0.834623030901,1.22333222741,1.79761081664,1.47616721589,2.11961946355,1.18504695917,1.02177674342,1.39689773134,6.87673263595
2023-11-10,0.167070882697,0.580911045289,0.827916881141,1.21849534516,1.783006356,1.46795330184,2.11118831214,1.17874409089,1.01529000135,1.39405134759,6.91088465398
2023-11-13,0.167012874184,0.580195204662,0.825794456587,1.21796694754,1.78806368633,1.47591894672,2.11661164869,1.17617702113,1.01533398035,1.39283357434,6.90724717346
2023-11-14,0.167440682922,0.581809209241,0.826168143825,1.22373013368,1.79116147905,1.47753178618,2.11490203501,1.17723521628,1.01934665949,1.39467743963,6.89869801577
2023-11-15,0.168762264908,0.582679522454,0.832422821357,1.23651053459,1.8027117544,1.48946870742,2.12668546072,1.18485449246,1.02692112548,1.4016138939,6.87855852141
2023-11-16,0.167637667755,0.574615544926,0.821353048534,1.21909167604,1.78380539075,1.4692324768,2.09951675845,1.17682710367,1.0188482264,1.39170407274,6.87576240051
2023-11-17,0.167530051096,0.577247597425,0.823005712376,1.2206135046,1.78631327597,1.46544523016,2.09676839627,1.17644873796,1.01853579457,1.38892537329,6.86644810287
2023-11-20,0.167559415659,0.578665332082,0.825023401838,1.2201320001,1.78905745731,1.46485993016,2.10030940689,1.1813737131,1.02343919697,1.39559006812,6.89819289309
2023-11-21,0.167087500497,0.574503359593,0.823705227132,1.21575859668,1.78696789373,1.46218321846,2.10028808734,1.1812088144,1.02922567665,1.40097253282,6.94422571513
2023-11-22,0.165560072894,0.56515348873,0.809241296609,1.19965708837,1.7590490517,1.44407676265,2.08210212792,1.17038148759,1.02116313051,1.38882709208,6.94750471456
2023-11-23,0.166661035332,0.569900572067,0.815018124006,1.20603603517,1.7701820068,1.45432979649,2.09792356316,1.17893422648,1.02493561734,1.39271218712,6.92073921406
2023-11-24,0.164919652429,0.565887185709,0.806189269627,1.1909042365,1.75563042289,1.44226006077,2.07981647805,1.17293029613,1.0209253137,1.38793380775,6.96930662301
2023-11-27,0.165092793061,0.565435953515,0.796802346248,1.18032775402,1.73808782248,1.42982674144,2.06014414464,1.16780482152,1.01142297435,1.38038699027,6.92409466747
2023-11-28,0.165686549065,0.56859313653,0.800333318784,1.18042675713,1.73693463046,1.4342998305,2.06009959083,1.17382164793,1.0115742749,1.3811574585,6.90305688012
2023-11-29,0.163873523833,0.565258036367,0.79056695004,1.17374424798,1.7260711107,1.41992910674,2.03592590174,1.16325377934,1.00423494595,1.36805054937,6.91308495248
2023-11-30,0.164034983942,0.561676639201,0.791575319513,1.1757673246,1.72013993075,1.41643312044,2.04088134424,1.16532002765,1.01047243955,1.37551460145,6.94399130988
2023-12-01,0.163555365981,0.559712377612,0.788824873272,1.18195479812,1.71592293375,1.41287522342,2.04861911278,1.15726386883,1.00839042464,1.37328584057,6.95304325707
2023-12-04,0.161993701561,0.557566509765,0.78552376095,1.17709788404,1.69555121851,1.39842115179,2.02751318603,1.15171041174,1.0031140007,1.37362821221,7.02116597225
2023-12-05,0.159183356249,0.550031075109,0.769120938639,1.15502997271,1.65637026315,1.36768224681,1.98696628055,1.13088378717,0.984678062748,1.35213151603,7.03309430968
2023-12-06,0.161174913901,0.553249789264,0.772820949245,1.16107921489,1.66202044314,1.37241358771,1.9859726957,1.12975477608,0.98263390046,1.34396943019,6.90264763587
2023-12-07,0.160717803129,0.550259362631,0.772912421044,1.15355021441,1.65628273726,1.36183163024,1.97779556958,1.12752437697,0.980997199932,1.34694462692,6.93750500221
2023-12-08,0.162126591803,0.552558033211,0.772990508288,1.15300667466,1.66542778056,1.36401299768,1.97718319607,1.13401171754,0.984535371316,1.34732152626,6.87863481693
2023-12-11,0.161990225673,0.559267699109,0.775963355773,1.15877524185,1.67923908792,1.36991658235,1.99752885977,1.14184107168,0.992079061639,1.35749757974,6.93637346902
2023-12-12,0.162752855061,0.557933800983,0.778102821553,1.15889620593,1.68005780444,1.36953309174,2.00171850452,1.14966472054,0.990155932109,1.36385759124,6.93621550584
2023-12-13,0.160435896869,0.548010620112,0.765968662952,1.14380998012,1.65539597499,1.35276936121,1.96175809741,1.12931763397,0.968975373182,1.34220954201,6.92486363656
2023-12-14,0.159660796573,0.546922433836,0.762337971665,1.13939197524,1.64685868028,1.34644722499,1.95258541125,1.12186056059,0.96600881726,1.33722219026,6.93258788981
2023-12-15,0.15817605718,0.545968584744,0.763825330198,1.13540163738,1.64838243436,1.34214134583,1.94929732307,1.1199330876,0.963809243192,1.32994168823,6.95931190089
2023-12-18,0.156386659654,0.539589189057,0.756599463367,1.12025798708,1.63139707921,1.32921509441,1.9276283061,1.11224373379,0.962931715291,1.33158943551,7.04666279873
2023-12-19,0.155835735223,0.539895670607,0.756790627384,1.12143901599,1.63731448749,1.33076155232,1.93621366172,1.11557206887,0.961722970414,1.32705263174,7.04747863458
2023-12-20,0.15373972057,0.532913455335,0.741126921941,1.1084965096,1.61506521861,1.31349412943,1.91399464239,1.10107065609,0.951841795557,1.32361603918,7.12401785453
2023-12-21,0.156117475117,0.537513482675,0.751684159481,1.12163030027,1.63457523468,1.32848034609,1.93218115957,1.10895249775,0.959192371896,1.32744064899,7.03442201567
2023-12-22,0.157301945784,0.53775441817,0.748891862935,1.12282410097,1.64239859206,1.33956116162,1.92615122027,1.10732219271,0.960138688146,1.33445039565,7.01819782895
2023-12-25,0.159651952053,0.538959388757,0.754033409318,1.13001428364,1.64430634872,1.34948052817,1.92817506699,1.10693893495,0.965717368893,1.33805908428,6.93232870438
2023-12-26,0.159345210199,0.536359340275,0.747377854224,1.11784866928,1.62713440709,1.33524239789,1.91561964889,1.09438042613,0.958755497818,1.32964689231,6.90206530905
2023-12-27,0.158571867614,0.535044779709,0.750281266502,1.11767085432,1.63616322683,1.34041800005,1.92531015607,1.1025946508,0.966007252373,1.3383548932,6.98076514679
2023-12-28,0.160286176576,0.542061321431,0.769484663821,1.13545149618,1.67788361768,1.37313256514,1.99062619664,1.14768131597,1.00748059907,1.38889156376,7.16889232606
2023-12-29,0.160374281408,0.541521566418,0.770547392401,1.13430521956,1.68723895073,1.37993439888,2.01270555257,1.15259358225,1.01746032516,1.39416017469,7.19214620912
2024-01-02,0.158510259234,0.537982938492,0.764357499852,1.12540696232,1.66292438816,1.35689105263,1.9788453885,1.14010267565,1.01004796625,1.39442746354,7.277119042
2024-01-03,0.159817208601,0.536130394605,0.763807207825,1.1177661911,1.65417277597,1.34678785873,1.9647924255,1.13876257443,1.00848183309,1.4007025888,7.24986580171
2024-01-04,0.159303564386,0.532632457048,0.755462033921,1.10578463004,1.63340926556,1.33033344889,1.93438322372,1.12139262909,0.997840407671,1.39061991953,7.22097982751
2024-01-05,0.158422634708,0.52804810332,0.746745875433,1.08965812936,1.61746119018,1.3163583107,1.91715513597,1.11507157504,0.993601673406,1.38968665153,7.25606486437
2024-01-08,0.157360916118,0.518834227908,0.732958964558,1.06796700164,1.58945510528,1.29646981614,1.88034872666,1.10271890241,0.979016826925,1.37508752845,7.2284662529
2024-01-09,0.158177570314,0.522329521245,0.737019760503,1.07110744531,1.58784237116,1.30339528342,1.88552118248,1.1032824406,0.981266072186,1.380791223,7.22093555417
2024-01-10,0.158469991566,0.523080186843,0.739042493604,1.0693651385,1.57612973112,1.29486115664,1.87066187701,1.0954570486,0.975474606238,1.37167145993,7.15989390344
2024-01-11,0.160391372676,0.529717036895,0.750808226415,1.08676548655,1.5976108145,1.30063600461,1.87473645264,1.09592907218,0.972073146718,1.3669695362,7.04853999171
2024-01-12,0.158984758083,0.524332709706,0.747295122698,1.08037642584,1.58689165406,1.2924860126,1.85833489712,1.09889358621,0.976079905668,1.37364934433,7.14479817316
2024-01-15,0.157787438935,0.523326669759,0.742066495366,1.08084074067,1.58256195256,1.28680043137,1.8650794905,1.09985584751,0.978275714925,1.37535233532,7.20746368138
2024-01-16,0.158405550787,0.524521103805,0.743478474999,1.08685015777,1.60070817718,1.29251223473,1.87318518334,1.10453101052,0.983223361869,1.38237976744,7.21605627524
2024-01-17,0.156486739165,0.512882244826,0.727951465746,1.06193853651,1.56333236515,1.26101796591,1.82711351716,1.0790268224,0.959120530126,1.35217383593,7.14579072036
2024-01-18,0.16330701878,0.524684427923,0.739388752035,1.07782580293,1.57742965812,1.2695400137,1.83687696125,1.08120935228,0.958517900897,1.35250912538,6.83612222586
2024-01-19,0.160029706139,0.521117673718,0.738791849968,1.07180423266,1.57636160432,1.26310354048,1.83151117141,1.07721164227,0.955997686856,1.35023454985,6.96181573287
2024-01-22,0.157809413318,0.509339677186,0.721455175772,1.04823468932,1.5384519089,1.22552478119,1.77186297225,1.0473766685,0.929888937033,1.32173174977,6.91144516178
2024-01-23,0.159632144219,0.515059382603,0.724653056992,1.06096022453,1.55580451341,1.23804651434,1.78329103666,1.05471670936,0.93873118165,1.32856277304,6.86733654933
2024-01-24,0.161272966277,0.518920186566,0.736283290246,1.07898470403,1.57870086908,1.25704809546,1.81647113839,1.06736643696,0.95254345614,1.35677883765,6.94259752199
2024-01-25,0.167070370958,0.536741427997,0.758037124156,1.11147137959,1.62296772563,1.27888024689,1.84114143698,1.08695599042,0.964795394459,1.37677853674,6.7953644459
2024-01-26,0.168130521094,0.530491469243,0.749778335226,1.10425436371,1.61283188058,1.27056800094,1.83282863938,1.07740088868,0.955625198468,1.38737478074,6.80454412444
2024-01-29,0.16931495299,0.52911776156,0.747038428284,1.09482792315,1.58530606597,1.25301110596,1.7692608548,1.05607618179,0.930721164299,1.36340538768,6.63904730801
2024-01-30,0.165733623455,0.519117601674,0.728559316815,1.06849763877,1.55196996518,1.22323026112,1.72755024262,1.03740297807,0.914779300623,1.34240613228,6.67722061513
2024-01-31,0.16184699152,0.506653246341,0.712684263303,1.04348907477,1.53007924009,1.20745928362,1.69410192838,1.02638248333,0.902211099183,1.33802833783,6.81203317744
2024-02-01,0.161449599565,0.509220679254,0.713996874847,1.04484923159,1.52952753282,1.20837652918,1.69995350079,1.02729588897,0.906523290613,1.34333753888,6.85578880478
2024-02-02,0.156666429566,0.495106191464,0.693043470097,1.01855451374,1.49757093734,1.18918034361,1.67914052702,1.01833229838,0.904538440538,1.3439414418,7.06198317663
2024-02-05,0.157304408066,0.486085506991,0.69085788254,1.00996460982,1.47876210372,1.16873871443,1.66353925282,1.01271681568,0.906030389494,1.36435151615,7.14047372674
2024-02-06,0.160856602316,0.506049130792,0.72490095708,1.06621528586,1.54281148485,1.22818726889,1.74265327369,1.06495944996,0.943540145911,1.41810957852,7.26057833371
2024-02-07,0.162733804545,0.510818189667,0.734801882655,1.08409965799,1.56659401122,1.24697566661,1.75391633084,1.07478657089,0.949846070218,1.42368823295,7.2044092775
2024-02-08,0.162603121579,0.513524822378,0.742138108812,1.09752971403,1.59579350334,1.26775740858,1.79094439923,1.0963463681,0.964702612718,1.42525752274,7.21813596902
2024-02-19,0.164187370063,0.515097690343,0.751699054771,1.11616559668,1.60905985819,1.29816543707,1.83244366322,1.11430419582,0.978558920418,1.44348417463,7.24011723764
2024-02-20,0.166173096061,0.517072017737,0.752880353055,1.1199865657,1.61013429324,1.31341847179,1.82637521125,1.11903793826,0.975974997117,1.44527413098,7.16153124783
2024-02-21,0.169040616626,0.522296579672,0.759992893676,1.13468265369,1.62087290382,1.32853592158,1.84697593988,1.13102742443,0.98598115346,1.46585750029,7.13994365712
2024-02-22,0.171814249572,0.526405304489,0.768123199953,1.14588743723,1.64320641252,1.34346754794,1.87519900674,1.1459369632,0.993292768332,1.48390338311,7.11068928817
2024-02-23,0.171917704439,0.529678019989,0.773426193006,1.15097237693,1.65151761107,1.34272909209,1.88538749066,1.15197878588,0.994827484644,1.48155916086,7.09517447876
2024-02-26,0.172560249811,0.52832748417,0.772922930789,1.15275007588,1.63630855999,1.33189986542,1.8637414866,1.13717755837,0.979686715793,1.46221387303,6.97601172008
2024-02-27,0.178975125621,0.546719325137,0.791518848753,1.17411151389,1.66217268816,1.34087701082,1.87949920716,1.14457150079,0.986204583963,1.46599477325,6.73471869563
2024-02-28,0.176047643662,0.538615581599,0.775457918167,1.14380233821,1.61688231948,1.30477988726,1.848964999,1.13215289765,0.979116372025,1.46489448016,6.83982325565
2024-02-29,0.178537998899,0.556159421148,0.80294158957,1.18403684601,1.66089078363,1.34141038722,1.8928377571,1.16046793511,0.994788533942,1.47962428197,6.81184345484
2024-03-01,0.178283720942,0.557858681758,0.814846267581,1.1977232517,1.67173810101,1.36587274693,1.91370300988,1.17061601834,1.00003899554,1.47985303268,6.82259815488
2024-03-04,0.177330288871,0.563009888556,0.819578752023,1.20936394318,1.67607608112,1.35780790308,1.91819014471,1.16835745466,0.995658046299,1.49142381015,6.91242929311
2024-03-05,0.177847188138,0.561373870953,0.819260214519,1.20631960546,1.66929492848,1.34841715751,1.92254800578,1.17328181443,1.00303190004,1.51157941849,6.98569720299
2024-03-06,0.175749955062,0.554998100552,0.817781416063,1.20037456215,1.67257728246,1.34579603876,1.93182850886,1.1803811468,1.00366157539,1.51952232941,7.10478267354
2024-03-07,0.170951801535,0.54396546994,0.796956461159,1.18575240851,1.65096743033,1.3327090349,1.92952637291,1.17947221973,1.00382820408,1.52636976451,7.33076684372
2024-03-08,0.172952316004,0.552060923227,0.81264967949,1.19885844995,1.66188561286,1.33560627021,1.93307773524,1.18713649956,1.00355531057,1.5334926803,7.27919020337
2024-03-11,0.174672918342,0.558603684967,0.822032543967,1.21025644996,1.66478689352,1.36090687949,1.97468785863,1.22162248321,1.01858093642,1.53546785961,7.21614954991
2024-03-12,0.177778555714,0.567527541338,0.839358927796,1.2265134327,1.67721014964,1.37249299821,1.96192671979,1.20424450227,0.996585326816,1.5109209878,6.97248684274
2024-03-13,0.176945669463,0.560727542373,0.834034512879,1.21348066844,1.67970219967,1.36527105571,1.9469837709,1.20240684411,0.993623066565,1.50303432827,6.96875792189
2024-03-14,0.177052180732,0.556785984176,0.834355041409,1.20755635251,1.66731249754,1.35782462058,1.93269365616,1.19697586055,0.990469655404,1.49823746739,6.94232267281
2024-03-15,0.177626829746,0.55637302246,0.838412345636,1.20815743344,1.67117925371,1.3604561188,1.94046745382,1.20655768988,0.994047168641,1.50789856195,6.96455656393
2024-03-18,0.180383615827,0.567443394597,0.855074172534,1.22665312956,1.69713499197,1.38172663556,1.95551411206,1.21938774616,0.997311905238,1.51325803271,6.88121983085
2024-03-19,0.178456772182,0.563033144183,0.850849863721,1.21825375779,1.68410800069,1.37023780541,1.94282457373,1.20998755328,0.986170851202,1.5050339232,6.91732708867
2024-03-20,0.177709563458,0.561674953174,0.850033111811,1.22754051478,1.68609893735,1.37253081901,1.95293531516,1.21272738206,0.989737473274,1.50653963368,6.9532107699
2024-03-21,0.176808665518,0.56482841418,0.847643440157,1.21935635554,1.67867740665,1.37033442718,1.94460469899,1.20435932886,0.985901610141,1.50109003565,6.96330823147
2024-03-22,0.174789510661,0.556011502536,0.83316278222,1.19608242832,1.65392934839,1.34738841821,1.91345104512,1.19011551191,0.977304247581,1.48247317186,6.95646865754
2024-03-25,0.172565735379,0.556102422299,0.82410841383,1.1818925787,1.63931248032,1.3391125142,1.89640230617,1.18363540469,0.96793135837,1.46800313774,6.97707267928
2024-03-26,0.173522654583,0.556395492935,0.827073556415,1.18816439515,1.64752105332,1.34315239362,1.89900303532,1.19141474572,0.970822151442,1.47398033969,6.96679133614
2024-03-27,0.172151986961,0.543555359345,0.809414796479,1.1681536533,1.61539599707,1.31428942443,1.85963094745,1.16908301502,0.96149487778,1.46174917486,6.96401171609
2024-03-28,0.174755680574,0.555256615159,0.816285036451,1.18250545631,1.61715767429,1.32156978524,1.88053908417,1.1765795721,0.964902945495,1.46436429008,6.87114412996
2024-03-29,0.175165498216,0.554876109706,0.819254867284,1.20484784873,1.6346362403,1.32073342413,1.8866003867,1.18415765804,0.970854942178,1.47120525139,6.88713009569
2024-04-01,0.177872211831,0.561619664596,0.827143110726,1.22550685295,1.67288134417,1.35836159348,1.92094750364,1.20458166857,0.987893980773,1.49345309827,6.88485644351
2024-04-02,0.177406134757,0.555378149834,0.825051204035,1.21600338668,1.66134187503,1.35595942324,1.91285191622,1.19766772326,0.982333701714,1.48863452122,6.88068301373
2024-04-03,0.176831507863,0.55375214346,0.817265855556,1.21547198427,1.64649201137,1.35065355497,1.90043938041,1.19453816745,0.975899677572,1.48254620229,6.87482878632
2024-04-08,0.175294013757,0.548460014993,0.813197196572,1.19726926551,1.62337207588,1.33567022558,1.86235519143,1.17874160683,0.963964683098,1.47553819479,6.90210588165
2024-04-09,0.174881143174,0.547622958139,0.826293223883,1.20418093924,1.63196708346,1.33828967241,1.87268881521,1.19246808738,0.968904908419,1.47502964771,6.91598361089
2024-04-10,0.171697778536,0.535969566078,0.814893907431,1.18549067513,1.61035366359,1.32616740647,1.86412527848,1.18363512386,0.967409118777,1.47059745037,7.02109410663
2024-04-11,0.171466689016,0.537606021533,0.821921069438,1.18602377043,1.60486981607,1.3235480969,1.85831409429,1.18068861554,0.968152584765,1.47489735941,7.05107297391
2024-04-12,0.169881393908,0.53251711208,0.812990566271,1.17843171849,1.61075908746,1.31016386123,1.83762768963,1.16643515597,0.959501770113,1.46073444442,7.04855471533
2024-04-15,0.17112803373,0.538176091899,0.825686805176,1.19606453532,1.63407835521,1.34476527957,1.87635518157,1.19820256273,0.982440963373,1.48937550552,7.13503347949
2024-04-16,0.16862298568,0.532924111342,0.811825214879,1.17734777567,1.60882717433,1.31692146918,1.8368095089,1.17213319912,0.96057946844,1.46363688676,7.11617529788
2024-04-17,0.171413455946,0.54739657027,0.826010125799,1.20518291006,1.64724568743,1.34500232437,1.87713645683,1.19647932953,0.982632932465,1.48891104238,7.12129520546
2024-04-18,0.171887376653,0.547884611676,0.82422401983,1.19957642607,1.64241888868,1.3440636621,1.87847057114,1.20008689958,0.980335591243,1.49328690726,7.12253565499
2024-04-19,0.16897914656,0.538527243761,0.811663275172,1.18676663756,1.61725202446,1.33210746042,1.87725240814,1.19911404319,0.977861126394,1.49268746104,7.24018545488
2024-04-22,0.168255524503,0.531723464084,0.811861046501,1.17647551022,1.6142852338,1.32519763273,1.87439460963,1.20305760083,0.977038807683,1.49320841949,7.27371709071
2024-04-23,0.167432348668,0.530977488824,0.808477467811,1.17500161911,1.58938650571,1.30172496112,1.83991287735,1.18440990356,0.963386139869,1.48795774312,7.28372603704
2024-04-24,0.168600105997,0.534796124786,0.81498927464,1.17829824626,1.60283479848,1.30459708076,1.84856710434,1.18761468057,0.966860773995,1.49208858709,7.25314663299
2024-04-25,0.168140020989,0.532408078415,0.814716641882,1.18000822106,1.59860606452,1.30940007001,1.85600535428,1.19116452935,0.969192526544,1.50381620364,7.32994816993
2024-04-26,0.168744986227,0.541568231757,0.829703130786,1.1958428453,1.63609115873,1.34221965739,1.89238310459,1.22056580887,0.987380944942,1.5335053147,7.4482867255
2024-04-29,0.17126069304,0.554426420918,0.856284899626,1.21470486583,1.67679657562,1.3807122727,1.93089220173,1.23579905108,0.98710143093,1.5350243829,7.34462333567
2024-04-30,0.169273240908,0.548287978096,0.845918509297,1.20518576757,1.66199984778,1.36842262088,1.91815365597,1.22984785847,0.984140364712,1.54733259733,7.48874753049
2024-05-06,0.171527672123,0.555267171167,0.857423076807,1.22058666615,1.6976199171,1.38417095614,1.95949866304,1.25569477153,1.0007700594,1.55649950928,7.43337599661
2024-05-07,0.171744102076,0.556336715544,0.862731257999,1.21519330986,1.69770646826,1.3860292293,1.97555052018,1.25987426456,1.0021235024,1.55361933413,7.41024186671
2024-05-08,0.169715875399,0.547138315438,0.852766148783,1.20364283072,1.68197831512,1.37216511127,1.95014750317,1.24785334981,0.997802197692,1.54745502269,7.46835205945
2024-05-09,0.171784269852,0.554739755871,0.861668359737,1.22856449266,1.71384114978,1.39887122714,1.9672025016,1.2607812229,1.01089711519,1.55526019089,7.41500172807
2024-05-10,0.171441738849,0.554911533297,0.860702425662,1.22622818271,1.70910274355,1.40322424497,1.97792403382,1.25758090721,1.0169011013,1.55949095956,7.44995794904
2024-05-13,0.17219173834,0.559867998993,0.865742122224,1.23450852586,1.70259325167,1.39351560913,1.97067595176,1.25101548788,1.02019043324,1.56082969517,7.42376227985
2024-05-14,0.171629453744,0.562195301822,0.86859439375,1.23330293403,1.69793491908,1.39422511319,1.9599767691,1.2582361858,1.02196993325,1.5624992073,7.45594493885
2024-05-15,0.167604409267,0.555769936274,0.859033788409,1.22975145885,1.68071252535,1.37791236038,1.93766697085,1.24456417109,1.01429150321,1.55588596326,7.59924422272
2024-05-16,0.168474465794,0.56087659016,0.858981406644,1.23152749361,1.68300183603,1.37936022156,1.94415914392,1.24461797021,1.01397799604,1.55265127635,7.54399671797
2024-05-17,0.172621124445,0.56467093704,0.867130281105,1.23943796948,1.69868891974,1.39540308607,1.95743061847,1.24800592059,1.0254149834,1.56852660474,7.43545126479
2024-05-20,0.172806027755,0.566740104974,0.871490990348,1.24512051407,1.72427354021,1.4018756757,1.96673654054,1.25601316256,1.02866410606,1.57414023768,7.45409766617
2024-05-21,0.171782209062,0.560093326939,0.865665081269,1.23196435053,1.71168171259,1.39621269589,1.96221602377,1.24944266466,1.02439695116,1.57505064458,7.5025718263
2024-05-22,0.17273500052,0.559966675213,0.871753759903,1.23845008384,1.72390089362,1.41891511165,1.98120502486,1.25406874288,1.02457849735,1.58669249766,7.51641337144
2024-05-23,0.168697652749,0.548804103171,0.852335236352,1.21858327629,1.70048338364,1.3989006208,1.96080217384,1.23751844829,1.01166499713,1.57278494298,7.626212763
2024-05-24,0.165737554909,0.539049472577,0.838861500895,1.20361598288,1.68948885648,1.38051513544,1.94548021659,1.2267678999,1.00151906895,1.56818573032,7.73772718114
2024-05-27,0.167778920286,0.542286440486,0.84083982579,1.21133164997,1.70898900431,1.40072621606,1.95644426378,1.24386890843,1.01071792025,1.5858041051,7.72935513799
2024-05-28,0.167234252324,0.53725996422,0.832579606165,1.20137208371,1.68883186547,1.38643480716,1.92796313802,1.23363795634,1.00694381455,1.58343999526,7.7429243888
2024-05-29,0.168049899115,0.542371278535,0.835405005667,1.2111470249,1.68954021546,1.38881378309,1.92934271466,1.23374235502,1.00668757345,1.57792901473,7.67821169067
2024-05-30,0.166204482443,0.536884897833,0.831655804715,1.20720185643,1.69739080823,1.39350307109,1.93453591501,1.22948424743,1.00423482835,1.56896116622,7.7188913054
2024-05-31,0.166008078968,0.53582682652,0.828697705257,1.20058014783,1.69446531452,1.38965720596,1.92078375974,1.22417890722,1.00102850519,1.56559648895,7.71145934301
2024-06-03,0.165626692427,0.534494195469,0.832223778521,1.20391008495,1.69438272508,1.38598187505,1.91376410701,1.23146120253,0.998750481188,1.56461326554,7.72433269181
2024-06-04,0.166534390146,0.542591994272,0.840137544016,1.21408260558,1.71102940822,1.39370843658,1.93771378663,1.23575054989,1.00764008299,1.57311864816,7.7239905777
2024-06-05,0.164947011026,0.537595141022,0.837918122954,1.20881700018,1.69855635823,1.38509139717,1.9297242959,1.23253631896,1.00578000781,1.56959865649,7.78033130821
2024-06-06,0.16401908781,0.535327232527,0.83371837433,1.2007657572,1.69223081144,1.37506281599,1.92673432573,1.22574325307,1.00348482635,1.5612343883,7.7826394376
2024-06-07,0.16340892746,0.533878953311,0.827690937086,1.19454079083,1.68160081974,1.36859954126,1.91736997211,1.22582930557,1.00528824063,1.56852036517,7.84791136236
2024-06-11,0.160743246511,0.528555173779,0.822994590271,1.19835612837,1.66836285816,1.37696689499,1.91483763722,1.23686117405,1.00442060924,1.56478789518,7.95725892919
2024-06-12,0.160240505174,0.532293707079,0.822457190592,1.19693044551,1.67044965221,1.38290440478,1.92515938528,1.24242975437,1.0054044542,1.56549831298,7.98575870614
2024-06-13,0.15885073701,0.529996617055,0.819614696386,1.18841206382,1.67303939823,1.38662797746,1.9233005523,1.23117384058,0.998888278363,1.56091204778,8.03162432063
2024-06-14,0.159656237247,0.526107852829,0.819938248764,1.19953087752,1.68051594764,1.38749292069,1.92948211243,1.23485686712,1.00549061456,1.57576718241,8.06733419658
2024-06-17,0.159818143918,0.525279217771,0.825167121653,1.19725445082,1.67081322732,1.39256179591,1.92236218835,1.22983674845,1.00279333091,1.57081814576,8.03381594653
2024-06-18,0.160071309098,0.527650324445,0.827524381167,1.1991049464,1.66732047246,1.40060648597,1.93667037417,1.23572722169,1.0068988373,1.57853346271,8.06054904956
2024-06-19,0.159253482788,0.524093112291,0.821850201153,1.19161050967,1.65901135974,1.38701601111,1.90845117922,1.21990882493,0.999367158357,1.5723110709,8.06995777315
2024-06-20,0.159495520224,0.519889279519,0.809516083281,1.17280462743,1.64025069463,1.37946561392,1.88697365003,1.20040564554,0.982702516389,1.55231258758,7.95504972771
2024-06-21,0.158662069165,0.521583038429,0.807562036805,1.17219523637,1.63593022421,1.38556559886,1.88748781758,1.2011221734,0.983232900649,1.55184740868,7.99423532374
2024-06-24,0.155026680108,0.511648905109,0.792297852641,1.15973410952,1.61248726996,1.36832332409,1.8674284164,1.19337211281,0.975721454137,1.54818728384,8.15855059589
2024-06-25,0.154480195854,0.507463851565,0.786984707057,1.14762178233,1.59599846905,1.34319314183,1.86040186543,1.18525959411,0.967379293411,1.54020576431,8.1452497226
2024-06-26,0.155102061894,0.513280786094,0.79261861681,1.16925401538,1.61735653216,1.35930343235,1.88723084229,1.20637665553,0.978060225961,1.55500572315,8.19072905081
2024-06-27,0.152565302602,0.502109905145,0.773642214878,1.15134454565,1.59179931173,1.34909190325,1.87108755678,1.19616664504,0.969572330157,1.56406219034,8.3723952664
2024-06-28,0.154028779946,0.507960867259,0.774684636351,1.15679862934,1.59027571266,1.34888025849,1.87384197285,1.19562754162,0.97487656463,1.5555502602,8.24651915605
2024-07-01,0.156242983578,0.513061101907,0.78141806467,1.16740323907,1.59631185799,1.34522825719,1.89087817853,1.20604348935,0.978296338267,1.56269287333,8.16583881083
2024-07-02,0.154576509781,0.507451499244,0.776650635872,1.15949229402,1.5835298556,1.33416133116,1.88177686394,1.20053875101,0.966535373767,1.5586056541,8.2315771923
2024-07-03,0.15365897543,0.505633348825,0.77072346722,1.15348022265,1.58111652243,1.33458517659,1.8696175547,1.19658713043,0.961728731774,1.55761104048,8.27518521537
2024-07-04,0.151519050365,0.497310126824,0.76116145418,1.13947062251,1.56457340142,1.32776368352,1.85594631341,1.18609362608,0.956868753686,1.54629154644,8.33029167514
2024-07-05,0.151167750824,0.49647839223,0.765792091971,1.14398427485,1.57712150387,1.3292018607,1.861920727,1.18939693358,0.955848256974,1.53334560558,8.2798623082
2024-07-08,0.148731808311,0.489850430361,0.755702743739,1.12476352851,1.55105295792,1.31319753938,1.83297120184,1.17829586823,0.948619253534,1.5249142933,8.36775743458
2024-07-09,0.150571707719,0.495283266789,0.77455958898,1.14539372689,1.57421718971,1.32996956189,1.85750558742,1.1895750049,0.95951544803,1.53960856595,8.34487618388
2024-07-10,0.150858297362,0.497231995609,0.770961393432,1.13879031457,1.57724722241,1.3232611462,1.85555854021,1.18216222163,0.953804810044,1.54391726699,8.35234673324
2024-07-11,0.152816748017,0.507132450661,0.790661608489,1.17840304514,1.60778836092,1.33950935168,1.89451472747,1.19607875338,0.969107553306,1.56262670745,8.3451312075
2024-07-12,0.152434437488,0.504776034642,0.787403361628,1.17771547548,1.60916697591,1.32951569625,1.88255226194,1.18861619329,0.97195334746,1.58664575442,8.49428124765
2024-07-15,0.1523330133,0.504859825921,0.786845124556,1.17126737519,1.60827053017,1.32151384032,1.8820732049,1.18414407979,0.980404830174,1.59180331593,8.52754459407
2024-07-16,0.154691958798,0.511003620184,0.798353552919,1.17974416653,1.62460089793,1.33326786591,1.90411485919,1.19630744785,0.985284201327,1.59794960701,8.42841837831
2024-07-17,0.154122754686,0.511177965908,0.797786190049,1.17490018031,1.62204111357,1.33860803955,1.91359593201,1.19417792151,0.988527790563,1.60996038775,8.52278267604
2024-07-18,0.154966124913,0.515220402993,0.799971023945,1.18334534231,1.63573503049,1.34219299257,1.91626573857,1.19521309015,0.994268350717,1.62640036385,8.56317511172
2024-07-19,0.155378857039,0.520264971447,0.801308250977,1.19811912603,1.65985134582,1.35901246697,1.92547624472,1.19867576293,1.00188427972,1.63527477235,8.58709293576
2024-07-22,0.154508409227,0.516823418257,0.799187985141,1.19597347751,1.65463526982,1.35436741558,1.91067636302,1.1899695848,0.996477739277,1.62792205116,8.59658835352
2024-07-23,0.149810416161,0.505510281919,0.775134250999,1.16181168382,1.61253165567,1.3130998901,1.87139700651,1.15878218115,0.974710819121,1.60789246272,8.75220629784
2024-07-24,0.15002224318,0.498097506972,0.767432649018,1.14956746418,1.60183428551,1.29722484463,1.85666332251,1.15002594245,0.967691663145,1.60411234652,8.71925474012
2024-07-25,0.147884317652,0.491549627559,0.760800552416,1.15051522447,1.60681368516,1.29163167955,1.88035716732,1.1538177003,0.972669515075,1.60688412119,8.85857658743
2024-07-26,0.149437732383,0.497151662298,0.765450014829,1.15904125974,1.62735055306,1.31032868217,1.89069918947,1.16175800106,0.972173481437,1.60018463243,8.72859028165
2024-07-29,0.148327197268,0.492878812748,0.757739758299,1.1489235896,1.60960749406,1.29631290692,1.86595661154,1.14812285291,0.975537371708,1.61891807957,8.89564220842
2024-07-30,0.146608165828,0.490214836531,0.754908837061,1.14269326953,1.60039619376,1.29302178364,1.86429266497,1.14845901856,0.972994196373,1.61386591568,8.97097719227
2024-07-31,0.150837005881,0.506292873363,0.775732236465,1.18070167296,1.66895610586,1.3229141894,1.94024193077,1.17303756354,0.989323427831,1.62988812123,8.80127623354
2024-08-01,0.149299873987,0.498711369014,0.768039060504,1.1648430183,1.65622974575,1.31077310449,1.93442718968,1.17242126935,0.988299036892,1.64062954067,8.94897011355
2024-08-02,0.147281867019,0.493057681221,0.756660869485,1.15032351351,1.63122034425,1.29703942797,1.91674924424,1.16535347796,0.982455655359,1.63542448788,9.04153712545
2024-08-05,0.144423901083,0.483629745026,0.744102667025,1.12891419455,1.60734388506,1.27394572693,1.89292211941,1.14591266824,0.974607204561,1.619883688,9.13106758355
2024-08-06,0.145714727018,0.490373482247,0.751843199645,1.14233218025,1.6245800614,1.2872945125,1.90808271025,1.15139004497,0.975448689212,1.61147242825,9.00204316198
2024-08-07,0.145951112116,0.487229155221,0.748439445298,1.13950973387,1.62299550704,1.28708375658,1.91076763563,1.14991106395,0.977508349699,1.61419649906,9.00265690059
2024-08-08,0.146354974866,0.485633572181,0.742721189519,1.1351094505,1.62374778743,1.28602038865,1.91283440504,1.14930223877,0.978484357797,1.61772608553,8.99743068327
2024-08-09,0.145783216453,0.482794768721,0.739139678705,1.1253748511,1.61330384682,1.27661557957,1.89817105798,1.14059318556,0.974832100328,1.6111937234,8.99624900473
2024-08-12,0.145605999634,0.483231246758,0.736872061271,1.11995637649,1.60126407383,1.27729518451,1.89405015911,1.14194473398,0.971020304387,1.60224455113,8.95721648402
2024-08-13,0.146281313062,0.484110103587,0.740041587798,1.12111655596,1.60456456781,1.28129947414,1.90012474306,1.14510501525,0.972233100461,1.6103543996,8.96101079816
2024-08-14,0.144803086871,0.480468332749,0.734773827249,1.10620879142,1.59514408367,1.26931965467,1.86218011238,1.13193769395,0.963724668194,1.60029530255,8.99559003526
2024-08-15,0.14565554492,0.482107724326,0.739686174804,1.11511679523,1.61762126335,1.27791297516,1.88393719271,1.14272344558,0.973664449771,1.61834959084,9.04411973432
2024-08-16,0.145833169412,0.480012830319,0.739387021005,1.1122355057,1.61511786673,1.27523100219,1.87151167654,1.14090947403,0.97345989021,1.60999744392,8.98641474823
2024-08-19,0.146540358033,0.479510962969,0.74035098967,1.11299276898,1.62078385052,1.28244331829,1.86748900259,1.13873938021,0.975410078621,1.61819600318,8.9885982858
2024-08-20,0.145968613423,0.475504898484,0.72985214455,1.10261690441,1.59778488162,1.26697989734,1.83761559838,1.12388158,0.962994227877,1.60198531287,8.93362279853
2024-08-21,0.14484884374,0.475357253989,0.72677326252,1.09734782137,1.58710617115,1.26593623004,1.82604501222,1.11639452535,0.958162531335,1.59211357445,8.94710465527
2024-08-22,0.144767067117,0.47274206151,0.720314664483,1.08946256378,1.57436110382,1.24949474642,1.80881592569,1.10338066388,0.951680613067,1.57839346776,8.87505382331
2024-08-23,0.143944726817,0.475817202803,0.723859701565,1.09034117262,1.56984997654,1.248942889,1.80670877259,1.11090492337,0.961093704286,1.58499249849,8.96257330686
2024-08-26,0.143452910123,0.477413606601,0.720446542423,1.08674315797,1.56835944765,1.25337022548,1.80851376012,1.11730036558,0.95830565763,1.59433672667,9.04603409067
2024-08-27,0.14274958237,0.474880660809,0.714699465562,1.08367799263,1.55447763363,1.23532518592,1.77240624984,1.10533909933,0.948922564924,1.58890154201,9.05954697184
2024-08-28,0.141729636383,0.475535784069,0.710356888923,1.08393939097,1.54518879574,1.23594586677,1.77221630609,1.11007422537,0.948245218895,1.57515138598,9.04587725799
2024-08-29,0.142575718266,0.481669663996,0.719593803152,1.09508263623,1.5538863854,1.24108979465,1.77075237238,1.10718731954,0.944845710056,1.54270872395,8.80556244649
2024-08-30,0.144717246824,0.492217993704,0.731685572187,1.12224464351,1.58652898307,1.26357873489,1.80182093798,1.11533231292,0.939240243816,1.56066956058,8.77581825607
2024-09-02,0.140214402151,0.480669380161,0.709476180034,1.09365634435,1.55627608962,1.23485032429,1.7683550379,1.09817699397,0.933221538195,1.55567046753,9.02076541723
2024-09-03,0.138630373983,0.480819248978,0.716405539136,1.10007502691,1.57161435917,1.24722297473,1.78569740599,1.10567526397,0.939226965991,1.56395473048,9.17071209929
2024-09-04,0.138378892729,0.480450407821,0.714040039272,1.09384129046,1.56195902691,1.2381678974,1.77656021424,1.09693905716,0.925394218063,1.55345688316,9.12579091261
2024-09-05,0.13807329133,0.482463021514,0.718211556452,1.100795478,1.56978189515,1.23919223191,1.78637300245,1.10129005118,0.928186079344,1.56355681696,9.20527678487
2024-09-06,0.136782412794,0.477631658216,0.711586416261,1.08728521662,1.5567130686,1.22030939981,1.77153315827,1.08643658813,0.916138074378,1.5454550757,9.18476690338
2024-09-09,0.134850701501,0.474278978722,0.705742586863,1.07140101151,1.54093626355,1.2092905363,1.75294304188,1.07397966785,0.905800355916,1.52751565497,9.20786342985
2024-09-10,0.135684468733,0.475750547626,0.708758114308,1.07095035452,1.54499727359,1.2091170966,1.74931430747,1.0708190584,0.903833393673,1.52560574261,9.13941926049
2024-09-11,0.135055938358,0.47466048505,0.709082684761,1.06410538667,1.54309411761,1.20923082628,1.76452162024,1.06991858659,0.898767933537,1.52626063402,9.18567898547
2024-09-12,0.13417842982,0.472161191243,0.705503387076,1.05548631615,1.53346575927,1.20848433749,1.75326784702,1.06347248353,0.89966366671,1.52026616367,9.20928450383
2024-09-13,0.134117584441,0.470832511399,0.698349897522,1.04973570424,1.51761188191,1.19573949766,1.73701938395,1.05838868633,0.894813322799,1.51169317909,9.16152821368
2024-09-18,0.133903868285,0.46963421687,0.703658830289,1.05056396301,1.51970681584,1.19856980342,1.7401524185,1.06289606416,0.901798090861,1.51300174297,9.18405756912
2024-09-19,0.135495757028,0.473744744888,0.710994179012,1.06720702669,1.53931565834,1.21210000423,1.75786718184,1.07609183788,0.914487911445,1.53115506422,9.18506708328
2024-09-20,0.136302231896,0.474162347608,0.707239098644,1.06500042953,1.54565919314,1.21151268118,1.7536052219,1.07064843886,0.916126043027,1.53510616704,9.15409909334
2024-09-23,0.13615124413,0.473454764708,0.709320384792,1.07113108684,1.55898559175,1.21652233018,1.75917226065,1.06960681906,0.912407513922,1.54253808755,9.20855728294
2024-09-24,0.141131079454,0.493411695303,0.740208819238,1.11157186591,1.61772456819,1.27152928556,1.83874562052,1.12021980177,0.953181090295,1.60041712593,9.21727032967
2024-09-25,0.143796601669,0.501817314622,0.752668723875,1.1197999978,1.63337170957,1.29152252968,1.85937721928,1.13173024568,0.965728326417,1.62017580786,9.15698111104
2024-09-26,0.148320280207,0.526278643951,0.785132665595,1.17139763341,1.7072364272,1.34055112137,1.95414105105,1.18253922533,1.00736302052,1.67601347112,9.18449860526
2024-09-27,0.153997548308,0.540319503368,0.834611414868,1.25047741501,1.84116400183,1.41647391305,2.08967219945,1.25337872664,1.03965777031,1.74055024771,9.18660217298
2024-09-30,0.168709286851,0.605312642334,0.920432635124,1.38668321692,2.06285909937,1.5668033874,2.30893044606,1.35073968161,1.1149340936,1.83216309053,8.79251644887
2024-10-08,0.181931380157,0.672806067778,1.01003257701,1.59524733323,2.27256695426,1.62803927242,2.40356814341,1.3899110759,1.13539051706,1.84213809113,8.15129871823
2024-10-09,0.172846791551,0.652138972243,0.916780880892,1.43099159053,2.06465527153,1.48038168928,2.19752412196,1.28479321724,1.05589575433,1.75018811683,8.1514563479
2024-10-10,0.163113851517,0.642967621359,0.911179161481,1.41884262797,2.05605469246,1.51134191972,2.27008702537,1.31595932766,1.08775266534,1.80671622493,8.87374010959
2024-10-11,0.158493298503,0.618128214857,0.877627214461,1.38043024653,1.98581006915,1.46939040537,2.2044976473,1.26749154969,1.05765058024,1.76052794148,8.89825289279
2024-10-14,0.161558083468,0.629286293845,0.898770173956,1.40193859861,2.02108996484,1.49624481804,2.24916711503,1.29372019905,1.07484605587,1.79658314619,8.90842153313
2024-10-15,0.157136962106,0.615002727714,0.872285559391,1.36274178905,1.96393473924,1.45621631694,2.18974232048,1.26325561372,1.04570833554,1.75719284903,8.95688695097
2024-10-16,0.155281153209,0.599537853032,0.859849375384,1.35014237712,1.93592188997,1.45441747856,2.18281469492,1.25896332552,1.04564697464,1.77156437886,9.13592457663
2024-10-17,0.153183910635,0.593768771398,0.856418784486,1.33594214733,1.91849443607,1.4407189329,2.15784460292,1.24692919068,1.03436523287,1.74527432993,9.12373798151
2024-10-18,0.16413689516,0.640877383528,0.891323902695,1.39120473979,1.99199716576,1.47662237829,2.22132161769,1.26750091859,1.05418573481,1.76242938163,8.56105191108
2024-10-21,0.167016126017,0.644980298349,0.899998704026,1.416836219,2.02043230467,1.4866085369,2.21740333555,1.2770616372,1.05310707184,1.75401134175,8.36998611954
2024-10-22,0.167864215942,0.654016224874,0.904463023698,1.41570980493,2.03381245911,1.49702605514,2.23893544514,1.29049389341,1.06439476298,1.76938409773,8.40084165451
2024-10-23,0.169875179369,0.665148611714,0.918608417585,1.42408660879,2.03297118009,1.49476902545,2.234411351,1.28968710601,1.0706882914,1.77630851544,8.33307844366
2024-10-24,0.167025440824,0.648221684318,0.904257692547,1.40594620677,2.0112267467,1.48306229926,2.21996597504,1.27728805525,1.06159096836,1.76777337696,8.43282954749
2024-10-25,0.167332004278,0.650603636123,0.921513496209,1.44715548148,2.0601720413,1.51393410004,2.24577357838,1.28928518068,1.06749635939,1.76363117334,8.39759208048
2024-10-28,0.169323276992,0.652310990149,0.919295237133,1.4658300819,2.0776113563,1.52490920336,2.25713223337,1.29930662545,1.06959294641,1.76153911901,8.287698247
2024-10-29,0.166440463764,0.6401730897,0.902185838859,1.44374910674,2.03231155699,1.5055102124,2.23443689498,1.28354051975,1.06378600364,1.75078773024,8.37821725369
2024-10-30,0.164334795357,0.632455756414,0.896591675653,1.43687955029,2.00845801111,1.49319641916,2.23070758074,1.27109247866,1.0586250245,1.73659726222,8.41630454871
2024-10-31,0.1648194571,0.643425595522,0.909024023637,1.44356736455,2.01805020465,1.51370116799,2.21773889809,1.26500588515,1.05340530529,1.72656767315,8.34287515379
2024-11-01,0.160279809782,0.627312288632,0.898172999763,1.43675799368,2.00935581245,1.5142301641,2.21864479253,1.27212013272,1.0632283956,1.74879734935,8.68007931512
2024-11-04,0.161094747205,0.634861451116,0.90897724206,1.45370532788,2.03464918467,1.53214229727,2.24064000217,1.29791629531,1.08717449349,1.78075265043,8.79455447939
2024-11-05,0.164264546452,0.657571915661,0.943177439574,1.4924545226,2.10506309377,1.57074009733,2.30023388843,1.33274239316,1.10900617048,1.81271226517,8.77934549721
2024-11-06,0.165291596109,0.656794515516,0.941121183346,1.48439978116,2.09739219035,1.5866469787,2.30386021442,1.3352293817,1.11119101526,1.80233024064,8.67417108897
2024-11-07,0.170009187957,0.674494682304,0.96708162184,1.52489298101,2.16754514604,1.6392644558,2.35735001857,1.37345067378,1.13493031142,1.83862915769,8.60129907926
2024-11-08,0.1689702689,0.666432132038,0.958173207006,1.5156298364,2.1521332205,1.63530228184,2.34372024169,1.35823376437,1.1328492538,1.84973930132,8.70583567049
2024-11-11,0.175460180336,0.691154131488,0.979792325605,1.55368311045,2.18136123411,1.64560199966,2.33805275012,1.36754781502,1.12498672266,1.83747662934,8.31374219709
2024-11-12,0.175145785368,0.68292095646,0.972525290431,1.54700732932,2.14794946938,1.61326345113,2.31233545255,1.35397359061,1.11449710209,1.82091074826,8.25368597418
2024-11-13,0.17708845327,0.683479811192,0.978301905493,1.55212519234,2.15528847747,1.62236542061,2.31864401632,1.36222148111,1.12304558415,1.84273349571,8.26105489807
2024-11-14,0.170527187303,0.663122934228,0.952944744753,1.51304039769,2.11476565437,1.5921639582,2.27734104544,1.3384987034,1.1100414519,1.8228247243,8.47788156226
2024-11-15,0.164180710875,0.642259462344,0.927278807528,1.48247475361,2.07468003165,1.57011791933,2.25282854601,1.33120145146,1.10506582366,1.81501279773,8.75706825117
2024-11-18,0.160629151771,0.63120701847,0.91295029475,1.45299241321,2.05229139239,1.5530269924,2.24762050177,1.34073056341,1.10401819495,1.8404703484,9.06932876987
2024-11-19,0.164472957429,0.646854361922,0.927176986381,1.47319199245,2.05899258718,1.56549152213,2.26010559547,1.3464340116,1.10909953509,1.84443491627,8.87183884603
2024-11-20,0.16524366106,0.649576347309,0.933932770134,1.47586018864,2.07180577404,1.57274416388,2.26503226694,1.351931199,1.11080356781,1.84391868931,8.82778322563
2024-11-21,0.166926542865,0.649284763802,0.935077940579,1.47530771658,2.07289981883,1.57279560996,2.25968353683,1.34960309547,1.10797265186,1.84342990014,8.73553884097
2024-11-22,0.16179295642,0.63056469571,0.900952173485,1.41190438189,1.9980019176,1.51450309977,2.1883846256,1.31059336026,1.07475741266,1.79985923269,8.79771765549
2024-11-25,0.162280177713,0.626422393511,0.895543035704,1.40589509488,2.0017958572,1.51255911975,2.1738072612,1.30118446229,1.07441063591,1.79746025937,8.75949812894
2024-11-26,0.159616198071,0.620409312315,0.887479204557,1.39914667568,1.98928871017,1.50949757254,2.16335377218,1.30476964451,1.07672709239,1.8048045069,8.93908387177
2024-11-27,0.162853416709,0.634119217358,0.907926864597,1.42848135808,2.03583948387,1.54333393488,2.20053945021,1.32682478305,1.09570970643,1.83085795885,8.88682904865
2024-11-28,0.162272518206,0.628332613238,0.898537664133,1.41317908052,2.018290649,1.53357450597,2.1771001625,1.31210496023,1.08639225078,1.81763147084,8.85432813827
2024-11-29,0.165409292008,0.643213807982,0.914680017231,1.43254113433,2.04067415051,1.55653691939,2.19918738946,1.32186413641,1.09211102418,1.82800756787,8.73371711608
2024-12-02,0.166896393484,0.650339247324,0.926845803023,1.44984870444,2.06887960458,1.5725813182,2.21647151797,1.33402513531,1.09704868617,1.83551160756,8.69104943732
2024-12-03,0.167164314927,0.650707844398,0.926355434254,1.44183037041,2.05825214337,1.56886943233,2.2050269952,1.33359530068,1.09996617335,1.85527155374,8.77065984692
2024-12-04,0.167854156204,0.650836928044,0.917095126593,1.42213974569,2.04719729475,1.54878953326,2.17423160526,1.32571614354,1.08762924911,1.83500885528,8.63867532237
2024-12-05,0.167403184226,0.653947553712,0.916148301086,1.41861704031,2.05034736171,1.54257346259,2.17323378962,1.32612168929,1.08362405847,1.82879512362,8.63263236106
2024-12-06,0.169168720439,0.660725122029,0.927472873642,1.43654597144,2.08615020323,1.56541085369,2.20105101749,1.344455012,1.09830833745,1.84253589808,8.60644920886
2024-12-09,0.168738405662,0.655370890387,0.927554983541,1.43318357938,2.07415368644,1.56173614637,2.20113992689,1.33812429232,1.10127853026,1.84411906889,8.63573640905
2024-12-10,0.168205614744,0.660459530854,0.927518431735,1.43925995897,2.08698367304,1.56586623069,2.2185484103,1.34966622969,1.10834544353,1.8608666348,8.74143008626
2024-12-11,0.168376242116,0.658171056369,0.927402183367,1.43700686027,2.0915096919,1.57022726042,2.22246987582,1.35470277085,1.11463856952,1.87699930935,8.80834611793
2024-12-12,0.169675969434,0.664392448565,0.93754466599,1.44391027439,2.10661330108,1.58357111307,2.23459750039,1.36330680315,1.12951883004,1.90036929554,8.85002308699
2024-12-13,0.166489068117,0.649972206657,0.917744218006,1.40438572706,2.06767592799,1.54539022448,2.19184092422,1.33440296793,1.10463867594,1.86258848047,8.8403013646
2024-12-16,0.162715496082,0.635606064399,0.905362452075,1.390068569,2.0466852594,1.53030759039,2.16996077168,1.32904853133,1.10349844649,1.87616789729,9.10512320175
2024-12-17,0.162887564105,0.632912791721,0.900915909815,1.39247120996,2.0443588689,1.52535397408,2.16268237631,1.3269216137,1.1030101211,1.88056614229,9.11683960769
2024-12-18,0.163346466087,0.638548520013,0.906869215449,1.39502676326,2.04788286993,1.5361038643,2.17044995468,1.33354010195,1.10889242873,1.89574506512,9.16474104703
2024-12-19,0.165847671931,0.647716819818,0.911151750114,1.39264344924,2.04269314,1.52502228015,2.16026188609,1.32639931198,1.10626924716,1.89714973121,9.03119870263
2024-12-20,0.165199014621,0.645663593894,0.913882366052,1.40443974074,2.03381041434,1.52286789388,2.14444870702,1.3242485995,1.09526463773,1.88557780185,9.01143413859
2024-12-23,0.162507951645,0.633796695549,0.899005466647,1.39021210129,2.0232786435,1.51923956595,2.1460276735,1.34387770702,1.10545072845,1.90140698233,9.23387863817
2024-12-24,0.16411066865,0.641957163286,0.912571757938,1.40325304005,2.05231317598,1.53914544729,2.17261183545,1.36077269824,1.11790922883,1.92830005882,9.27341243507
2024-12-25,0.163187364605,0.640470228512,0.911654967877,1.4068316726,2.04681334429,1.54109506453,2.17029565148,1.36170668547,1.11663507616,1.91810894908,9.27657544201
2024-12-26,0.163101075266,0.641973155315,0.91013453009,1.40785266693,2.06370878623,1.54782512779,2.16500825458,1.36157520513,1.11806894349,1.90945508837,9.23962787982
2024-12-27,0.160325474083,0.633950225814,0.904458530668,1.41021289532,2.06515977243,1.55513661061,2.16488590745,1.36669024275,1.12261467469,1.91967793351,9.44633201086
2024-12-30,0.160749442891,0.636455412196,0.906035766313,1.41191369988,2.0686412888,1.56089830346,2.1726923988,1.36908224159,1.12534842299,1.93078912293,9.47602771749
2024-12-31,0.156615380376,0.621888661053,0.881795816009,1.38492275641,2.01939904018,1.5230813753,2.15232106761,1.34504379989,1.11263018902,1.91253605072,9.63014341394
2025-01-02,0.151767158765,0.602103032439,0.857696620546,1.34316599647,1.96192739922,1.46545885668,2.09405424682,1.30552619607,1.0820096643,1.86102003625,9.6688590826
2025-01-03,0.148311651422,0.588824420492,0.84412389453,1.31862159162,1.9345454539,1.44353161605,2.0717064604,1.3016323277,1.07395324921,1.85186222706,9.84142524538
2025-01-06,0.148499004478,0.585377711119,0.843402468131,1.31107081093,1.93668837433,1.43989921214,2.07619396366,1.30052333601,1.07713722102,1.86184107149,9.88202414434
2025-01-07,0.150064769158,0.587272591017,0.851908272906,1.33465126355,1.95747666335,1.45383004238,2.10573953765,1.31029134715,1.07659254087,1.85218749465,9.7265907405
2025-01-08,0.149082063146,0.583522505234,0.847678709515,1.32496412063,1.9577165932,1.44979009549,2.11462916596,1.30516628672,1.08288242891,1.85728966447,9.81707933669
2025-01-09,0.150013061235,0.583271187208,0.846364687184,1.3181874023,1.95205534467,1.44248730439,2.10699957507,1.29921161453,1.07511661723,1.84651771494,9.69883564027
2025-01-10,0.148316334022,0.574768369738,0.832118071703,1.29739506988,1.92194190699,1.4182981228,2.07748795392,1.2773878682,1.05938236624,1.81944528566,9.66633665629
2025-01-13,0.146792760543,0.57000188949,0.831117639913,1.29838062482,1.93237017559,1.42053152957,2.08602458574,1.279014869,1.05932235829,1.81948621894,9.76585117455
2025-01-14,0.150460585538,0.593112245427,0.860163166675,1.34152417714,1.99063465293,1.4745013221,2.14546454052,1.3013715235,1.08033041522,1.85831463011,9.73024390517
2025-01-15,0.149501170215,0.585039600674,0.851080332829,1.33002571626,1.97337791875,1.46877980281,2.13193085814,1.2977644611,1.07511018419,1.85867353281,9.79416826075
2025-01-16,0.1487148902,0.587461234371,0.85575235041,1.34036428895,1.99018147868,1.47586581889,2.13898941926,1.30671768271,1.08047062376,1.86087959451,9.85730399673
2025-01-17,0.148901953696,0.591473463207,0.864416621422,1.33922630554,1.99775048469,1.48064759664,2.15035148789,1.30912761902,1.08407018836,1.87056841436,9.89622767219
2025-01-20,0.149043420713,0.59731665738,0.86477382177,1.33765744782,2.00390748647,1.48588192191,2.1538776969,1.29970983745,1.08963750437,1.85971315448,9.82939591251
2025-01-21,0.151229991723,0.602801132464,0.866750809043,1.33026254645,1.99865889786,1.47682462111,2.14033785022,1.29364756998,1.08192877154,1.85641958217,9.66778384629
2025-01-22,0.151769602505,0.60026563728,0.865213116317,1.32307656212,1.9787643349,1.46899574123,2.1137618397,1.27937234016,1.07229433381,1.84314853097,9.5641753537
2025-01-23,0.151001603811,0.595518443875,0.866079652283,1.32123615277,1.97485316568,1.46905755494,2.12114166744,1.28824092918,1.07829044017,1.87041150334,9.75404159747
2025-01-24,0.151709466116,0.600594249694,0.881390208405,1.33199115847,2.00644109937,1.48186426208,2.1397400918,1.30113160098,1.08334766687,1.88069168114,9.76192707456
2025-01-27,0.150162698799,0.593909249467,0.870845587728,1.32170801291,1.9907124042,1.47314581792,2.14209142475,1.30472319596,1.08792382229,1.89890211028,9.95597880687
2025-02-05,0.148312840531,0.592221305596,0.848768527363,1.32410274711,2.01119428862,1.46944941722,2.14738377946,1.30283292321,1.08866318639,1.89051729672,10.0346650415
2025-02-06,0.150390787691,0.607798999435,0.869488922817,1.35078777578,2.05840524771,1.48122998608,2.16350596467,1.30893532928,1.09340894083,1.89685695464,9.92772391409
2025-02-07,0.152385992749,0.621775585788,0.883980012069,1.37530156208,2.09570324052,1.49564813266,2.1894134341,1.31966867949,1.10475500417,1.90515808874,9.83946102405
2025-02-10,0.153183034682,0.621096274068,0.883567786668,1.37450879348,2.09963418688,1.50859872912,2.19510170758,1.32272330957,1.10539884472,1.91134984245,9.81997475896
2025-02-11,0.152041121611,0.615547014399,0.878195359437,1.36353696535,2.08590326278,1.50128708163,2.1886950554,1.31549327232,1.10327900599,1.90944322354,9.8833827422
2025-02-12,0.154333568442,0.619418288272,0.889486343647,1.37995997407,2.11735150452,1.50915489883,2.20339647355,1.31917760192,1.1108383876,1.91575268817,9.76702113004
2025-02-13,0.153498168237,0.616855281442,0.878276406719,1.37006020271,2.09890039328,1.50081509286,2.18442473557,1.31372155423,1.10924628142,1.9145338913,9.81367579363
2025-02-14,0.153667643513,0.618780273793,0.892971377307,1.37725205915,2.12166762607,1.51243569104,2.2080193186,1.32373008306,1.11684237051,1.92047511365,9.83329465309
2025-02-17,0.154469110206,0.621905019255,0.896806740407,1.39596554842,2.12605500483,1.51966164263,2.21819813897,1.31833357813,1.11600715822,1.91506567267,9.75431062735
2025-02-18,0.153822012345,0.615393702603,0.880628582763,1.37970192866,2.09813846342,1.50390094791,2.18641367409,1.30522603313,1.10340704472,1.88461397217,9.64006860225
2025-02-19,0.155373782627,0.626298275483,0.883649764202,1.40614683031,2.11380085657,1.51822331741,2.19352939452,1.31438324353,1.10551133068,1.88417080407,9.54055185611
2025-02-20,0.155805904536,0.625346429084,0.883787618177,1.39958851679,2.11191432698,1.5257339543,2.18933665256,1.30895328701,1.09984414199,1.87839708608,9.48478251432
2025-02-21,0.15698954826,0.644125987132,0.898360880359,1.4307936515,2.1484518776,1.53154353056,2.19288326604,1.31485283224,1.10067635346,1.87675553428,9.40443860211
2025-02-24,0.157246795267,0.63980212617,0.891591687739,1.43028211048,2.15775463001,1.54073100602,2.20147483059,1.32360580287,1.09660446114,1.87922055892,9.40138051377
2025-02-25,0.155990515681,0.634985602184,0.881306340569,1.41663554875,2.14366485322,1.52217397189,2.18739775421,1.30540675571,1.08607767978,1.85983004388,9.37948319877
2025-02-26,0.158508488069,0.638394088921,0.893355665738,1.43368494116,2.16669793932,1.54095772755,2.21307822348,1.31426173544,1.09804647237,1.87331906477,9.29610892085
2025-02-27,0.15865834785,0.639145230835,0.887566113679,1.43034650742,2.14710378827,1.541380407,2.22650657847,1.32353190696,1.10201042347,1.88234339513,9.33210213403
2025-02-28,0.156401338941,0.629617278214,0.872628823097,1.38018214769,2.08467237746,1.50273580891,2.16838327653,1.29549380372,1.08989407684,1.86326732508,9.37028329421
2025-03-03,0.154232273496,0.625922445091,0.876681431606,1.3936158575,2.10315997921,1.50705151113,2.18364561018,1.29427384013,1.09482804332,1.8657661537,9.5128023664
2025-03-04,0.154105372962,0.629325003773,0.877015252877,1.40299613305,2.10446888638,1.50700241753,2.19859416873,1.29779658503,1.09659455239,1.86044968619,9.49352282903
2025-03-05,0.154601213484,0.63005052813,0.883735972194,1.4005916108,2.0968916838,1.5096969503,2.19125363398,1.30590668431,1.10064541398,1.87207982043,9.52232339491
2025-03-06,0.15644048663,0.640558644542,0.89568521549,1.41982354121,2.1313008418,1.53702482859,2.22404452546,1.31972039493,1.1074214503,1.87709425383,9.43454327789
2025-03-07,0.156785456301,0.633739417962,0.885175132193,1.41306979481,2.12412519296,1.5333395772,2.21838183766,1.31715752834,1.11017132556,1.87530188341,9.40473029117
2025-03-10,0.156452508223,0.634307426549,0.880835441401,1.41094545307,2.12307423532,1.53813691775,2.2169669108,1.311142704,1.10885308827,1.87009634587,9.39859606113
2025-03-11,0.157135802544,0.640068920662,0.882102341589,1.41531241178,2.11458776301,1.54073967921,2.22821740102,1.31658310358,1.11791397149,1.87711340355,9.39281423933
2025-03-12,0.156553337031,0.640160225102,0.884575605128,1.41316371276,2.09629293904,1.54016941299,2.21322348071,1.30660461207,1.11228685257,1.86716444844,9.3778480088
2025-03-13,0.155660059195,0.632891344905,0.879502627353,1.39491997974,2.08414029419,1.53182258938,2.20600248756,1.30196516753,1.11668350141,1.87921372928,9.49187468777
2025-03-14,0.157165615911,0.643290118584,0.893715440697,1.43128037915,2.13436012111,1.56040766226,2.24129718129,1.33513175654,1.13892390857,1.91512968607,9.58147935662
2025-03-17,0.157039457864,0.642123378306,0.895911856026,1.42613282388,2.13188356396,1.55844584795,2.24228315943,1.33207973681,1.13856931951,1.9157190497,9.5921190963
2025-03-18,0.15710511743,0.64907936022,0.897978293604,1.42896392065,2.14422797855,1.55732829652,2.24235059501,1.3353383661,1.13738163355,1.91267978334,9.57289076047
2025-03-19,0.154672412305,0.646690224169,0.895842152983,1.41717751158,2.1259377893,1.55107735215,2.24268766709,1.33455638965,1.13980436253,1.92198101332,9.76767516178
2025-03-20,0.153769969082,0.643757307036,0.882670897875,1.40790258992,2.10450266899,1.53881278071,2.22916972169,1.32788606134,1.13774734459,1.92889234947,9.85978911986
2025-03-21,0.150533894788,0.634441182644,0.867984094231,1.38509009614,2.07333656109,1.52097433589,2.20360819268,1.31573266584,1.1342155404,1.92163459849,10.0301884821
2025-03-24,0.150164461189,0.636463908505,0.870693681712,1.3926081625,2.07751152613,1.52360151007,2.21446410201,1.31773446938,1.141007626,1.92760002409,10.0859413368
2025-03-25,0.149246343717,0.634465578442,0.865982973273,1.3809143411,2.08253865473,1.52727311224,2.21834197346,1.32576380173,1.14880181094,1.94423693581,10.234658277
2025-03-26,0.149098485855,0.631755538613,0.864308478909,1.37982552477,2.07371999401,1.52914475702,2.22258367085,1.32024602338,1.15074102216,1.93122195351,10.1762855468
2025-03-27,0.149270294233,0.626753723509,0.864626840708,1.38001430598,2.08627820477,1.53798264799,2.22254758248,1.31641263512,1.15406169647,1.93908659667,10.2060008254
2025-03-28,0.148310647285,0.623034173483,0.865032702129,1.36821243659,2.0710534496,1.53660409172,2.21151121306,1.30740578775,1.14563191746,1.92867257674,10.2168022546
2025-03-31,0.14748733384,0.621378601978,0.856105767357,1.3513395837,2.06151623708,1.51716355714,2.17298659417,1.29828209582,1.12869002362,1.92507228342,10.2544466334
2025-04-01,0.146805634431,0.620748217773,0.856140102315,1.36214123693,2.07576923593,1.52936548405,2.18509839357,1.30314513152,1.14218109252,1.94382786719,10.4017505531
2025-04-02,0.146316328586,0.616983601056,0.853508720425,1.36001659344,2.07311776562,1.52325790029,2.19149639359,1.30528400871,1.1422695366,1.94843753145,10.461086867
2025-04-03,0.143670959368,0.611982318899,0.844328558731,1.35369480123,2.05837113563,1.52305927191,2.17701386385,1.29673636408,1.13851821988,1.95565317273,10.6889616755
2025-04-07,0.137263190873,0.585381620778,0.784013353032,1.26393565143,1.8753909749,1.39328181524,1.98243706085,1.18128263424,1.03170151793,1.79626334232,10.2945198495
2025-04-08,0.135800532959,0.59694150721,0.802259831996,1.27516749821,1.88579290251,1.42368581367,2.03720188117,1.20581041585,1.0529996314,1.83261606793,10.6125570496
2025-04-09,0.137976430088,0.606808748877,0.815016708484,1.29609697846,1.92460053104,1.43658065226,2.05485681977,1.21542953104,1.0716579953,1.86322675984,10.6197792375
2025-04-10,0.139069300529,0.611122114787,0.827658257742,1.32122109021,1.96488390719,1.46473162612,2.08277440034,1.23894286023,1.08989114911,1.87972969184,10.6297243916
2025-04-11,0.138183432377,0.609110063781,0.826634869495,1.32230919158,1.97945440499,1.47261885572,2.08683768846,1.24622743068,1.10325829207,1.89073281517,10.7596572862
2025-04-14,0.138203211205,0.609350051092,0.829132180936,1.33464118226,1.98210285819,1.4737340069,2.09715245714,1.25551200657,1.10553608313,1.90194500513,10.8219227963
2025-04-15,0.138691993027,0.607736951038,0.826164798703,1.32345772504,1.97320499641,1.46979383151,2.08577547127,1.24691429837,1.10530538883,1.91105630242,10.8354916078
2025-04-16,0.139915967226,0.609476568503,0.829815608545,1.32283459487,1.97312529063,1.46905209612,2.0814738629,1.24274025015,1.11083236292,1.916443471,10.7704117268
2025-04-17,0.139684660037,0.609173855186,0.826336997731,1.32426141698,1.96966544077,1.46690351513,2.07768715187,1.2463500023,1.10826654331,1.91342191495,10.7712360821
2025-04-18,0.138945651919,0.607155170273,0.828135135545,1.32112141262,1.97092157501,1.4719142269,2.08430226547,1.24909307849,1.10828873213,1.9128400378,10.8249462379
2025-04-21,0.140093035999,0.614498144134,0.832099897306,1.32720486593,1.99344648638,1.4827996957,2.0970215842,1.24969329359,1.11058030878,1.90883939926,10.7129161007
2025-04-22,0.139324846377,0.608075831625,0.8276569797,1.33789702223,1.99105652009,1.47660545459,2.09110015266,1.25116316334,1.11298271552,1.92023543147,10.835617144
2025-04-23,0.140242121373,0.606803184911,0.830521110318,1.33893272213,2.00741363892,1.47595095812,2.08917348278,1.24709792848,1.10939342725,1.91205717099,10.7181297674
2025-04-24,0.139248332992,0.602211557984,0.821067071312,1.33518521668,1.99941376964,1.47264408596,2.08132438316,1.24586590394,1.11330117899,1.92631315578,10.8739935531
2025-04-25,0.139028970245,0.602346318297,0.819525706589,1.34049186695,2.00442299334,1.47462726559,2.08703673894,1.25169583845,1.11722453795,1.92997133103,10.911774049
2025-04-28,0.138740383947,0.599877823984,0.81386616398,1.33263609846,1.98831550672,1.46606268676,2.06869738229,1.24834472096,1.11744944943,1.93322801888,10.9528367559
2025-04-29,0.138732629294,0.597033611865,0.809465179221,1.32974456886,1.98348830887,1.46143716129,2.07024493348,1.24860421587,1.11505328602,1.92493205703,10.9064476013
2025-04-30,0.139619884027,0.600828953549,0.813500733674,1.33991957438,1.97854403615,1.4631752187,2.07410020958,1.2476339981,1.11096183904,1.90074056192,10.6996299072
2025-05-06,0.142312006303,0.613262044982,0.829171431085,1.35397435394,2.00815686626,1.48256742064,2.10445944006,1.26217132634,1.12315755313,1.90771784996,10.5325982948
2025-05-07,0.142665016159,0.612263704599,0.831462378342,1.35951510193,2.01718160222,1.48885406386,2.11062282494,1.26771009837,1.13501435458,1.93194537066,10.6402330802
2025-05-08,0.142239521268,0.610325849416,0.846040634799,1.36492418238,2.03228439956,1.49575189442,2.1233154721,1.2670451756,1.13785203443,1.93758928099,10.7030512774
2025-05-09,0.141044920226,0.603230346857,0.838793475513,1.3561232889,2.02903988084,1.48877009698,2.11116505854,1.26493569128,1.13401213686,1.93988603697,10.8056280884
2025-05-12,0.141379508581,0.609115255246,0.846659347296,1.38549092531,2.04954758983,1.50888216356,2.14390254028,1.28954757722,1.14904979197,1.96347565175,10.9113946381
2025-05-13,0.141794727428,0.609277440633,0.84806402065,1.38007574102,2.0414778616,1.51139035146,2.15712294932,1.29409292596,1.15354150275,1.97180668706,10.9256459502
2025-05-14,0.141928321693,0.610359157768,0.859901085489,1.38287390461,2.04866802515,1.52647641247,2.17825034904,1.30748123063,1.16806584554,2.01001731368,11.1270746387
2025-05-15,0.140581893794,0.606314868151,0.85057728501,1.37282375995,2.01812418715,1.5038048373,2.14251418148,1.28615211199,1.15549600697,1.99653187988,11.1579807785
2025-05-16,0.140280469615,0.608428526109,0.850605223184,1.37076614916,2.01090621119,1.5001201103,2.1296991394,1.27833939621,1.1473392321,1.98879562113,11.1386693206
2025-05-19,0.139252754984,0.604324755089,0.847497614242,1.36959780875,2.00908012999,1.50189084984,2.12596243306,1.27921623515,1.14576260529,1.99192321475,11.2377895406
2025-05-20,0.140389869023,0.606612431838,0.852340321152,1.37585563456,2.01308625926,1.50709692014,2.13877669669,1.28233031168,1.15332204385,1.99950472238,11.1887961101
2025-05-21,0.140440389311,0.606386028055,0.859399100629,1.38794811829,2.0258486287,1.50800309204,2.14802499889,1.28499974663,1.15628237313,2.01174421741,11.2532593105
2025-05-22,0.139834061647,0.601535330965,0.858788715023,1.38389173906,2.02271192631,1.50309187269,2.15590703634,1.27981246204,1.15318159783,2.01122919045,11.2989624085
2025-05-23,0.138362076949,0.596242561257,0.848066318554,1.36975954039,2.0040839988,1.49351424463,2.13991158619,1.26921780477,1.15077890245,1.99689247863,11.3373599004
2025-05-26,0.137666270704,0.59469549577,0.848761895504,1.37332686947,2.00009795316,1.48883031531,2.13158611929,1.26720318601,1.14743759864,1.99270999756,11.3706280776
2025-05-27,0.136280822577,0.589500320977,0.844777014025,1.36145855928,1.98629782043,1.48086197032,2.12129827679,1.26378612698,1.14524305756,1.99606513919,11.5042048121
2025-05-28,0.136522524533,0.586642578442,0.842702045712,1.35802898482,1.97973199709,1.48139316838,2.11649500305,1.26428455162,1.14461105564,1.99882395854,11.4997017307
2025-05-29,0.137050534487,0.590690026734,0.854715582968,1.37944961387,2.00212182376,1.50072643529,2.14528627783,1.27248884179,1.15433486896,2.01230057719,11.5327600077
2025-05-30,0.135871796336,0.586630179279,0.845607377799,1.37141643274,1.9886116909,1.49326720765,2.13714092394,1.27118536584,1.15296140682,2.01491733282,11.6469474294
2025-06-03,0.13613837709,0.587318693651,0.84978144179,1.37542105701,1.99336488222,1.48909250384,2.14449618903,1.27901306824,1.15636125121,2.01788149887,11.6412300404
2025-06-04,0.136888351655,0.590258928594,0.851850432391,1.38791938012,2.01250686678,1.50198030062,2.17059465173,1.28458618067,1.15874825371,2.02826735797,11.6370158993
2025-06-05,0.137637014253,0.592202723767,0.854576711307,1.4081505903,2.01451278232,1.50025101172,2.17530849045,1.28087191097,1.16365042044,2.02404550456,11.5491488078
2025-06-06,0.13704724243,0.590825558049,0.851398362314,1.40131745785,2.00686998392,1.50337276688,2.18323878355,1.28901440146,1.16782758283,2.03220753609,11.6452090077
2025-06-09,0.138279909151,0.591654903036,0.855085461489,1.40520077269,2.03062085005,1.52653253406,2.19143708755,1.30153724861,1.17312773376,2.037749677,11.5722248416
2025-06-10,0.136848610594,0.585659412033,0.848995306528,1.39785416417,2.0124086701,1.5197644294,2.17202679726,1.29087460943,1.1651369561,2.029406886,11.6446277895
2025-06-11,0.136789840758,0.588712791013,0.855788507521,1.41067967631,2.03934111423,1.5300348442,2.18451390221,1.30621157288,1.17196749561,2.03500202418,11.6817331946
2025-06-12,0.136808766764,0.589910195755,0.857000815594,1.42520718367,2.0380395605,1.53721427834,2.18468558905,1.30121146639,1.16612171598,2.02949336916,11.6484950264
2025-06-13,0.135981462339,0.588029442384,0.848800523191,1.40973366412,2.0224398238,1.52092487835,2.17789028922,1.2967140445,1.16281947768,2.01985616406,11.6636215599
2025-06-16,0.13578371238,0.586663777348,0.848575848848,1.41376118013,2.01744636113,1.52535584042,2.18505139356,1.30053274367,1.16472421431,2.02638347184,11.7182751051
2025-06-17,0.135957995437,0.584055846727,0.850423205227,1.4113532161,2.01794166748,1.52804921299,2.18744909313,1.30007317168,1.16772258546,2.0283114919,11.7143837508
2025-06-18,0.135649032418,0.585277119385,0.851278904404,1.41233613687,2.03134198938,1.52964439502,2.1929531313,1.29400436151,1.17026194059,2.02825351564,11.7406697182
2025-06-19,0.135285104137,0.580638557809,0.845561910782,1.38913418501,2.00709798833,1.51172227242,2.16776012234,1.27855779788,1.15773674664,2.01347678621,11.6866323673
2025-06-20,0.134682641184,0.578090977342,0.842280854968,1.38703322776,2.01088914187,1.51155766437,2.17359612023,1.27946673556,1.15815002879,2.01699356842,11.7590883826
2025-06-23,0.134418741944,0.577153110865,0.846189745254,1.38469443779,2.03084928116,1.52356760127,2.17893548614,1.28604170571,1.16959659239,2.0198345471,11.7986922493
2025-06-24,0.137139443566,0.588176189791,0.854696953713,1.40290130491,2.05572367948,1.54371892167,2.2132542401,1.29281534883,1.17885107752,2.02716922179,11.6027257804
2025-06-25,0.138916146321,0.600265594173,0.868459127369,1.41904654783,2.08623083778,1.56441555171,2.23966479026,1.30767092349,1.19593683671,2.04426310738,11.550246017
2025-06-26,0.138596874027,0.596563026051,0.861623491155,1.41269780682,2.07275618841,1.56254547282,2.23001414042,1.30757736559,1.19732052097,2.04127372845,11.5599018327
2025-06-27,0.136241901396,0.59492820062,0.860422821414,1.4095214992,2.08907990424,1.56218224024,2.2426062897,1.31026900594,1.20016945352,2.03877160993,11.7421525215
2025-06-30,0.137667780088,0.600284119997,0.871392301068,1.42108577027,2.10472831849,1.56871294136,2.25018378301,1.31533647253,1.20411990381,2.04380112405,11.6482287669
2025-07-01,0.13727058776,0.600869631278,0.868501374738,1.41702870196,2.10866914575,1.57807422,2.25505586827,1.31595684257,1.20726685295,2.04761176054,11.7035536128
2025-07-02,0.136848474485,0.597362865334,0.865770226705,1.42574893468,2.10572974119,1.59289366153,2.25237142696,1.31906365405,1.21379443178,2.05280374877,11.7692184659
2025-07-03,0.137042285055,0.598851219806,0.870514134576,1.43810978409,2.14124382273,1.61478123147,2.26280422864,1.32816286151,1.21422726205,2.05390190366,11.7588463898
2025-07-04,0.137796165288,0.596976397424,0.870433236316,1.43161803276,2.14060672038,1.61433999003,2.26777650721,1.33059042789,1.21521658485,2.05902731693,11.7235036991
2025-07-07,0.137823531427,0.594607586493,0.863551859364,1.42357990129,2.13453278056,1.60673818893,2.26542468415,1.32636886139,1.21401250231,2.06158141307,11.7357177083
2025-07-08,0.13861371553,0.608311679309,0.871529049872,1.44102723451,2.1657869161,1.63045908051,2.28696459467,1.33558983495,1.2281132866,2.072586301,11.7310794878
2025-07-09,0.13837838728,0.607758317508,0.86756636846,1.43390753613,2.14963010235,1.62780629409,2.2831836386,1.33089663885,1.2254307119,2.06808539875,11.7255200282
2025-07-10,0.139372372056,0.608692052729,0.874373973418,1.43576091413,2.15052237249,1.63944905824,2.29138217226,1.34189090551,1.23279618804,2.07482684897,11.6795168455
2025-07-11,0.139436852583,0.610519313558,0.875653347512,1.44253558971,2.17128337814,1.65697167359,2.28110552505,1.34602537255,1.23423108102,2.07065170277,11.6506107906
2025-07-14,0.138589223949,0.607643410512,0.879515610845,1.43651392473,2.16866674588,1.66593598869,2.29218045796,1.3560473038,1.23718747146,2.08255907437,11.7884315238
2025-07-15,0.141677093071,0.611833623482,0.869344308665,1.43093079476,2.16932171953,1.65910061563,2.28750990965,1.35781601877,1.23064611796,2.06934327205,11.4509679393
2025-07-16,0.140495813395,0.611356837994,0.867922107626,1.42855325865,2.15958613258,1.65899147063,2.28634879434,1.35587362034,1.22975893011,2.07362089974,11.5701149602
2025-07-17,0.142210838142,0.617953189085,0.882712801177,1.44449248745,2.17220474826,1.66868911326,2.31650458369,1.36342796799,1.23854852076,2.07508233648,11.4370335276
2025-07-18,0.142622929516,0.620194787824,0.887885267523,1.45617543793,2.1868093845,1.67549636301,2.33459405601,1.37140697048,1.24835556969,2.0871768172,11.4705518669
2025-07-21,0.144285847965,0.623392836563,0.897426917031,1.47204731503,2.21552298162,1.69362206983,2.3584965936,1.38427848827,1.25978719543,2.11657838704,11.4983934238
2025-07-22,0.14827951822,0.634400698488,0.908126261364,1.48916903988,2.24510532367,1.72260504035,2.3795330344,1.39069976771,1.25616958703,2.12761444482,11.2400846132
2025-07-23,0.148438821126,0.630483812578,0.899130286931,1.48309839103,2.23590704927,1.72468346819,2.37742248652,1.38552752323,1.25722041723,2.13207827732,11.251591131
2025-07-24,0.150181429291,0.641095997276,0.907520631042,1.49576442675,2.27449277054,1.74178224602,2.40037445185,1.40080795455,1.27418239053,2.15290375049,11.2294042913
2025-07-25,0.149723236668,0.638266605795,0.903115820292,1.49656288259,2.2669284882,1.72296200726,2.39427929303,1.39461980063,1.27162162844,2.14150743437,11.2042219526
2025-07-28,0.149917696475,0.646706624981,0.895745516496,1.49187978145,2.26299617391,1.72834163545,2.39249315642,1.39646422127,1.27081718292,2.12811453736,11.1195992333
2025-07-29,0.154115561048,0.65692829567,0.90189010265,1.50259903285,2.26772206616,1.72486322907,2.38947816233,1.39537543657,1.2723895335,2.12204305567,10.7765138498
2025-07-30,0.153559389277,0.647888471342,0.897285996103,1.50337234897,2.26433801749,1.71394435929,2.39945557085,1.4057855611,1.2811094723,2.13849670735,10.8989617854
2025-07-31,0.150843039359,0.634546128368,0.878650102755,1.47116156391,2.23105439924,1.67553947018,2.35347406758,1.38025901628,1.25588089575,2.10264927067,10.9090578485
2025-08-01,0.148263567641,0.627175282516,0.877013822863,1.46902531607,2.23284778819,1.67314461586,2.35038984099,1.37627435845,1.25719270565,2.1079739628,11.1232325722
2025-08-04,0.148858761715,0.625264968868,0.877979687889,1.47350804316,2.23893547283,1.68189439673,2.35972664009,1.38222422462,1.26353179703,2.11638259705,11.1229492915
2025-08-05,0.149439242176,0.629155591041,0.882545285716,1.48592131114,2.26809935837,1.69140908637,2.3816547913,1.39511008699,1.27482788555,2.13619494109,11.183701511
2025-08-06,0.149684381305,0.627079563054,0.883383078362,1.49447269875,2.28999604886,1.70023156067,2.39046065403,1.40266093633,1.28070682567,2.1539377195,11.2582452756
2025-08-07,0.149994432261,0.626345443012,0.883637034342,1.50054182608,2.28557600533,1.69269992641,2.38488951477,1.40324747632,1.28082921785,2.15251654521,11.2274971203
2025-08-08,0.150423550985,0.626696432609,0.887550471811,1.49945554746,2.27675236794,1.6848783888,2.37489101895,1.39651832056,1.27476547507,2.1467379009,11.1652350694
2025-08-11,0.151252916761,0.635053449252,0.887045208831,1.50451196128,2.28537628601,1.70195808126,2.41024618404,1.40348568643,1.27927735113,2.14650237003,11.1024501339
2025-08-12,0.15163235321,0.637098176205,0.893509750265,1.50465310816,2.29068284883,1.70777697085,2.41858950974,1.40600475344,1.28421128086,2.15266174326,11.1064566806
2025-08-13,0.156123787844,0.643917833812,0.895216434703,1.51389224396,2.29808081609,1.71233448932,2.4388943444,1.4126903874,1.28224368257,2.14587616748,10.7424677139
2025-08-14,0.154135440192,0.640430785447,0.883956433788,1.49683362279,2.30011690016,1.70130457515,2.43092446024,1.40826415756,1.27783303613,2.13839280228,10.8418182284
2025-08-15,0.155292533166,0.650168294912,0.899060573871,1.52509073618,2.33059513889,1.72175066936,2.46034146922,1.42989954325,1.27994386696,2.13307959108,10.7334904289
2025-08-18,0.157872270779,0.661677878178,0.908019391566,1.54037981088,2.34880208969,1.73939029843,2.50579186881,1.43806292287,1.28180152264,2.13636987601,10.5717408957
2025-08-19,0.159181583455,0.660120766962,0.907900167633,1.54153584138,2.32649211492,1.73074114974,2.48753073564,1.4334564977,1.27543746064,2.14260864384,10.5149365228
2025-08-20,0.159767011263,0.670542481947,0.916204586331,1.56076921118,2.35860629676,1.75718197429,2.53105372026,1.45710505876,1.2916720412,2.15690197571,10.5464104549
2025-08-21,0.16041275992,0.675942953878,0.913215791153,1.5698304681,2.34038102975,1.76083742503,2.53776328715,1.46817321468,1.30303527011,2.17425349686,10.5886259972
2025-08-22,0.164584806747,0.685487765988,0.92279479566,1.57997463412,2.38426935729,1.81721163144,2.59517274421,1.49998350555,1.33440097014,2.20149851098,10.4459182778
2025-08-25,0.169172527403,0.697163926498,0.943855004201,1.61034755909,2.43282122287,1.85376975006,2.64580667447,1.52994769199,1.35056994686,2.22746188941,10.2779374005
2025-08-26,0.168756807507,0.693984361782,0.938368624024,1.6034868106,2.43890344912,1.8589841126,2.63832122136,1.53494438068,1.34998559022,2.23638649632,10.3443739721
2025-08-27,0.165890765915,0.683300144446,0.933426508435,1.58218263227,2.39653027779,1.82424513013,2.57409597133,1.49937435874,1.32887578118,2.20036732584,10.3534490557
2025-08-28,0.175932507767,0.694635174373,0.953350317105,1.60537176671,2.40552898048,1.85047166491,2.598797683,1.50413428019,1.32989968166,2.19874716768,9.71910808069
2025-08-29,0.175384953339,0.694686331135,0.951931921137,1.63069548176,2.4251710566,1.86898707303,2.62600312082,1.51805687163,1.32501559269,2.19498359596,9.73272075128
2025-09-01,0.17827485092,0.710247032668,0.967179178912,1.64743944771,2.44097755427,1.87768393601,2.6181681103,1.51365571839,1.31735146459,2.18351302314,9.52148891414
2025-09-02,0.175357051743,0.690691659325,0.948698961196,1.63062138629,2.39203804935,1.85765894143,2.58730351487,1.51101238701,1.3231263216,2.20522893572,9.77202079676
2025-09-03,0.173175312836,0.68914503004,0.938469350659,1.62101984847,2.37991260978,1.83772445612,2.5552322876,1.49093319931,1.3061779961,2.18079759183,9.78533879511
2025-09-04,0.166670006662,0.659971728588,0.913663714703,1.59390539894,2.3447307238,1.82276071252,2.53924754532,1.48864322702,1.30324399538,2.17846012688,10.1424353528
2025-09-05,0.167813695333,0.674587802737,0.933827804836,1.63230420021,2.41376684773,1.84882822766,2.6078294463,1.52889377617,1.32979279792,2.21129543653,10.2257120593
2025-09-08,0.169764253113,0.679217658318,0.927467894205,1.6501334471,2.45119483624,1.87092458361,2.64526915414,1.54610945194,1.34265499485,2.20590584708,10.081931877
2025-09-09,0.168926431013,0.66814687842,0.92233207214,1.62878658352,2.40209978864,1.85656145722,2.62523455339,1.55512451726,1.3410693027,2.21685634087,10.1817367533
2025-09-10,0.169757611784,0.674259983235,0.921119374362,1.62404345223,2.38496521696,1.84577887682,2.61024162139,1.54660584671,1.33524636979,2.21007643801,10.1004996036
2025-09-11,0.178919572026,0.695201721502,0.936856828356,1.65129458705,2.43319448742,1.86638714673,2.64616861886,1.56452257682,1.34260954699,2.22075441075,9.60416770592
2025-09-12,0.178103524267,0.694594122953,0.927367148093,1.64458481586,2.44254248732,1.8475634787,2.6299954951,1.5517394536,1.33824883364,2.20858384245,9.59533763174
2025-09-15,0.177235517547,0.69871328183,0.952571950094,1.65313519728,2.43392752945,1.85099354621,2.62001957924,1.54558376651,1.33371168842,2.20095362185,9.60895154905
2025-09-16,0.17819782914,0.699990206913,0.950218918887,1.67123656277,2.43129269698,1.84469899885,2.61179766705,1.53844425085,1.32635596496,2.19357944816,9.52458486912
2025-09-17,0.179833814338,0.705135679997,0.956893062261,1.68653712667,2.4551934587,1.8532774806,2.63684816807,1.54359246933,1.32455499439,2.19258912134,9.43284225087
2025-09-18,0.177345389974,0.698568009727,0.943197412544,1.67433352832,2.42308816022,1.8330048093,2.59640160274,1.52135351064,1.30407692096,2.16337224809,9.43767253539
2025-09-19,0.176259665136,0.696039520554,0.955413996096,1.6730461301,2.42668382251,1.83797633603,2.60340473998,1.52891381599,1.30559305187,2.16431120929,9.49954703864
2025-09-22,0.174505999848,0.694090410957,0.952272233501,1.69034725407,2.4500554257,1.85518685983,2.59800948596,1.53309595254,1.30382846818,2.15845952634,9.5683770738
2025-09-23,0.173638799675,0.68807105406,0.947753479995,1.68912219381,2.42750193188,1.83874936615,2.58402885835,1.54073788831,1.30580634458,2.1662241986,9.65034724416
2025-09-24,0.177581568744,0.695240875041,0.956647008634,1.71184641598,2.44964369885,1.85916658188,2.6248067109,1.55617115288,1.3105733338,2.17470674625,9.46900846889
2025-09-25,0.180190028907,0.707026707522,0.969084354607,1.72007904582,2.45997379437,1.85866604546,2.62301714989,1.55199696933,1.3022081109,2.1617155781,9.27335454733
2025-09-26,0.176371111007,0.695968360824,0.961834995639,1.70213770541,2.4473325085,1.86259284644,2.62351900892,1.5574327184,1.30406593593,2.16571543341,9.48705113107
2025-09-29,0.177441757588,0.709244329815,0.979244509133,1.7234268046,2.49810043356,1.88009448147,2.66013267432,1.57743807116,1.31147444345,2.19093973481,9.53995737447
2025-09-30,0.178372152993,0.723674490009,0.992841431111,1.74142264411,2.53823389576,1.89650606366,2.67121890717,1.58528747599,1.30600363761,2.17598966233,9.4248389584
2025-10-09,0.182008966532,0.737590272418,1.02126721692,1.78944824973,2.58702576295,1.94151788968,2.70496372039,1.5992743683,1.32064822363,2.19369317684,9.30935580599
2025-10-10,0.182591933062,0.735617481624,1.01649554527,1.77175811876,2.52078025415,1.90824574978,2.63598387186,1.54936862977,1.29594032399,2.19397783346,9.28074635292
2025-10-13,0.182303070318,0.739360672706,1.010628498,1.77039062531,2.48632610345,1.8965089405,2.64103567706,1.54554318425,1.2847398299,2.18526710097,9.25858133849
2025-10-14,0.17701574288,0.732144349485,0.991964139374,1.74960603659,2.47834001704,1.88460596146,2.6175436906,1.54004917469,1.29629654243,2.19863787071,9.58375707315
2025-10-15,0.177651252205,0.742764115441,1.00899631412,1.7808705703,2.51909624869,1.90382339661,2.64609163296,1.55843453288,1.30469432986,2.21432130355,9.61771348226
2025-10-16,0.177563983227,0.740251785148,1.00320881614,1.77653079492,2.53780660523,1.89465614986,2.63821634839,1.55923660964,1.30686770623,2.22088925172,9.65096538097
2025-10-17,0.174277585646,0.726852916921,0.965892355617,1.72334240965,2.4691215607,1.85268654361,2.57108093508,1.5302352849,1.28562925677,2.1878437586,9.68598725957
2025-10-20,0.175864790732,0.729824105775,0.966549616861,1.74729598584,2.47545881727,1.86142220619,2.57326671143,1.53051675628,1.28700438287,2.18796188363,9.59829664943
2025-10-21,0.176157915553,0.739653635876,0.985045321704,1.78545928741,2.50963012654,1.87198115833,2.59490174037,1.5399749643,1.29581139845,2.19741301258,9.62375941026
2025-10-22,0.175193857586,0.73325862003,0.980526313559,1.77075368544,2.49192543759,1.85997097535,2.59641263205,1.53428114766,1.29367602108,2.19981546508,9.68694902628
2025-10-23,0.175703792172,0.735029729144,0.979401916754,1.77505993105,2.50337553169,1.87033463932,2.61001168343,1.54737144117,1.29918609095,2.20733663508,9.6918730268
2025-10-24,0.176093355523,0.74324571956,0.995098145284,1.78677310882,2.50161945605,1.9036768833,2.65250867059,1.55332889972,1.29570613386,2.20049158991,9.64032968527
2025-10-27,0.180618928376,0.756602120237,1.00920842006,1.81075880554,2.52456081728,1.91342885908,2.67615199993,1.56654838844,1.30095515269,2.20814699552,9.42611290533
2025-10-28,0.181451418753,0.748362668512,1.00712351752,1.79030573659,2.50314299968,1.90750194779,2.66201719642,1.55926231896,1.29256934334,2.20320613311,9.36157552785
2025-10-29,0.185166292176,0.760249106958,1.0315120375,1.84179295399,2.5604484791,1.92030073756,2.69872513242,1.57571075571,1.29922109367,2.20161717234,9.16316343176
2025-10-30,0.185490527117,0.757830107574,1.02352927917,1.82223774958,2.54300622549,1.89823715195,2.6673792849,1.57711950395,1.29551398201,2.20744845741,9.17138819414
2025-10-31,0.181347546725,0.734702356852,1.02095303874,1.79493619618,2.54664164546,1.87232717991,2.66467839345,1.56623674864,1.29122781662,2.20455280469,9.36420289317
2025-11-03,0.18318878226,0.745767049702,1.01604815996,1.80146743156,2.54763261234,1.88086561224,2.66913829839,1.56638887992,1.2987504409,2.21755277123,9.32434693314
2025-11-04,0.18124600859,0.739084325965,0.999757213196,1.78256203155,2.51665616531,1.86941559646,2.65137571955,1.55578134203,1.29235334322,2.20419884866,9.36708405564
2025-11-05,0.181836201951,0.740543430124,1.00202512977,1.79452776308,2.52814977759,1.86760587347,2.64598882015,1.56328004279,1.29160655792,2.20339039202,9.33314625575
2025-11-06,0.185939704983,0.762205726652,1.0234436451,1.81909730232,2.54806464123,1.8805076279,2.66862965248,1.56867076297,1.29579208851,2.20895618724,9.14610052296
2025-11-07,0.185718094878,0.753083594673,1.0208870901,1.83366482067,2.54423437701,1.88209786205,2.66078373519,1.57651528755,1.29744490955,2.21455864682,9.18019797238
2025-11-10,0.186989388634,0.752749253257,1.02596907335,1.8335252984,2.56824862081,1.91026793262,2.69936004055,1.5945670426,1.3129594528,2.2393232068,9.22001551083
2025-11-11,0.185299865736,0.748302983867,1.02230090453,1.80902476729,2.54544857042,1.88693480219,2.67475675577,1.58159800153,1.30026121076,2.24090336024,9.30982798959
2025-11-12,0.184048440488,0.742578774043,1.01462525427,1.79834267985,2.5291054441,1.86905568861,2.66792105488,1.57378791612,1.29407886635,2.23504164407,9.3483495571
2025-11-13,0.185905426173,0.757643775045,1.03908475332,1.82092606988,2.56112205238,1.88430542443,2.67946339292,1.57683599625,1.29741022734,2.23110208674,9.23755020807
2025-11-14,0.18200930321,0.742595040974,1.01748722557,1.79293246475,2.51126093047,1.86720771138,2.64920815667,1.56261599491,1.29138508449,2.22315263078,9.39823310933
2025-11-17,0.18159959859,0.739325522435,1.01461980676,1.7870583863,2.49925264178,1.85210133385,2.63684739145,1.54748595275,1.27883372533,2.21189440696,9.37179521001
2025-11-18,0.17866973199,0.730598856876,1.00284089817,1.7676193636,2.48449446991,1.84159289658,2.62906106193,1.5393065225,1.27218430744,2.20012198184,9.47311683139
2025-11-19,0.177632370373,0.729095492416,1.00941575669,1.76293817719,2.50380509251,1.85363864206,2.63799644788,1.54042020016,1.27730904311,2.19478735847,9.50514860795
2025-11-20,0.174633533957,0.727451122228,1.00079507648,1.74691235853,2.48439720935,1.85118006774,2.61834137102,1.53525142267,1.27743498831,2.19439240983,9.66390659079
2025-11-21,0.167774511458,0.696180896124,0.973570719097,1.70607205282,2.43259776593,1.8219688876,2.57388325664,1.50848606235,1.25537244556,2.15523215062,9.87101433968
2025-11-24,0.16760268571,0.693811047025,0.976712520333,1.7168968077,2.44148482348,1.8359914167,2.56309742909,1.50874292517,1.25733476065,2.15703158659,9.88936516794
2025-11-25,0.167840276462,0.700348010992,0.988639941558,1.73803418533,2.48381334609,1.84194682317,2.56524196009,1.52019046773,1.26247513792,2.16738408113,9.92280935946
2025-11-26,0.167688017003,0.696731165212,0.991664061324,1.74507692101,2.49257245651,1.85001948269,2.5705662084,1.51558653744,1.25975014704,2.16332170203,9.91321246673
2025-11-27,0.167711799734,0.695525105298,0.989629585248,1.74919117169,2.49339661271,1.8533175076,2.57496405274,1.51973138483,1.25480755318,2.16002299386,9.89669049185
2025-11-28,0.167080136058,0.698977986382,0.993929167522,1.75812538003,2.50513253649,1.86115618038,2.59235843368,1.52517021155,1.2594247896,2.16508764613,9.95717001278
2025-12-01,0.168387839721,0.706107089493,1.00899325973,1.78160024534,2.54171235087,1.87484800249,2.62472589578,1.5443412123,1.27261237244,2.17535947078,9.92647698217
2025-12-02,0.167384699263,0.696243700873,0.999383951038,1.78667179385,2.5135100297,1.86381628578,2.60863507296,1.54109918393,1.26226833675,2.16815937522,9.95275712679
2025-12-03,0.167027361426,0.693658560586,0.998393322594,1.77259950523,2.51230482787,1.85617175665,2.5829318665,1.53339625802,1.25812522782,2.16431701165,9.95636651527
2025-12-04,0.167763476018,0.692121890548,1.00303699292,1.77450023069,2.50588593199,1.8557654885,2.58241695692,1.52909986677,1.25575323829,2.15906460462,9.88832501135
2025-12-05,0.168964186834,0.695510122599,1.01106051577,1.79520405227,2.53695937353,1.87821431402,2.61155780428,1.53008699859,1.25754940568,2.16457569493,9.84279294776
2025-12-08,0.168695452933,0.696537091923,1.01554627727,1.81305346028,2.5474491029,1.90238460355,2.65059938642,1.52784093899,1.25315155239,2.15773750885,9.82735298976
2025-12-09,0.167380691049,0.695566094552,1.01158462638,1.79927165424,2.51589493029,1.87930828556,2.62522320756,1.51523246921,1.24064883272,2.14009711129,9.82360175874
2025-12-10,0.165360663134,0.698630785987,1.01451023925,1.80942582374,2.52422137989,1.88883101836,2.63843649971,1.5235330281,1.24249398665,2.14711132626,9.97435461609
2025-12-11,0.163631421421,0.689214356117,0.997085857544,1.78826791967,2.49631054302,1.86996702479,2.61450743202,1.50850032995,1.23638846531,2.14809672451,10.0832380228
2025-12-12,0.163331798139,0.691603140395,1.0114737057,1.8021990492,2.51973455813,1.88936946101,2.64318306629,1.52372628516,1.23901482168,2.15159187479,10.1181076561
2025-12-15,0.162306641858,0.682802827115,1.00016532754,1.78070513544,2.51446222775,1.88094189141,2.63342819351,1.51972873416,1.24211849523,2.16505654709,10.2449333885
2025-12-16,0.160049607027,0.674327660002,0.986470456608,1.75462766897,2.4813624169,1.86257866989,2.61831033172,1.50708551811,1.23794929926,2.16252056504,10.3753992148
2025-12-17,0.163291725637,0.69126606831,1.0123830844,1.78688203843,2.51792996999,1.89293291932,2.65386052166,1.52234222837,1.24685110276,2.17281503885,10.2146162628
2025-12-18,0.160143258047,0.684648833489,1.00358950841,1.77680956355,2.50294166286,1.89165926502,2.64764285109,1.52274099154,1.25658019894,2.20219120787,10.5496670175
2025-12-19,0.159760497981,0.683259112663,1.00893696284,1.78119577774,2.5241282166,1.91041166966,2.67520412672,1.53076942322,1.26390055903,2.21547087884,10.6384985724
2025-12-22,0.161271427936,0.690753386026,1.02007033413,1.79687764099,2.5368184463,1.91963742255,2.70456550475,1.53835251993,1.26189036256,2.21147107672,10.5186786
2025-12-23,0.16167616335,0.692396360531,1.01826212861,1.79808956365,2.53480518837,1.91187088405,2.68874508283,1.53378014074,1.2582545273,2.2060554914,10.4665215787
2025-12-24,0.162500359097,0.699634060754,1.02304602784,1.80507337869,2.55630982961,1.92353973653,2.69936565795,1.53422544046,1.26103430868,2.21246863702,10.4435920042
2025-12-25,0.163294492632,0.70199197418,1.0285840504,1.81257735323,2.56910891984,1.92535258185,2.7023465009,1.53804145504,1.26427894912,2.21655150133,10.4118270228
2025-12-26,0.16634485029,0.707503009775,1.03592322855,1.81079955138,2.58161561554,1.92964502517,2.69498148162,1.54605497847,1.26112416027,2.21235385548,10.1976154007
2025-12-29,0.165130906755,0.700750940369,1.03325130509,1.80787812912,2.58007664054,1.92290819267,2.68756661625,1.540024127,1.25680593226,2.2159595466,10.2886551321
