datetime,valid_pairs,rank_ic,missing_pairs,tied_observations,Group-1,count_1,Group-2,count_2,Group-3,count_3,Group-4,count_4,Group-5,count_5,Group-6,count_6,Group-7,count_7,Group-8,count_8,Group-9,count_9,Group-10,count_10,Long-Short,return_date
2016-01-04,287,0.260332288602,13,0,-0.0128395371139,29,-0.00812778435647,29,-0.00991194415838,29,-0.006053798832,28,-0.00991799868643,29,0.00402621552348,29,0.00739551847801,28,0.0055689769797,29,0.00597158586606,29,0.00855343881994,28,0.0213929759338,2016-01-05
2016-01-05,287,0.0677518705573,13,2,0.0243870597333,29,0.0336537882686,29,0.0244548507035,29,0.0261709485203,28,0.0284783374518,29,0.0259225424379,29,0.0243866704404,28,0.0240743327886,29,0.025682752952,29,0.0195374358445,28,-0.00484962388873,2016-01-06
2016-01-06,287,0.0665414181978,13,22,-0.0777556449175,29,-0.0828843563795,29,-0.086901716888,29,-0.0887755677104,28,-0.0845077261329,29,-0.0882931649685,29,-0.0824478939176,28,-0.0842482969165,29,-0.0812266916037,29,-0.0755409151316,28,0.00221472978592,2016-01-07
2016-01-07,288,-0.0556983912647,12,0,0.032468046993,29,0.0163251720369,29,0.0403341762722,29,0.0198603849858,29,0.0252784769982,28,0.0311192069203,29,0.0204479172826,29,0.0295242313296,29,0.0249117594212,29,0.0168940592557,28,-0.0155739877373,2016-01-08
2016-01-08,288,-0.0418142852148,12,15,-0.0529798157513,29,-0.0459401272237,29,-0.0619483105838,29,-0.0656815990806,29,-0.0644170418382,28,-0.0673877075315,29,-0.0674092173576,29,-0.0677661374211,29,-0.0612386763096,29,-0.0478475093842,28,0.00513230636716,2016-01-11
2016-01-11,288,-0.124495447917,12,0,0.00801832508296,29,0.00357189052738,29,0.016969082877,29,0.00846579112113,29,0.012502476573,28,0.012775012292,29,0.0110579766333,29,0.0095426235348,29,0.00623591803014,29,0.00349710462615,28,-0.00452122045681,2016-01-12
2016-01-12,286,0.265860523523,14,2,-0.0342579223216,29,-0.0310537163168,29,-0.0259772539139,28,-0.0335851833224,29,-0.0300556663424,28,-0.0241938885301,29,-0.0252767261118,29,-0.0192696340382,28,-0.0191025529057,29,-0.0171163864434,28,0.0171415358782,2016-01-13
2016-01-13,285,-0.545370943957,15,0,0.0451738908887,29,0.0381097532809,28,0.0308087933809,29,0.0336734652519,28,0.0353866107762,29,0.0354270860553,28,0.0228108651936,29,0.0200857557356,28,0.0151139106601,29,0.0104499459267,28,-0.034723944962,2016-01-14
2016-01-14,285,-0.00635658468166,15,17,-0.0275837164372,29,-0.0440536960959,28,-0.0434155538678,29,-0.0418730638921,28,-0.0436233915389,29,-0.0275189429522,28,-0.0493855215609,29,-0.042783331126,28,-0.0469650924206,29,-0.0364449396729,28,-0.00886122323573,2016-01-15
2016-01-15,283,-0.210311433511,17,0,0.00780503731221,29,0.0086287194863,28,0.00499199330807,28,0.0139885954559,29,0.0173154827207,28,0.0085622202605,28,0.00766667630523,29,0.00542201520875,28,0.00271176430397,28,-0.00266851903871,28,-0.0104735563509,2016-01-18
2016-01-18,285,-0.148134631749,15,2,0.0376661345363,29,0.0340638980269,28,0.0330646447837,29,0.035553406924,28,0.0338335484266,29,0.0395675711334,28,0.0306897293776,29,0.0336168445647,28,0.0351481474936,29,0.0321106053889,28,-0.00555552914739,2016-01-19
2016-01-19,286,-0.0833500481468,14,12,-0.00187753606588,29,-0.015885874629,29,-0.0109388483688,28,-0.0134003227577,29,-0.0179522745311,28,-0.0147256869823,29,-0.0120053458959,29,-0.0153371887282,28,-0.0108983106911,29,-0.0166366398335,28,-0.0147591037676,2016-01-20
2016-01-20,286,0.351754279097,14,0,-0.0423292033374,29,-0.0470027253032,29,-0.0430231913924,28,-0.0468059331179,29,-0.0358059108257,28,-0.0343699343503,29,-0.0370698906481,29,-0.0373186096549,28,-0.0271878913045,29,-0.0195972286165,28,0.022731974721,2016-01-21
2016-01-21,285,-0.35822152413,15,0,0.0206561814994,29,0.00987216643989,28,0.0196127407253,29,0.0240655150265,28,0.0171673651785,29,0.0100253522396,28,0.00932974275202,29,0.00850698817521,28,0.00723702134565,29,0.00663720490411,28,-0.0140189765953,2016-01-22
2016-01-22,283,-0.0359852561631,17,4,0.00791153218597,29,0.012383303605,28,0.00578912440687,28,0.00763779692352,29,0.0105106700212,28,0.00604143319651,28,0.0118400622159,29,0.0119758201763,28,0.00977249443531,28,0.00507417088374,28,-0.00283736130223,2016-01-25
2016-01-25,284,0.091911429095,16,4,-0.0614439994097,29,-0.0738558843732,28,-0.0801742225885,29,-0.0788507610559,28,-0.0834167674184,28,-0.0737080723047,29,-0.0788810625672,28,-0.0818572118878,29,-0.0751746296883,28,-0.0537545159459,28,0.00768948346376,2016-01-26
2016-01-26,283,-0.032633977097,17,0,0.00585627136752,29,0.00117754086386,28,-0.00716872513294,28,-0.0100781489164,29,-0.00653884466738,28,-0.013149144128,28,-0.0130125712603,29,-0.0164407547563,28,-0.0101964855567,28,-0.000516440195497,28,-0.00637271156302,2016-01-27
2016-01-27,283,0.125884204004,17,3,-0.0371944755316,29,-0.0387301184237,28,-0.0414351820946,28,-0.0345556586981,29,-0.0410362556577,28,-0.044140253216,28,-0.0447298027575,29,-0.0314976125956,28,-0.0359648391604,28,-0.019737450406,28,0.0174570251256,2016-01-28
2016-01-28,283,-0.18122591651,17,0,0.0301407892257,29,0.0384733863175,28,0.043723423034,28,0.0449080690742,29,0.0522167310119,28,0.0431472286582,28,0.0428298152983,29,0.0330150164664,28,0.0323622822762,28,0.025212449953,28,-0.00492833927274,2016-01-29
2016-01-29,280,0.0351862233312,20,7,-0.0185791663826,28,-0.0187607649714,28,-0.0123438667506,28,-0.026211546734,28,-0.0109794270247,28,-0.0148681299761,28,-0.018950343132,28,-0.0131439650431,28,-0.0237100031227,28,-0.0114675778896,28,0.00711158849299,2016-02-01
2016-02-01,279,-0.457331617287,21,2,0.0332564376295,28,0.0367472097278,28,0.0340397693217,28,0.0318884216249,28,0.0299251247197,28,0.0288118422031,28,0.0261454284191,28,0.0261424444616,28,0.0216551721096,28,0.0129060586914,27,-0.020350378938,2016-02-02
2016-02-02,279,-0.0416198424433,21,3,-0.00594428414479,28,0.00124665035401,28,-0.00282355514355,28,-0.00144193635788,28,-0.00528547819704,28,-0.00299487588927,28,0.00111980736256,28,0.00204106536694,28,-0.00403114920482,28,-0.00444152159616,27,0.00150276254863,2016-02-03
2016-02-03,281,-0.361463754708,19,6,0.0218143090606,29,0.0226318277419,28,0.0184698365629,28,0.0240691136569,28,0.0172967556864,28,0.0201838556677,28,0.0164477098733,28,0.0154622327536,28,0.00942505709827,28,0.00797755550593,28,-0.0138367535546,2016-02-04
2016-02-04,281,0.0524509525548,19,4,-0.00447638705373,29,-0.00491126300767,28,-0.0142069710419,28,-0.0100931096822,28,-0.0153218163177,28,-0.00953566562384,28,-0.00763913337141,28,-0.0119899511337,28,-0.00738209253177,28,-0.00217234669253,28,0.0023040403612,2016-02-05
2016-02-05,281,-0.107457287856,19,3,0.00963987782598,29,-0.0102390730754,28,0.00532326754183,28,-0.00883047282696,28,0.00333711504936,28,-0.0124011142179,28,-0.00666334573179,28,-0.00634053116664,28,-0.00684612989426,28,-0.0111192362383,28,-0.0207591140643,2016-02-15
2016-02-15,280,-0.23740436942,20,5,0.036570224911,28,0.047733925283,28,0.037118345499,28,0.0484925545752,28,0.0361982993782,28,0.0383118018508,28,0.0394866354764,28,0.0380546785891,28,0.0341024957597,28,0.0246915314347,28,-0.0118786934763,2016-02-16
2016-02-16,280,-0.205515199884,20,12,0.0133628761396,28,0.0133116887882,28,0.0159740708768,28,0.0135884052143,28,0.0210277400911,28,0.0102786617354,28,0.0117518156767,28,0.0137128131464,28,0.00454345578328,28,0.0017701642355,28,-0.0115927119041,2016-02-17
2016-02-17,282,-0.0494315455628,18,13,0.00350018404424,29,-0.00864890404046,28,-2.38120555878e-05,28,0.00549670215696,28,-0.00421611731872,28,0.00194493238814,29,-0.00604023272172,28,-0.00107578933239,28,-0.00458369916305,28,-0.00469309091568,28,-0.00819327495992,2016-02-18
2016-02-18,282,0.00441124159015,18,3,-0.000370087305782,29,0.00284226238728,28,0.000909558380954,28,0.00306921987794,28,0.000163931938005,28,-0.00129882013425,29,0.000217371751205,28,0.000212590603041,28,0.000133331326651,28,-0.000773176550865,28,-0.000403089245083,2016-02-19
2016-02-19,281,0.0200678238904,19,0,0.0195747613907,29,0.0249070823193,28,0.0306668877602,28,0.0294156279415,28,0.0333832874894,28,0.0265883672982,28,0.0235233809799,28,0.0230743791908,28,0.0255847070366,28,0.0253242515028,28,0.00574949011207,2016-02-22
2016-02-22,281,0.107649324301,19,10,-0.00847704242915,29,-0.00722387200221,28,-0.0106505071744,28,-0.0131954187527,28,-0.0127190351486,28,-0.00702687865123,28,-0.00889453291893,28,-0.00393769145012,28,-0.00498295668513,28,-0.0101632457227,28,-0.0016862032935,2016-02-23
2016-02-23,280,0.0242420399388,20,0,0.0077524674125,28,-0.00129588588607,28,0.00717093283311,28,0.00967911072075,28,0.0118275815621,28,0.00918954145163,28,0.00798375438899,28,0.0176971200854,28,0.00477819796652,28,0.00379903824069,28,-0.00395342917182,2016-02-24
2016-02-24,284,0.163381041167,16,13,-0.0685066357255,29,-0.0825334712863,28,-0.0844795182347,29,-0.087647087872,28,-0.0783477276564,28,-0.0872360989451,29,-0.0730855390429,28,-0.0805280432105,29,-0.0741616263986,28,-0.0568757280707,28,0.0116309076548,2016-02-25
2016-02-25,284,0.102365524365,16,0,0.0210707373917,29,0.00738133722916,28,0.00885587092489,29,0.00723073957488,28,0.00974865071476,28,0.00856780819595,29,0.00950248073786,28,0.017329595983,29,0.0163736976683,28,0.0118447458372,28,-0.00922599155456,2016-02-26
2016-02-26,285,-0.0964935255627,15,4,-0.0105515597388,29,-0.037022035569,28,-0.0405865758657,29,-0.0419513396919,28,-0.0509965755045,29,-0.0543316602707,28,-0.0437636710703,29,-0.0505772158504,28,-0.0440855659544,29,-0.0240182410926,28,-0.0134666813537,2016-02-29
2016-02-29,284,-0.100323522447,16,2,0.0242100954056,29,0.0257033742964,28,0.0242629181594,29,0.0329436250031,28,0.0287970174104,28,0.0282619204372,29,0.0207703448832,28,0.0188529323786,29,0.0262276846915,28,0.0197253953665,28,-0.00448470003903,2016-03-01
2016-03-01,284,-0.109762390619,16,9,0.0507094934583,29,0.0544888414443,28,0.0572392828763,29,0.0505245551467,28,0.0493312738836,28,0.0537241362035,29,0.0610569305718,28,0.0551679469645,29,0.0503195039928,28,0.0436038784683,28,-0.00710561499,2016-03-02
2016-03-02,283,-0.0174361672112,17,29,0.00141984014772,29,0.00134939805139,28,0.00688982661813,28,0.00167235219851,29,0.00196226360276,28,0.00420899456367,28,0.00330572295934,29,0.000950951653067,28,-0.00159581645858,28,0.00113671808504,28,-0.000283122062683,2016-03-03
2016-03-03,283,-0.169643653687,17,3,0.0184618402272,29,0.000937821634579,28,-0.0122597878799,28,-0.00295174727216,29,0.000777574547101,28,-0.0103292036802,28,-0.0155561603606,29,0.00177427916788,28,-0.00507693644613,28,-0.00931467302144,28,-0.0277765132487,2016-03-04
2016-03-04,282,0.482495697398,18,2,-0.000678056268953,29,-0.00357666821219,28,0.00521225389093,28,0.014929660596,28,0.0152910668403,28,0.0230387784541,29,0.0226602945477,28,0.0215038955212,28,0.0186016466469,28,0.0193686746061,28,0.020046730875,2016-03-07
2016-03-07,282,0.284557871462,18,2,-0.0080047538504,29,-0.00398100912571,28,-0.00353383389302,28,-0.0057504880242,28,0.00461063859984,28,0.000189639365999,29,-0.00197883811779,28,0.00524531072006,28,0.00276261568069,28,0.00374460639432,28,0.0117493602447,2016-03-08
2016-03-08,282,-0.273752012934,18,10,-0.0194565486163,29,-0.0108796227723,28,-0.0104620056227,28,-0.0128707634285,28,-0.0205586347729,28,-0.0235784035176,29,-0.0168466288596,28,-0.0321817696095,28,-0.0241505950689,28,-0.0424787662923,28,-0.023022217676,2016-03-09
2016-03-09,282,0.409469818635,18,2,-0.0283562131226,29,-0.0245475955307,28,-0.0241659171879,28,-0.0274432897568,28,-0.0233908742666,28,-0.0179979130626,29,-0.0147528247908,28,-0.0174847599119,28,-0.0154947359115,28,-0.00735254166648,28,0.0210036714561,2016-03-10
2016-03-10,283,0.10294524184,17,0,0.000184143413207,29,0.00260195764713,28,-0.00101894780528,28,0.00113652076107,29,-0.00363580463454,28,0.0013305565808,28,6.7495064286e-05,29,0.000938226061407,28,0.00361101538874,28,0.00338363437913,28,0.00319949096593,2016-03-11
2016-03-11,284,0.082198935737,16,0,0.0228868350387,29,0.0218416713178,28,0.0234407633543,29,0.0298352185637,28,0.0332187376916,28,0.0377541333437,29,0.0352507308125,28,0.0263024643064,29,0.0243995338678,28,0.0234195236117,28,0.000532688573003,2016-03-14
2016-03-14,284,0.242264672455,16,4,-0.00238029705361,29,-0.00717385765165,28,-0.00420783320442,29,-0.00841338932514,28,-0.00334831001237,28,-0.0046888301149,29,0.00149640871678,28,-0.00213660253212,29,0.00364842591807,28,0.00640696519986,28,0.00878726225346,2016-03-15
2016-03-15,285,-0.123612031434,15,0,-0.00602375017479,29,-0.00525828124955,28,0.00347493030131,29,0.00453073857352,28,-0.00413661776111,29,-0.0035416057799,28,-0.00536645902321,29,-0.00849698018283,28,-0.00813166238368,29,-0.003988457378,28,0.00203529279679,2016-03-16
2016-03-16,285,0.28190413984,15,5,0.00768555235118,29,0.0157833155245,28,0.0195510331541,29,0.0283288564533,28,0.0290639847517,29,0.0284185372293,28,0.0327603593469,29,0.0225923527032,28,0.0247795917094,29,0.019068909809,28,0.0113833574578,2016-03-17
2016-03-17,284,-0.504663623948,16,7,0.0364333502948,29,0.0359605550766,28,0.028180276975,29,0.034600969404,28,0.0377600118518,28,0.0264701973647,29,0.0207727793604,28,0.0200788453221,29,0.0121900187805,28,0.000103807877167,28,-0.0363295424177,2016-03-18
2016-03-18,284,-0.26646311753,16,10,0.0294473879039,29,0.031810414046,28,0.0341751240194,29,0.0322354584932,28,0.0275547392666,28,0.0386104919016,29,0.0361380465329,28,0.0170647650957,29,0.0172692183405,28,0.0118696792051,28,-0.0175777086988,2016-03-21
2016-03-21,284,0.361667902824,16,30,-0.0197204742581,29,-0.0108867455274,28,-0.00524750864133,29,-0.00902423448861,28,-0.0101878838614,28,-0.00290106073953,29,-0.00578839844093,28,-0.00385042722337,29,-0.00280920299701,28,-0.00279664783739,28,0.0169238264207,2016-03-22
2016-03-22,284,-0.0228016836406,16,0,0.00163160311058,29,0.00369774876162,28,0.0117752123624,29,0.00925354473293,28,0.0153684448451,28,0.00384112470783,29,0.00381877389736,28,0.00311293685809,29,0.0028501835186,28,-0.000927448272705,28,-0.00255905138329,2016-03-23
2016-03-23,282,0.326828066912,18,3,-0.0272681191564,29,-0.0249374154955,28,-0.0235718321055,28,-0.018136549741,28,-0.0219300929457,28,-0.0203852225095,29,-0.0182132851332,28,-0.00855589378625,28,-0.0142956124619,28,-0.0127166230232,28,0.0145514961332,2016-03-24
2016-03-24,282,0.0934252190485,18,2,-0.00803177896887,29,0.00197988329455,28,0.00729825021699,28,0.0106538729742,28,0.00789067614824,28,0.00960793998092,29,0.00841671880335,28,0.00909521151334,28,0.00625679735094,28,0.00557514373213,28,0.013606922701,2016-03-25
2016-03-25,280,0.195760499683,20,9,-0.00840291380882,28,-0.0107275741175,28,-0.0138630950823,28,-0.00987261720002,28,-0.00891409162432,28,-0.00761967897415,28,-0.00574920652434,28,-0.00754082435742,28,-0.0015822435962,28,-0.00331044197083,28,0.005092471838,2016-03-28
2016-03-28,280,0.128258083988,20,0,-0.014926744625,28,-0.0139905875549,28,-0.0155315054581,28,-0.0173728931695,28,-0.0182732008398,28,-0.0215013157576,28,-0.0182152893394,28,-0.0139348460361,28,-0.0146106351167,28,-0.00715694064274,28,0.00776980398223,2016-03-29
2016-03-29,281,-0.356867029389,19,0,0.0341004543006,29,0.0381532125175,28,0.0361111424863,28,0.0362370088696,28,0.0308687817305,28,0.0313547924161,28,0.0290258992463,28,0.0281261075288,28,0.0273225177079,28,0.0217184461653,28,-0.0123820081353,2016-03-30
2016-03-30,281,-0.0085737265737,19,46,0.0031321500428,29,-0.000310987234116,28,0.00128923146985,28,0.00179458304774,28,0.00705535942689,28,0.00385501119308,28,-0.000232679507462,28,0.00171852752101,28,-0.00231102318503,28,0.00395941082388,28,0.00082726078108,2016-03-31
2016-03-31,282,0.179835101593,18,3,0.00516295013949,29,-0.00161609053612,28,-0.00795503146946,28,-0.00253269937821,28,-0.0013035365846,28,-0.00471261655912,29,0.000247744581429,28,0.00771231297404,28,-2.08233086596e-05,28,0.00332879601046,28,-0.00183415412903,2016-04-01
2016-04-01,280,0.0979273064804,20,19,0.0173249356449,28,0.011283012107,28,0.0256940219551,28,0.0192982088774,28,0.0231354180723,28,0.0289384555072,28,0.0290881488472,28,0.0198831818998,28,0.0205932166427,28,0.0143858361989,28,-0.00293909944594,2016-04-05
2016-04-05,279,-0.00875679558108,21,13,0.00533766811714,28,-0.00242525967769,28,-0.000836538441945,28,-0.00332911941223,28,0.00451508164406,28,-0.00517576700076,28,-0.00361433625221,28,-0.00104770064354,28,-0.00447408854961,28,0.00471669854596,27,-0.000620969571173,2016-04-06
2016-04-06,279,0.439088998635,21,3,-0.0251997355372,28,-0.0207995679229,28,-0.0238881371915,28,-0.0236679874361,28,-0.0172416605055,28,-0.020497629419,28,-0.0165600068867,28,-0.0136028826237,28,-0.0126014435664,28,-0.00898154824972,27,0.0162181872874,2016-04-07
2016-04-07,278,0.249462052103,22,0,-0.00935162603855,28,-0.0101867103949,28,-0.0111584616825,28,-0.0106710987166,28,-0.00801340769976,27,-0.0102974688634,28,-0.0105411726981,28,-0.0099043501541,28,-0.0058283037506,28,-0.00595989916474,27,0.00339172687382,2016-04-08
2016-04-08,276,-0.249386317174,24,0,0.0193703360856,28,0.0252967681736,28,0.0243171546608,27,0.0231052599847,28,0.030093183741,27,0.017971707508,28,0.0196235682815,28,0.0172136388719,27,0.0130557864904,28,0.0127090476453,27,-0.00666128844023,2016-04-11
2016-04-11,276,0.184418769653,24,5,-0.0051905256696,28,-0.00865351501852,28,-0.00313117098995,27,-0.0086360424757,28,-0.000884486595169,27,-0.00840219203383,28,-0.00302119553089,28,-0.00269692041911,27,-0.00438164593652,28,0.000416382594267,27,0.00560690826387,2016-04-12
2016-04-12,276,-0.182748404916,24,3,0.0252838097513,28,0.0214284993708,28,0.0192029271275,27,0.0159831475466,28,0.0166573841125,27,0.0143712656572,28,0.0151962125674,28,0.0153280496597,27,0.0152240479365,28,0.0158033017069,27,-0.00948050804436,2016-04-13
2016-04-13,278,0.00657684635929,22,2,0.000965552695561,28,0.00576603645459,28,0.00701872166246,28,0.00711930869147,28,0.00308556691743,27,0.00884730461985,28,0.00836484786123,28,0.00801200326532,28,0.00641648704186,28,0.00334482057951,27,0.00237926788395,2016-04-14
2016-04-14,278,0.327063558334,22,2,-0.00642126146704,28,-0.00642691971734,28,-0.00977428257465,28,-0.00907963979989,28,-0.00537981139496,27,-0.00339090405032,28,-0.0046533155255,28,-0.000249556120252,28,-0.00580265047029,28,0.00160670722835,27,0.00802796869539,2016-04-15
2016-04-15,280,0.246757176277,20,3,-0.0142751699314,28,-0.0199289228767,28,-0.025476148352,28,-0.0162147134542,28,-0.0156565606594,28,-0.0121765183285,28,-0.0172233264893,28,-0.019079040736,28,-0.0144991893321,28,-0.012094674632,28,0.0021804952994,2016-04-18
2016-04-18,281,-0.0272180078833,19,0,-0.00191681552678,29,0.0106246722862,28,0.00405837176368,28,0.00302284536883,28,0.0106546282768,28,0.00284313294105,28,0.00296136946417,28,0.00119746581186,28,0.00353818270378,28,0.00165856524836,28,0.00357538077515,2016-04-19
2016-04-19,283,0.270924741615,17,2,-0.0297184605151,29,-0.0369986854494,28,-0.0378979369998,28,-0.0414039678872,29,-0.0315838344395,28,-0.034246828407,28,-0.0221036132425,29,-0.0292713437229,28,-0.0251850280911,28,-0.0137006044388,28,0.0160178560764,2016-04-20
2016-04-20,281,0.273196979574,19,0,-0.00553998444229,29,-0.0130081409588,28,-0.0168496910483,28,-0.014083892107,28,-0.00818864814937,28,-0.00703666871414,28,-0.00670154159889,28,-0.00816328823566,28,-0.00789935234934,28,0.000547809235286,28,0.00608779367758,2016-04-21
2016-04-21,281,0.0630425788237,19,0,-0.0103671979159,29,0.00244523165748,28,0.00882827769965,28,0.00379808037542,28,0.00668141478673,28,0.0025825437624,28,0.00607649143785,28,0.00541935442016,28,0.00733483070508,28,0.00452690245584,28,0.0148941003717,2016-04-22
2016-04-22,280,0.0244193515979,20,13,0.000915733806323,28,-0.00730941537768,28,-0.00546879228204,28,-0.00484905065969,28,-0.00443214410916,28,-0.00967088807374,28,-0.00375690427609,28,-0.000262309389655,28,-0.00479000387713,28,-0.00511539634317,28,-0.00603113014949,2016-04-25
2016-04-25,280,0.0455137300023,20,8,0.00441732769832,28,0.00988408084959,28,0.0122153097764,28,0.00357052474283,28,0.00928488187492,28,0.00878415163606,28,0.00867722462863,28,0.00827334169298,28,0.00473259808496,28,0.00703429523855,28,0.00261696754023,2016-04-26
2016-04-26,280,0.0552920020597,20,19,-0.00326118292287,28,-0.00753605784848,28,-0.00238072010688,28,-0.00405049743131,28,-0.00828578043729,28,-0.0118346875533,28,-0.00939911417663,28,-0.00625453656539,28,0.000831429439131,28,-0.00393779342994,28,-0.000676610507071,2016-04-27
2016-04-27,280,-0.023612344927,20,0,-0.00194332003593,28,-0.000884528679308,28,-0.000221661161049,28,0.00581463752314,28,-0.00428823707625,28,-0.00215284735896,28,-0.00479564908892,28,-0.00433817924932,28,-0.00417887745425,28,-0.00259430287406,28,-0.000650982838124,2016-04-28
2016-04-28,280,0.102896908764,20,4,-0.00842480175197,28,-0.00146035850048,28,0.00112029060256,28,0.00200049998239,28,-0.00034974727896,28,0.0013074001763,28,-0.000576887803618,28,-0.00210571289062,28,0.00182338699233,28,-0.00157766893972,28,0.00684713281225,2016-04-29
2016-04-29,281,-0.265627300678,19,0,0.0252532232553,29,0.030980007723,28,0.0242388080806,28,0.0277129579335,28,0.0286445114762,28,0.0291930902749,28,0.0253554880619,28,0.0247038770467,28,0.0202214252204,28,0.0115805463865,28,-0.0136726768687,2016-05-03
2016-05-03,283,-0.0010059783505,17,28,0.00758509617299,29,-0.00106557563413,28,-0.000469395105029,28,0.00022372706735,29,-0.00587605172768,28,-0.00366906193085,28,-0.00295288185589,29,0.00373157858849,28,-0.00030143558979,28,0.000812151585706,28,-0.00677294458728,2016-05-04
2016-05-04,283,0.0314458725559,17,4,0.00739703094587,29,0.00187876389828,28,0.00584425870329,28,0.0082346117124,29,0.00661673070863,28,0.000365391373634,28,0.00148676999379,29,0.00200381246395,28,0.00420548021793,28,-0.000172795989783,28,-0.00756982693565,2016-05-05
2016-05-05,283,0.247543382987,17,16,-0.0314160212874,29,-0.035724375397,28,-0.041341278702,28,-0.0333575382829,29,-0.036355227232,28,-0.0355328917503,28,-0.0318114943802,29,-0.0300455074757,28,-0.0291746538132,28,-0.0221080370247,28,0.0093079842627,2016-05-06
2016-05-06,283,0.374619505287,17,0,-0.0405146405101,29,-0.0423059351742,28,-0.0262184254825,28,-0.0313077941537,29,-0.0355382226408,28,-0.0295605417341,28,-0.029925532639,29,-0.0265648365021,28,-0.0222392585129,28,-0.0142812747508,28,0.0262333657593,2016-05-09
2016-05-09,282,0.0626354766583,18,0,-0.00190158339683,29,0.00728582683951,28,-0.00214755744673,28,-0.00134040415287,28,0.00467382604256,28,0.00136595754884,29,0.00603983644396,28,0.00020506765577,28,0.00423644902185,28,0.000644415616989,28,0.00254599901382,2016-05-10
2016-05-10,282,0.164288671925,18,5,0.00925333146006,29,0.010860289447,28,0.0014110164484,28,-0.0102407084778,28,0.00630883453414,28,0.00401883106679,29,0.00388422398828,28,0.00468070153147,28,0.0102691547945,28,0.00891448371112,28,-0.000338847748935,2016-05-11
2016-05-11,282,0.0730005262941,18,0,-0.000359483819921,29,0.00264087319374,28,0.000354751944542,28,-0.000674294598866,28,-0.00253782095388,28,0.00323977135122,29,-0.000132105182274,28,0.00342543004081,28,0.00184008688666,28,0.00305852293968,28,0.0034180067596,2016-05-12
2016-05-12,283,0.15590838834,17,13,-0.00871621724218,29,-0.00972714368254,28,-0.00398637773469,28,-0.00442159362137,29,-0.00480703590438,28,-0.00411254819483,28,-0.00616070954129,29,-0.00237962394021,28,-0.00565245514736,28,-0.00347148953006,28,0.00524472771212,2016-05-13
2016-05-13,281,-0.202508546714,19,0,0.0126192998141,29,0.016467211768,28,0.00977678783238,28,0.0108013646677,28,0.0153247313574,28,0.0104913348332,28,0.00708469329402,28,0.00726133352146,28,0.00451764231548,28,0.0043434179388,28,-0.00827588187531,2016-05-16
2016-05-16,281,-0.0841064534905,19,45,-0.00234836339951,29,-0.000558604078833,28,-0.000142005941598,28,0.00161567539908,28,-0.00305729033425,28,-0.00637338636443,28,0.00209466041997,28,-0.00214863452129,28,-0.00463786302134,28,-0.00580110913143,28,-0.00345274573192,2016-05-17
2016-05-17,280,0.333673597408,20,0,-0.021168872714,28,-0.0199052523822,28,-0.0184339154512,28,-0.0175409335643,28,-0.0178133714944,28,-0.0155668724328,28,-0.0108780842274,28,-0.0125789511949,28,-0.00772815942764,28,-0.000629650719929,28,0.0205392219941,2016-05-18
2016-05-18,280,0.237106664272,20,3,-0.00590724823996,28,-0.000539700908121,28,0.00217695953324,28,-0.00448675220832,28,0.00420425413176,28,-0.0010933621088,28,0.000102019737824,28,-0.00137785507832,28,0.00467850267887,28,0.000104746650322,28,0.00601199489029,2016-05-19
2016-05-19,281,-0.195555843659,19,0,0.0101882508025,29,0.0100609911606,28,0.0111563252285,28,0.00825501792133,28,0.00506313145161,28,0.00575893046334,28,0.00679182168096,28,0.0049761957489,28,0.00378530588932,28,0.00316758872941,28,-0.00702066207305,2016-05-20
2016-05-20,284,-0.0724955005731,16,34,0.00360667495988,29,0.00802041403949,28,0.00814822595567,29,0.00650724768639,28,0.0100590437651,28,0.00743588712066,29,0.00614651618525,28,0.00583040527999,29,0.00451500946656,28,0.00465375185013,28,0.00104707689025,2016-05-23
2016-05-23,284,0.130214331101,16,13,-0.00799967907369,29,-0.0132892047986,28,-0.00929186306894,29,-0.00533107155934,28,-0.0107652824372,28,-0.00831746682525,29,-0.0106788212433,28,-0.00944037456065,29,-0.00985256861895,28,-0.00538512412459,28,0.0026145549491,2016-05-24
2016-05-24,284,0.384637793931,16,7,-0.0144782885909,29,-0.00745431846008,28,-0.00822179112583,29,-0.00685012107715,28,0.00264542223886,28,0.000746803008951,29,-0.00322276144288,28,-0.000330078182742,29,-0.000747742422391,28,0.00189077213872,28,0.0163690607296,2016-05-25
2016-05-25,284,-0.0679946711648,16,0,0.00571664469317,29,0.00697772856802,28,0.00367108709179,29,0.00343314674683,28,0.000372801499907,28,9.87278981484e-05,29,0.000931056507397,28,0.00186062476132,29,0.000530798512045,28,0.000754433043767,28,-0.0049622116494,2016-05-26
2016-05-26,284,0.274871493929,16,11,-0.004227317404,29,0.000556690327358,28,-0.00631438661367,29,0.000208763143746,28,-0.000927997461986,28,0.000454078457551,29,0.00372747215442,28,-0.000120987155242,29,-4.75985652884e-05,28,0.000201491377084,28,0.00442880878109,2016-05-27
2016-05-27,284,0.364314355596,16,3,-0.00582231720909,29,-0.00916094891727,28,-0.00286662369035,29,-0.00365238101222,28,-0.00671870773658,28,-0.00468156859279,29,-0.0006390469498,28,0.000370231166016,29,0.00234338222072,28,0.00589441182092,28,0.01171672903,2016-05-30
2016-05-30,287,-0.114401858821,13,6,0.0301873441786,29,0.0446513555944,29,0.0590220578015,29,0.0435833744705,28,0.0411076918244,29,0.0421935766935,29,0.0385530926287,28,0.0381850339472,29,0.0350581482053,29,0.0295244120061,28,-0.000662932172418,2016-05-31
2016-05-31,287,-0.105871176367,13,46,0.00176386383828,29,0.00423125782982,29,0.00356876244769,29,0.00232884287834,28,-0.00201875576749,29,-0.00327863148414,29,-0.00271951942705,28,0.000839023734443,29,-0.00090387155069,29,-0.00364441098645,28,-0.00540827482473,2016-06-01
2016-06-01,289,-0.156941681773,11,0,0.00855164323002,29,0.00573366461322,29,0.00514231668785,29,0.00820773839951,29,0.00553071312606,29,0.00688087521121,29,5.22465525137e-05,29,0.0027112509124,29,0.00073304050602,29,-0.000287247559754,28,-0.00883889078978,2016-06-02
2016-06-02,289,0.222925568647,11,10,0.000208875222597,29,0.00379282841459,29,0.00985455326736,29,0.00650305394083,29,0.00265986751765,29,0.00502247037366,29,0.0131203206256,29,0.00728404335678,29,0.00654616439715,29,0.00764373783022,28,0.00743486260762,2016-06-03
2016-06-03,289,0.0625409790623,11,5,-0.000846402370371,29,-0.00138044974301,29,-0.00231884676032,29,0.000274627382169,29,-0.00181876588613,29,-0.00136555882636,29,-0.00101895164698,29,0.000549106742255,29,-0.00190730136819,29,-0.00318211736158,28,-0.0023357149912,2016-06-06
2016-06-06,289,0.132672194164,11,0,-0.00514764431864,29,-0.000221281210543,29,-0.000642628525384,29,0.000178663889528,29,-0.00271008140408,29,0.000579303712584,29,-0.000360289530363,29,3.61368583981e-05,29,-0.000501353177242,29,-0.00132627144922,28,0.00382137286942,2016-06-07
2016-06-07,289,0.248152307365,11,5,-0.0125772990286,29,-0.00646801013499,29,-0.00193588074762,29,-0.000671990972478,29,-0.00361405778676,29,0.000173753709532,29,-0.00650654174387,29,-0.00362769700587,29,-0.00349007197656,29,-0.00253070890903,28,0.0100465901196,2016-06-08
2016-06-08,289,0.273265704329,11,2,-0.0447776392102,29,-0.0412744022906,29,-0.0487845279276,29,-0.0490535609424,29,-0.0333526618779,29,-0.0358012095094,29,-0.0375254005194,29,-0.040415238589,29,-0.0309867039323,29,-0.0245444066823,28,0.020233232528,2016-06-13
2016-06-13,289,0.0362928917098,11,0,-0.000444216973847,29,-0.000734212051611,29,0.00340372743085,29,0.0030494867824,29,0.00169914960861,29,0.00146960595157,29,0.00332175241783,29,0.00172371696681,29,-0.000705007871147,29,0.00384297966957,28,0.00428719664342,2016-06-14
2016-06-14,289,-0.229362666843,11,15,0.0201389156282,29,0.022534199059,29,0.022912485525,29,0.0315277799964,29,0.0230413042009,29,0.018369814381,29,0.01942939125,29,0.015744201839,29,0.0157524552196,29,0.0101684760302,28,-0.00997043959796,2016-06-15
2016-06-15,289,0.133601468113,11,5,-0.00461532967165,29,-0.0132327387109,29,-0.00567790353671,29,-0.00762399332598,29,-0.00792858749628,29,-0.00970733817667,29,-0.00601072562858,29,-0.00644337106496,29,-0.00879350397736,29,-0.00455866986886,28,5.66598027945e-05,2016-06-16
2016-06-16,290,0.0301249550475,10,2,-0.00490419194102,29,0.0100340861827,29,0.0126431109384,29,0.00708218291402,29,0.0140567915514,29,0.00995679106563,29,0.00505890510976,29,0.00957444217056,29,0.00791208073497,29,0.0045554228127,29,0.00945961475372,2016-06-17
2016-06-17,288,0.121084764225,12,2,-0.00567784812301,29,-0.00201681768522,29,-0.00034035689896,29,0.00280704163015,29,0.000862749584485,28,0.00173424649984,29,0.000142960707308,29,-0.00117469450925,29,-0.00232008006424,29,0.000935001007747,28,0.00661284913076,2016-06-20
2016-06-20,287,0.169702118985,13,6,-0.00687709543854,29,-0.0102333649993,29,-0.00512421131134,29,-0.00264487089589,28,-0.00360368867405,29,-0.00191159697715,29,-0.00397576158866,28,-0.0047454466112,29,-0.00247126817703,29,-0.00194908468984,28,0.0049280107487,2016-06-21
2016-06-21,286,-0.300469275251,14,2,0.0135433059186,29,0.0228571109474,29,0.0179780386388,28,0.0168322753161,29,0.0100442236289,28,0.0108262132853,29,0.0104434946552,29,0.0108033763245,28,0.00701324688271,29,0.00515713449568,28,-0.0083861714229,2016-06-22
2016-06-22,288,0.118646829721,12,50,-0.00434779701754,29,-0.00658594723791,29,-0.00415160926059,29,-0.00423984089866,29,-0.00377644179389,28,-0.00629268027842,29,-0.00390101503581,29,-0.00620082532987,29,-0.00269732391462,29,-0.00422125402838,28,0.000126542989165,2016-06-23
2016-06-23,288,0.189077184803,12,0,-0.0115139605477,29,-0.0134039828554,29,-0.00875145383179,29,-0.0167342852801,29,-0.013984744437,28,-0.0131368059665,29,-0.016520164907,29,-0.013840331696,29,-0.0134796435013,29,-0.00957199465483,28,0.00194196589291,2016-06-24
2016-06-24,288,-0.50249965055,12,3,0.0196835119277,29,0.0278855394572,29,0.0224098805338,29,0.0299498792738,29,0.0197626817971,28,0.0207757614553,29,0.0172650367022,29,0.0132345911115,29,0.00975097250193,29,0.00591842830181,28,-0.0137650836259,2016-06-27
2016-06-27,288,-0.178224961795,12,42,0.00433104205877,29,0.00693213334307,29,0.0138485841453,29,0.0129623496905,29,0.0102582806721,28,0.00794729311019,29,0.0138636864722,29,0.00234116963111,29,0.00194386369549,29,0.000843746296596,28,-0.00348729576217,2016-06-28
2016-06-28,288,-0.0735391410132,12,35,0.00700314482674,29,0.00549263972789,29,0.00567279616371,29,0.00160443992354,29,0.00146775157191,28,0.00538837304339,29,0.00372780184262,29,0.00273819616996,29,0.00126567378175,29,0.00487323943526,28,-0.00212990539148,2016-06-29
2016-06-29,288,0.230810328413,12,8,-0.00401591230184,29,0.000841142784338,29,-0.00131581770256,29,-0.00189425202552,29,-0.00306526897475,28,0.0034473312553,29,0.00476594828069,29,0.00153267383575,29,0.000724112149328,29,0.00503559177741,28,0.00905150407925,2016-06-30
2016-06-30,290,0.26299525912,10,0,-0.00583871686831,29,-0.00230213277973,29,-0.00146297959145,29,-0.00164920918178,29,-0.000254333019257,29,-0.00268719531596,29,0.000505872827489,29,0.00111132033635,29,-0.000379233533749,29,0.00137858756352,29,0.00721730443183,2016-07-01
2016-07-01,290,-0.121096024203,10,3,0.0350771360099,29,0.0268569476902,29,0.0256862845272,29,0.0247896574438,29,0.0193939134479,29,0.0181815549731,29,0.021601812914,29,0.0189316440374,29,0.0199804585427,29,0.0184966810048,29,-0.0165804550052,2016-07-04
2016-07-04,290,-0.0626372749147,10,16,0.0118886586279,29,0.00242455047555,29,0.00756681570783,29,0.00527076888829,29,0.00730329565704,29,0.00581053597853,29,0.0103869149461,29,0.00255564157851,29,0.00860853865743,29,-0.000474644126371,29,-0.0123633027542,2016-07-05
2016-07-05,289,0.0347913537666,11,6,0.0106189660728,29,0.00293043977581,29,0.0120722483844,29,-0.00212366203777,29,0.00716236140579,29,-0.00098759343382,29,0.000970967870671,29,0.00347993080504,29,0.00721390917897,29,0.00245942594483,28,-0.00815954012796,2016-07-06
2016-07-06,289,0.0784905355642,11,10,0.00170089455787,29,-0.00138257700019,29,-0.00223815650679,29,-0.00015264749527,29,0.00103676726576,29,-0.000378082535462,29,-0.00126767158508,29,0.000635792443063,29,-0.00153369735926,29,0.000719949603081,28,-0.00098094495479,2016-07-07
2016-07-07,289,-0.0272071841855,11,4,-0.00434239348397,29,-0.00607301434502,29,-0.00472202384844,29,-0.000524490023963,29,-0.00177327310666,29,-0.00438115093857,29,-0.00638563884422,29,-0.00329013727605,29,-0.00306855607778,29,-0.0052866213955,28,-0.000944227911532,2016-07-08
2016-07-08,289,0.14859620616,11,0,0.011784424074,29,0.0047259228304,29,-0.00711999461055,29,0.0055592469871,29,0.000150146152009,29,0.00212478847243,29,0.00225180177949,29,0.00622570700943,29,0.00703886477277,29,0.00247013359331,28,-0.00931429048069,2016-07-11
2016-07-11,290,-0.0322983912185,10,0,0.024381922558,29,0.0294689964503,29,0.0283425915986,29,0.0231918692589,29,0.0309551879764,29,0.0231752842665,29,0.0211125854403,29,0.0261496119201,29,0.0209199227393,29,0.0194152761251,29,-0.00496664643288,2016-07-12
2016-07-12,290,-0.00533584132875,10,29,0.00500611402094,29,0.00538865057752,29,0.0095259975642,29,0.00728510180488,29,0.00824265461415,29,0.00804046913981,29,0.00372127839364,29,0.00756128272042,29,0.00512842042372,29,0.0104388305917,29,0.00543271657079,2016-07-13
2016-07-13,289,0.162127527776,11,2,-0.00640757754445,29,-0.00183975906111,29,-0.000430277723353,29,-0.00259827962145,29,0.000171774416231,29,-0.00099176785443,29,0.001585896709,29,0.000826771894936,29,-0.00236555212177,29,-0.000882336054929,28,0.00552524148952,2016-07-14
2016-07-14,291,0.283109224528,9,3,-0.00623651733622,30,-0.0035132910125,29,-0.00766661670059,29,0.00344896921888,29,-0.000409175612731,29,0.000292350508971,29,0.00122995628044,29,0.00177143979818,29,0.00413565803319,29,0.00176779564936,29,0.00800431298558,2016-07-15
2016-07-15,292,0.020922260653,8,0,-0.00465321959928,30,-0.00750079844147,29,-0.00342082371935,29,-0.00525976670906,29,-0.00961388833821,29,-0.00406411103904,30,-0.0113956397399,29,0.0014790892601,29,-0.0115807922557,29,-0.00481904577464,29,-0.000165826175362,2016-07-18
2016-07-18,291,0.119853853464,9,3,-0.00352503266186,30,-0.00778121780604,29,0.00112096604425,29,0.00163221149705,29,-0.00102554308251,29,-0.00603029038757,29,0.004614116624,29,0.00146758346818,29,0.000215715379454,29,0.000104955557617,29,0.00362998821947,2016-07-19
2016-07-19,290,0.220689239798,10,11,-0.00517424847931,29,-0.00644314475358,29,-0.00332253356464,29,-0.00528833968565,29,-0.000904525164515,29,-0.00270705809817,29,0.00100015976932,29,-0.000800527399406,29,-0.00297018163837,29,-0.00264830631204,29,0.00252594216727,2016-07-20
2016-07-20,289,0.0505441183173,11,0,0.00281569873914,29,0.0100038358942,29,0.00188444403466,29,0.00678171170875,29,0.00110919924919,29,0.00346660008654,29,0.0052582169883,29,0.00451869610697,29,0.00489124329761,29,0.0018727396382,28,-0.000942959100939,2016-07-21
2016-07-21,289,0.13687275891,11,0,-0.0015924962936,29,-0.00805047061294,29,-0.0129749197513,29,-0.00833540316671,29,-0.0112120937556,29,-0.0077782580629,29,-0.00936468504369,29,-0.00874618627131,29,-0.00826050247997,29,-0.00743018742651,28,-0.00583769113291,2016-07-22
2016-07-22,287,0.144639248736,13,0,0.0058010937646,29,-0.000527920376044,29,-0.000566114613321,29,0.00278935045935,28,0.002770582214,29,0.00207875715569,29,0.00204096524976,28,-0.000124374346342,29,0.0055684549734,29,0.00241546751931,28,-0.00338562624529,2016-07-25
2016-07-25,287,0.0636187443987,13,7,0.00668019242585,29,0.0111751370132,29,0.0180430784822,29,0.0134477680549,28,0.0142268929631,29,0.0166110172868,29,0.0122879017144,28,0.0157901011407,29,0.0110534243286,29,0.0115023897961,28,0.00482219737023,2016-07-26
2016-07-26,288,-0.0327501197392,12,55,-0.0151435174048,29,-0.0329486615956,29,-0.0245978459716,29,-0.030178938061,29,-0.0168469902128,28,-0.0260015297681,29,-0.0353633239865,29,-0.02357150428,29,-0.0264204312116,29,-0.0240739006549,28,-0.00893038325012,2016-07-27
2016-07-27,288,0.0372267610317,12,0,0.000217692606384,29,0.0102904913947,29,0.00505054602399,29,-0.00407748203725,29,-0.000558740342967,28,-1.22847231978e-05,29,0.00569322193041,29,0.00623640511185,29,0.00542543455958,29,0.0072602010332,28,0.00704250842682,2016-07-28
2016-07-28,287,0.215052472548,13,2,-0.00843586400151,29,-0.0113932285458,29,-0.00732683297247,29,-0.00437915092334,28,-0.0108461091295,29,-0.00364818028174,29,-0.00652607856318,28,-0.00409973273054,29,-0.00440716743469,29,-0.00336359860376,28,0.00507226539776,2016-07-29
2016-07-29,288,0.0600407736832,12,3,-0.0118790166453,29,-0.0105765815824,29,-0.0123933674768,29,-0.0125368302688,29,-0.0130225354806,28,-0.0163473356515,29,-0.012706162408,29,-0.0111612612382,29,-0.00996597670019,29,-0.0065630460158,28,0.00531597062945,2016-08-01
2016-08-01,290,0.124429688585,10,5,0.00314104137942,29,0.00563274184242,29,0.00493246130645,29,0.00937698595226,29,0.00828599091619,29,0.00956198852509,29,0.011130945757,29,0.00863818265498,29,0.00645724264905,29,0.00675018504262,29,0.0036091436632,2016-08-02
2016-08-02,291,-0.0456613364608,9,36,0.000329472619342,30,-0.00200873613358,29,0.00395790673792,29,0.00621600588784,29,0.0103539414704,29,0.00154121371452,29,0.0037619615905,29,0.00159291969612,29,0.00228489469737,29,-0.00194651714992,29,-0.00227598976926,2016-08-03
2016-08-03,290,0.11690048581,10,10,-0.00289902812801,29,0.00682505453005,29,0.00156610587146,29,0.00521717173979,29,0.00127143901773,29,0.00149471394252,29,0.0045057060197,29,0.00501772062853,29,0.00189280719496,29,-0.00134333455935,29,0.00155569356866,2016-08-04
2016-08-04,290,0.0791964131658,10,21,-0.000123052755953,29,-0.00266306777485,29,-0.00199359050021,29,0.00283084646799,29,-0.0043642888777,29,-0.00168279733043,29,-0.00394791970029,29,-0.00505633000284,29,-0.00188083900139,29,0.000495988759212,29,0.000619041515165,2016-08-05
2016-08-05,290,0.022026504873,10,4,0.011223747395,29,0.0132466387004,29,0.010327921249,29,0.0161591116339,29,0.0130983423442,29,0.0115126557648,29,0.0164757966995,29,0.0139490691945,29,0.0117475353181,29,0.00954569596797,29,-0.00167805142701,2016-08-08
2016-08-08,290,-0.168086110307,10,46,0.00842457823455,29,0.0113485455513,29,0.0120789203793,29,0.00552671123296,29,0.00440629804507,29,0.00668588792905,29,0.00606145104393,29,0.00735467858613,29,0.00458040321246,29,0.0035884832032,29,-0.00483609503135,2016-08-09
2016-08-09,290,0.192782909219,10,22,-0.00200360408053,29,-0.0096670165658,29,-0.00779239460826,29,-0.00306083005853,29,-0.00553963519633,29,-0.00124089885503,29,-0.00198447913863,29,-0.00614410825074,29,-0.00282580894418,29,-0.00241021462716,29,-0.000406610546634,2016-08-10
2016-08-10,290,0.293091938516,10,3,-0.0153350969777,29,-0.012692630291,29,-0.00994597189128,29,-0.00940424576402,29,-0.0126254595816,29,-0.0100577371195,29,-0.00659035425633,29,-0.0079585518688,29,-0.00274118059315,29,-0.000119203126815,29,0.0152158938508,2016-08-11
2016-08-11,290,0.283661005441,10,0,0.00858777761459,29,0.014979025349,29,0.0166460517794,29,0.0167855862528,29,0.0174156241119,29,0.0168496388942,29,0.0228215456009,29,0.0218267235905,29,0.017887942493,29,0.0166256632656,29,0.00803788565099,2016-08-12
2016-08-12,289,-0.236823696827,11,33,0.032658111304,29,0.0406164675951,29,0.0420625135303,29,0.0268614031374,29,0.0309189967811,29,0.0323406197131,29,0.0220089405775,29,0.0296591315418,29,0.0235920194536,29,0.0209927596152,28,-0.0116653516889,2016-08-15
2016-08-15,290,-0.190151951313,10,12,0.00662181107327,29,0.00218396144919,29,-0.000457309448393,29,0.00096614198992,29,-0.00179287896026,29,-0.00277906865813,29,0.00397674366832,29,-0.00343291298486,29,-0.000177866430022,29,-0.0145534705371,29,-0.0211752816103,2016-08-16
2016-08-16,290,0.203841745411,10,2,-0.010566602461,29,-0.00155308330432,29,0.00308757810853,29,0.00587176252156,29,-0.00378810754046,29,0.000181677009095,29,0.000985782709904,29,0.00478992564604,29,0.00197303714231,29,0.000221139402129,29,0.0107877418632,2016-08-17
2016-08-17,290,0.0456702183766,10,4,-0.00457573542371,29,0.00299497926608,29,-0.000139139854582,29,0.00245848204941,29,0.000401819561375,29,0.00280241109431,29,-0.00486153783277,29,-0.00342926289886,29,-0.000656832882669,29,-0.000106684092316,29,0.0044690513314,2016-08-18
2016-08-18,290,0.2613481384,10,2,-0.00552589306608,29,-0.00391058064997,29,0.00181287119631,29,0.00160978583153,29,-0.00302978628315,29,-0.00216038059443,29,0.00475964043289,29,7.00457312632e-05,29,0.000341579841916,29,0.0105168344453,29,0.0160427275114,2016-08-19
2016-08-19,290,0.26062810179,10,9,-0.0118983509019,29,-0.018580717966,29,-0.00829961337149,29,-0.0167858544737,29,-0.0159340836108,29,-0.00759811233729,29,-0.0101144639775,29,-0.00681691756472,29,-0.0056654792279,29,-0.00413076439872,29,0.00776758650318,2016-08-22
2016-08-22,289,0.152520446045,11,0,-0.00465316791087,29,-0.000918844656553,29,-0.00205317442305,29,0.00146125722677,29,0.00116147252265,29,0.00388222723268,29,0.00229892041534,29,0.00254456140101,29,0.00194118765648,29,0.00296949921176,28,0.00762266712263,2016-08-23
2016-08-23,288,0.223264228175,12,0,-0.00758010335267,29,-0.00597930373624,29,-0.00150120048784,29,-0.00350841367617,29,0.000694745336659,28,-0.000407038052799,29,0.000838604464661,29,-0.00250828685239,29,0.000806580355857,29,-0.000419965799665,28,0.007160137553,2016-08-24
2016-08-24,289,0.168393703495,11,6,-0.0162405539304,29,-0.00604294100776,29,-0.00744054233655,29,-0.0159506611526,29,-0.00659261690453,29,-0.00477201770991,29,-0.00903496239334,29,-0.00526463380083,29,-0.00538207311183,29,-0.0046725505963,28,0.0115680033341,2016-08-25
2016-08-25,289,0.145878864643,11,7,-0.00108877336606,29,0.0011390139116,29,0.00288610626012,29,-0.000454822496977,29,-0.000866240472533,29,-0.00142889807466,29,0.001451044227,29,0.00289164949208,29,0.00178689381573,29,0.00198685494252,28,0.00307562830858,2016-08-26
2016-08-26,288,-0.062406873287,12,0,0.0039604161866,29,0.00737892556936,29,0.00377428950742,29,0.00142964208499,29,0.000672061520163,28,0.000865412177518,29,-0.00261613423936,29,0.000564626592677,29,0.000622615742031,29,0.00123089761473,28,-0.00272951857187,2016-08-29
2016-08-29,289,0.166351715635,11,7,-0.000753310217988,29,-0.00108520325739,29,-0.00312599446625,29,0.000218189990846,29,-0.000877922982909,29,0.000697061943356,29,0.00184618600179,29,0.00187964888755,29,0.00117540976498,29,0.00173134671059,28,0.00248465692857,2016-08-30
2016-08-30,288,-0.112501778384,12,7,0.00397284887731,29,0.00832732580602,29,0.00372557598166,29,0.00248230737634,29,0.00344195752405,28,0.000758171081543,29,0.00191516301129,29,-0.00147627142724,29,0.00092862395104,29,0.00216306955554,28,-0.00180977932177,2016-08-31
2016-08-31,288,0.155248183304,12,16,-0.00759506830946,29,-0.0102555872872,29,-0.0139191355556,29,-0.0103978347033,29,-0.00945288967341,28,-0.00946518220007,29,-0.00934619922191,29,-0.00419497489929,29,-0.00561746023595,29,-0.00556904496625,28,0.00202602334321,2016-09-01
2016-09-01,287,-0.0229575044378,13,0,0.00438049947843,29,0.00410862825811,29,0.00243605626747,29,0.00245940685272,28,0.000337929552188,29,0.000426761049312,29,0.0001807383087,28,0.00356030254625,29,0.00215872609988,29,0.000970791501459,28,-0.00340970797697,2016-09-02
2016-09-02,287,0.366656949668,13,10,0.000901738123503,29,-0.0034174034372,29,-0.00220274715684,29,-0.00135724036954,28,0.0055337054655,29,0.00344848213717,29,0.00367289572023,28,0.00373298535123,29,0.00573435518891,29,0.00633611856028,28,0.00543438043678,2016-09-05
2016-09-05,288,0.0302892650054,12,2,0.010217580013,29,0.0101372841746,29,0.0121399983764,29,0.0097181815654,29,0.010142932646,28,0.00997222494334,29,0.00944219809026,29,0.00848787184805,29,0.0077172331512,29,0.0111151738092,28,0.000897593796253,2016-09-06
2016-09-06,290,0.0816880307735,10,41,0.00161519134417,29,-0.00621386850253,29,-0.00470670359209,29,-0.00272104656324,29,0.00137112673838,29,0.000817041960545,29,0.00203564669937,29,-0.00349826039746,29,-0.000692501140293,29,-9.29791349336e-05,29,-0.00170817047911,2016-09-07
2016-09-07,290,0.117492204322,10,2,-0.00287097482942,29,-0.00168297206983,29,0.00127796258312,29,0.00263077230193,29,-0.000948161934502,29,0.00130911532324,29,-0.00154930970166,29,0.000431336200563,29,0.0016003374476,29,0.00117510557175,29,0.00404608040117,2016-09-08
2016-09-08,289,0.147836316625,11,8,-0.00842282455415,29,-0.0122659560293,29,-0.010884330608,29,-0.00429211417213,29,-0.0082881655544,29,-0.00869586132467,29,-0.00905303936452,29,-0.0061349356547,29,-0.0055832718499,29,-0.00676242355257,28,0.00166040100157,2016-09-09
2016-09-09,289,0.0252292015816,11,0,-0.0138463070616,29,-0.0234891362488,29,-0.0274109430611,29,-0.0246852189302,29,-0.019799252972,29,-0.0240477118641,29,-0.0185898952186,29,-0.0248686987907,29,-0.0192920286208,29,-0.0167517904192,28,-0.00290548335761,2016-09-12
2016-09-12,289,0.369923406301,11,0,-0.00665939040482,29,-0.00751969730482,29,0.00365933473222,29,0.00219189701602,29,0.00131926662289,29,0.00255447207019,29,0.0037054955028,29,0.000192224979401,29,0.000422237237217,29,0.0030909627676,28,0.00975035317242,2016-09-13
2016-09-13,289,0.0288435819409,11,4,-0.00730705680326,29,-0.00390079524368,29,-0.00610594917089,29,-0.00718080997467,29,-0.00542305456474,29,-0.00446350220591,29,-0.00441310508177,29,-0.00576311768964,29,-0.00686996150762,29,-0.00502920150757,28,0.00227785529569,2016-09-14
2016-09-14,287,0.0411620223502,13,4,0.00470495643094,29,0.00851153302938,29,0.00911394041032,29,0.011681326665,28,0.00950873736292,29,0.00926733855158,29,0.00845256913453,28,0.00776997534558,29,0.00715835345909,29,0.00670714909211,28,0.00200219266117,2016-09-19
2016-09-19,285,-0.035205288088,15,18,0.00178083672654,29,-0.000299055653159,28,-0.00298289791681,29,-0.00179303332698,28,0.000987868872471,29,-0.00315711973235,28,-0.000709628220648,29,-0.00310273678042,28,-0.00212385528721,29,-0.00203401269391,28,-0.00381484942045,2016-09-20
2016-09-20,286,0.124621277606,14,5,0.000308153947117,29,0.00574497738853,29,0.00120403722394,28,0.0018939335132,29,0.00356782553717,28,0.00257951021194,29,0.00295242574066,29,0.00258192629553,28,0.00207567424513,29,0.00404098862782,28,0.0037328346807,2016-09-21
2016-09-21,288,-0.0825518458001,12,6,0.00898975506425,29,0.0101608876139,29,0.00276492792182,29,0.00561487255618,29,0.00390123692341,28,0.00414891494438,29,0.00360424350947,29,0.00381719856523,29,0.00472764950246,29,0.00332130072638,28,-0.00566845433787,2016-09-22
2016-09-22,287,0.104814607651,13,0,-0.0110412156209,29,-0.00639441935346,29,-0.00505536189303,29,-0.00121756747831,28,-0.00277082272805,29,-0.00365636055358,29,-0.00224994984455,28,-0.00462253112346,29,-0.00303236977197,29,-0.00332154124044,28,0.0077196743805,2016-09-23
2016-09-23,286,0.289114041059,14,2,-0.0221370868385,29,-0.0275188535452,29,-0.0220897626132,28,-0.0217736139894,29,-0.0172885712236,28,-0.0190231315792,29,-0.0162838846445,29,-0.0170650072396,28,-0.0195662099868,29,-0.0140638947487,28,0.0080731920898,2016-09-26
2016-09-26,286,-0.219434594646,14,0,0.00845690444112,29,0.00856008846313,29,0.0108453100547,28,0.0104227000847,29,0.00807581376284,28,0.00788788776845,29,0.00637673120946,29,0.00559815531597,28,0.00523144192994,29,0.00405415054411,28,-0.00440275389701,2016-09-27
2016-09-27,285,0.145203961648,15,45,-0.00467917649075,29,-0.00363330123946,28,-0.00324195623398,29,-0.00269707618281,28,-0.00588221987709,29,-0.0016741475556,28,-0.00271730590612,29,-0.00372469425201,28,-0.00350419618189,29,-0.00077107764082,28,0.00390809884993,2016-09-28
2016-09-28,284,0.180304645772,16,2,0.00413281563669,29,0.00307530374266,28,0.00364875583909,29,0.00326440157369,28,0.00204065651633,28,0.00529191829264,29,0.0025153842289,28,0.003615609603,29,0.00399023061618,28,0.00702728098258,28,0.00289446534589,2016-09-29
2016-09-29,284,-0.103503281365,16,4,0.00335498503409,29,0.00102710933425,28,0.00523889670148,29,0.00399320246652,28,0.00418612780049,28,0.003019859083,29,0.00294270692393,28,0.00197473075241,29,0.00345052569173,28,0.000534310936928,28,-0.00282067409717,2016-09-30
2016-09-30,283,-0.0300993410505,17,8,0.0103868534788,29,0.015518493019,28,0.0124576371163,28,0.0250534266233,29,0.0124878715724,28,0.0157824791968,28,0.0189902987331,29,0.0158294439316,28,0.0146954311058,28,0.0115787340328,28,0.00119188055396,2016-10-10
2016-10-10,282,0.0195339163717,18,32,0.00271626585163,29,0.00882510188967,28,0.0055806976743,28,0.00362655729987,28,0.00836364738643,28,0.00341015239246,29,0.000945140200201,28,0.0010390515672,28,0.00731379864737,28,0.00350395473652,28,0.000787688884884,2016-10-11
2016-10-11,284,0.050375473,16,20,-0.00399260874838,29,0.0012240196811,28,-0.00337608112022,29,0.00227209506556,28,-0.000380592682632,28,-0.00303541799076,29,-0.0040435558185,28,-0.00150855456013,29,-0.00210585119203,28,-0.00316948327236,28,0.000823125476018,2016-10-12
2016-10-12,287,0.206349172168,13,11,0.00126214476768,29,-0.0064514526166,29,0.00449997605756,29,0.00190300599206,28,0.00145446427632,29,0.00251033809036,29,0.00575287407264,28,0.00039432788617,29,0.00590300373733,29,0.00416568573564,28,0.00290354096796,2016-10-13
2016-10-13,287,0.180948740237,13,13,0.00441716657951,29,-0.00390520179644,29,0.00216835131869,29,0.000404196121963,28,-0.00212798453867,29,0.00109480170067,29,-0.000463136617327,28,0.00163203687407,29,0.000942604267038,29,0.00263026566245,28,-0.00178690091707,2016-10-14
2016-10-14,287,0.0312948107882,13,23,-0.00933039188385,29,-0.00625580130145,29,-0.00790664833039,29,-0.0123647134751,28,-0.00991981383413,29,-0.00808146689087,29,-0.0112405251712,28,-0.00961758382618,29,-0.00927730463445,29,-0.00600321823731,28,0.00332717364654,2016-10-17
2016-10-17,289,-0.0120038395383,11,0,0.0155030451715,29,0.018043037504,29,0.0179619137198,29,0.0180677417666,29,0.0142760565504,29,0.0153402620926,29,0.0153530919924,29,0.0146927256137,29,0.0133043648675,29,0.0133269773796,28,-0.00217606779188,2016-10-18
2016-10-18,289,0.0967827260078,11,38,0.00386750907637,29,-0.0058006066829,29,-0.00103650416713,29,-0.00285596260801,29,-0.00241918605752,29,-0.00269818515517,29,-0.000239873756072,29,0.000474705768283,29,-0.00114606367424,29,-0.00119484530296,28,-0.00506235437933,2016-10-19
2016-10-19,289,0.152443927151,11,4,-0.00103467295412,29,0.00390245579183,29,0.00160538125783,29,0.000318484060699,29,-0.00457334937528,29,0.000752274354454,29,0.00109508738387,29,0.000460723356809,29,0.00347499386407,29,0.00141411169898,28,0.0024487846531,2016-10-20
2016-10-20,289,0.263394819909,11,0,0.001383516239,29,-0.0090652378276,29,0.00497324904427,29,-0.00242680730298,29,-0.0017418655334,29,0.000978163559921,29,0.00287601654418,29,0.00405370583758,29,0.00248700985685,29,0.00321773975156,28,0.00183422351256,2016-10-21
2016-10-21,289,0.214427192869,11,8,0.00787025876343,29,0.00901065580547,29,0.0104721821845,29,0.0101934792474,29,0.0185638014227,29,0.0116947870702,29,0.018676020205,29,0.0173717699945,29,0.013865865767,29,0.0121486466378,28,0.00427838787436,2016-10-24
2016-10-24,289,-0.0706270151271,11,11,0.0090252822265,29,0.00193416047841,29,0.000794190797023,29,-0.00358370877802,29,0.00162803719286,29,-0.00283879856579,29,-0.00337770278566,29,-0.00145678687841,29,-0.000791999802459,29,0.0024188074749,28,-0.00660647475161,2016-10-25
2016-10-25,289,0.0353898663552,11,4,-0.00646676914766,29,-0.00242565828376,29,-0.00432209530845,29,-0.00455593876541,29,-0.00580667238683,29,-0.00585078587756,29,-0.00336816813797,29,-0.00543299410492,29,-0.00511729111895,29,-0.00533489882946,28,0.0011318703182,2016-10-26
2016-10-26,291,0.147546105757,9,4,-0.00332877039909,30,-0.00793904066086,29,-0.00106102228165,29,-0.00244733993895,29,-0.000747703248635,29,-0.00126925006043,29,-0.00160050392151,29,-0.00103199481964,29,0.000357983430149,29,-0.00203997921199,29,0.00128879118711,2016-10-27
2016-10-27,291,0.136161876036,9,6,-0.00891617313027,30,-0.00981124304235,29,-0.00376974302344,29,-0.00554397795349,29,-0.00441120192409,29,-0.00319538661279,29,-0.00632392149419,29,-0.00447178911418,29,-0.00476673943922,29,-0.000791033788119,29,0.00812513934216,2016-10-28
2016-10-28,290,-0.0786834194502,10,2,7.31246254873e-05,29,-0.00247116340324,29,0.000767157005612,29,-0.00306659936905,29,0.00342351617292,29,-0.00356717361137,29,-0.00159896037076,29,-0.000235495899688,29,-0.00233383639716,29,-0.00504343863577,29,-0.00511656326125,2016-10-31
2016-10-31,290,-0.0163552140612,10,4,0.00453341007233,29,0.00752375880256,29,0.00529497675598,29,0.00865765102208,29,0.00707976985723,29,0.00397529872134,29,0.00947459600866,29,0.00635549938306,29,0.00459015183151,29,0.00693496735767,29,0.00240155728534,2016-11-01
2016-11-01,290,0.18285128104,10,28,-0.00783893745393,29,-0.00572504242882,29,-0.00865241978317,29,-0.0104257548228,29,-0.00738422013819,29,-0.0118272835389,29,-0.00713247479871,29,-0.00684805354103,29,-0.0053836228326,29,-0.00491832057014,29,0.00292061688378,2016-11-02
2016-11-02,290,0.0681169461348,10,0,0.00695003289729,29,0.0127701144665,29,0.0102175576612,29,0.00983594823629,29,0.00861089210957,29,0.011883684434,29,0.011526436545,29,0.0103985602036,29,0.00602107401937,29,0.00536224339157,29,-0.00158778950572,2016-11-03
2016-11-03,290,0.0540889696108,10,4,-0.00144019618165,29,-0.00718028983101,29,-0.0042587867938,29,-0.00391551945359,29,-0.00445300154388,29,-0.00324634439312,29,-0.00554339867085,29,-0.00387355987914,29,-0.00379869434983,29,-0.00365316448733,29,-0.00221296830568,2016-11-04
2016-11-04,290,0.0640810101241,10,0,0.000197420857148,29,0.000695987022482,29,-0.00108855136205,29,0.00122191582341,29,0.0016076277243,29,0.00229239673354,29,0.00247924076393,29,0.00428944826126,29,0.000818437547423,29,0.000199305606657,29,1.88474950846e-06,2016-11-07
2016-11-07,290,0.150861751422,10,9,0.00145242130384,29,0.0024859555997,29,0.00250663212501,29,0.0087001407519,29,0.00711497990415,29,0.00640934891999,29,0.00494557619095,29,0.00531594734639,29,0.0072648092173,29,0.00506377033889,29,0.00361134903505,2016-11-08
2016-11-08,289,-0.036927130758,11,10,0.00572891486809,29,-0.00867117661983,29,-0.00877809710801,29,-0.010472079739,29,-0.0050333859399,29,-0.00822688359767,29,-0.00622756732628,29,-0.0108753684908,29,-0.0117836901918,29,-0.00887590646744,28,-0.0146048213355,2016-11-09
2016-11-09,289,0.0499051111466,11,4,0.00810866151005,29,0.0135264378041,29,0.0109858494252,29,0.0166558511555,29,0.0198232755065,29,0.0152521319687,29,0.0130848921835,29,0.0111121395603,29,0.012391127646,29,0.0111902700737,28,0.00308160856366,2016-11-10
2016-11-10,290,0.0308548685075,10,9,0.0108159920201,29,0.00605651037768,29,0.00539005408064,29,0.0112216183916,29,0.017166968435,29,0.00970788206905,29,0.0156498830765,29,0.00945919100195,29,0.0190276280046,29,0.0050327447243,29,-0.00578324729577,2016-11-11
2016-11-11,291,-0.147903999873,9,21,0.00725968880579,30,0.00419845059514,29,0.00367923430167,29,0.0105906967074,29,0.0130057167262,29,0.0100854877383,29,0.0074622570537,29,0.00221495167352,29,0.00104708306026,29,0.00272892252542,29,-0.00453076628037,2016-11-14
2016-11-14,290,0.292207106491,10,3,-0.00752498582006,29,-0.00432078167796,29,-0.0026661506854,29,-0.000340284983395,29,-0.00230136420578,29,-0.000669947999995,29,0.00298441690393,29,0.00587434414774,29,0.00482907798141,29,0.00175740802661,29,0.00928239384666,2016-11-15
2016-11-15,290,0.20966106735,10,6,-0.0029462473467,29,-0.00297943898477,29,0.000919775688089,29,0.00108368438669,29,0.00201347167604,29,-0.00149940617848,29,0.0013041702332,29,0.00134866195731,29,0.000353889219696,29,0.00238703237846,29,0.00533327972516,2016-11-16
2016-11-16,288,-0.172169693966,12,4,0.00301039637998,29,0.00776261091232,29,8.41350411065e-05,29,0.00275414367206,29,0.00578922452405,28,0.00320413615555,29,0.00112080981489,29,-0.00121224950999,29,-0.00390061829239,29,-0.00175642117392,28,-0.0047668175539,2016-11-17
2016-11-17,289,0.301810073135,11,15,-0.00733289821073,29,-0.0142320701852,29,-0.0102576818317,29,-0.0112770628184,29,-0.0131649235263,29,-0.00761923287064,29,-0.00634760269895,29,-0.00414786068723,29,-0.004309495911,29,-0.00221669883467,28,0.00511619937606,2016-11-18
2016-11-18,289,0.0525533837034,11,0,0.00795366801322,29,0.00632849661633,29,0.00403610989451,29,0.00362393981777,29,0.00679907109588,29,0.00532384170219,29,0.0022482459899,29,0.00463171256706,29,0.00625769002363,29,0.00729825021699,28,-0.000655417796224,2016-11-21
2016-11-21,289,-0.085633754667,11,5,0.00707917800173,29,0.0153016056865,29,0.00908634997904,29,0.0105149950832,29,0.00793117471039,29,0.00722558517009,29,0.00733209680766,29,0.00679727876559,29,0.00634610233828,29,0.00980296544731,28,0.00272378744557,2016-11-22
2016-11-22,289,0.2802671762,11,20,-0.00246852217242,29,-0.0053202859126,29,-0.00899206940085,29,-0.00666389567778,29,-0.00749775441363,29,-0.00284056831151,29,0.000546765746549,29,-8.75427795108e-05,29,0.00313896755688,29,0.00603046780452,28,0.00849898997694,2016-11-23
2016-11-23,289,-0.0162889754722,11,3,0.00700933579355,29,0.00405392376706,29,0.00392236607149,29,0.00480349734426,29,0.000321008003084,29,0.00250963307917,29,-0.000237064115936,29,0.0037148760166,29,0.00225478620268,29,0.000274362304481,28,-0.00673497348907,2016-11-24
2016-11-24,289,0.0770111806805,11,4,0.00825484469533,29,0.00750854099169,29,0.00912790093571,29,0.00513578485698,29,0.0104072364047,29,0.00534636387601,29,0.0102361999452,29,0.00730285374448,29,0.00875453930348,29,0.0067688995041,28,-0.00148594519123,2016-11-25
2016-11-25,289,-0.0827543947837,11,19,0.00611586216837,29,0.00748784793541,29,0.0108053125441,29,0.00271800463088,29,0.00268751988187,29,0.00801454950124,29,0.00706318113953,29,0.000306984467898,29,0.00208857143298,29,0.00273701548576,28,-0.00337884668261,2016-11-28
2016-11-28,286,0.129807403773,14,4,-0.00185319269076,29,-0.0022613981273,29,0.00232607545331,28,0.0077309072949,29,0.0108706736937,28,0.00136180373374,29,0.00235829898156,29,0.00501582259312,28,0.000530146295205,29,0.0094811571762,28,0.011334349867,2016-11-29
2016-11-29,287,0.25968417729,13,3,-0.0058131464757,29,-0.0126784322783,29,-0.0155373606831,29,-0.0112316440791,28,-0.0119440574199,29,-0.00700810877606,29,-0.00579935545102,28,-0.0031889306847,29,-0.00151023163926,29,-0.000818092899863,28,0.00499505357584,2016-11-30
2016-11-30,287,0.0659931176374,13,0,0.000884442473762,29,0.00503103295341,29,0.0118649993092,29,0.0163443982601,28,0.00990491732955,29,0.00900073908269,29,0.0142876822501,28,0.0103437136859,29,0.00786520726979,29,0.0022751709912,28,0.00139072851744,2016-12-01
2016-12-01,288,0.249436342999,12,11,-0.0112263392657,29,-0.0171879418194,29,-0.0181301366538,29,-0.0115875871852,29,-0.010598776862,28,-0.0133515987545,29,-0.0154431937262,29,-0.0100160343572,29,-0.00259248143993,29,-0.00793944764882,28,0.00328689161688,2016-12-02
2016-12-02,287,0.335251142598,13,2,-0.0372711569071,29,-0.0244793836027,29,-0.0221646185964,29,-0.0125133926049,28,-0.0211667940021,29,-0.00547099299729,29,-0.00425975443795,28,-0.00161037361249,29,-0.00146906124428,29,-0.00279869348742,28,0.0344724634197,2016-12-05
2016-12-05,286,0.193049318657,14,0,-0.00856193620712,29,-0.00690707052127,29,-0.0110933035612,28,-0.00470111705363,29,-0.00369407446124,28,-0.00228071631864,29,-0.00274997344241,29,-0.00517675513402,28,-0.00148182082921,29,-0.000244717521127,28,0.00831721868599,2016-12-06
2016-12-06,285,-0.211620076533,15,3,0.007951608859,29,0.0116741126403,28,0.0136964749545,29,0.00987759884447,28,0.0095855165273,29,0.0109554063529,28,0.00759946089238,29,0.00308997929096,28,0.00426685996354,29,0.00164985226002,28,-0.00630175659899,2016-12-07
2016-12-07,285,0.285866383527,15,30,-0.00724181020632,29,-0.0106587726623,28,-0.011323608458,29,-0.00329731823877,28,-0.00609804829583,29,-0.00554297631606,28,-0.00286828656681,29,-0.00292181759141,28,-0.00217860331759,29,-0.000387298205169,28,0.00685451200115,2016-12-08
2016-12-08,287,-0.264264948994,13,2,0.00530877010897,29,0.0128620201722,29,0.00289021269418,29,0.00391925219446,28,0.00243048835546,29,0.000692258647177,29,0.00399747909978,28,-0.00292008696124,29,-0.00378983188421,29,-0.00277967331931,28,-0.00808844342828,2016-12-09
2016-12-09,288,-0.0228384868918,12,0,-0.0293155368418,29,-0.0337796099484,29,-0.0292661711574,29,-0.0388180725276,29,-0.0342825762928,28,-0.0313669145107,29,-0.0293524097651,29,-0.0285018216819,29,-0.0346480458975,29,-0.0389778874815,28,-0.0096623506397,2016-12-12
2016-12-12,288,0.0120926924013,12,0,0.00456931861117,29,0.00405884813517,29,0.00391629664227,29,0.00461675180122,29,0.00195923447609,28,0.00153822323773,29,0.00794062297791,29,0.00387707259506,29,0.00284188566729,29,-0.000219640991418,28,-0.00478895960259,2016-12-13
2016-12-13,289,0.158918765751,11,5,-0.0104454075918,29,-0.0116850137711,29,-0.00929809827358,29,-0.01049183961,29,-0.0109950304031,29,-0.00853831972927,29,-0.00835687760264,29,-0.00704600475729,29,-0.00245954445563,29,-0.00427699927241,28,0.00616840831935,2016-12-14
2016-12-14,288,-0.110967435994,12,0,-0.00533130252734,29,-0.000445495388703,29,-0.000823929382022,29,0.00200193701312,29,-0.00477326987311,28,-0.00244368962012,29,-0.00157887570094,29,-0.00574268773198,29,-0.00709381792694,29,-0.0053634964861,28,-3.21939587593e-05,2016-12-15
2016-12-15,287,0.0128390209794,13,0,0.000435339985415,29,0.00756089854985,29,0.00230644084513,29,0.00507965916768,28,0.00594384083524,29,0.00283652963117,29,0.00343992235139,28,0.00358287827112,29,0.00521017145365,29,0.00133416696917,28,0.000898826983757,2016-12-16
2016-12-16,287,0.0617129515284,13,14,-0.00405336869881,29,-0.00272172898985,29,-0.00343745131977,29,-0.00499394116923,28,-0.0077640702948,29,-0.00319954240695,29,0.00166504085064,28,-0.00297687994316,29,-0.00222562928684,29,-0.00479672849178,28,-0.000743359792978,2016-12-19
2016-12-19,287,0.0686982648183,13,3,-0.0111406585202,29,-0.0051342905499,29,-0.00271547259763,29,-0.00455615995452,28,-0.00499045848846,29,-0.0049825720489,29,-0.00434437394142,28,-0.00444973539561,29,-0.00458662258461,29,-0.00620919885114,28,0.00493145966902,2016-12-20
2016-12-20,286,-0.00118777700263,14,4,0.0080875530839,29,0.00968100037426,29,0.0153472553939,28,0.0159125160426,29,0.00929623190314,28,0.0117416791618,29,0.0122829247266,29,0.0102258278057,28,0.0104109868407,29,0.00850865710527,28,0.00042110402137,2016-12-21
2016-12-21,288,-0.0705410646797,12,17,0.000668233842589,29,0.000603908090852,29,0.000566412636545,29,1.25704136735e-05,29,-0.000159148665261,28,-0.00357125140727,29,0.000799131812528,29,7.06911087036e-05,29,-0.00499716307968,29,-0.00212986138649,28,-0.00279809522908,2016-12-22
2016-12-22,289,0.0334418812202,11,3,-0.00733002088964,29,-0.0144509896636,29,-0.00926584005356,29,-0.00472424784675,29,-0.00616030441597,29,-0.0140210865065,29,-0.0106985792518,29,-0.0108384611085,29,-0.00802933145314,29,-0.00737191084772,28,-4.18899580836e-05,2016-12-23
2016-12-23,288,0.0369618964905,12,0,0.00660018902272,29,0.000259855703916,29,0.00631199637428,29,3.10231916956e-05,29,0.00310871866532,28,0.00382482795976,29,0.0052279275842,29,0.00303496769629,29,0.00346426921897,29,0.00435814028606,28,-0.00224204873666,2016-12-26
2016-12-26,289,0.0692569101878,11,24,-0.00457491539419,29,-0.00280413334258,29,-0.0021978165023,29,-0.00261649792083,29,-0.00257764197886,29,-0.00128124700859,29,-0.00183200836182,29,-0.00439872825518,29,0.000267310388153,29,-0.00281101465225,28,0.00176390074193,2016-12-27
2016-12-27,290,0.173440993237,10,0,-0.00349967437796,29,-0.00441775424406,29,-0.00748962163925,29,-0.0063048209995,29,-0.00747445551679,29,-0.00638898089528,29,-0.00388993485831,29,-0.00250920350663,29,-0.00215639732778,29,-0.0016535212053,29,0.00184615317266,2016-12-28
2016-12-28,289,0.0506858412808,11,2,-0.00690908450633,29,0.000189528378542,29,0.00235476787202,29,0.00161770905834,29,-0.00414738757536,29,0.000119723124953,29,0.00232142629102,29,-0.00143374863546,29,-0.0012313661864,29,-0.00148571387399,28,0.00542337063234,2016-12-29
2016-12-29,289,0.194642023933,11,6,-0.00165411108173,29,-0.000656345800962,29,0.00123736157548,29,-0.00209196889773,29,0.00425123143941,29,0.00154080474749,29,0.00210039573722,29,0.00422480609268,29,0.00337101682089,29,0.006936237216,28,0.00859034829773,2016-12-30
2016-12-30,288,0.121420628631,12,12,0.00882653146982,29,0.00904043763876,29,0.00690656062216,29,0.00821655616164,29,0.00784206390381,28,0.0101109500974,29,0.0071131978184,29,0.0120738558471,29,0.0123347928748,29,0.0094892019406,28,0.000662670470774,2017-01-03
2017-01-03,288,0.0304292695334,12,6,0.00964964274317,29,0.00930603407323,29,0.00723483832553,29,0.00763239106163,29,0.00854242686182,28,0.0109424488619,29,0.00689249206334,29,0.0105645721778,29,0.0137691535056,29,0.00654134806246,28,-0.00310829468071,2017-01-04
2017-01-04,288,0.127788602993,12,23,0.000337465055054,29,-0.00378901790828,29,0.0010724972235,29,-0.00321088777855,29,0.00163226888981,28,0.00208764034323,29,0.0045547792688,29,-0.00179876957554,29,0.000900798826478,29,0.00219247164205,28,0.00185500658699,2017-01-05
2017-01-05,288,-0.0447499007039,12,4,-0.00560600170866,29,-0.00335940206423,29,-0.00502351019531,29,-0.00433251773939,29,-0.00784373935312,28,-0.00294430088252,29,-0.00623099971563,29,-0.00801226403564,29,-0.00531708775088,29,-0.00827069114894,28,-0.00266468944028,2017-01-06
2017-01-06,288,-0.0501991745775,12,0,0.00432455120608,29,0.0111379129812,29,0.0117941871285,29,0.00475889258087,29,0.00214301678352,28,0.00543680088595,29,0.00245717260987,29,0.00915570091456,29,0.00517289992422,29,0.00409842608497,28,-0.000226125121117,2017-01-09
2017-01-09,288,0.278403105049,12,17,-0.00628032581881,29,-0.0063356696628,29,-0.00809179339558,29,1.41406881085e-05,29,0.000961823097896,28,-0.000687991734594,29,-0.000469435908599,29,-0.00149314571172,29,-0.000672284921166,29,0.00134176225401,28,0.00762208807282,2017-01-10
2017-01-10,288,0.209963939376,12,2,-0.0113271391019,29,-0.00982175208628,29,-0.010562678799,29,-0.0146970972419,29,-0.00845034234226,28,-0.00925594568253,29,-0.0044201714918,29,-0.00590491900221,29,-0.00580054335296,29,-0.00551427900791,28,0.00581286009401,2017-01-11
2017-01-11,288,0.119774819106,12,0,-0.00629317760468,29,-0.00837205443531,29,-0.00838533323258,29,-0.00964171532542,29,-0.0117166573182,28,-0.00963532086462,29,-0.00664258189499,29,-0.00763050233945,29,-0.00594900827855,29,-0.00454633357003,28,0.00174684403464,2017-01-12
2017-01-12,288,0.082934469448,12,2,-0.00269139627926,29,-0.0104353241622,29,-0.00782989617437,29,-0.00596558442339,29,-0.00433317897841,28,-0.00582431908697,29,-0.00733201066032,29,-0.00360818975605,29,-0.00155285105575,29,-0.000902844301891,28,0.00178855197737,2017-01-13
2017-01-13,286,-0.469284211567,14,5,0.00940287485719,29,0.00795687641948,29,-0.00112972303759,28,0.000836314808112,29,-0.0125894714147,28,-0.00726628722623,29,-0.021212246269,29,-0.0192611627281,28,-0.0242867004126,29,-0.0164717547596,28,-0.0258746296167,2017-01-16
2017-01-16,286,0.369746172796,14,0,-0.00377602619119,29,0.000850457581691,29,-0.00530543923378,28,0.00220381398685,29,0.0101951314136,28,0.00752475159243,29,0.0076597169973,29,0.0109070492908,28,0.00790980178863,29,0.00491119502112,28,0.00868722121231,2017-01-17
2017-01-17,286,0.269045696634,14,12,-0.00181925704237,29,-0.00252506043762,29,-0.00483649130911,28,-0.00243322807364,29,-0.00138415186666,28,0.00315768551081,29,0.00536934053525,29,0.00855682324618,28,0.00334749557078,29,0.00366392522119,28,0.00548318226356,2017-01-18
2017-01-18,286,0.0692987381986,14,3,-0.0012760264799,29,-0.00525796832517,29,-0.00505843106657,28,-0.00243177078664,29,-0.00278892903589,28,8.91418312676e-05,29,-0.00366586446762,29,-0.000281546788756,28,-0.00418455246836,29,-0.0015044787433,28,-0.0002284522634,2017-01-19
2017-01-19,286,-0.152824985415,14,0,0.0130580831319,29,0.0116858240217,29,0.0125818187371,28,0.00908930785954,29,0.0109932292253,28,0.00941757112741,29,0.00974890030921,29,0.00776109518483,28,0.00836591236293,29,0.00680080289021,28,-0.0062572802417,2017-01-20
2017-01-20,287,-0.0513010089866,13,12,0.00416284194216,29,0.00659397942945,29,0.00468023261055,29,0.00479813339189,28,0.00335112516768,29,0.00728892860934,29,0.00471472507343,28,0.00692762807012,29,0.00397419510409,29,0.000905371154658,28,-0.0032574707875,2017-01-23
2017-01-23,287,0.144981897678,13,5,-0.00413142424077,29,-0.000987215316854,29,-0.000969237298705,29,-0.00340811046772,28,-0.0019126040861,29,-0.00252113677561,29,-0.00366646051407,28,0.00127761322074,29,-0.00257991510443,29,0.00361051945947,28,0.00774194370024,2017-01-24
2017-01-24,287,0.136755503394,13,4,0.000708980835043,29,6.13044030615e-05,29,0.00405204482377,29,0.00457490328699,28,0.00330317835324,29,0.00451416196302,29,0.00726141268387,28,0.00521410955116,29,0.00460852636024,29,0.0020151543431,28,0.00130617350806,2017-01-25
2017-01-25,287,0.00518977204621,13,17,0.000745382800233,29,0.00727488659322,29,0.00239210296422,29,0.00663891853765,28,0.00870306510478,29,0.00471997447312,29,0.0067189252004,28,0.00287129753269,29,0.00442784838378,29,0.00292391213588,28,0.00217852933565,2017-01-26
2017-01-26,286,0.138467595738,14,8,-0.0120135191828,29,-0.00595967331901,29,-0.00633363658562,28,-0.00476393429562,29,-0.00398993259296,28,-0.00407979823649,29,-0.000768386060372,29,-0.00475989934057,28,-0.000788328994531,29,-0.00635588401929,28,0.00565763516352,2017-02-03
2017-02-03,285,-0.0918443962208,15,3,0.00702297268435,29,0.00565146747977,28,0.00173102982808,29,0.0061156260781,28,0.00771152786911,29,0.00398235255852,28,0.00508534070104,29,0.0043195313774,28,0.00430118432269,29,0.00133460550569,28,-0.00568836717866,2017-02-06
2017-02-06,286,0.111909358491,14,16,-0.00239059631713,29,-0.00306824361905,29,-0.00212552514859,28,-0.00297143124044,29,-0.00364248245023,28,0.000317012454616,29,-0.0026445039548,29,-0.000911333714612,28,0.000855676073115,29,-0.00186074420344,28,0.000529852113687,2017-02-07
2017-02-07,286,0.113165517755,14,8,0.00268450682051,29,0.010406226851,29,0.00779239181429,28,0.00242320634425,29,0.0079973321408,28,0.00968183297664,29,0.00920174084604,29,0.00622963486239,28,0.00562466215342,29,0.00586094800383,28,0.00317644118331,2017-02-08
2017-02-08,286,-0.106439592663,14,35,0.00490043498576,29,0.00516024138778,29,0.00445099826902,28,0.00702217733487,29,0.00342414202169,28,0.00267966254614,29,0.00481336889789,29,0.0060102683492,28,0.00384244835004,29,0.00170262798201,28,-0.00319780700374,2017-02-09
2017-02-09,285,0.0910600768538,15,10,-0.0016954849707,29,0.00785520672798,28,0.00409321347252,29,0.0072665065527,28,0.00486021814868,29,0.0049690133892,28,0.0017117713578,29,0.00917134713382,28,0.00578098883852,29,0.00402695592493,28,0.00572244089562,2017-02-10
2017-02-10,285,0.0977200693821,15,8,0.00506321107969,29,0.00779731338844,28,0.00372011284344,29,0.0112252384424,28,0.00721613503993,29,0.00478758988902,28,0.00567599199712,29,0.00590200722218,28,0.00528007745743,29,0.00989470072091,28,0.00483148964122,2017-02-13
2017-02-13,284,0.208169034387,16,11,-0.00344182085246,29,-0.00233273417689,28,-0.00391716184095,29,0.000389882508898,28,0.0078555662185,28,0.00277809030376,29,0.00291846483015,28,0.00229761516675,29,0.00406577531248,28,0.00286350515671,28,0.00630532600917,2017-02-14
2017-02-14,285,0.433974331311,14,4,-0.0168040748686,29,-0.0144373308867,28,-0.00786541868001,29,-0.00898429285735,28,-0.0127595271915,29,-0.00783860031515,28,-0.00228660064749,29,-0.00432128133252,28,-0.0015041026054,29,-0.000735653273296,28,0.0160684215953,2017-02-15
2017-02-15,285,0.12955331793,14,0,0.00317344581708,29,0.00563916983083,28,0.011819800362,29,0.00806816387922,28,0.00611164234579,29,0.00515173794702,28,0.00906724389642,29,0.0064392387867,28,0.00589851476252,29,0.00676252366975,28,0.00358907785267,2017-02-16
2017-02-16,284,0.016468035033,15,10,-0.00546073913574,29,-0.00692170020193,28,-0.00919722300023,29,-0.00247344584204,28,-0.00992394797504,28,-0.00811405852437,29,-0.0058791488409,28,-0.00755516206846,29,-0.0063958549872,28,-0.00537972804159,28,8.10110941529e-05,2017-02-17
2017-02-17,283,0.00375329386083,16,0,0.013630813919,29,0.0121393501759,28,0.020033987239,28,0.015149159357,29,0.0165901239961,28,0.0131260734051,28,0.0117886494845,29,0.0166588518769,28,0.0142182242125,28,0.0109643293545,28,-0.00266648456454,2017-02-20
2017-02-20,283,0.0973235819897,16,32,0.00786495395005,29,0.00786174833775,28,0.00404521403834,28,0.00204997649416,29,0.00499541638419,28,0.00594425201416,28,0.00664774700999,29,0.00564483227208,28,0.00731452880427,28,0.0112981814891,28,0.00343322753906,2017-02-21
2017-02-21,282,0.0561080328204,17,10,-0.00174273294397,29,0.0047078197822,28,-0.000382072146749,28,0.00575557118282,28,0.00232817442156,28,0.00433627283201,29,0.00499407295138,28,0.00623255548999,28,0.00115260272287,28,-0.000239423345192,28,0.00150330959877,2017-02-22
2017-02-22,281,0.109515437544,18,12,-0.00590810272843,29,-0.00395827414468,28,-0.00888619665056,28,-0.00720117148012,28,0.000881554849911,28,-0.00859000254422,28,-0.00473235780373,28,-0.00582897430286,28,-0.00124182866421,28,-0.00188460305799,28,0.00402349967044,2017-02-23
2017-02-23,281,0.0845641037673,18,3,-0.00062788563082,29,-0.00231861649081,28,0.00101089687087,28,0.00701553281397,28,-0.00178565725219,28,0.00062695145607,28,0.00195127935149,28,0.000481484195916,28,0.00500080827624,28,0.00401975866407,28,0.00464764429489,2017-02-24
2017-02-24,281,0.0964380721264,18,14,-0.0104611245915,29,-0.00944607984275,28,-0.00773738976568,28,-0.00765813654289,28,-0.00994143355638,28,-0.0110737700015,28,-0.00656308652833,28,-0.00440919166431,28,-0.00832922104746,28,-0.00589622557163,28,0.0045648990199,2017-02-27
2017-02-27,281,-0.0119656538242,18,0,0.00248148944229,29,0.00819113012403,28,0.00421813968569,28,0.00202413112856,28,0.00566275184974,28,0.00399383669719,28,0.00217324704863,28,0.00370368361473,28,0.00350077659823,28,0.00260062306188,28,0.000119133619592,2017-02-28
2017-02-28,281,-0.025993695646,18,3,0.00759899197146,29,0.00489082513377,28,0.000973895192146,28,0.00337906600907,28,0.002905694535,28,0.00111942633521,28,0.0010720853461,28,0.00255243899301,28,0.000508163648192,28,0.000358147284715,28,-0.00724084468675,2017-03-01
2017-03-01,282,0.157832945474,17,4,-0.00870941206813,29,-0.00839339848608,28,-0.00950977019966,28,-0.00805506296456,28,-0.00642965734005,28,-0.00510738650337,29,-0.0068093156442,28,-0.00452841166407,28,-0.00590999843553,28,-0.0062599205412,28,0.00244949152693,2017-03-02
2017-03-02,282,-0.0457486876095,17,0,-0.000804646289907,29,-0.00158234790433,28,0.00169988407288,28,-0.00534931663424,28,-0.000697108276654,28,-0.00237368512899,29,-0.000126040409668,28,-0.000609348935541,28,-0.00302549568005,28,-0.00325348973274,28,-0.00244884344283,2017-03-03
2017-03-03,284,-0.0228928979388,15,7,0.00961190462112,29,0.00637844204903,28,0.0038063977845,29,0.0103738922626,28,0.00908926595002,28,0.0114420093596,29,0.00911009963602,28,0.00706006307155,29,0.00585343595594,28,0.00496245268732,28,-0.0046494519338,2017-03-06
2017-03-06,285,0.204621561746,14,21,-0.00153561297338,29,0.00089015281992,28,-0.00151947245467,29,-0.00311134965159,28,0.00111951294821,29,0.00436512054875,28,7.61069095461e-05,29,0.00161463452969,28,0.0011849978473,29,0.00517855584621,28,0.0067141688196,2017-03-07
2017-03-07,285,0.0894016431627,14,12,-0.00605026213452,29,-0.00476387375966,28,-0.00514149060473,29,-0.00388020486571,28,-0.00277903769165,29,4.51569030702e-05,28,-0.00101345370058,29,-0.0057710558176,28,-0.00419335719198,29,-0.000465384538984,28,0.00558487759554,2017-03-08
2017-03-08,285,0.0525161045344,14,9,-0.00837186072022,29,-0.00838279910386,28,-0.00762875331566,29,-0.0086171971634,28,-0.00801953393966,29,-0.00681952480227,28,-0.00766760949045,29,-0.00499022658914,28,-0.00914738886058,29,-0.006001946982,28,0.00236991373822,2017-03-09
2017-03-09,284,0.00173033338658,15,3,0.00821930542588,29,-0.00493695680052,28,0.00298994570039,29,0.000492462073453,28,0.00249385414645,28,-0.00391000322998,29,0.001629597391,28,-0.00322162080556,29,-0.00074126891559,28,-0.00110808864702,28,-0.0093273940729,2017-03-10
2017-03-10,283,-0.174029052101,16,2,0.00890275742859,29,0.0222953055054,28,0.00916488002986,28,0.0152585813776,29,0.0113337635994,28,0.00836922228336,28,0.00748715922236,29,0.00719738006592,28,0.00924681778997,28,0.00565691292286,28,-0.00324584450573,2017-03-13
2017-03-13,282,0.137797420225,17,37,-0.00219623581506,29,-3.70591878891e-05,28,-0.00580712081864,28,-0.00396656570956,28,-0.00200300128199,28,4.3735421059e-05,29,-0.00505273044109,28,-0.000298755505355,28,0.000569750147406,28,0.000251448567724,28,0.00244768438279,2017-03-14
2017-03-14,282,-0.0232254813128,17,5,0.00291435467079,29,-0.00026962798438,28,-0.000810712575912,28,0.00283028604463,28,0.00433630822226,28,0.00225334754214,29,0.000584828027058,28,0.00163265853189,28,0.000296777900076,28,0.000711081258487,28,-0.00220327341231,2017-03-15
2017-03-15,282,0.249476684718,17,10,0.00151222536806,29,0.0034731796477,28,0.00586868822575,28,0.00898251403123,28,0.00540489191189,28,0.00890498328954,29,0.00875899847597,28,0.00786568410695,28,0.0109280198812,28,0.00974192563444,28,0.00822970026638,2017-03-16
2017-03-16,284,0.276476120603,15,14,-0.0155837805942,29,-0.0136678563431,28,-0.0116168633103,29,-0.0143716204911,28,-0.0151033271104,28,-0.0119543056935,29,-0.00888378079981,28,-0.00998617056757,29,-0.00606671627611,28,-0.00783533509821,28,0.00774844549596,2017-03-17
2017-03-17,285,-0.0448119392134,14,0,-0.00130748958327,29,-0.00106620788574,28,0.0042639169842,29,0.00245963037014,28,0.00391422491521,29,0.00212888419628,28,-1.19188734971e-05,29,0.00014753852156,28,0.00476339133456,29,-0.00366090447642,28,-0.00235341489315,2017-03-20
2017-03-20,285,-0.175344576414,14,10,0.00877302046865,29,0.00590033829212,28,0.00374106504023,29,0.00575265707448,28,0.00696142576635,29,0.00265964004211,28,-0.00443078298122,29,0.00472860457376,28,-0.002236349741,29,-0.00131373957265,28,-0.0100867600413,2017-03-21
2017-03-21,285,-0.177431233928,14,8,-0.00357917882502,29,0.000621252809651,28,-0.00115079712123,29,-0.00589502695948,28,-0.00143831968307,29,-0.00770595436916,28,-0.0049221534282,29,-0.00847214274108,28,-0.00809499528259,29,-0.0106611102819,28,-0.00708193145692,2017-03-22
2017-03-22,284,0.0523664144138,15,2,0.00398743152618,29,0.00227326154709,28,0.00288042332977,29,0.00381831615232,28,0.00286470353603,28,0.000739305163734,29,0.000239985325607,28,0.000818930799142,29,0.00413527246565,28,0.00367461564019,28,-0.000312815885991,2017-03-23
2017-03-23,284,0.118196322691,15,4,0.00745279202238,29,0.00118608772755,28,0.00820933934301,29,0.00568280462176,28,0.010667196475,28,0.012572475709,29,0.0107406396419,28,0.00499545503408,29,0.00958842225373,28,0.00859778281301,28,0.00114499079064,2017-03-24
2017-03-24,284,0.0405835501919,15,16,-0.00311384326778,29,-0.000942326034419,28,-0.00708967866376,29,-0.00294996169396,28,-0.00324843404815,28,-0.00306039024144,29,-0.000951647758484,28,-0.00498531805351,29,-0.00287329731509,28,-0.00094111263752,28,0.00217273063026,2017-03-27
2017-03-27,284,0.0416055453632,15,3,-0.00269731576554,29,-0.00562303420156,28,-0.003975761123,29,-0.00344674079679,28,-0.0018388479948,28,-0.000629729242064,29,-0.00424113217741,28,-0.00119833904319,29,-0.00235709547997,28,-0.00354688498192,28,-0.000849569216371,2017-03-28
2017-03-28,285,-0.0955186556476,14,6,0.001808822155,29,0.000570084375795,28,-0.00451355334371,29,-0.00347111490555,28,0.00216884445399,29,-0.00031738835969,28,-0.0043910862878,29,-0.00354572711512,28,-0.00390447839163,29,-0.00316979852505,28,-0.00497862068005,2017-03-29
2017-03-29,284,0.039854988947,15,3,-0.0137830050662,29,-0.0129803400487,28,-0.013222778216,29,-0.00992325134575,28,-0.00793334841728,28,-0.0100655797869,29,-0.0139012830332,28,-0.0142653994262,29,-0.0121150100604,28,-0.00570640619844,28,0.00807659886777,2017-03-30
2017-03-30,287,-0.0457102753811,12,0,0.0026750236284,29,0.0094473073259,29,0.00352370319888,29,0.00595094263554,28,0.000738715287298,29,0.00900424737483,29,0.00631148461252,28,0.00427495408803,29,0.000617670593783,29,0.00363683281466,28,0.000961809186265,2017-03-31
2017-03-31,286,0.139212163387,13,14,0.0159320812672,29,0.0140683380887,29,0.0245841741562,28,0.0159798506647,29,0.0255050063133,28,0.0222778264433,29,0.019265556708,29,0.024336585775,28,0.0167709514499,29,0.0167890749872,28,0.000856993719935,2017-04-05
2017-04-05,284,0.0434318912606,15,25,0.016902083531,29,-5.67116912862e-05,28,0.00165381922852,29,0.0020890343003,28,0.00224832328968,28,-0.00312458444387,29,-0.00136445031967,28,0.00198201881722,29,0.00941282697022,28,0.00408094888553,28,-0.0128211346455,2017-04-06
2017-04-06,285,0.199551647454,14,13,0.0147802298889,29,-0.000887323694769,28,-0.00565157691017,29,0.000281129556242,28,0.00684519903734,29,0.00300610926934,28,0.0019008332165,29,0.00354152708314,28,0.00459588179365,29,0.000400047225412,28,-0.0143801826634,2017-04-07
2017-04-07,284,-0.127530601946,15,10,0.0125922029838,29,0.00605164235458,28,-0.00330494181253,29,-0.00919314753264,28,-0.00450263498351,28,0.00064882740844,29,-0.00988243985921,28,-0.0109361428767,29,-0.00728322332725,28,-0.00700953835621,28,-0.01960174134,2017-04-10
2017-04-10,284,-0.103923075524,15,8,0.0290498360991,29,0.00755782844499,28,0.0074702440761,29,0.0034172066953,28,-0.00234698830172,28,0.00638004438952,29,0.00899004470557,28,0.00765003822744,29,0.0109981317073,28,0.00172494992148,28,-0.0273248861777,2017-04-11
2017-04-11,285,0.0328212114804,14,23,0.00469846557826,29,-0.00197581737302,28,-0.00668265903369,29,-0.00692815426737,28,-0.00581284845248,29,-0.0139238489792,28,-0.00182691938244,29,0.000220918227569,28,-0.00296113826334,29,0.00125089287758,28,-0.00344757270068,2017-04-12
2017-04-12,285,-0.139532298004,14,2,0.00743372086436,29,0.0116401715204,28,0.0104625960812,29,0.00100135372486,28,0.000658012693748,29,-0.00153463648167,28,-0.000621076265816,29,-0.00190159888007,28,-0.00233238725923,29,0.00496426643804,28,-0.00246945442632,2017-04-13
2017-04-13,283,0.107522842469,16,6,-0.0089236330241,29,-0.0104329567403,28,-0.012059090659,28,-0.0136040924117,29,-0.0081970943138,28,-0.00934492237866,28,-0.00882887654006,29,-0.0114895123988,28,-0.00836379826069,28,-0.00622098799795,28,0.00270264502615,2017-04-14
2017-04-14,282,0.0355736756214,17,0,-0.0131506677717,29,-0.0109251821414,28,-0.00358811882325,28,-0.00971130188555,28,-0.00227173534222,28,-0.00537915062159,29,0.000543649715837,28,-0.00761998537928,28,-0.00258126435801,28,-0.00193774909712,28,0.0112129186746,2017-04-17
2017-04-17,284,-0.062627581859,15,4,-0.00168234319426,29,-0.0096004223451,28,-0.0050072115846,29,-0.00808657519519,28,-0.00622157985345,28,-0.00601074798033,29,-0.00489974441007,28,-0.00417333655059,29,-0.011895775795,28,-0.00964114069939,28,-0.00795879750513,2017-04-18
2017-04-18,283,-0.169366547784,16,0,-0.00239245849662,29,-0.00256153312512,28,-0.00918637681752,28,-0.00778563274071,29,-0.00608881050721,28,-0.0118567692116,28,-0.00998605508357,29,-0.00884047150612,28,-0.00854889210314,28,-0.00765466457233,28,-0.00526220607571,2017-04-19
2017-04-19,281,-0.117526067888,18,4,0.00483701564372,29,0.00198135641403,28,0.000344255153323,28,0.00213282438926,28,0.00985170248896,28,0.00741911167279,28,0.00710443500429,28,0.00463830772787,28,-0.0020377933979,28,-0.00625927746296,28,-0.0110962931067,2017-04-20
2017-04-20,279,0.235728070575,20,10,-0.00265075685456,28,-0.00905602704734,28,-0.00365983159281,28,-0.00254985480569,28,0.000615222088527,28,-0.00313101080246,28,0.00236645131372,28,0.00343919871375,28,0.0046609705314,28,0.00705384323373,27,0.0097046000883,2017-04-21
2017-04-21,278,-0.344964092589,21,3,-0.00299571664073,28,-0.00484623014927,28,-0.0117902439088,28,-0.0107811586931,28,-0.0213745608926,27,-0.0147868264467,28,-0.0271815620363,28,-0.021315138787,28,-0.0227695871145,28,-0.0224450975657,27,-0.0194493809249,2017-04-24
2017-04-24,278,0.242240085169,21,2,-0.00647099548951,28,-0.00482945982367,28,-0.000789433717728,28,0.000918748148251,28,0.00836968887597,27,0.00749705731869,28,0.00261589465663,28,0.00104640424252,28,0.000331135728629,28,0.000170230865479,27,0.00664122635499,2017-04-25
2017-04-25,279,-0.0100881041094,20,4,-0.00705239828676,28,0.0100941145793,28,0.00463582808152,28,0.00149989768397,28,0.00162810087204,28,0.0005389409489,28,0.0033466219902,28,-0.00264338520356,28,-0.000856872124132,28,0.00226341583766,27,0.00931581412442,2017-04-26
2017-04-26,279,-0.0293750923851,20,4,-0.00978016387671,28,0.00124034495093,28,0.000836289371364,28,-0.000120335389511,28,0.0114356921986,28,0.00155263079796,28,-0.00313212838955,28,0.000454253371572,28,0.00115607888438,28,-0.0036174764391,27,0.00616268743761,2017-04-27
2017-04-27,280,-0.0332383971118,19,8,-0.00881437491626,28,0.00304324924946,28,0.00354440091178,28,1.35238678922e-05,28,0.00573710445315,28,0.00725949043408,28,1.53354230861e-05,28,0.00102998956572,28,-0.00451334239915,28,-0.00138664455153,28,0.00742773036472,2017-04-28
2017-04-28,280,0.0462619844124,19,20,-0.00790838710964,28,-0.00231194496155,28,-0.00650185579434,28,-0.00522293150425,28,-0.00521381851286,28,-0.00499129947275,28,-0.00463393330574,28,-0.00435220543295,28,-0.00676156580448,28,-0.00211078347638,28,0.00579760363325,2017-05-02
2017-05-02,280,0.0510562437681,19,3,-0.0222415607423,28,-0.00232781050727,28,-0.00397321162745,28,-0.00277359993197,28,-0.00473231915385,28,-0.000205729695153,28,-0.00214445171878,28,-0.00527985813096,28,-0.00451920926571,28,-0.00352459726855,28,0.0187169634737,2017-05-03
2017-05-03,281,0.00475564715041,18,3,-0.0109695792198,29,0.00095768913161,28,-0.00275046704337,28,-0.00414819363505,28,0.00390820857137,28,-0.00529638770968,28,-0.00626662373543,28,-0.00317782792263,28,-0.00231207045726,28,-0.00650080805644,28,0.00446877116337,2017-05-04
2017-05-04,281,-0.135680916913,18,4,-0.0129677057266,29,-0.00480266986415,28,-0.0102014523,28,-0.00827215798199,28,-0.0111367059872,28,-0.0117502510548,28,-0.00848174095154,28,-0.0102109694853,28,-0.0199895445257,28,-0.0125873368233,28,0.000380368903279,2017-05-05
2017-05-05,281,-0.280682483187,18,5,0.00165684474632,29,0.00168638571631,28,-0.0174704585224,28,-0.0129392547533,28,-0.0170832443982,28,-0.0113178538159,28,-0.0119104702026,28,-0.0144769595936,28,-0.0152950584888,28,-0.010919473134,28,-0.0125763178803,2017-05-08
2017-05-08,281,0.375243179253,18,5,-0.0102703142911,29,-0.00805659405887,28,-0.00186961679719,28,-0.000256165862083,28,0.00146539940033,28,0.0074711823836,28,4.50972984254e-05,28,0.00974053982645,28,0.00363315013237,28,0.000385214167181,28,0.0106555284583,2017-05-09
2017-05-09,281,0.261532168313,18,14,-0.0176374204457,29,-0.0161924082786,28,-0.0214785039425,28,-0.0165692027658,28,-0.0236287806183,28,-0.0086222011596,28,-0.0138412695378,28,-0.00994969252497,28,-0.00726660247892,28,-0.00342321395874,28,0.0142142064869,2017-05-10
2017-05-10,281,-0.217988885735,18,0,0.00272095808759,29,0.00647765398026,28,0.00819484051317,28,0.000138155053719,28,0.00121714174747,28,0.00186474190559,28,-0.00188025832176,28,-0.00516305444762,28,-0.00692727090791,28,-0.000246050098212,28,-0.00296700818581,2017-05-11
2017-05-11,280,0.0374132241746,19,6,0.00187897041906,28,0.00490176444873,28,0.00492829503492,28,0.0024345559068,28,0.000371888279915,28,0.00233127805404,28,0.00622129440308,28,0.00718395644799,28,-0.00306378724054,28,0.0078564863652,28,0.00597751594614,2017-05-12
2017-05-12,280,0.0897228296523,19,11,0.00418977206573,28,0.00306693348102,28,-0.00249224691652,28,0.00757763441652,28,0.00521197076887,28,0.0041900598444,28,0.00737747130916,28,0.00152406096458,28,0.00216750591062,28,0.00743769528344,28,0.00324792321771,2017-05-15
2017-05-15,279,-0.235121590036,20,5,0.0164690501988,28,0.0154506582767,28,0.0251761041582,28,0.0147313857451,28,0.0114463102072,28,0.0144996577874,28,0.0134596657008,28,0.0120156155899,28,0.00901064276695,28,0.00207111565396,27,-0.0143979345448,2017-05-16
2017-05-16,278,-0.305300075097,21,48,0.00200464460067,28,0.00375929684378,28,0.00209444970824,28,0.00236862478778,28,-0.000550592376385,27,0.00354445842095,28,0.00146236584987,28,-0.00288410065696,28,-0.00578209757805,28,-0.01011188142,27,-0.0121165260207,2017-05-17
2017-05-17,278,0.226351909053,21,5,-0.0102650718763,28,-0.00390854245052,28,-0.00834585912526,28,-0.00895349867642,28,-0.00421540392563,27,-0.000389863329474,28,-0.00309136719443,28,-0.00148578418884,28,-0.00346977147274,28,-0.004914696794,27,0.00535037508234,2017-05-18
2017-05-18,278,0.00686441114364,21,3,0.00218486576341,28,-0.00431366683915,28,0.00306091574021,28,0.000722763768863,28,-0.00281997071579,27,0.00394804542884,28,-0.00109165266622,28,0.00147666037083,28,0.00269664824009,28,-0.00388838397339,27,-0.0060732497368,2017-05-19
2017-05-19,280,0.0850686159118,19,7,-0.00383705762215,28,-0.0160309374332,28,-0.00533505622298,28,-0.00865629315376,28,-0.0037514695432,28,-0.00343801290728,28,-0.00523895677179,28,-0.005618351046,28,0.000273253244814,28,-0.00827631354332,28,-0.00443925592117,2017-05-22
2017-05-22,281,-0.34425171759,18,5,0.0018006748287,29,0.00575976911932,28,0.00617718696594,28,-0.00895921885967,28,-0.00798752717674,28,-0.0163048934191,28,-0.020966950804,28,-0.0115820067003,28,-0.0166788306087,28,-0.00986489001662,28,-0.0116655648453,2017-05-23
2017-05-23,281,0.244860674709,18,4,-0.00258419848979,29,-0.0010888108518,28,-0.00150497048162,28,0.00506561761722,28,-3.42726707458e-05,28,0.00324056413956,28,0.00679774349555,28,0.00622697593644,28,0.0060157799162,28,0.00333260418847,28,0.00591680267826,2017-05-24
2017-05-24,281,0.0975139915301,18,20,0.0125214559957,29,0.0116206957027,28,0.0125066954643,28,0.0177605599165,28,0.0105338264257,28,0.0123827522621,28,0.0176544878632,28,0.0209059286863,28,0.0163073334843,28,0.0183834526688,28,0.00586199667305,2017-05-25
2017-05-25,280,0.104657585664,19,10,-0.00126965774689,28,-0.00387179641984,28,0.000760559516493,28,-0.00326779065654,28,-0.00120989547577,28,0.000582032953389,28,-0.000547732634004,28,-0.00406065350398,28,-0.00145935162436,28,0.00359139055945,28,0.00486104830634,2017-05-26
2017-05-26,279,0.0950917256661,20,0,0.000767880235799,28,0.00102331384551,28,0.00564442574978,28,0.0061542307958,28,0.00593579234555,28,0.00217524170876,28,0.0057983524166,28,0.00535506661981,28,0.00281333294697,28,0.00597125524655,27,0.00520337501075,2017-05-31
2017-05-31,278,-0.238415262251,21,4,0.00633328501135,28,0.000110736917122,28,-0.00222942861728,28,-0.00680494960397,28,-0.015134440735,27,-0.016274869442,28,-0.00725381495431,28,-0.00858627725393,28,-0.0088417250663,28,-0.00908912532032,27,-0.0154224103317,2017-06-01
2017-06-01,277,0.350353799054,22,2,-0.00847532041371,28,-0.00753425061703,28,0.000244679191383,28,0.00726584391668,27,0.000199202986551,28,0.0125632630661,28,0.00682391505688,27,0.00859355274588,28,0.00439648330212,28,0.00234252004884,27,0.0108178404626,2017-06-02
2017-06-02,276,-0.540082291945,23,7,0.0080372588709,28,0.00971755385399,28,0.00839604716748,27,0.00416900450364,28,0.00344460993074,27,0.00139035494067,28,0.000323949119775,28,-0.0100483894348,27,-0.00844188872725,28,-0.00954305008054,27,-0.0175803089514,2017-06-05
2017-06-05,275,0.0815318477331,24,5,-0.000901028513908,28,0.00307215587236,27,0.010498566553,28,0.00839725881815,27,0.00526638096198,28,0.00769137218595,27,0.00657569523901,28,0.00461677042767,27,0.00504261674359,28,0.00353975198232,27,0.00444078049622,2017-06-06
2017-06-06,274,-0.13191905286,25,18,0.0186740905046,28,0.0127851944417,27,0.0211930405349,28,0.0172390025109,27,0.0144787365571,27,0.0146822696552,28,0.0171260908246,27,0.0107212318107,28,0.0132306506857,27,0.0132256615907,27,-0.00544842891395,2017-06-07
2017-06-07,274,0.186522616237,25,15,0.00157254503574,28,0.00102937221527,27,-0.000298842787743,28,-0.000677563541103,27,0.000659178826027,27,0.00190570100676,28,0.00728083308786,27,0.00514334440231,28,0.00884276628494,27,0.0074333040975,27,0.00586075906176,2017-06-08
2017-06-08,273,0.0859247761554,26,4,0.00149871618487,28,0.00175254873466,27,0.00227800337598,27,0.00332288024947,28,0.00254122866318,27,0.00209889374673,27,0.00479293521494,28,0.00225367373787,27,0.0035933831241,27,0.00280794175342,27,0.00130922556855,2017-06-09
2017-06-09,273,0.192444392639,26,3,-0.00999674014747,28,-0.00536418613046,27,-0.0101776784286,27,-0.00468993606046,28,-0.0114836292341,27,-0.0104329278693,27,-0.00437365891412,28,-0.000394108123146,27,-0.0025245458819,27,-0.00235764845274,27,0.00763909169473,2017-06-12
2017-06-12,275,0.128119664752,24,0,0.00723997410387,28,0.00411193445325,27,0.00995095912367,28,0.00325077120215,27,0.0141194928437,28,0.00814255513251,27,0.0122089534998,28,0.0084614912048,27,0.00932931248099,28,0.00745354965329,27,0.000213575549424,2017-06-13
2017-06-13,276,-0.126873278552,23,6,-0.00909348670393,28,-0.0037738296669,28,7.28103841539e-05,27,-0.00637916382402,28,-0.00948670133948,27,-0.00353256496601,28,-0.00986806582659,28,-0.00883018784225,27,-0.0111868828535,28,-0.0102152470499,27,-0.001121760346,2017-06-14
2017-06-14,276,-0.196959053327,23,0,0.00866438262165,28,0.0053783506155,28,0.0125761786476,27,0.00293912854977,28,0.0055831274949,27,0.000807879201602,28,0.00385804893449,28,0.00155494827777,27,0.000175446271896,28,0.000348097761162,27,-0.00831628486048,2017-06-15
2017-06-15,277,0.10679703687,22,11,-0.00565481418744,28,-0.00428077578545,28,-0.0057931416668,28,0.00117749418132,27,-0.000407478626585,28,0.00414726976305,28,-0.00150469713844,27,0.000341440958437,28,-0.00185006647371,28,-0.00437211571261,27,0.00128269847482,2017-06-16
2017-06-16,276,0.169853892217,23,3,0.0014204105828,28,0.0104234497994,28,0.00730845658109,27,0.00591755984351,28,0.0065071452409,27,0.00884361751378,28,0.00991177093238,28,0.0103691350669,27,0.00880671199411,28,0.0105805685744,27,0.00916015799157,2017-06-19
2017-06-19,276,0.145669409665,23,20,-0.000619730795734,28,-0.00603462103754,28,-0.00183206354268,27,-0.00068582809763,28,-0.00280644721352,27,-0.00459735933691,28,0.000262726622168,28,0.000339856866049,27,0.000138387084007,28,0.00240419083275,27,0.00302392162848,2017-06-20
2017-06-20,277,0.1084333645,22,4,0.00338435382582,28,0.0082087283954,28,0.00873465836048,28,0.00845540687442,27,0.00992774777114,28,0.0093283103779,28,0.00879586581141,27,0.0102971242741,28,0.00533548835665,28,0.00562764517963,27,0.00224329135381,2017-06-21
2017-06-21,277,0.186358702176,22,17,-0.0124358432367,28,-0.00631101010367,28,-0.00342094898224,28,-0.00163232395425,27,-0.00278367102146,28,-0.00971249397844,28,-0.00661350181326,27,-0.00450957659632,28,0.000761144910939,28,0.0055935382843,27,0.018029381521,2017-06-22
2017-06-22,277,-0.270121462034,22,2,0.0111154681072,28,0.011327768676,28,0.0128809316084,28,0.00756489811465,27,0.00801284611225,28,0.00566841429099,28,0.00378682650626,27,0.00272300420329,28,-0.000803208793513,28,-0.00146770034917,27,-0.0125831684563,2017-06-23
2017-06-23,278,0.0750839659286,21,20,0.0175519138575,28,0.0128792626783,28,0.0137954372913,28,0.0172095112503,28,0.0134617909789,27,0.0122045064345,28,0.0210695359856,28,0.0111998086795,28,0.0189116150141,28,0.0159318353981,27,-0.00162007845938,2017-06-26
2017-06-26,278,0.163333752733,21,19,-0.00258606043644,28,0.000736956077162,28,-0.00190545408987,28,-0.00145726115443,28,0.000217071283259,27,0.00497734127566,28,0.00204076291993,28,0.00249456078745,28,0.00440868968144,28,0.00267818011343,27,0.00526424054988,2017-06-27
2017-06-27,277,0.22675864868,22,2,-0.0128500862047,28,-0.00479671591893,28,-0.00792564451694,28,-0.00486176973209,27,-0.0103254616261,28,-0.00554818147793,28,-0.00760494545102,27,-0.00423062266782,28,-0.00313373329118,28,-0.00366667238995,27,0.00918341381475,2017-06-28
2017-06-28,277,-0.0931129945704,22,0,0.00799779128283,28,0.00493812793866,28,0.00626551685855,28,0.0113816838712,27,0.00920275319368,28,0.00761977909133,28,0.00623561954126,27,0.00439068675041,28,0.00106305093504,28,0.00262152054347,27,-0.00537627073936,2017-06-29
2017-06-29,276,0.0338562494519,23,16,-0.000569445721339,28,0.00135056464933,28,-0.00174428138416,27,-0.000194530395675,28,0.00115923746489,27,-2.33203172684e-05,28,0.0043026143685,28,-0.00273227901198,27,0.00224989443086,28,0.00094703171635,27,0.00151647743769,2017-06-30
2017-06-30,282,0.222514938893,18,12,-0.00254221423529,29,-0.00174597545993,28,-0.0023671281524,28,-0.00170548900496,28,-0.00298757222481,28,0.0033814557828,29,0.00788022577763,28,0.00398964527994,28,0.00769901275635,28,0.00561349513009,28,0.00815570936538,2017-07-03
2017-07-03,283,-0.0319459856759,17,13,-0.00559336133301,29,-0.00564445974305,28,-0.00657848780975,28,-0.00676426198334,29,-0.00417864322662,28,-0.00759101146832,28,-0.00842717196792,29,-0.00742288166657,28,-0.0109510719776,28,-0.00309679773636,28,0.00249656359665,2017-07-04
2017-07-04,282,0.134731838081,18,5,0.00777038419619,29,0.00857724715024,28,0.0049319351092,28,0.0094793504104,28,0.0112168174237,28,0.0101879732683,29,0.00762066897005,28,0.00716419937089,28,0.00927953608334,28,0.00491179944947,28,-0.00285858474672,2017-07-05
2017-07-05,281,0.132043790904,19,19,-0.00177880609408,29,-0.00496600335464,28,0.00192657113075,28,-0.0011460930109,28,-0.000860857137013,28,0.00272828550078,28,0.00222973106429,28,-0.00128835439682,28,0.000173443128006,28,-0.000154576133355,28,0.00162422996073,2017-07-06
2017-07-06,281,0.0280613334896,19,6,0.00333886523731,29,0.00820255931467,28,0.00379766104743,28,0.000453657325124,28,0.00514340167865,28,-0.000630231865216,28,0.00244270265102,28,0.00427161809057,28,0.00251573533751,28,0.00256726355292,28,-0.000771601684391,2017-07-07
2017-07-07,280,-0.0649907191723,20,13,-0.00351851759478,28,0.00642735604197,28,-0.00157929316629,28,-0.000448727194453,28,-0.00350953009911,28,-0.00448447884992,28,-0.0042453831993,28,-0.00331718358211,28,-0.00490255421028,28,0.000451354047982,28,0.00396987164277,2017-07-10
2017-07-10,280,0.0549080190167,20,2,-0.00380795774981,28,-0.00122949690558,28,-0.00473290681839,28,-0.007002545055,28,-0.0101623237133,28,-0.00489908037707,28,-0.000838524545543,28,-0.00130059034564,28,-0.00445475336164,28,1.20805843835e-05,28,0.0038200383342,2017-07-11
2017-07-11,280,0.00136174651268,20,2,-0.00799554400146,28,-0.00175270438194,28,0.00537375872955,28,-0.00582139194012,28,0.00170142098796,28,0.000842948036734,28,-0.00519256945699,28,-0.00840053614229,28,-0.00134383782279,28,-0.00554278492928,28,0.00245275907218,2017-07-12
2017-07-12,280,0.370525580975,20,3,-0.00854559056461,28,-0.00115724757779,28,0.00344358175062,28,0.00540266698226,28,0.0119152860716,28,0.011929015629,28,0.00997197628021,28,0.00797793734819,28,0.0120612960309,28,0.0115376515314,28,0.020083242096,2017-07-13
2017-07-13,281,0.0496400779619,19,12,0.00265375291929,29,-0.000501521979459,28,0.000975157541689,28,0.0018819506513,28,0.0060370308347,28,0.00349883316085,28,0.00438065826893,28,0.00317358341999,28,-0.00797384791076,28,-0.00100208609365,28,-0.00365583901294,2017-07-14
2017-07-14,280,-0.253409400735,20,6,-0.00438772980124,28,-0.00995162967592,28,-0.026795713231,28,-0.0345673672855,28,-0.0315647237003,28,-0.0292534586042,28,-0.0335414782166,28,-0.0357468053699,28,-0.040215305984,28,-0.0257713831961,28,-0.0213836533949,2017-07-17
2017-07-17,280,0.033447293386,20,0,-0.0016742561711,28,0.00402903975919,28,0.00995865464211,28,0.00968086253852,28,0.00546084577218,28,0.00828021764755,28,0.00908016972244,28,0.00712521607056,28,0.00415623420849,28,0.00256985006854,28,0.00424410623964,2017-07-18
2017-07-18,280,-0.0974601836648,20,15,0.027274357155,28,0.020357048139,28,0.0234487373382,28,0.0162661205977,28,0.0260066594929,28,0.016139741987,28,0.0304808281362,28,0.0138585763052,28,0.0268161054701,28,0.0193755086511,28,-0.00789884850383,2017-07-19
2017-07-19,282,0.184835498518,18,18,-0.00027887368924,29,-0.000197052955627,28,0.00288270832971,28,0.00736300414428,28,0.00929219834507,28,0.00190847285558,29,0.00712851528078,28,0.00223389267921,28,0.00636554835364,28,0.00878831092268,28,0.00906718461192,2017-07-20
2017-07-20,282,0.0390863556101,18,4,0.000641919439659,29,-0.00289076566696,28,-0.00128136144485,28,0.00243786838837,28,-0.00318227079697,28,-0.000219143665163,29,-0.000637456774712,28,-0.000192114282981,28,0.00245827855542,28,-0.00368128507398,28,-0.00432320451364,2017-07-21
2017-07-21,282,0.0386949563059,18,0,-0.00011942715355,29,0.0028718453832,28,0.00548650091514,28,0.00406901305541,28,0.00239029526711,28,0.00303573231213,29,0.00207567634061,28,0.00211547315121,28,0.00343628646806,28,0.00301858782768,28,0.00313801498123,2017-07-24
2017-07-24,281,0.172239022107,19,0,-0.0068119475618,29,-0.0104403626174,28,-0.0116450488567,28,-0.00614692922682,28,-0.00539911026135,28,-0.00660516740754,28,-0.00414095167071,28,-0.00956710986793,28,-0.00375844538212,28,-0.00104555487633,28,0.00576639268547,2017-07-25
2017-07-25,281,-0.0131016984568,19,2,-0.00286224577576,29,-0.00274305045605,28,0.0016141065862,28,-0.00066024705302,28,-0.00307867140509,28,-0.00129709078465,28,-0.00304171233438,28,-0.00512592494488,28,-0.00259192497469,28,-0.00422096904367,28,-0.00135872326791,2017-07-26
2017-07-26,281,-0.070297144846,19,6,0.00418390706182,29,0.0150235276669,28,-0.00469171162695,28,0.0184092484415,28,0.0198026988655,28,0.013229274191,28,0.00345786544494,28,0.00379868270829,28,0.00387934059836,28,0.00504503306001,28,0.000861125998199,2017-07-27
2017-07-27,282,0.387487755596,18,9,-0.00448329467326,29,-0.00821530353278,28,-0.00568749662489,28,-0.00258230092004,28,0.00285881338641,28,0.00544434366748,29,0.00358545361087,28,0.00809395965189,28,0.00781291909516,28,0.00422878982499,28,0.00871208449826,2017-07-28
2017-07-28,284,-0.0713964732421,16,9,0.0214510560036,29,0.0124962907284,28,0.0077674924396,29,0.00429616868496,28,0.0101409638301,28,0.00978589430451,29,-0.000315959972795,28,0.00188679120038,29,0.00571175152436,28,0.00399990798905,28,-0.0174511480145,2017-07-31
2017-07-31,284,0.18489415251,16,9,-0.00734095927328,29,0.000299615523545,28,0.00520392553881,29,0.00191937817726,28,0.00902512855828,28,0.00436920532957,29,0.0110942525789,28,0.00467969430611,29,0.00343910278752,28,0.00807959306985,28,0.0154205523431,2017-08-01
2017-08-01,284,0.012100740842,16,8,-0.0081246169284,29,-0.00332390191033,28,-0.00698752049357,29,0.00189984694589,28,-0.000663604063448,28,-0.00127988029271,29,-0.0073332702741,28,-0.00291957729496,29,-0.00856806989759,28,-0.00770307006314,28,0.000421546865255,2017-08-02
2017-08-02,285,0.0116883064708,15,2,-0.000907244335394,29,0.000241650006501,28,-0.00328301568516,29,0.00136016949546,28,-0.00496821152046,29,-0.00812132004648,28,-0.00197606673464,29,-0.00199591042474,28,-0.00519797531888,29,-0.00276392698288,28,-0.00185668264749,2017-08-03
2017-08-03,285,0.0841065839574,15,5,-0.0115922093391,29,-0.00402466300875,28,0.000849209958687,29,0.00404928205535,28,-0.00602151826024,29,0.000323495682096,28,-0.00203289650381,29,-0.00389141915366,28,-0.00360470591113,29,-0.00462989509106,28,0.00696231424809,2017-08-04
2017-08-04,283,0.0594701466624,17,2,0.00155074021313,29,0.00191046507098,28,0.0217482950538,28,0.00631551491097,29,0.00719534512609,28,0.0033206960652,28,0.00239114509895,29,0.00489028636366,28,0.00388627615757,28,0.00582313537598,28,0.00427239516284,2017-08-07
2017-08-07,282,0.196313076276,18,8,-0.00172089296393,29,-0.00181324779987,28,-0.00105170265306,28,0.00857086665928,28,0.00434512551874,28,0.00479299668223,29,0.0115383034572,28,0.00659642880782,28,0.000779854424763,28,0.00508617516607,28,0.00680706813,2017-08-08
2017-08-08,282,0.311440013619,18,7,-0.00684306118637,29,-0.0127108711749,28,-0.00247021229006,28,-0.00527282711118,28,0.011028743349,28,0.00489958003163,29,0.00360691128299,28,0.000845398230013,28,0.00417725509033,28,0.00307833286934,28,0.00992139405571,2017-08-09
2017-08-09,282,0.285453802627,18,5,-0.0171461850405,29,-0.0127475159243,28,-0.0041611045599,28,0.000231855679885,28,-0.00241850945167,28,-0.00485552567989,29,-2.63282236119e-05,28,-0.00291496096179,28,-0.000469209888251,28,0.00153622881044,28,0.0186824138509,2017-08-10
2017-08-10,281,-0.0231973643312,19,2,-0.0175729710609,29,-0.0196980237961,28,-0.0226190499961,28,-0.0205156765878,28,-0.0206067152321,28,-0.0251155346632,28,-0.0171141829342,28,-0.0237851627171,28,-0.0151115907356,28,-0.0124229444191,28,0.00515002664179,2017-08-11
2017-08-11,281,0.0341650599127,19,3,0.00123642850667,29,0.0301174353808,28,0.0183484684676,28,0.0256678890437,28,0.0201645549387,28,0.0158550739288,28,0.0153775084764,28,0.0163262374699,28,0.0137942265719,28,0.0114937853068,28,0.0102573568001,2017-08-14
2017-08-14,281,0.153968388113,19,10,0.00377454631962,29,-0.00324514717795,28,-0.00114103092346,28,-0.00200555799529,28,0.00292572379112,28,0.00253022788092,28,0.00187679484952,28,0.00253348913975,28,0.00535130500793,28,0.00347346067429,28,-0.000301085645333,2017-08-15
2017-08-15,281,-0.043768441529,19,3,0.00234917947091,29,0.000920376623981,28,0.00408551748842,28,0.00575051968917,28,-0.00143900944386,28,0.00368630886078,28,0.00360745401122,28,-0.00125041173305,28,0.00106669752859,28,-0.00087980076205,28,-0.00322898023296,2017-08-16
2017-08-16,277,-0.0073718712846,23,5,0.0113371061161,28,0.0138803673908,28,0.00922785233706,28,0.00947601255029,27,0.00738067924976,28,0.00852711033076,28,0.0104916011915,27,0.00752886058763,28,0.00562677858397,28,0.00735013140365,27,-0.00398697471246,2017-08-17
2017-08-17,277,0.193020806709,23,15,-0.000733450055122,28,-0.00693241832778,28,-0.000313028693199,28,0.0011455968488,27,-0.00717857247218,28,-0.00638610543683,28,-0.00113948411308,27,-0.00493038352579,28,0.00665041385219,28,0.0041864933446,27,0.00491994339973,2017-08-18
2017-08-18,276,-0.0125585614665,24,3,0.00250018713996,28,0.0106261922047,28,0.00766577757895,27,0.00409328285605,28,0.00650836573914,27,0.00705601694062,28,0.00344935269095,28,0.00421251868829,27,0.00684796925634,28,0.00499782757834,27,0.00249764043838,2017-08-21
2017-08-21,278,0.0255627976912,22,12,-0.00206681666896,28,-0.00138683407567,28,-0.00757400458679,28,-0.00443362118676,28,-0.00763602834195,27,-0.000865744717885,28,0.000770051556174,28,-0.00623569311574,28,-0.00319075584412,28,-0.00319244456477,27,-0.00112562789582,2017-08-22
2017-08-22,278,0.163177780309,22,0,-0.00733855599537,28,-0.0133795142174,28,-0.00315083772875,28,-0.00354602304287,28,-0.00137672375422,27,-0.00262857112102,28,-0.00145133899059,28,-0.00132115185261,28,-2.43506256083e-05,28,0.000248487340286,27,0.00758704333566,2017-08-23
2017-08-23,279,0.0437088508124,21,0,-0.00736260833219,28,-0.00804936233908,28,-0.0097217047587,28,-0.0078783929348,28,-0.0149285728112,28,-0.0118588227779,28,-0.00428516510874,28,-0.00947760697454,28,-0.00883155874908,28,-0.00489868270233,27,0.00246392562985,2017-08-24
2017-08-24,279,0.0918516762629,21,0,0.012336211279,28,0.0161997620016,28,0.0156420376152,28,0.0156856589019,28,0.012354882434,28,0.0147551232949,28,0.0153855467215,28,0.0139922844246,28,0.0141871171072,28,0.0172196272761,27,0.00488341599703,2017-08-25
2017-08-25,280,-0.027266195893,20,9,0.00988266523927,28,0.0100518213585,28,0.0224923081696,28,0.0204120222479,28,0.0181293096393,28,0.0155794937164,28,0.020286211744,28,0.0159664154053,28,0.016219124198,28,0.00606687786058,28,-0.0038157873787,2017-08-28
2017-08-28,279,0.26805798204,21,8,-0.0100186485797,28,-0.00675902189687,28,-0.00466287136078,28,-0.00757369631901,28,0.00143180578016,28,-0.00716270925477,28,-0.00490461289883,28,-0.00101632520091,28,0.000355220254278,28,0.00165442179423,27,0.0116730703739,2017-08-29
2017-08-29,279,0.18501006092,21,4,-0.00862336996943,28,0.00426130648702,28,0.00703621981665,28,0.00513179833069,28,0.00188513100147,28,0.00119025364984,28,0.00167894572951,28,0.00190224184189,28,0.00572470668703,28,0.00362371955998,27,0.0122470895294,2017-08-30
2017-08-30,278,-0.0268381647578,22,5,-0.00289173633792,28,0.00439773499966,28,-0.00127856223844,28,0.00480371713638,28,0.00332590169273,27,0.00153188838158,28,-0.000617093290202,28,0.000434517860413,28,-0.00344458851032,28,-0.00108465226367,27,0.00180708407424,2017-08-31
2017-08-31,279,-0.239178603262,21,2,0.0113578718156,28,0.0106652444229,28,0.0113986777142,28,0.00837450567633,28,0.000384024198866,28,0.00134891062044,28,-0.000215777326957,28,0.000327310379362,28,0.000136958697112,28,-0.00178971781861,27,-0.0131475896342,2017-09-01
2017-09-01,281,-0.0490627918445,19,6,0.00855379272252,29,0.00754387257621,28,0.00851942133158,28,0.00825346168131,28,-0.00202996167354,28,0.00483253365383,28,0.00770079856738,28,0.00835760775954,28,0.000656236486975,28,0.000952260859776,28,-0.00760153186275,2017-09-04
2017-09-04,281,0.153327167405,19,11,-0.00285961083136,29,-0.0028957426548,28,-0.00230358960107,28,4.46566518804e-05,28,0.00169166713022,28,-0.00208549830131,28,0.00356865557842,28,-0.000523375638295,28,0.000887419504579,28,0.000337360164849,28,0.00319697099621,2017-09-05
2017-09-05,284,0.116308049172,16,4,-0.00340402731672,29,-0.00112074823119,28,0.00147742859554,29,0.0015188412508,28,0.000666616193485,28,-0.000707048806362,29,0.00331841409206,28,0.00711370725185,29,-0.00196808576584,28,0.00234475941397,28,0.00574878673069,2017-09-06
2017-09-06,283,0.371855783179,17,4,-0.0109430486336,29,-0.0138449268416,28,-0.0115599976853,28,-0.00831716880202,29,-0.0108060520142,28,-0.00825368706137,28,0.0022936463356,29,0.00326717318967,28,0.00223084003665,28,-0.00276529579423,28,0.0081777528394,2017-09-07
2017-09-07,284,-0.0742624470128,16,0,0.00177596148569,29,0.00117846264038,28,-0.000514147628564,29,-0.00137762294617,28,0.000523416034412,28,0.00307087856345,29,-0.00238654436544,28,-0.000441240845248,29,-0.00270059076138,28,0.000687096791808,28,-0.00108886469388,2017-09-08
2017-09-08,284,0.0549895479426,16,5,0.00375392730348,29,0.00328287482262,28,0.0111029520631,29,0.00518263457343,28,0.00331603200175,28,0.000785548123531,29,0.00598248001188,28,0.00531951710582,29,0.00180268497206,28,0.00322669744492,28,-0.000527229858562,2017-09-11
2017-09-11,284,0.0429933926517,16,10,-0.000699641357642,29,-0.00108917907346,28,-0.00290878885426,29,0.000227544995141,28,0.00235245702788,28,-0.000597657810431,29,-0.00107323913835,28,0.00140734994784,29,0.00370993139222,28,0.00114754901733,28,0.00184719037497,2017-09-12
2017-09-12,284,0.214681648414,16,4,0.00271533685736,29,-0.00641170796007,28,-0.000331800547428,29,0.00272309151478,28,0.00442485092208,28,-0.00149269972462,29,0.00285481335595,28,0.00394081044942,29,0.0013448552927,28,0.00378317059949,28,0.00106783374213,2017-09-13
2017-09-13,283,0.0462540415672,17,3,-0.00236836168915,29,0.0021385976579,28,-0.00282684830017,28,-0.00609698565677,29,-0.000308241171297,28,-0.00541844312102,28,0.000537095416803,29,0.00197052955627,28,-0.0031121224165,28,-0.00196973979473,28,0.000398621894419,2017-09-14
2017-09-14,283,-0.00875742198794,17,4,0.011243565008,29,-0.00136430561543,28,-0.00435640569776,28,-0.0106828147545,29,-0.00495525542647,28,-0.0038873872254,28,0.00103546422906,29,0.000621674291324,28,-0.00169734447263,28,0.000527068972588,28,-0.0107164960355,2017-09-15
2017-09-15,281,-0.034032916608,19,4,0.00504978979006,29,0.00458813365549,28,0.00571111915633,28,0.0114715481177,28,0.00514620775357,28,0.0108838807791,28,0.00513075711206,28,0.00320436060429,28,0.00485253101215,28,0.00221930863336,28,-0.00283048115671,2017-09-18
2017-09-18,281,0.291490370697,19,12,-0.00990449544042,29,-0.00789784733206,28,-0.00357888848521,28,-0.0064424937591,28,-0.00542895495892,28,-0.00518216611817,28,-0.00471484893933,28,-0.000341683626175,28,0.00100198597647,28,0.0023718860466,28,0.012276381487,2017-09-19
2017-09-19,283,-0.0707473593052,17,3,0.0133362477645,29,0.0109906215221,28,0.0030220001936,28,0.00453049549833,29,0.00117402209435,28,0.00789645500481,28,0.000565722060855,29,0.0051457262598,28,0.00562663376331,28,0.00143088831101,28,-0.0119053594535,2017-09-20
2017-09-20,283,0.188757823425,17,13,-0.0117922071368,29,-0.0108928894624,28,-0.0115909576416,28,-0.00284658838063,29,-0.00410319212824,28,-0.00723113771528,28,-0.00516470754519,29,-0.00459828134626,28,-0.00371558545157,28,-0.00206098589115,28,0.0097312212456,2017-09-21
2017-09-21,284,-0.0800563696089,16,0,-0.00324728153646,29,-0.00561062758788,28,0.0011646685889,29,-0.00495945150033,28,0.000904294021893,28,-0.00484952842817,29,-0.003832800081,28,-0.0074656503275,29,-0.00286221085116,28,-0.00255315215327,28,0.000694129383191,2017-09-22
2017-09-22,285,-0.142060680645,15,3,-0.00674374774098,29,-0.00186760083307,28,-0.0121791176498,29,-0.011318587698,28,-0.0127490404993,29,-0.0113877160475,28,-0.0136417681351,29,-0.0130609720945,28,-0.0111468965188,29,-0.00600463571027,28,0.000739112030715,2017-09-25
2017-09-25,288,0.0967399981367,12,0,-0.00244981050491,29,0.00131869723555,29,0.00589967612177,29,0.00174541107845,29,0.00561205623671,28,-0.00122683832888,29,0.00375949312001,29,0.00158503348939,29,0.00051147362683,29,-6.11160476183e-06,28,0.00244369890015,2017-09-26
2017-09-26,286,-0.211418452889,14,14,0.00338594056666,29,0.0127156907693,29,0.00958595704287,28,0.00566175673157,29,0.000410959124565,28,0.000121661301819,29,0.00357466517016,29,0.00338030490093,28,-0.00171544845216,29,-0.00259349821135,28,-0.00597943877801,2017-09-27
2017-09-27,286,0.0250520191159,14,4,-0.00395802780986,29,-0.000718815601431,29,-0.00295124319382,28,0.00164421473164,29,0.000178311558557,28,0.00154102256056,29,-8.00613706815e-05,29,-0.00400503631681,28,-0.00303239445202,29,-0.00402638083324,28,-6.835302338e-05,2017-09-28
2017-09-28,285,0.147635308862,15,0,0.00221882597543,29,-7.96530948719e-05,28,0.00350300804712,29,0.00788948964328,28,0.00565141625702,29,0.00476418854669,28,0.00888685695827,29,0.00508368667215,28,0.00475857779384,29,0.00362016470172,28,0.00140133872628,2017-09-29
2017-09-29,285,-0.0789012762071,15,5,0.00519058201462,29,0.0134636266157,28,0.013282504864,29,0.0184965915978,28,0.0172392372042,29,0.0122318882495,28,0.00963787361979,29,0.00991728715599,28,0.00729023991153,29,0.0073540317826,28,0.00216344976798,2017-10-09
2017-10-09,285,0.0490503007577,15,0,0.00155450357124,29,0.0080338800326,28,0.000674313516356,29,-0.000540614128113,28,0.00136761832982,29,0.00156663788948,28,0.0081182802096,29,0.00395174091682,28,0.00721388030797,29,0.00419799331576,28,0.00264348974451,2017-10-10
2017-10-10,285,0.15490553168,15,38,-0.000840041146148,29,-0.00265814992599,28,-0.00364608387463,29,-0.00629271985963,28,-0.00771649740636,29,0.00458766939119,28,-0.00162630039267,29,0.00292657525279,28,0.00359726976603,29,0.00396945001557,28,0.00480949116172,2017-10-11
2017-10-11,285,0.00866383548526,15,4,-0.00440001906827,29,0.0030872374773,28,-0.000974681868684,29,0.00239527225494,28,0.00269709178247,29,-0.00378036289476,28,0.00203978805803,29,-0.00145991786849,28,-0.00360396201722,29,-0.00215397565626,28,0.00224604341201,2017-10-12
2017-10-12,285,0.0216258086413,15,8,0.00517932511866,29,0.00132666318677,28,0.00966777652502,29,0.00367953511886,28,-0.000161752614076,29,0.00641118222848,28,0.00349432439543,29,0.001768425107,28,0.00275251781568,29,0.00121193693485,28,-0.00396738818381,2017-10-13
2017-10-13,286,0.218228765888,14,17,-0.00194307439961,29,-0.0227302573621,29,-0.00673122471198,28,-0.0151899764314,29,-0.0116856498644,28,-0.0106157045811,29,-0.00507934764028,29,-0.0048372107558,28,-0.0012405597372,29,-0.000557452440262,28,0.00138562195934,2017-10-16
2017-10-16,287,0.094272568149,13,3,-0.0127170085907,29,0.000276316859527,29,0.00111715542153,29,-0.00190334662329,28,0.0064418502152,29,0.000165474819369,29,-0.00160246237647,28,0.000195310029085,29,-0.00227100076154,29,-0.0019411125686,28,0.0107758960221,2017-10-17
2017-10-17,286,0.0751105781932,14,5,0.00749663636088,29,-9.38773155212e-05,29,0.00558171328157,28,0.00251922523603,29,-0.00355626852252,28,-0.00338090700097,29,0.00299059925601,29,0.00578687852249,28,0.00384590332396,29,0.00329264998436,28,-0.00420398637652,2017-10-18
2017-10-18,284,-0.389807954296,16,14,0.00564057845622,29,-0.00049217895139,28,-0.00433852337301,29,-0.00516764167696,28,-0.00211055995896,28,-0.0128633501008,29,-0.0140288127586,28,-0.0151415243745,29,-0.0187692902982,28,-0.014079272747,28,-0.0197198512033,2017-10-19
2017-10-19,284,0.2265355197,16,8,0.00137892260682,29,0.000279939587926,28,0.00477180583403,29,0.00879214052111,28,0.00421728612855,28,0.0069060716778,29,0.0111491065472,28,0.00593224680051,29,0.00853368453681,28,0.00668048625812,28,0.0053015636513,2017-10-20
2017-10-20,284,-0.149312886356,16,22,0.00106172310188,29,0.00226794183254,28,0.00418583070859,29,0.00437197927386,28,0.00747033953667,28,0.00258306390606,29,0.00586624443531,28,0.00308579206467,29,-0.00259931804612,28,-0.00448492821306,28,-0.00554665131494,2017-10-23
2017-10-23,284,0.149431187613,16,14,0.000476991321193,29,0.00931613799185,28,-0.000952852191404,29,0.00281640468165,28,0.00767845148221,28,0.00538910040632,29,0.00352218118496,28,0.00714474078268,29,0.00892912503332,28,0.00837262161076,28,0.00789563028957,2017-10-24
2017-10-24,283,0.219426474605,17,14,2.30402783927e-05,29,0.00091568910284,28,0.00161917298101,28,0.000736914807931,29,0.00746488803998,28,0.00688643334433,28,0.00501743052155,29,0.0030967912171,28,0.00973535422236,28,0.00430002156645,28,0.00427698128806,2017-10-25
2017-10-25,284,-0.0270910281621,16,11,0.00212788791396,29,0.00378071400337,28,0.0081713302061,29,0.00158135802485,28,4.32452980021e-05,28,-0.00173916690983,29,0.00345775065944,28,0.00413092458621,29,0.00379474251531,28,0.00273519335315,28,0.000607305439189,2017-10-26
2017-10-26,284,0.239061956285,16,9,-0.00578145310283,29,-0.010557634756,28,-0.0019445666112,29,-0.00371833564714,28,-0.0033067506738,28,0.00338349468075,29,0.00512995896861,28,-0.00426142802462,29,-0.000860003463458,28,0.00186568498611,28,0.00764713808894,2017-10-27
2017-10-27,283,-0.108080401095,17,4,-0.00765722803771,29,-0.00254366220906,28,-0.00659905793145,28,-0.0166680831462,29,-0.0064910906367,28,-0.0213097948581,28,-0.0159330312163,29,-0.017317596823,28,-0.0186073165387,28,-0.00377265247516,28,0.00388457556255,2017-10-30
2017-10-30,282,0.0306205624503,18,5,0.00262353755534,29,0.00852908845991,28,0.000457572081359,28,0.00426294980571,28,0.00393842998892,28,0.00437481421977,29,0.00424366770312,28,0.0015507361386,28,0.0041191726923,28,0.00293819815852,28,0.000314660603181,2017-10-31
2017-10-31,284,0.0972137305313,16,15,-0.00388325494714,29,-0.0032266122289,28,-0.00387320644222,29,-0.00192491500638,28,-0.00211390433833,28,0.00529229827225,29,-0.00200038519688,28,0.00286543369293,29,0.00228027370758,28,-0.00247486564331,28,0.00140838930383,2017-11-01
2017-11-01,284,0.0345543251426,16,3,-0.0057578496635,29,-0.00306764035486,28,-0.00400180043653,29,-0.00380885391496,28,0.00342278392054,28,-0.00544223887846,29,-0.00548884505406,28,2.81909415207e-05,29,-0.00353076844476,28,0.00011800442735,28,0.00587585409085,2017-11-02
2017-11-02,285,-0.0882119398582,15,6,-0.0047561917454,29,-0.00347416102886,28,-0.00249457359314,29,-0.00318778422661,28,-0.00229984521866,29,-0.00394276855513,28,-0.0085397073999,29,-0.0130725651979,28,-0.00436383672059,29,-0.00518988072872,28,-0.000433688983321,2017-11-03
2017-11-03,284,0.0636398332124,16,2,0.0084884641692,29,0.00387743324973,28,0.00529389129952,29,0.00829038023949,28,0.0103005748242,28,0.0132005177438,29,0.00349366245791,28,0.0116233685985,29,0.00237675872631,28,0.00321395904757,28,-0.00527450512163,2017-11-06
2017-11-06,285,0.10887398895,15,19,0.00468982895836,29,0.0054992204532,28,0.00641205394641,29,0.00476686889306,28,0.0077486266382,29,0.0103718554601,28,0.0151373045519,29,0.0119755817577,28,0.00577260926366,29,0.00806902348995,28,0.00337919453159,2017-11-07
2017-11-07,286,-0.00943100404411,14,13,0.00780316255987,29,0.00339232431725,29,0.000700224714819,28,0.00374501128681,29,0.00177059858106,28,-0.000794743653387,29,0.00666377646849,29,-0.00256466446444,28,-0.00211674580351,29,0.00356700387783,28,-0.00423615868203,2017-11-08
2017-11-08,287,-0.00673304701138,13,4,0.00154426181689,29,-0.00178775296081,29,0.00694634579122,29,0.013981891796,28,0.00308452383615,29,0.00977400876582,29,0.00253554759547,28,0.00409311056137,29,0.00200076354668,29,0.00411952612922,28,0.00257526431233,2017-11-09
2017-11-09,287,-0.241902073314,13,10,0.020564481616,29,0.00880199018866,29,0.00308673549443,29,0.00107244087849,28,0.00341308536008,29,0.00132316141389,29,9.95887166937e-05,28,-0.00344282388687,29,-0.00257610855624,29,-0.00404222961515,28,-0.0246067112312,2017-11-10
2017-11-10,287,-0.0522051076659,13,4,0.00841515604407,29,0.00205157534219,29,0.00320482859388,29,0.00790843367577,28,0.000977407209575,29,0.0085003208369,29,0.00431356672198,28,0.00135974015575,29,0.00113579735626,29,0.000713680463377,28,-0.00770147558069,2017-11-13
2017-11-13,287,-0.0270878086587,13,7,-0.000776105909608,29,-0.00326354964636,29,-0.00706074992195,29,-0.00708097452298,28,-0.00874732900411,29,-0.0100273611024,29,-0.00632271170616,28,-0.00570384599268,29,-0.00755218788981,29,-0.00715477112681,28,-0.0063786652172,2017-11-14
2017-11-14,287,0.264402285128,13,4,-0.0102374823764,29,-0.0174961164594,29,-0.0113036651164,29,-0.00856552552432,28,-0.0149806635454,29,-0.010555873625,29,-0.0105860400945,28,-0.00584711693227,29,-0.00303782057017,29,0.000491995888297,28,0.0107294782647,2017-11-15
2017-11-15,287,-0.272978857979,13,4,0.00879430118948,29,0.0100773060694,29,0.00810784101486,29,0.00151389627717,28,-8.22729052743e-05,29,-0.00897276774049,29,-0.000700041651726,28,-0.00837691500783,29,-0.00767247239128,29,-0.00990021694452,28,-0.018694518134,2017-11-16
2017-11-16,286,0.12487177432,14,3,-0.00627137674019,29,-0.0136558841914,29,-0.00420473935083,28,-0.0140076838434,29,-0.023692144081,28,-0.0148178478703,29,-0.0203872602433,29,-0.0119839245453,28,0.00528926495463,29,0.00653554499149,28,0.0128069217317,2017-11-17
2017-11-17,286,0.0489356758016,14,0,-0.000752422318328,29,-0.0011790394783,29,-0.00199885247275,28,0.00426573585719,29,0.0197138655931,28,0.0100217889994,29,0.0102878483012,29,0.00642001209781,28,0.00624951021746,29,-0.00172410055529,28,-0.000971678236965,2017-11-20
2017-11-20,285,0.115833208617,15,15,0.0125987958163,29,0.00646446412429,28,0.00904297828674,29,0.0140453362837,28,0.0116704637185,29,0.0153564792126,28,0.00810194201767,29,0.0134333567694,28,0.00719642220065,29,0.0194860510528,28,0.00688725523651,2017-11-21
2017-11-21,285,0.33244491254,15,12,-0.0133256400004,29,-0.00215083989315,28,-0.000100900389953,29,-0.000940938072745,28,0.00764427520335,29,-0.00205414625816,28,0.0104545680806,29,0.0102262264118,28,0.00833660364151,29,0.00940458010882,28,0.0227302201092,2017-11-22
2017-11-22,285,0.144519682488,15,5,-0.0236798524857,29,-0.0204951651394,28,-0.0383378639817,29,-0.0286300331354,28,-0.0293062217534,29,-0.0313427969813,28,-0.0307971257716,29,-0.028249990195,28,-0.0176631771028,29,-0.015371831134,28,0.0083080213517,2017-11-23
2017-11-23,285,0.167200832927,15,0,-0.00399493565783,29,0.000100103869045,28,0.000762074138038,29,-0.00443345075473,28,0.00486958026886,29,0.00578526081517,28,0.00304153258912,29,0.00533977150917,28,0.00301826419309,29,0.00296261697076,28,0.00695755262859,2017-11-24
2017-11-24,285,0.0199526721282,15,6,-0.0157308466733,29,-0.0118974233046,28,-0.0102417096496,29,-0.0110992062837,28,-0.0107889706269,29,-0.0240263603628,28,-0.0138823287562,29,-0.0129193468019,28,-0.0101566808298,29,-0.00591923063621,28,0.00981161603704,2017-11-27
2017-11-27,286,0.22655922481,14,2,-0.0057612452656,29,0.005527284462,29,0.0110232913867,28,0.0115349004045,29,0.00823659542948,28,0.00381024740636,29,0.0129044717178,29,0.0110591333359,28,0.00970432441682,29,0.00549008790404,28,0.0112513331696,2017-11-28
2017-11-28,286,-0.0303401860472,14,17,-0.00137061288115,29,-0.0013831545366,29,-0.00115668983199,28,0.00482076825574,29,0.00232484936714,28,0.00324081350118,29,-0.00256728706881,29,-0.00126168341376,28,-0.00171659118496,29,0.00143915845547,28,0.00280977133662,2017-11-29
2017-11-29,285,0.361877663188,15,9,-0.0114900115877,29,-0.0127677470446,28,-0.0169898923486,29,-0.00956060644239,28,-0.0152155142277,29,-0.00912854261696,28,-0.00454608537257,29,-0.00854422990233,28,-0.000820963527076,29,-0.00313216657378,28,0.00835784501396,2017-11-30
2017-11-30,285,-0.0231558429376,15,0,0.00172764062881,29,0.0087643135339,28,0.00510588195175,29,0.00106686144136,28,0.00309943733737,29,0.00495488289744,28,0.0057715466246,29,0.00363098713569,28,0.00314880651422,29,0.00160064233933,28,-0.000126998289488,2017-12-01
2017-12-01,285,0.0268067946674,15,5,-2.40658882831e-05,29,-0.00945458281785,28,-0.00170228187926,29,0.0035597064998,28,-0.00522357830778,29,0.00146969093475,28,-0.00512767443433,29,-0.00560985086486,28,-0.00171885197051,29,-0.00576890772209,28,-0.0057448418338,2017-12-04
2017-12-04,284,-0.244355570877,16,3,0.0044675138779,29,-0.00347194285132,28,0.00253881677054,29,-0.00692948698997,28,-0.00161997333635,28,-0.0193588919938,29,-0.00970542896539,28,-0.00297998962924,29,-0.013578097336,28,-0.011820637621,28,-0.0162881514989,2017-12-05
2017-12-05,284,0.219642640855,16,0,-0.0106302788481,29,-0.00109378562775,28,0.00214243750088,29,-0.000561188382562,28,0.00365048018284,28,0.00693341577426,29,0.00712824705988,28,0.00681291986257,29,0.00308569194749,28,-0.0026128271129,28,0.00801745173521,2017-12-06
2017-12-06,286,0.0981748263952,14,16,-0.0105838403106,29,-0.0101704243571,29,-0.0041735493578,28,-0.00731069454923,29,-0.00730290357023,28,0.000479211070342,29,-0.00453690206632,29,-0.00974627863616,28,-0.00614158855751,29,-0.00518627045676,28,0.00539756985381,2017-12-07
2017-12-07,286,-0.0108480389106,14,5,0.00799825508147,29,0.00645544007421,29,0.00791838299483,28,0.00750587508082,29,0.00721108913422,28,0.00957995001227,29,0.0050459522754,29,0.00636160373688,28,0.00343095650896,29,0.00285995425656,28,-0.00513830082491,2017-12-08
2017-12-08,285,-0.461159996464,15,7,0.0222393739969,29,0.0202216953039,28,0.0185595974326,29,0.017339322716,28,0.0163273271173,29,0.0109771294519,28,0.00784506089985,29,0.0135201197118,28,0.00166331895161,29,0.000215102525544,28,-0.0220242714713,2017-12-11
2017-12-11,285,0.0631316495669,15,21,-0.0100277932361,29,-0.0123280985281,28,-0.0134509392083,29,-0.0117052281275,28,-0.0127005288377,29,-0.013413278386,28,-0.0134488651529,29,-0.0132245058194,28,-0.0103169716895,29,-0.00933396816254,28,0.00069382507354,2017-12-12
2017-12-12,285,-0.294641727094,15,0,0.00650478247553,29,0.012586787343,28,0.0167723111808,29,0.00930214952677,28,0.00772074796259,29,0.00504292128608,28,0.00311748520471,29,0.00155949802138,28,-0.000709963263944,29,0.000915261276532,28,-0.005589521199,2017-12-13
2017-12-13,284,-0.16092685422,16,14,-0.00330499745905,29,-0.00245920033194,28,-0.00168068241328,29,-0.00752998469397,28,-0.000747691316064,28,-0.00405523506925,29,-0.00459338724613,28,-0.00454108277336,29,-0.00712985638529,28,-0.00841821916401,28,-0.00511322170496,2017-12-14
2017-12-14,283,0.143321740025,17,2,-0.0133645469323,29,-0.00862116646022,28,-0.00843653548509,28,-0.00691378721967,29,-0.00946199055761,28,-0.00660695135593,28,-0.00360000948422,29,-0.00445638177916,28,-0.00629151938483,28,-0.00770829617977,28,0.00565625075251,2017-12-15
2017-12-15,281,0.07716061532,19,4,-0.00436444301158,29,-0.0096894716844,28,-0.00826207641512,28,0.00238991645165,28,-0.00188532681204,28,0.00397631945089,28,-0.000615396653302,28,-0.00371477869339,28,-0.00190426199697,28,-0.00317203579471,28,0.00119240721688,2017-12-18
2017-12-18,282,0.0173231245434,18,9,0.00402878085151,29,0.0119685893878,28,0.0146353291348,28,0.0116830999032,28,0.0152972554788,28,0.0109502943233,29,0.0078516472131,28,0.00731422239915,28,0.00641000922769,28,0.00635614339262,28,0.00232736254111,2017-12-19
2017-12-19,283,-0.102374026095,17,10,-0.000749781203922,29,-0.00372539041564,28,-0.00825214572251,28,-0.00586926750839,29,-0.00507125677541,28,-0.00706705451012,28,-0.0113675389439,29,-0.0109860645607,28,-0.00819919537753,28,-0.00518970424309,28,-0.00443992303917,2017-12-20
2017-12-20,283,-0.197349261091,17,3,0.00406518904492,29,0.0115014761686,28,0.00619893195108,28,0.014266484417,29,0.00577156012878,28,0.00948015321046,28,0.00598991755396,29,-0.00134387181606,28,0.0011581054423,28,-0.000748874910641,28,-0.00481406395556,2017-12-21
2017-12-21,283,-0.0826539354188,17,5,0.00190687796567,29,-0.0030347853899,28,-0.00199693441391,28,-0.000827244657557,29,-0.00444723665714,28,-0.00585154956207,28,-0.00325053324923,29,-0.00581170851365,28,-5.61092565476e-05,28,-0.00683549279347,28,-0.00874237075914,2017-12-22
2017-12-22,283,-0.0491467255703,17,0,-0.00521317822859,29,-0.00489765405655,28,-0.0110091548413,28,-0.00854020472616,29,-0.00734113575891,28,-0.0116254324093,28,-0.0104247312993,29,-0.00945596396923,28,-0.0108564645052,28,-0.0067280405201,28,-0.00151486229151,2017-12-25
2017-12-25,283,0.155769997468,17,3,-0.0022195330821,29,0.00149359868374,28,0.00893756281585,28,0.0096269659698,29,0.00414617126808,28,0.0127842575312,28,0.0087190726772,29,0.00844562239945,28,0.0062140696682,28,0.0069416272454,28,0.00916116032749,2017-12-26
2017-12-26,284,-0.00693650764875,16,13,-0.00404160190374,29,-0.0122059071437,28,-0.0134259257466,29,-0.00656220316887,28,-0.00492010358721,28,-0.00541603146121,29,-0.00947929732502,28,-0.00807382911444,29,-0.0114849610254,28,-0.00838700588793,28,-0.00434540398419,2017-12-27
2017-12-27,284,-0.0513712588341,16,0,0.00446485262364,29,0.00818444788456,28,0.00651738559827,29,0.00653644744307,28,0.0040006316267,28,0.0037904730998,29,0.00979427155107,28,0.00423430185765,29,0.00264762761071,28,0.00104747072328,28,-0.00341738190036,2017-12-28
2017-12-28,285,0.0587132805158,15,5,-0.00275720190257,29,0.00451196730137,28,0.0101997563615,29,0.00729482527822,28,0.00560619914904,29,0.00715547380969,28,0.00206651352346,29,0.00807932484895,28,0.00839954428375,29,0.00487023591995,28,0.00762743782252,2017-12-29
2017-12-29,289,0.209864568384,11,7,0.00184668751899,29,0.0132529875264,29,0.0109263723716,29,0.0107038784772,29,0.0139162642881,29,0.0160614959896,29,0.0180261172354,29,0.0205851551145,29,0.0154384411871,29,0.0133534772322,28,0.0115067897132,2018-01-02
2018-01-02,289,-0.0436932313603,11,10,0.00803794898093,29,0.00726848235354,29,0.0146727291867,29,0.00816791225225,29,0.0150979878381,29,0.0153641765937,29,0.011629499495,29,0.0127041898668,29,0.00571531476453,29,0.00742098456249,28,-0.000616964418441,2018-01-03
2018-01-03,290,0.13565483057,10,7,-0.000154875480803,29,0.00251460284926,29,-0.0001678980625,29,0.00105622108094,29,0.00252421759069,29,0.00782939884812,29,0.0115725193173,29,0.00248586921953,29,0.000985357211903,29,0.0051680370234,29,0.0053229125042,2018-01-04
2018-01-04,290,0.230311842493,10,8,-0.00787080731243,29,-0.00645316252485,29,0.00774290645495,29,-0.000358433549991,29,0.000236899693846,29,0.00399113120511,29,-0.000392003305024,29,0.00547808827832,29,0.00608586659655,29,0.0040146051906,29,0.011885412503,2018-01-05
2018-01-05,290,-0.0467826186434,10,5,0.00575035810471,29,0.0171845108271,29,0.00870617479086,29,0.00565318390727,29,0.00368085806258,29,0.00734004704282,29,0.00769072957337,29,0.0014935299987,29,0.0067041721195,29,0.00428463891149,29,-0.00146571919322,2018-01-08
2018-01-08,290,-0.00871123256734,10,4,0.00153481552843,29,0.00141732860357,29,-0.0014330066042,29,0.000975259405095,29,0.000220117901335,29,0.00428946875036,29,0.00213829195127,29,-0.00229984940961,29,-0.0014025158016,29,-0.000727098551579,29,-0.00226191408001,2018-01-09
2018-01-09,289,0.0327756828756,11,3,-0.00291178957559,29,-0.00696219457313,29,-0.000597259087954,29,-0.00269241794012,29,-0.00259169214405,29,0.00280726561323,29,-0.00178875797428,29,-0.00664923107252,29,-0.00669746380299,29,0.00306040467694,28,0.00597219425254,2018-01-10
2018-01-10,290,0.170977056196,10,4,-0.00299769220874,29,-0.000403899583034,29,0.00252119847573,29,-0.0014718977036,29,0.00237398105673,29,0.000416282942751,29,0.000878488179296,29,-0.00087404664373,29,0.00324854557402,29,0.00359048508108,29,0.00658817728981,2018-01-11
2018-01-11,289,0.264439418702,11,5,-0.0121989492327,29,-0.00621543684974,29,-0.00198466004804,29,-0.00193904188927,29,-0.00369960884564,29,0.0007671508356,29,0.00108749908395,29,0.00484538916498,29,0.00112017476931,29,0.00101204856765,28,0.0132109978003,2018-01-12
2018-01-12,289,-0.17026543811,11,3,0.000213540828554,29,-0.00699201552197,29,-0.00527721829712,29,-0.0190630219877,29,-0.0190357603133,29,-0.0150233916938,29,-0.0310421418399,29,-0.0187400095165,29,-0.0179931558669,29,-0.0117358863354,28,-0.0119494271639,2018-01-15
2018-01-15,289,0.0786747054353,11,0,0.0098700709641,29,0.0146666374058,29,0.0108148660511,29,0.00361196347512,29,0.0123158814386,29,0.0075483485125,29,0.00547527056187,29,0.0105923023075,29,0.013139876537,29,0.012390694581,28,0.00252062361687,2018-01-16
2018-01-16,288,-0.18014394675,12,37,0.00898578204215,29,0.0109811611474,29,0.0115218097344,29,0.00100727332756,29,-0.00231978506781,28,-0.0070024789311,29,0.000873242970556,29,-0.000122565645142,29,0.000412379886257,29,0.00173330516554,28,-0.0072524768766,2018-01-17
2018-01-17,288,0.224328757201,12,6,0.00018080965674,29,8.61184344103e-06,29,0.00175705039874,29,0.00430661439896,29,-0.0017935782671,28,0.00498019205406,29,-0.00258065294474,29,0.00253847963177,29,0.0073048803024,29,0.0124908303842,28,0.0123100207275,2018-01-18
2018-01-18,288,0.104668449146,12,9,0.00389615632594,29,0.00741464318708,29,0.00207123253495,29,0.00547405378893,29,0.00160311593208,28,0.00344156799838,29,0.00977064855397,29,0.00868888106197,29,0.00872012693435,29,0.00660593388602,28,0.00270977756009,2018-01-19
2018-01-19,288,-0.0220022135006,12,7,0.00492270244285,29,0.0120890345424,29,0.00788521952927,29,0.0112675698474,29,0.0146254850551,28,0.00579925021157,29,0.0163075514138,29,0.018630232662,29,0.00189302093349,29,0.00524493213743,28,0.000322229694575,2018-01-22
2018-01-22,288,0.243812300108,12,15,-0.00126401509624,29,0.00187236478087,29,0.00897836312652,29,0.00326519994996,29,0.0108662927523,28,0.0110551286489,29,0.0119970580563,29,0.00336188497022,29,0.0110866753384,29,0.0192558970302,28,0.0205199121265,2018-01-23
2018-01-23,287,0.101543268389,13,14,0.00513502024114,29,0.0104156956077,29,0.00454703485593,29,0.00541881565005,28,0.000140632022521,29,0.000328929250827,29,0.0146656483412,28,0.0136762429029,29,0.00622055027634,29,0.00954607967287,28,0.00441105943173,2018-01-24
2018-01-24,287,0.15720011402,13,8,-0.010045606643,29,-0.00193628366105,29,-0.0120953731239,29,-0.00651858979836,28,-0.00259502581321,29,0.00668670609593,29,0.000890393333975,28,-0.000231545549468,29,-0.00246519874781,29,-0.00373126147315,28,0.00631434516981,2018-01-25
2018-01-25,288,-0.059489131504,12,2,0.00247741560452,29,0.00434480234981,29,-0.00146278843749,29,0.00491337757558,29,0.000474768021377,28,-0.00180636602454,29,0.00111898267642,29,0.000711926084477,29,-0.000644673535135,29,0.00225951406173,28,-0.000217901542783,2018-01-26
2018-01-26,288,0.0314010483929,12,6,-0.01988263987,29,-0.00636997492984,29,-0.0162418074906,29,-0.00982321985066,29,-0.0144435893744,28,-0.0127830421552,29,-0.0186776164919,29,-0.0156257133931,29,-0.00777636747807,29,-0.0105011165142,28,0.00938152335584,2018-01-29
2018-01-29,288,0.141621245953,12,2,-0.00760584045202,29,-0.0176381058991,29,-0.0103879673406,29,-0.0118641890585,29,-0.00828298088163,28,-0.00539768347517,29,-0.00349657074548,29,-0.00501944497228,29,-0.00664289016277,29,-0.00561962369829,28,0.00198621675372,2018-01-30
2018-01-30,288,0.0249403956344,12,3,-0.0160128623247,29,-0.0129236541688,29,-0.0122735481709,29,0.00200001127087,29,-0.00702125485986,28,-0.0115916896611,29,-0.00752923218533,29,-5.59667059861e-05,29,-0.0151122771204,29,-0.00981950946152,28,0.00619335286319,2018-01-31
2018-01-31,288,-0.274274761542,12,3,-0.00872635189444,29,-0.00752713950351,29,-0.0183170642704,29,-0.0167995542288,29,-0.0168540310115,28,-0.0186312161386,29,-0.0238518696278,29,-0.0377991758287,29,-0.0311075039208,29,-0.0243747718632,28,-0.0156484199688,2018-02-01
2018-02-01,287,0.176372646269,13,0,-0.0053694001399,29,-0.00228470773436,29,0.00643629254773,29,0.0194713752717,28,0.0178372282535,29,0.010303158313,29,0.0174777489156,28,0.00854901783168,29,0.00273985904641,29,0.00550309475511,28,0.010872494895,2018-02-02
2018-02-02,287,-0.136374741257,13,10,0.00674993405119,29,0.000141811775393,29,-0.000600816856604,29,0.00546371703967,28,0.00728597911075,29,-0.00272604310885,29,0.000212286206079,28,-0.00405428931117,29,-0.00405120663345,29,-0.0057002431713,28,-0.0124501772225,2018-02-05
2018-02-05,285,0.0270168996701,15,2,-0.0356011725962,29,-0.0331819243729,28,-0.0431331060827,29,-0.0390990972519,28,-0.0484351143241,29,-0.0397531427443,28,-0.0438434816897,29,-0.0414380170405,28,-0.0443124696612,29,-0.026127493009,28,0.00947367958724,2018-02-06
2018-02-06,285,0.262256176025,15,4,-0.0210692510009,29,-0.0260076485574,28,-0.0188445560634,29,-0.0137836718932,28,-0.00796135142446,29,-0.0133357327431,28,-0.00600227620453,29,-0.00248550740071,28,0.000612546631601,29,-0.00391441583633,28,0.0171548351645,2018-02-07
2018-02-07,285,-0.222569397423,15,0,0.012782631442,29,0.00913044624031,28,0.00599167263135,29,-0.0107766026631,28,-0.000355944561306,29,-0.00538833858445,28,-0.0059494478628,29,-0.00699652964249,28,-0.00357008189894,29,-0.00329931499436,28,-0.0160819464363,2018-02-08
2018-02-08,284,-0.130602948669,16,5,-0.0266076512635,29,-0.0394485332072,28,-0.0504873767495,29,-0.0542293451726,28,-0.0460810400546,28,-0.0497571602464,29,-0.0506402850151,28,-0.054608065635,29,-0.0397767350078,28,-0.0470681525767,28,-0.0204605013132,2018-02-09
2018-02-09,284,-0.0993587695084,16,0,0.0117337070405,29,0.0207554940134,28,0.0164348315448,29,0.0291676111519,28,0.0211052112281,28,0.0179426390678,29,0.0153556214646,28,0.0171052683145,29,0.0140519673005,28,0.00884414371103,28,-0.00288956332952,2018-02-12
2018-02-12,284,-0.0581075892018,16,4,0.016604360193,29,0.0043989229016,28,0.0044196434319,29,0.00219118176028,28,0.00860150996596,28,0.00875147432089,29,0.00966386031359,28,0.0101577108726,29,0.00558670517057,28,-0.000317775789881,28,-0.0169221359829,2018-02-13
2018-02-13,285,-0.229768819677,15,0,0.00686661107466,29,0.0166860688478,28,0.0108851976693,29,0.0035278222058,28,0.0088484371081,29,-0.00133927806746,28,0.00379587034695,29,0.00185470492579,28,-0.00261160009541,29,0.00127380236518,28,-0.00559280870948,2018-02-14
2018-02-14,285,-0.0170266480405,15,9,0.0208748579025,29,0.0159135926515,28,0.0235845297575,29,0.0240875221789,28,0.0228746719658,29,0.024869101122,28,0.0237967558205,29,0.0281783379614,28,0.0192109700292,29,0.0131927179173,28,-0.00768213998526,2018-02-22
2018-02-22,286,0.0370622499553,14,14,0.0078454837203,29,0.00394704239443,29,0.00437905313447,28,-5.75842532271e-05,29,0.00475327437744,28,0.00194911297876,29,0.00164720718749,29,0.00703931506723,28,0.00366286584176,29,0.00436610402539,28,-0.00347937969491,2018-02-23
2018-02-23,286,0.123367558997,14,6,0.0181649271399,29,0.0111058624461,29,0.0140991574153,28,0.0179475396872,29,0.0222603939474,28,0.0207101218402,29,0.0176425650716,29,0.021684454754,28,0.0235299821943,29,0.0194949544966,28,0.00133002735674,2018-02-26
2018-02-26,286,-0.196563888706,14,12,0.00747984647751,29,-0.00189309485722,29,-0.00833860505372,28,-0.000404384627473,29,-0.0130290174857,28,-0.00544601865113,29,-0.0135656632483,29,-0.00529222423211,28,-0.0190851539373,29,-0.010929973796,28,-0.0184098202735,2018-02-27
2018-02-27,286,-0.0408718762832,14,6,0.00165635964368,29,-0.00358601263724,29,0.00828635878861,28,-0.00236914888956,29,0.000332410854753,28,-0.00237046438269,29,-0.00374131579883,29,-0.00670215906575,28,9.0627836471e-05,29,-0.00473768590018,28,-0.00639404554386,2018-02-28
2018-02-28,286,0.135205524442,14,3,0.0039683538489,29,0.00402992125601,29,0.00542339449748,28,0.00408729398623,29,0.0109547507018,28,0.0102085471153,29,0.0136031676084,29,0.00608897628263,28,0.00537527631968,29,0.00484312232584,28,0.000874768476933,2018-03-01
2018-03-01,286,0.16130644035,14,12,-0.0121724745259,29,-0.00621508108452,29,-0.0145703274757,28,-0.00489172665402,29,-0.00873453263193,28,-0.00416264263913,29,-0.00539228832349,29,-0.00763911660761,28,-0.00425451993942,29,-0.00596645893529,28,0.00620601559058,2018-03-02
2018-03-02,286,0.117070565195,14,2,-0.00149250030518,29,-0.000105193976196,29,0.00175897567533,28,0.00422664964572,29,0.00209827302024,28,0.00510572781786,29,0.0064110159874,29,0.003187635215,28,0.00121384032536,29,0.000859454274178,28,0.00235195457935,2018-03-05
2018-03-05,286,0.143236006238,14,4,0.00193388294429,29,0.0131233399734,29,0.0101721184328,28,0.0130855375901,29,0.0189701821655,28,0.0180738698691,29,0.0203158147633,29,0.0136661529541,28,0.0149841681123,29,0.00955207459629,28,0.007618191652,2018-03-06
2018-03-06,287,0.080773702003,13,27,-0.00704338215292,29,-0.0156085882336,29,-0.0104933939874,29,-0.00786519702524,28,-0.0101676499471,29,-0.00699671776965,29,-0.0094315065071,28,-0.00608788058162,29,-0.011085210368,29,-0.00441439030692,28,0.002628991846,2018-03-07
2018-03-07,287,0.0628443997518,13,0,0.00605029286817,29,0.00318213156424,29,0.0083087766543,29,0.00804900471121,28,0.00711474753916,29,0.00780954863876,29,0.00900895893574,28,0.00789550878108,29,0.0073202601634,29,0.00783882569522,28,0.00178853282705,2018-03-08
2018-03-08,287,0.153350317064,13,7,0.0056746439077,29,0.0071302652359,29,0.00671494426206,29,0.00797365419567,28,0.0120437759906,29,0.0110154440627,29,0.0162922255695,28,0.0113273430616,29,0.0213428065181,29,0.00550746917725,28,-0.00016717473045,2018-03-09
2018-03-09,287,-0.382094831209,13,13,0.00863554980606,29,0.0129347201437,29,0.0153793059289,29,0.018095549196,28,0.01605880633,29,0.00596980191767,29,0.00218393537216,28,0.00620718672872,29,-0.00123147922568,29,-0.000197225381271,28,-0.00883277518733,2018-03-12
2018-03-12,287,0.178282616535,13,11,-0.0084392670542,29,-0.0119888642803,29,-0.00305359531194,29,-0.00996783562005,28,-0.0136060630903,29,-0.00571265723556,29,-0.0120250899345,28,-0.00750020239502,29,-0.00460729934275,29,-0.00692110834643,28,0.00151815870777,2018-03-13
2018-03-13,287,0.0548038213727,13,2,-0.0116058941931,29,-0.00809405837208,29,-0.00305433105677,29,-0.00315534439869,28,-0.00275698001496,29,-0.0122798494995,29,-0.0052804350853,28,-0.00557207642123,29,-0.00636691274121,29,-0.006151299458,28,0.00545459473506,2018-03-14
2018-03-14,287,-0.00877298081547,13,0,0.00376331200823,29,-0.00272301351652,29,-0.000125702092191,29,0.00114012404811,28,-0.0055329920724,29,-0.000142103643157,29,0.00179401680361,28,-0.000370095513063,29,-0.00151881063357,29,0.00103162229061,28,-0.00273168971762,2018-03-15
2018-03-15,288,0.402966920133,12,4,-0.0160704497248,29,-0.0120845790952,29,-0.0131971482188,29,-0.00682056555524,29,-0.0115459030494,28,-0.00923538580537,29,-0.00455572269857,29,-0.00322316843085,29,-0.0030542446766,29,-0.00159202516079,28,0.014478424564,2018-03-16
2018-03-16,287,0.0711556723822,13,0,-0.00834300555289,29,-0.00468308571726,29,0.00269784592092,29,0.00175094173755,28,0.00483363028616,29,0.00320317200385,29,-0.00552373472601,28,0.000405443133786,29,0.00109002913814,29,-0.000281265791273,28,0.00806173976162,2018-03-19
2018-03-19,287,-0.14002569132,13,8,0.00472734915093,29,0.00644780835137,29,0.00926452036947,29,-0.00142100884113,28,-0.00257082027383,29,0.00101322552655,29,-0.00333488197066,28,-0.00187243882101,29,-0.00259265210479,29,0.000448778271675,28,-0.00427857087925,2018-03-20
2018-03-20,287,0.214406656068,13,11,-0.00774369575083,29,-0.00841613300145,29,-0.00686766346917,29,-0.00502276001498,28,-0.00194384308998,29,-0.00310942018405,29,0.000905066728592,28,0.000565987196751,29,-0.00283103156835,29,0.00215113791637,28,0.0098948336672,2018-03-21
2018-03-21,287,0.217464566586,13,0,-0.00785423163325,29,-0.0138713819906,29,-0.00939058419317,29,-0.0100324498489,28,-0.00988569576293,29,-0.00796468462795,29,-0.00147346942686,28,-0.00197994499467,29,-0.00481534609571,29,-0.0050167995505,28,0.00283743208274,2018-03-22
2018-03-22,287,-0.0899802274514,13,2,-0.0332199633121,29,-0.0235442910343,29,-0.0398921221495,29,-0.0337746590376,28,-0.0488386414945,29,-0.0387372076511,29,-0.0378554649651,28,-0.0282310713083,29,-0.0426664426923,29,-0.0376698039472,28,-0.00444984063506,2018-03-23
2018-03-23,288,0.305242346896,12,8,-0.0143023813143,29,-0.015076380223,29,-0.000959879369475,29,0.00548369297758,29,0.0141689460725,28,0.0201115626842,29,0.0161258783191,29,0.00766141852364,29,0.00494633056223,29,0.00178268761374,28,0.0160850689281,2018-03-26
2018-03-26,287,-0.438694572761,13,11,0.0248517375439,29,0.0275529604405,29,0.0227734018117,29,0.0227836351842,28,0.0149457780644,29,0.0195904690772,29,0.0121844876558,28,0.00559249613434,29,0.00599686661735,29,0.00554589275271,28,-0.0193058447912,2018-03-27
2018-03-27,286,0.138523095404,14,4,-0.0144137963653,29,-0.0195355433971,29,-0.00627685431391,28,-0.0120257772505,29,-0.0157978143543,28,-0.0134544903412,29,-0.0146855218336,29,-0.0115364342928,28,-0.0116633381695,29,-0.00694258278236,28,0.0074712135829,2018-03-28
2018-03-28,286,0.133397967114,14,0,0.000862281885929,29,0.0110611896962,29,0.0120129734278,28,0.0108808940277,29,0.0117836464196,28,0.0123939756304,29,0.0170649327338,29,0.0106857400388,28,0.0117963589728,29,0.00846024043858,28,0.00759795855265,2018-03-29
2018-03-29,287,0.219382372653,13,4,-0.000572909542825,29,-0.000214987783693,29,0.00462002772838,29,0.00622758036479,28,0.00720927817747,29,0.0121049368754,29,0.0207327958196,28,0.0111604724079,29,0.0107027925551,29,0.00803302414715,28,0.00860593368998,2018-03-30
2018-03-30,287,-0.0669032517882,13,6,-0.00359313655645,29,0.00552260456607,29,0.0114961778745,29,0.0103872735053,28,0.00103166187182,29,-0.00333143095486,29,-0.0031128632836,28,0.00229382305406,29,-0.00206454447471,29,-0.00473974877968,28,-0.00114661222324,2018-04-02
2018-04-02,287,0.0487156419583,13,2,-0.00970584526658,29,-0.00759813701734,29,-0.00916027650237,29,-0.0065311640501,28,-0.0106926234439,29,-0.0120904119685,29,-0.00591518403962,28,-0.0136365462095,29,-0.00766977341846,29,-0.00652408367023,28,0.00318176159635,2018-04-03
2018-04-03,287,0.228283714684,13,2,-0.013880867511,29,-0.00915108248591,29,-0.00890647340566,29,-0.00825016200542,28,-0.0017072558403,29,-0.00386978429742,29,0.00269747641869,28,-0.0012092734687,29,-0.005397812929,29,-0.00373325380497,28,0.0101476137061,2018-04-04
2018-04-04,286,0.100998188206,14,2,-0.00455607846379,29,-0.0060475775972,29,-0.00208233925514,28,2.72126044365e-06,29,0.00436819251627,28,0.00954573322088,29,-0.00034576447797,29,-0.00241670431569,28,-0.000714499386959,29,0.000512565893587,28,0.00506864435738,2018-04-09
2018-04-09,286,0.129921023555,14,5,0.00610375590622,29,0.00903693120927,29,0.0160574186593,28,0.00851837079972,29,0.00692079728469,28,0.0198116786778,29,0.014297732152,29,0.0217974092811,28,0.0172249861062,29,0.0152931613848,28,0.00918940547854,2018-04-10
2018-04-10,287,0.0392440427791,13,32,-0.00124410097487,29,0.00131320743822,29,5.8881167206e-05,29,0.0108884377405,28,0.00327567593195,29,0.00271596992388,29,0.00274727819487,28,0.00100391276646,29,0.00375665887259,29,0.00851626042277,28,0.00976036139764,2018-04-11
2018-04-11,287,0.128355970862,13,2,-0.0123264519498,29,-0.00314954016358,29,-0.0102718062699,29,-0.00888895336539,28,-0.00793430954218,29,-0.00590072199702,29,-0.00638454081491,28,-0.00907090399414,29,-0.00311093498021,29,-0.00916935037822,28,0.00315710157156,2018-04-12
2018-04-12,287,0.00543499230747,13,0,-0.0104890484363,29,-0.00197434425354,29,-0.00137547997292,29,-0.00420725578442,28,-0.00625183852389,29,-0.00542395096272,29,-0.00525527773425,28,-0.00291512953117,29,-0.00475386483595,29,-0.00516915740445,28,0.00531989103183,2018-04-13
2018-04-13,285,-0.115193391216,15,0,-0.0064013088122,29,-0.000978071824647,28,-0.00737192528322,29,-0.0139558911324,28,-0.0119143761694,29,-0.0155096501112,28,-0.0168551076204,29,-0.0185723025352,28,-0.0159203335643,29,-0.0100216418505,28,-0.00362033303827,2018-04-16
2018-04-16,283,0.464178178328,17,4,-0.0335529223084,29,-0.0246304832399,28,-0.0244153495878,28,-0.0175642613322,29,-0.0129353171214,28,-0.0193623695523,28,-0.01437904872,29,-0.011043548584,28,-0.00641358550638,28,-0.0065044099465,28,0.0270485123619,2018-04-17
2018-04-17,284,-0.151033604373,16,0,0.0110290748999,29,0.00607468839735,28,0.0164925977588,29,0.0085218148306,28,0.006878989283,28,-0.00077424995834,29,0.00768937170506,28,0.00257008848712,29,0.00550311384723,28,0.0018731483724,28,-0.00915592652746,2018-04-18
2018-04-18,283,0.0979020521735,17,4,0.0053249578923,29,0.00457053957507,28,0.00658599613234,28,0.00305482023396,29,0.0140937697142,28,0.00736533943564,28,0.0197456814349,29,0.0156553424895,28,0.0115718394518,28,0.00176471681334,28,-0.00356024107896,2018-04-19
2018-04-19,283,-0.0474853757561,17,7,-0.0107714161277,29,-0.0172959305346,28,-0.016869911924,28,-0.0193807668984,29,-0.026236390695,28,-0.0182334370911,28,-0.0109123317525,29,-0.0153752053156,28,-0.0188137535006,28,-0.0179580990225,28,-0.00718668289483,2018-04-20
2018-04-20,284,0.161429601695,16,2,-0.00228658621199,29,-0.019688135013,28,-0.00672854855657,29,-0.00792892742902,28,-0.00794750265777,28,-0.00783055834472,29,-0.00424072565511,28,0.00687732966617,29,0.000126498081954,28,0.000780056638177,28,0.00306664285017,2018-04-23
2018-04-23,285,-0.20287954316,15,7,0.0213157963008,29,0.0209314022213,28,0.0235833600163,29,0.0244747865945,28,0.0231335610151,29,0.021309575066,28,0.0200239978731,29,0.0209610331804,28,0.0163749214262,29,0.0142101515085,28,-0.00710564479232,2018-04-24
2018-04-24,285,-0.0274751373212,15,20,-0.00146752805449,29,0.00145292491652,28,-0.00215706322342,29,-0.00194727315102,28,-0.00471779378131,29,-0.000756012566853,28,-0.00872897263616,29,0.00705002248287,28,-0.00133002421353,29,-0.00159883289598,28,-0.000131304841489,2018-04-25
2018-04-25,285,0.215085936209,15,7,-0.0181162115186,29,-0.0223400909454,28,-0.0199659671634,29,-0.0153142577037,28,-0.0196581464261,29,-0.030620129779,28,-0.0128305591643,29,-0.0130565334111,28,-0.0185709279031,29,-0.00509778503329,28,0.0130184264854,2018-04-26
2018-04-26,285,0.128226136306,15,0,0.00503608258441,29,0.000153999237227,28,0.00634149042889,29,0.000877767801285,28,0.00898573361337,29,0.00687122764066,28,0.00525555340573,29,0.00743210548535,28,0.011149065569,29,0.00745537225157,28,0.00241928966716,2018-04-27
2018-04-27,285,0.0792356302746,15,20,-0.00221516750753,29,-0.00139082537498,28,-0.00632112799212,29,-0.000724485958926,28,0.00731207570061,29,-0.000220775604248,28,0.00776083488017,29,-0.00617373827845,28,0.00350168859586,29,-0.000139068273711,28,0.00207609923382,2018-05-02
2018-05-02,286,0.0348994941373,14,9,0.00858697574586,29,0.00155332789291,29,0.0071908980608,28,0.00711383717135,29,0.0145179377869,28,0.0141023807228,29,0.0105429822579,29,0.00943724997342,28,0.00883019622415,29,0.00554931815714,28,-0.00303765758872,2018-05-03
2018-05-03,287,0.145485130085,13,11,-0.00700290873647,29,-0.00176832999568,29,-0.00489500071853,29,-0.00342023163103,28,0.00109621579759,29,-0.00409933412448,29,0.00185458362103,28,0.0022951241117,29,-0.00120691384654,29,-0.00387478736229,28,0.00312812137417,2018-05-04
2018-05-04,286,-0.0517318457252,14,3,0.0109901288524,29,0.0223037712276,29,0.0167945604771,28,0.0157851036638,29,0.0171212591231,28,0.0162242818624,29,0.0140579156578,29,0.0146220410243,28,0.012376354076,29,0.0116057610139,28,0.000615632161498,2018-05-07
2018-05-07,286,-0.0655535234747,14,13,0.00196244590916,29,0.0112545453012,29,0.00796566903591,28,0.0108546577394,29,0.00906469766051,28,0.0102344192564,29,0.00586304161698,29,0.00754104321823,28,0.00499570788816,29,0.00358139839955,28,0.00161895249039,2018-05-08
2018-05-08,287,0.169126005598,13,10,-0.00266275950707,29,0.000371486967197,29,-0.00450883433223,29,-0.0048103206791,28,-0.00402502762154,29,-0.00325588323176,29,-0.0033437141683,28,-0.00159528548829,29,-0.00213908334263,29,0.00467989919707,28,0.00734265870415,2018-05-09
2018-05-09,287,0.152348278656,13,6,0.00510807288811,29,0.00543901650235,29,0.00148438382894,29,0.0021981021855,28,0.00304993055761,29,0.00561557756737,29,0.00968645047396,28,0.00785780791193,29,0.00551510695368,29,0.00409702118486,28,-0.00101105170324,2018-05-10
2018-05-10,287,0.326262196343,13,15,-0.0116034355015,29,-0.0155491521582,29,-0.0113182561472,29,-0.00573790911585,28,-0.00641920464113,29,-0.000214940519072,29,0.000680957513396,28,-0.00496467016637,29,-0.00216490845196,29,-0.00367647828534,28,0.00792695721611,2018-05-11
2018-05-11,287,0.00147904381473,13,2,-0.000488236022647,29,0.00785582605749,29,-0.00480891903862,29,0.00464230775833,28,0.00691299000755,29,0.00631672143936,29,0.00135586725082,28,0.000475227832794,29,0.00373647757806,29,-0.000557343882974,28,-6.91078603268e-05,2018-05-14
2018-05-14,287,0.0565089570624,13,5,0.00204535806552,29,0.0143305798993,29,0.00907794944942,29,0.00554138189182,28,0.00481886509806,29,0.00254494370893,29,0.0160198993981,28,0.00954248942435,29,0.00689103081822,29,0.0058046602644,28,0.00375930219889,2018-05-15
2018-05-15,287,-0.0780287513674,13,22,-0.00743742426857,29,-0.00486153783277,29,0.000944077968597,29,-0.000845213013235,28,-0.00565060880035,29,-0.00319709046744,29,-0.00731841986999,28,-0.00710178632289,29,-0.00601697992533,29,-0.00486216181889,28,0.00257526244968,2018-05-16
2018-05-16,287,0.26869730672,13,0,-0.00819743052125,29,-0.00936339609325,29,-0.011098029092,29,-0.00454909028485,28,-0.0112746870145,29,-0.00134824682027,29,0.000487868266646,28,-0.000714186986443,29,-0.00344742997549,29,-0.00109169317875,28,0.0071057373425,2018-05-17
2018-05-17,287,0.156703495264,13,0,0.00844599679112,29,0.00470416294411,29,0.00811558775604,29,0.00936706550419,28,0.0056431395933,29,0.00629210891202,29,0.0122885359451,28,0.0137760676444,29,0.00725965062156,29,0.0104044247419,28,0.00195842795074,2018-05-18
2018-05-18,287,0.149628495773,13,28,0.00630275765434,29,0.0054138158448,29,0.00398478424177,29,0.00941416807473,28,0.0132082803175,29,0.0070435302332,29,0.00868207216263,28,0.0101913623512,29,0.00727284140885,29,0.0117149055004,28,0.00541214784607,2018-05-21
2018-05-21,287,-0.12900012752,13,7,-0.00154227018356,29,0.000504970550537,29,0.00121776608285,29,0.00378033099696,28,0.000823929382022,29,0.000201441085665,29,-0.00495644332841,28,-0.00392885459587,29,-0.00432088458911,29,-0.00404563779011,28,-0.00250336760655,2018-05-22
2018-05-22,288,0.0546354821315,12,8,-0.0111120855436,29,-0.0123561024666,29,-0.0156555790454,29,-0.0110439434648,29,-0.0132082207128,28,-0.0145427854732,29,-0.00866735354066,29,-0.0113745993003,29,-0.0154754975811,29,-0.00565140787512,28,0.00546067766845,2018-05-23
2018-05-23,287,0.015540464397,13,0,-0.00540834479034,29,-0.00630186544731,29,-0.00731990253553,29,-0.00257239607163,28,-0.00589202810079,29,-0.00649441126734,29,-0.00716231763363,28,-0.00644770357758,29,-0.00691715395078,29,-0.00357749639079,28,0.00183084839955,2018-05-24
2018-05-24,286,0.0696943523807,14,2,-0.00805354304612,29,-0.00935185607523,29,-0.00433687213808,28,-0.00512970704585,29,-0.00765258725733,28,-0.00698239821941,29,-0.00342287076637,29,-0.00677913660184,28,-0.00497771939263,29,-0.00194577872753,28,0.00610776431859,2018-05-25
2018-05-25,286,-0.139013821028,14,0,0.00217810994945,29,0.00302768987603,29,0.00506639899686,28,-0.00100078457035,29,-0.0033525142353,28,-0.00295532355085,29,-0.00366607820615,29,-0.00750933587551,28,-0.00654674787074,29,-0.00454644206911,28,-0.00672455201857,2018-05-28
2018-05-28,286,0.113268480192,14,4,-0.017199203372,29,-0.0152033362538,29,-0.0145735740662,28,-0.00250069028698,29,-0.000309237424517,28,-0.00876090861857,29,-0.00466538080946,29,-0.00651508988813,28,-0.00562469288707,29,-0.00423423713073,28,0.0129649662413,2018-05-29
2018-05-29,286,-0.0245228487203,14,0,-0.0259371753782,29,-0.0245618894696,29,-0.0325672738254,28,-0.0290295947343,29,-0.0197365172207,28,-0.0217649135739,29,-0.0218880195171,29,-0.0221831686795,28,-0.0294009689242,29,-0.0305604301393,28,-0.0046232547611,2018-05-30
2018-05-30,285,-0.203090638753,15,2,0.02443899028,29,0.0189064405859,28,0.0184891801327,29,0.022039135918,28,0.0187749527395,29,0.0212644003332,28,0.0149995684624,29,0.00967941712588,28,0.0107930526137,29,0.0114375567064,28,-0.0130014335737,2018-05-31
2018-05-31,285,0.11512246579,15,17,-0.00898625142872,29,-0.0075622308068,28,-0.014761752449,29,-0.00490777846426,28,-0.00559970643371,29,-0.00633226754144,28,-0.00976877380162,29,-0.00655320286751,28,-0.000593966455199,29,-0.0064981430769,28,0.00248810835183,2018-06-01
2018-06-01,283,0.108221705712,17,3,-0.00162802275736,29,-0.00419356161729,28,-0.00228736875579,28,-0.00285550858825,29,-0.00110838247929,28,0.0015175959561,28,-0.00369142671116,29,-0.00684458017349,28,0.00419959006831,28,0.00302754761651,28,0.00465557037387,2018-06-04
2018-06-04,284,-0.124879582393,16,4,0.0082963174209,29,0.0136783635244,28,0.0119300941005,29,0.0100511927158,28,0.0177708249539,28,0.0143321715295,29,0.00802147574723,28,0.0110674360767,29,0.00611179415137,28,0.00298347650096,28,-0.00531284091994,2018-06-05
2018-06-05,282,-0.082705982836,18,27,-0.000800521229394,29,0.00644846260548,28,5.92981050431e-05,28,-0.000841836852487,28,0.00272941589355,28,0.0010406334186,29,-0.00286202761345,28,-0.00206913053989,28,-0.00153618410695,28,0.00281064212322,28,0.00361116335262,2018-06-06
2018-06-06,283,0.20537569226,17,6,-0.00970036629587,29,-0.00475990772247,28,0.0017315383302,28,-0.00725317187607,29,-0.00185778096784,28,-0.00011814917525,28,-0.00117240077816,29,-0.00314123509452,28,0.00398392556235,28,0.000158454684424,28,0.0098588209803,2018-06-07
2018-06-07,283,-0.138116717525,17,0,-0.0147538287565,29,-0.0103254569694,28,-0.0142257530242,28,-0.0129939746112,29,-0.0103104459122,28,-0.017914166674,28,-0.01808902435,29,-0.0179393794388,28,-0.0199020169675,28,-0.015439205803,28,-0.000685377046466,2018-06-08
2018-06-08,283,0.157120611666,17,0,-0.00846025440842,29,-0.00649479683489,28,-0.00768618518487,28,0.00264059053734,29,-0.00364204612561,28,0.000273489538813,28,-0.000853209639899,29,-0.00172139063943,28,-0.0017148895422,28,0.000126593877212,28,0.00858684828563,2018-06-11
2018-06-11,283,0.0802599615889,17,7,0.00421234266832,29,0.00672009820119,28,0.0165117848665,28,0.011156341061,29,0.0047391676344,28,0.00853612553328,28,0.0194082036614,29,0.0128948371857,28,0.00719192391261,28,0.00627408269793,28,0.0020617400296,2018-06-12
2018-06-12,283,0.129243015997,17,16,-0.0149808321148,29,-0.0128643913195,28,-0.00769492331892,28,-0.0150139639154,29,-0.0186520852149,28,-0.014888712205,28,-0.0110256318003,29,-0.0116434628144,28,-0.0120930476114,28,-0.00923277623951,28,0.0057480558753,2018-06-13
2018-06-13,283,0.222381233995,17,4,-0.00760774174705,29,-0.00695830350742,28,-0.00587581750005,28,-0.0033144436311,29,-0.00203856406733,28,-0.00560207432136,28,-0.00111703621224,29,0.00306026847102,28,0.0014805389801,28,0.00120505690575,28,0.0088127986528,2018-06-14
2018-06-14,282,-0.0325478577733,18,6,-0.0122466646135,29,-0.00132941990159,28,-0.0147871077061,28,-0.00524577731267,28,-0.0156734883785,28,-0.010567500256,29,-0.0045028203167,28,-0.00710293650627,28,-0.0135256843641,28,-0.0089084552601,28,0.00333820935339,2018-06-15
2018-06-15,280,-0.242505188781,20,4,-0.0286532491446,28,-0.0351247154176,28,-0.0412385873497,28,-0.0452809259295,28,-0.0632449835539,28,-0.0551372952759,28,-0.0489038191736,28,-0.0597443319857,28,-0.0655962824821,28,-0.0533133558929,28,-0.0246601067483,2018-06-19
2018-06-19,281,0.196176387277,19,0,-0.0205929521471,29,0.00442548748106,28,0.0144467158243,28,0.0126486336812,28,0.00774970417842,28,0.0152521366253,28,0.0083245486021,28,0.00448893662542,28,0.0100510930642,28,0.00190732313786,28,0.022500275285,2018-06-20
2018-06-20,282,-0.0294830914023,18,4,-0.0099978800863,29,-0.0147153716534,28,-0.0189034398645,28,-0.0140320360661,28,-0.0176792573184,28,-0.0178661737591,29,-0.0217396877706,28,-0.02061913535,28,-0.0217404104769,28,-0.010256068781,28,-0.000258188694715,2018-06-21
2018-06-21,282,-0.354084353861,18,3,0.0134761212394,29,0.0124546689913,28,0.0230581071228,28,0.0130657320842,28,0.0144467270002,28,0.00573497405276,29,0.00956933014095,28,0.0114816939458,28,0.00103595852852,28,9.43733102758e-05,28,-0.0133817479291,2018-06-22
2018-06-22,282,0.0724340750534,18,26,-0.0192021727562,29,-0.0180606003851,28,-0.00956804864109,28,-0.00865522027016,28,-0.014183213003,28,-0.00894170161337,29,-0.00396225694567,28,-0.00601613288745,28,-0.0149320811033,28,-0.0125017184764,28,0.00670045427978,2018-06-25
2018-06-25,283,-0.280563693309,17,0,-0.00224800757132,29,0.0052026915364,28,0.00302665145136,28,0.00528256874532,29,0.00460016960278,28,0.00201681046747,28,-0.00615539448336,29,-0.0113095790148,28,-0.00927210319787,28,-0.0138286901638,28,-0.0115806825925,2018-06-26
2018-06-26,283,-0.155450846002,17,16,-0.00773925427347,29,-0.0125864828005,28,-0.00799792353064,28,-0.0113509623334,29,-0.0150212328881,28,-0.0115111256018,28,-0.0157623402774,29,-0.0137529224157,28,-0.0264803115278,28,-0.0116123342887,28,-0.00387308001518,2018-06-27
2018-06-27,283,-0.0558255897703,17,3,-0.0118807721883,29,-0.0048358971253,28,-0.00517869228497,28,-0.0061171813868,29,-0.00942734722048,28,-0.0111031727865,28,-0.00499578379095,29,-0.0143773173913,28,-0.00995990168303,28,-0.0082699758932,28,0.00361079629511,2018-06-28
2018-06-28,283,-0.122396034291,17,0,0.0223157349974,29,0.0258997771889,28,0.0293582715094,28,0.0266069620848,29,0.0317048169672,28,0.0300812218338,28,0.0298930779099,29,0.02204150334,28,0.0224573351443,28,0.0160446856171,28,-0.0062710493803,2018-06-29
2018-06-29,287,0.0814539621528,13,17,-0.0294195264578,29,-0.0336439199746,29,-0.0177737697959,29,-0.0239661764354,28,-0.0189602300525,29,-0.0253272298723,29,-0.0230246223509,28,-0.0257182065398,29,-0.0228202771395,29,-0.0190634746104,28,0.0103560518473,2018-07-02
2018-07-02,287,-0.169608623998,13,0,0.0138971498236,29,0.0129588963464,29,0.00355185731314,29,0.00688363192603,28,0.00277848704718,29,0.00411524670199,29,0.00508856773376,28,0.00174198276363,29,0.00456783501431,29,0.00293395994231,28,-0.0109631898813,2018-07-03
2018-07-03,287,0.104238543964,13,28,-0.00634114490822,29,-0.0183039549738,29,-0.0137923294678,29,-0.0194181408733,28,-0.0182679351419,29,-0.0120541471988,29,-0.0193261839449,28,-0.0107307061553,29,-0.0101684825495,29,-0.0106367934495,28,-0.0042956485413,2018-07-04
2018-07-04,287,0.138737895214,13,0,-0.0221337266266,29,-0.0179908555001,29,-0.0173307005316,29,-0.0139797227457,28,-0.0170118883252,29,-0.0185007248074,29,-0.0190100688487,28,-0.0120604038239,29,-0.0168273095042,29,-0.00466778222471,28,0.0174659444019,2018-07-05
2018-07-05,286,0.203580284738,14,2,-0.00786702614278,29,-0.00113188603427,29,0.00637888070196,28,-0.0064537236467,29,0.00865597836673,28,0.00515220500529,29,0.0100935390219,29,0.00892873108387,28,0.00254995655268,29,0.00316709280014,28,0.0110341189429,2018-07-06
2018-07-06,286,0.0400700762742,14,0,0.0186168216169,29,0.0270101409405,29,0.0250298641622,28,0.0252508763224,29,0.0286394488066,28,0.0279742479324,29,0.0276305750012,29,0.0264931917191,28,0.0274306535721,29,0.0190660692751,28,0.000449247658253,2018-07-09
2018-07-09,286,-0.0593359886408,14,26,0.0102153876796,29,0.00930200144649,29,0.00128384144045,28,0.00699631497264,29,0.00673915212974,28,0.00703295739368,29,0.00676361843944,29,0.0058369403705,28,0.00372735597193,29,0.00240846187808,28,-0.00780692580156,2018-07-10
2018-07-10,287,0.0906950232609,13,6,-0.0182808712125,29,-0.0202295240015,29,-0.0248734764755,29,-0.0244765877724,28,-0.0210744682699,29,-0.026020206511,29,-0.0176613833755,28,-0.0198024772108,29,-0.0231714639813,29,-0.0157585553825,28,0.00252231582999,2018-07-11
2018-07-11,287,-0.0288405736591,13,0,0.0243914779276,29,0.0251417960972,29,0.0269318204373,29,0.0246058702469,28,0.0304441209882,29,0.0300249066204,29,0.0292263198644,28,0.0275722853839,29,0.0232100896537,29,0.0189119316638,28,-0.00547954626381,2018-07-12
2018-07-12,287,0.0717874993361,13,6,0.000966070045251,29,0.0027939369902,29,0.00216057593934,29,0.00340237794444,28,-0.000125525330077,29,0.00611040694639,29,0.00507253641263,28,0.000429739215178,29,0.00544306309894,29,0.00274689286016,28,0.00178082281491,2018-07-13
2018-07-13,287,-0.16206654818,13,0,0.00503302458674,29,0.00134393677581,29,0.000748679565731,29,-0.00664329761639,28,-0.00325551535934,29,0.00290939118713,29,-0.00779160438105,28,-0.00151412037667,29,-0.00586190121248,29,-0.00800338201225,28,-0.013036406599,2018-07-16
2018-07-16,287,0.0576249200925,13,5,0.00364204519428,29,-0.00636405963451,29,-0.00347505975515,29,-0.000865412584972,28,-0.000379038276151,29,-0.00102715042885,29,-0.007590057794,28,-0.00154087052215,29,-0.00401238724589,29,-0.00449918629602,28,-0.0081412314903,2018-07-17
2018-07-17,287,0.357246912728,13,8,-0.00874004326761,29,-0.0120506761596,29,-0.00695493118837,29,-0.00650136591867,28,-0.00869889277965,29,0.00210075336508,29,-0.00210287305526,28,-0.00204264302738,29,-0.00263748900034,29,0.00216076849028,28,0.0109008117579,2018-07-18
2018-07-18,287,0.0714886523252,13,0,-0.00428060628474,29,-0.00652424851432,29,-0.0121636763215,29,-0.00492138741538,28,-0.00441194185987,29,-0.00331497797742,29,-0.00713686877862,28,-0.00684919022024,29,-0.00182009977289,29,-0.00334008899517,28,0.000940517289564,2018-07-19
2018-07-19,288,0.260281506181,12,2,0.00294429669157,29,0.0104894703254,29,0.0153506621718,29,0.0167008507997,29,0.0211690925062,28,0.0206225533038,29,0.0220137052238,29,0.0193393826485,29,0.0228161085397,29,0.0182846281677,28,0.0153403314762,2018-07-20
2018-07-20,288,-0.106916931017,12,13,0.014101266861,29,0.0196483172476,29,0.0142891863361,29,0.0165786761791,29,0.0196514446288,28,0.0150091378018,29,0.0163297411054,29,0.00876398291439,29,0.00964297540486,29,0.0106559908018,28,-0.00344527605921,2018-07-23
2018-07-23,288,-0.0497525372295,12,12,0.0120011428371,29,0.0264708437026,29,0.0201976839453,29,0.0190484784544,29,0.0298770274967,28,0.0145954983309,29,0.015757067129,29,0.0159391406924,29,0.0244762282819,29,0.0167343895882,28,0.00473324675113,2018-07-24
2018-07-24,289,0.235347036807,11,5,-0.00692837219685,29,-0.00272340816446,29,-0.00682208454236,29,-0.00308790896088,29,3.80318742828e-05,29,0.00261584855616,29,0.000827518000733,29,-0.00310323154554,29,0.00466293934733,29,0.000627091969363,28,0.00755546416622,2018-07-25
2018-07-25,289,0.319385557522,11,3,-0.0160107966512,29,-0.0133111393079,29,-0.0135790603235,29,-0.0150378532708,29,-0.0136480312794,29,-0.00658318726346,29,0.000930539506953,29,-0.00624223193154,29,-0.00687171239406,29,-0.00156378315296,28,0.0144470134983,2018-07-26
2018-07-26,289,0.294406391409,11,0,-0.0144916633144,29,-0.0118933729827,29,-0.00264325225726,29,-0.00693144882098,29,-0.00483825895935,29,-0.00260930648074,29,-0.00118198886048,29,-0.00296814274043,29,-0.00488604558632,29,-0.000665464554913,28,0.0138261987595,2018-07-27
2018-07-27,289,0.117949129715,11,2,-0.0128086972982,29,-0.00978649314493,29,-0.0084991985932,29,-0.00302812154405,29,-0.00369666353799,29,-0.00348019390367,29,-0.00514101563022,29,-0.0142757436261,29,-0.00493150763214,29,0.00332628190517,28,0.0161349792033,2018-07-30
2018-07-30,289,0.132725913302,11,3,-0.00470011215657,29,-0.000499447865877,29,0.00503217754886,29,0.00339069659822,29,0.00284100184217,29,0.000379987817723,29,0.00245062448084,29,0.00558805651963,29,0.0025250047911,29,0.00280784280039,28,0.00750795495696,2018-07-31
2018-07-31,289,0.231392380774,11,6,-0.0214866362512,29,-0.0226049888879,29,-0.0215018205345,29,-0.0238790586591,29,-0.0223715286702,29,-0.0186732094735,29,-0.0163003876805,29,-0.0159763284028,29,-0.0141570894048,29,-0.0104228490964,28,0.0110637871549,2018-08-01
2018-08-01,289,0.0229584306465,11,0,-0.0164694599807,29,-0.0252352021635,29,-0.021232502535,29,-0.0254186466336,29,-0.0198162216693,29,-0.0264507327229,29,-0.024786926806,29,-0.0251512657851,29,-0.0252703782171,29,-0.022508803755,28,-0.00603934377432,2018-08-02
2018-08-02,290,0.405496182937,10,0,-0.0325268357992,29,-0.0285484902561,29,-0.0153888091445,29,-0.014183669351,29,-0.019435448572,29,-0.0136494655162,29,-0.0122249396518,29,-0.00395761057734,29,-0.0127554992214,29,-0.00196551461704,29,0.0305613211822,2018-08-03
2018-08-03,289,0.134219952968,11,0,-0.0287209954113,29,-0.0192773919553,29,-0.0171501655132,29,-0.0262745898217,29,-0.0197489652783,29,-0.0220637880266,29,-0.0204438399523,29,-0.0219415109605,29,-0.0104193193838,29,-0.0118825454265,28,0.0168384499848,2018-08-06
2018-08-06,289,-0.0963518673189,11,0,0.0261429529637,29,0.0316549614072,29,0.0380774438381,29,0.0366864427924,29,0.0268671158701,29,0.0309433266521,29,0.0271570850164,29,0.0303033664823,29,0.0272102020681,29,0.0267050731927,28,0.000562120229006,2018-08-07
2018-08-07,289,0.0825921739267,11,37,-0.0115635851398,29,-0.0226975064725,29,-0.022944547236,29,-0.0121937803924,29,-0.0151444710791,29,-0.0140629187226,29,-0.0168170854449,29,-0.0144795300439,29,-0.0100907515734,29,-0.015288932249,28,-0.00372534710914,2018-08-08
2018-08-08,289,-0.0717348648772,11,0,0.0163519196212,29,0.0236565507948,29,0.0302030667663,29,0.0245123971254,29,0.0392579585314,29,0.0218953676522,29,0.0251308809966,29,0.0198391843587,29,0.0176426190883,29,0.0152332531288,28,-0.0011186664924,2018-08-09
2018-08-09,289,-0.0870888935364,11,6,0.00598332379013,29,0.00895168818533,29,0.00293251150288,29,0.00587428640574,29,0.0047167558223,29,0.00403217598796,29,0.00646129949018,29,0.00230350997299,29,0.0019579611253,29,-0.000290251191473,28,-0.00627357498161,2018-08-10
2018-08-10,289,-0.287085168326,11,2,0.00630261795595,29,0.00965503416955,29,0.0054777264595,29,0.00260299025103,29,0.000723855220713,29,-0.0050893179141,29,-0.00340847321786,29,-0.00823980756104,29,-0.00609490182251,29,-0.00358784617856,28,-0.00989046413451,2018-08-13
2018-08-13,290,0.271191625455,10,19,-0.007326527033,29,-0.00894285924733,29,-0.00526075530797,29,-0.0083645125851,29,-0.00687107769772,29,-0.00339533737861,29,-0.00133061618544,29,0.00158734770957,29,-0.000759139133152,29,0.0029210508801,29,0.0102475779131,2018-08-14
2018-08-14,290,0.100939121332,10,7,-0.0246346462518,29,-0.021907383576,29,-0.0230034179986,29,-0.0236851014197,29,-0.025705575943,29,-0.0244343467057,29,-0.0251247808337,29,-0.0207731723785,29,-0.0194193609059,29,-0.0213434230536,29,0.00329122319818,2018-08-15
2018-08-15,290,0.118309324852,10,0,-0.0206264704466,29,-0.00560657307506,29,-0.00195507961325,29,-0.00936111062765,29,-0.00723973242566,29,-0.00854632537812,29,-0.00378553406335,29,-0.0053105619736,29,-0.00043495564023,29,-0.00535734789446,29,0.0152691225521,2018-08-16
2018-08-16,290,0.0586481629324,10,3,-0.0118051907048,29,-0.0184400416911,29,-0.0195739660412,29,-0.016765082255,29,-0.0171064194292,29,-0.02128245309,29,-0.0144196394831,29,-0.0125982351601,29,-0.0143617037684,29,-0.0127318231389,29,-0.00092663243413,2018-08-17
2018-08-17,291,0.0207182315399,9,0,-0.000202745199203,30,0.00864217989147,29,0.00997530203313,29,0.0129626682028,29,0.00671729119495,29,0.00642168708146,29,0.0138261215761,29,0.00513571500778,29,0.00711138686165,29,0.0103185400367,29,0.0105212852359,2018-08-20
2018-08-20,291,0.130846414697,9,46,0.00767360348254,30,0.0129607608542,29,0.0149175561965,29,0.0127972299233,29,0.0148444939405,29,0.016368528828,29,0.0193442292511,29,0.0161695312709,29,0.0214703716338,29,0.0128713743761,29,0.00519777089357,2018-08-21
2018-08-21,291,0.114318550938,9,9,-0.00938642211258,30,-0.00942593161017,29,-0.0088849151507,29,-0.0109975067899,29,-0.00785490125418,29,-0.00878637004644,29,-0.00785555876791,29,-0.00492760865018,29,-0.00707100797445,29,-0.00659508118406,29,0.00279134092852,2018-08-22
2018-08-22,292,0.137242607536,8,4,-0.000619322061539,30,0.00288392952643,29,0.00311329867691,29,0.00842618755996,29,0.00782868359238,29,0.00494717760012,30,0.00252258568071,29,0.00254952907562,29,0.00786601845175,29,0.00392550416291,29,0.00454482622445,2018-08-23
2018-08-23,292,0.196448200951,8,4,-0.00160349009093,30,-0.00240563531406,29,-0.00242887274362,29,0.0040882457979,29,0.000689377018716,29,0.00120510859415,30,-0.00163815147243,29,-0.000525090203155,29,0.00210714130662,29,0.00755702611059,29,0.00916051620152,2018-08-24
2018-08-24,292,-0.0512591320497,8,2,0.020851071924,30,0.0315684378147,29,0.0254475288093,29,0.0242754090577,29,0.0269015952945,29,0.0273481439799,30,0.0231116265059,29,0.0207977537066,29,0.0245779138058,29,0.0170729290694,29,-0.00377814285457,2018-08-27
2018-08-27,292,0.0433760358103,8,47,-0.00467408122495,30,0.00138437747955,29,0.00462922779843,29,0.00269020022824,29,0.00150636560284,29,0.00230378122069,30,0.000161902658874,29,0.00466269860044,29,3.56867385563e-05,29,0.00217977073044,29,0.00685385195538,2018-08-28
2018-08-28,292,0.132842146079,8,6,-0.00482277292758,30,-0.00676794722676,29,0.000200785434572,29,-0.00788086280227,29,-0.00219753896818,29,-0.00210149679333,30,-0.00549121992663,29,0.00114587054122,29,-0.00320822605863,29,-0.00301411445253,29,0.00180865847506,2018-08-29
2018-08-29,293,0.133688544908,7,13,-0.0173560585827,30,-0.0124570354819,29,-0.0116905840114,29,-0.0119000989944,30,-0.0141085572541,29,-0.00845181941986,29,-0.0117280762643,30,-0.0105641316622,29,-0.0108478786424,29,-0.0104207126424,29,0.00693534594029,2018-08-30
2018-08-30,293,0.413556510473,7,0,-0.0171300768852,30,-0.0193257499486,29,-0.010582126677,29,-0.00828652549535,30,0.00046016430133,29,-0.00639795651659,29,-0.000985612510704,30,2.11760907405e-05,29,0.00165639864281,29,0.00264632096514,29,0.0197763978504,2018-08-31
2018-08-31,293,0.183421410738,7,11,-0.00786024518311,30,-0.00918800476938,29,-0.0084091713652,29,-0.00406319880858,30,0.0102849667892,29,-0.0037343131844,29,-0.00244628987275,30,-0.003375147935,29,-0.00259956205264,29,-0.00110424589366,29,0.00675599928945,2018-09-03
2018-09-03,293,0.0142078589692,7,11,0.0146031621844,30,0.0106345089152,29,0.0129946675152,29,0.00894366297871,30,0.0180488880724,29,0.0153793180361,29,0.00763184810057,30,0.0102077554911,29,0.00971987750381,29,0.0098341871053,29,-0.00476897507906,2018-09-04
2018-09-04,293,0.172164600364,7,6,-0.0155292171985,30,-0.0130037497729,29,-0.0196296907961,29,-0.0195067860186,30,-0.019038381055,29,-0.0136936577037,29,-0.0171863436699,30,-0.0114363208413,29,-0.0147946616635,29,-0.0101797850803,29,0.00534943211824,2018-09-05
2018-09-05,293,0.253945543968,7,0,-0.0108823515475,30,-0.00850609038025,29,-0.0133646745235,29,-0.0113719347864,30,-0.012007849291,29,-0.00524872355163,29,-0.00809447746724,30,-0.00010438006575,29,-0.00363835180178,29,-0.00309726293199,29,0.00778508861549,2018-09-06
2018-09-06,293,-0.0256931833308,7,0,-0.00477313809097,30,0.00124335289001,29,-0.000231635975069,29,0.00906298775226,30,0.00171196670271,29,0.00559830060229,29,0.00545372953638,30,0.000334137468599,29,0.00459984038025,29,-0.000468790531158,29,0.00430434755981,2018-09-07
2018-09-07,292,0.122353870002,8,0,-0.0185343921185,30,-0.0199850946665,29,-0.0181872043759,29,-0.0248880367726,29,-0.0169713646173,29,-0.018648866564,30,-0.0149959139526,29,-0.0212651025504,29,-0.0168186407536,29,-0.0107662081718,29,0.00776818394661,2018-09-10
2018-09-10,292,-0.00484939463469,8,5,0.000496657681651,30,0.00198291079141,29,0.00128381827381,29,-0.0034376012627,29,0.00419507967308,29,-0.00485355081037,30,-0.000934594660066,29,-0.0016038211761,29,0.0020062038675,29,0.00213679578155,29,0.0016401380999,2018-09-11
2018-09-11,292,0.19913313854,8,9,-0.00509632052854,30,-0.00585156679153,29,0.000664834340569,29,-0.00820513628423,29,-0.00255945231766,29,-0.0066300611943,30,-0.000945231004152,29,0.00213924562559,29,0.00320554804057,29,0.00292420596816,29,0.00802052649669,2018-09-12
2018-09-12,292,0.0936556531996,8,4,0.00854720454663,30,0.0107953529805,29,0.00762559613213,29,0.00760674662888,29,0.00858967285603,29,0.00742024369538,30,0.0100383432582,29,0.0122563978657,29,0.00821888260543,29,0.0106747662649,29,0.00212756171823,2018-09-13
2018-09-13,292,0.0239697081974,8,27,-0.00251483125612,30,-0.00042586697964,29,-0.00660572573543,29,-0.0078638875857,29,-0.00117645796854,29,-0.00462769484147,30,0.00230675330386,29,0.00104392599314,29,-0.00219395244494,29,-0.00125636311714,29,0.00125846813899,2018-09-14
2018-09-14,291,0.15920909362,9,4,-0.0215924847871,30,-0.0105155520141,29,-0.0180020295084,29,-0.0180607642978,29,-0.0130682792515,29,-0.0158678162843,29,-0.0172292627394,29,-0.0115536311641,29,-0.00979327317327,29,-0.0110281175002,29,0.0105643672869,2018-09-17
2018-09-17,291,0.00500757491275,9,0,0.0193882938474,30,0.0145280379802,29,0.0208053905517,29,0.0225833281875,29,0.0258340556175,29,0.0222517997026,29,0.0248438455164,29,0.015117672272,29,0.0205019637942,29,0.014804453589,29,-0.00458384025842,2018-09-18
2018-09-18,290,0.0564820503616,10,49,0.00986841041595,29,0.00829659216106,29,0.0138060981408,29,0.0161836408079,29,0.00874806661159,29,0.0159115921706,29,0.0182506162673,29,0.0196851659566,29,0.0153847998008,29,0.0078690238297,29,-0.00199938658625,2018-09-19
2018-09-19,290,0.0888942751698,10,0,-0.00422930531204,29,-0.00274767749943,29,-8.747701213e-05,29,-0.00129378866404,29,-0.00123684981372,29,-0.000591292453464,29,0.00029638101114,29,-0.000929735833779,29,-0.0014092347119,29,-0.000645843043458,29,0.00358346226858,2018-09-20
2018-09-20,290,-0.0386435434064,10,6,0.0257854294032,29,0.0235802605748,29,0.0285983011127,29,0.0283317174762,29,0.0242650266737,29,0.0308485813439,29,0.0241051670164,29,0.0212908610702,29,0.0247132983059,29,0.0198653358966,29,-0.00592009350657,2018-09-21
2018-09-21,290,0.174802346663,10,43,-0.00711293239146,29,-0.00958686042577,29,-0.0108968140557,29,-0.0109994923696,29,-0.00625898083672,29,-0.00727607030421,29,-0.00754976086318,29,-0.00386782339774,29,-0.00519672129303,29,5.5728287407e-05,29,0.00716866067887,2018-09-25
2018-09-25,290,0.0604256074877,10,8,0.00534989079461,29,0.00995639711618,29,0.00601328257471,29,0.0110549926758,29,0.00801712274551,29,0.0102662649006,29,0.0063207950443,29,0.01065054629,29,0.00682750018314,29,0.00925171002746,29,0.00390181923285,2018-09-26
2018-09-26,289,0.142683714519,11,0,-0.0125058293343,29,-0.0127859078348,29,-0.00611592549831,29,-0.00156426022295,29,-0.00913136824965,29,-0.00999866053462,29,-0.00676163705066,29,-0.0036059494596,29,-0.00727690896019,29,-0.00438250834122,28,0.00812332099304,2018-09-27
2018-09-27,289,0.0828058981573,11,2,0.00689106993377,29,0.0117495162413,29,0.00794651545584,29,0.0100961448625,29,0.0105638541281,29,0.0144581403583,29,0.00871055945754,29,0.0153284789994,29,0.00785268750042,29,0.0104665374383,28,0.00357546750456,2018-09-28
2018-09-28,290,0.216181957329,10,27,-0.0346246920526,29,-0.0422172285616,29,-0.0482306554914,29,-0.0407121218741,29,-0.0423183366656,29,-0.0458477512002,29,-0.0395948141813,29,-0.0391481183469,29,-0.0271174553782,29,-0.0256327409297,29,0.00899195112288,2018-10-08
2018-10-08,290,0.128444374728,10,2,-0.0106074148789,29,-0.00433123111725,29,-0.00818580389023,29,0.000957408861723,29,3.84264967579e-05,29,-0.00213915714994,29,-0.00216605328023,29,0.00187031563837,29,0.00239796051756,29,0.000501106551383,29,0.0111085214303,2018-10-09
2018-10-09,290,0.161374291627,10,5,-0.000845648115501,29,-0.0037416794803,29,-0.00614058971405,29,0.00291095324792,29,-0.00866358261555,29,-0.00865067914128,29,0.00672739744186,29,0.00169166002888,29,0.00430293520913,29,0.00535009242594,29,0.00619574054144,2018-10-10
2018-10-10,290,-0.19710587978,10,9,-0.0471129417419,29,-0.0575215406716,29,-0.0566862896085,29,-0.0708645433187,29,-0.0631613209844,29,-0.0624398253858,29,-0.0627468675375,29,-0.0642539784312,29,-0.0694678500295,29,-0.0714049264789,29,-0.0242919847369,2018-10-11
2018-10-11,290,-0.213142898977,10,2,0.0168422069401,29,0.0146896261722,29,0.00685632228851,29,0.00474918726832,29,0.00236934842542,29,-0.0150744849816,29,-0.0027600012254,29,-0.00401648180559,29,-0.00553136039525,29,0.00588735612109,29,-0.010954850819,2018-10-12
2018-10-12,290,-0.0199458612286,10,4,-0.0177033301443,29,-0.0159577354789,29,-0.0133336819708,29,-0.0140105551109,29,-0.0164419282228,29,-0.0160757023841,29,-0.0188176631927,29,-0.0110697541386,29,-0.0265893749893,29,-0.0217979419976,29,-0.00409461185336,2018-10-15
2018-10-15,290,0.12169837962,10,2,-0.0127028841525,29,-0.0228656325489,29,-0.0244603771716,29,-0.0290431901813,29,-0.0175050664693,29,-0.0104310819879,29,-0.0192312598228,29,-0.0174150075763,29,-0.0108222179115,29,-0.0134153012186,29,-0.000712417066097,2018-10-16
2018-10-16,290,0.0669537756647,10,2,0.00587471202016,29,0.00287567125633,29,0.00406122021377,29,0.00437151780352,29,0.0132157038897,29,0.0131877101958,29,0.0148684568703,29,0.00691451085731,29,0.00795868597925,29,0.00857902411371,29,0.00270431209356,2018-10-17
2018-10-17,290,-0.17276069291,10,5,-0.0211647599936,29,-0.0196104757488,29,-0.0154454689473,29,-0.024613711983,29,-0.0232627708465,29,-0.0249494928867,29,-0.022917099297,29,-0.0304740592837,29,-0.0251145493239,29,-0.0343012288213,29,-0.0131364688277,2018-10-18
2018-10-18,289,-0.14134775849,11,2,0.0286799445748,29,0.0336236134171,29,0.0303920861334,29,0.027657225728,29,0.0319653227925,29,0.0321022719145,29,0.0228203255683,29,0.0239442251623,29,0.0297413151711,29,0.0231837965548,28,-0.00549614802003,2018-10-19
2018-10-19,289,0.00277505363911,11,44,0.0448945313692,29,0.0510267727077,29,0.0539188943803,29,0.0576776042581,29,0.0490669831634,29,0.0465126335621,29,0.0528902113438,29,0.0588802881539,29,0.0515730008483,29,0.0483990386128,28,0.00350450724363,2018-10-22
2018-10-22,289,-0.0435980616132,11,38,-5.76109732719e-06,29,-0.0265565756708,29,-0.0233443621546,29,-0.0289033260196,29,-0.0191948525608,29,-0.0186249297112,29,-0.0199247486889,29,-0.0268625784665,29,-0.0192787908018,29,-0.020767537877,28,-0.0207617767796,2018-10-23
2018-10-23,288,0.285890975439,12,0,-0.00915999244899,29,-0.00618602288887,29,0.00142784568015,29,-0.00317513733171,29,-0.00047906380496,28,-0.000765603152104,29,0.0046443361789,29,-0.000258542335359,29,0.0091283461079,29,0.0109498184174,28,0.0201098108664,2018-10-24
2018-10-24,288,-0.136078132171,12,0,0.0142491869628,29,0.00901474989951,29,0.010671461001,29,0.00358752137981,29,0.00301685300656,28,-0.00674468278885,29,0.000703462224919,29,0.00011619822908,29,-0.00241105095483,29,-0.003018372925,28,-0.0172675598878,2018-10-25
2018-10-25,288,0.131876253931,12,47,-0.00708941323683,29,-0.00822743866593,29,-0.00738681806251,29,-0.00709727918729,29,-0.0045785731636,28,-0.00119467650075,29,0.00278527359478,29,-0.00315152574331,29,0.00151221302804,29,0.00128385215066,28,0.00837326538749,2018-10-26
2018-10-26,289,0.0862005791932,11,3,-0.0256707109511,29,-0.0225553326309,29,-0.0139219695702,29,-0.0182650908828,29,-0.0216596182436,29,-0.0221283491701,29,-0.0181003920734,29,-0.0207949317992,29,-0.0225561484694,29,-0.0129436934367,28,0.0127270175144,2018-10-29
2018-10-29,289,-0.120720359516,11,2,0.00568822957575,29,0.0205057784915,29,0.0195956882089,29,0.0260630883276,29,0.0193542987108,29,0.0191106945276,29,-0.00184620043729,29,0.0130245825276,29,0.00722584826872,29,0.00987110845745,28,0.00418287888169,2018-10-30
2018-10-30,289,0.0506413128687,11,6,0.003099094145,29,0.0128768701106,29,0.0157129131258,29,0.0180035121739,29,0.0184273514897,29,0.0136198671535,29,0.0124280210584,29,0.011503865011,29,0.0178956203163,29,0.0129862083122,28,0.00988711416721,2018-10-31
2018-10-31,290,-0.241001470215,10,6,0.014661051333,29,0.0100005436689,29,0.0103857656941,29,0.013898095116,29,0.0122385350987,29,0.00736096175388,29,0.00940488371998,29,0.0045080864802,29,0.00118530623149,29,-9.02619867702e-05,29,-0.0147513133197,2018-11-01
2018-11-01,291,-0.303688841923,9,0,0.0317268930376,30,0.0487207584083,29,0.0488435588777,29,0.0382856018841,29,0.0359988212585,29,0.0313067473471,29,0.0379989929497,29,0.0307474303991,29,0.0211742054671,29,0.0172931868583,29,-0.0144337061793,2018-11-02
2018-11-02,291,0.0226319882671,9,41,0.00216185441241,30,-0.00771020213142,29,-0.0072404332459,29,-0.00203893100843,29,0.00269338791259,29,-3.90451532439e-05,29,0.00668743764982,29,0.000837515166495,29,-0.003197474638,29,-0.0073412922211,29,-0.00950314663351,2018-11-05
2018-11-05,291,0.214197696494,9,10,-0.00910226348788,30,-0.00607228884473,29,-0.00704321963713,29,-0.00665435101837,29,0.00209453608841,29,-0.00651724357158,29,7.99133849796e-05,29,0.000171815525391,29,0.000191818020539,29,-0.00334092671983,29,0.00576133676805,2018-11-06
2018-11-06,291,0.0223922292883,9,14,-0.00580742955208,30,-0.00924501568079,29,-0.00661210343242,29,-0.00105135398917,29,-0.00347278849222,29,-0.00574286235496,29,-0.00993634667248,29,-0.00533088343218,29,-0.0113998055458,29,-0.00145163410343,29,0.00435579544865,2018-11-07
2018-11-07,292,0.261719171687,8,2,-0.0106930974871,30,-0.0114683983847,29,-0.0108511773869,29,-0.00771283498034,29,-0.00513033615425,29,-0.00750027690083,30,-0.00758671760559,29,-0.00314970267937,29,-0.00560190761462,29,6.3957835664e-05,29,0.0107570553228,2018-11-08
2018-11-08,293,-0.00530842804219,7,2,-0.0103337410837,30,-0.0102386120707,29,0.00190510624088,29,-0.00849157571793,30,-0.00900714565068,29,-0.012221140787,29,-0.00622166972607,30,-0.00954052060843,29,-0.00905394367874,29,-0.00469689117745,29,0.0056368499063,2018-11-09
2018-11-09,293,-0.135299077092,7,2,0.0218163561076,30,0.0220311246812,29,0.0255217589438,29,0.0201891791075,30,0.01747395657,29,0.0245577543974,29,0.016218489036,30,0.0179032031447,29,0.0123833045363,29,0.014239420183,29,-0.00757693592459,2018-11-12
2018-11-12,293,-0.13800750079,7,49,0.0157220177352,30,0.0134737780318,29,0.0179608874023,29,0.0112103940919,30,0.0175231061876,29,0.0111291594803,29,0.0187504887581,30,0.00848362408578,29,0.00916710216552,29,0.00778818735853,29,-0.00793383037671,2018-11-13
2018-11-13,293,0.123866688719,7,14,-0.00442638993263,30,-0.00950586982071,29,-0.00936447549611,29,-0.0063317338936,30,-0.00611660582945,29,-0.00969644449651,29,-0.0065358360298,30,-0.00621854839846,29,-0.00555347977206,29,-0.00189578323625,29,0.00253060669638,2018-11-14
2018-11-14,293,-0.0582528810977,7,0,0.0181199703366,30,0.0123420339078,29,0.0182347483933,29,0.0208910424262,30,0.0192380212247,29,0.0146704092622,29,0.0131316678599,30,0.00994775816798,29,0.0108936838806,29,0.0115209408104,29,-0.00659902952611,2018-11-15
2018-11-15,293,0.058184849736,7,52,-0.00222550821491,30,0.00442686351016,29,0.0154639752582,29,0.00943225994706,30,0.0128178475425,29,0.0109558394179,29,0.00926626287401,30,0.0114122545347,29,0.00715434132144,29,0.00391407869756,29,0.00613958691247,2018-11-16
2018-11-16,294,0.04152948978,6,6,0.00259505514987,30,0.00718191964552,29,0.0172301717103,30,0.0146449739113,29,0.0142936231568,29,0.0106594208628,30,0.00603822804987,29,0.00970760546625,30,0.00942013971508,29,0.00739366421476,29,0.00479860906489,2018-11-19
2018-11-19,293,0.102900955661,7,40,-0.0232245065272,30,-0.028039695695,29,-0.0285745989531,29,-0.0264768954366,30,-0.0362451598048,29,-0.030175447464,29,-0.0295558795333,30,-0.0230395831168,29,-0.0237160455436,29,-0.0162454452366,29,0.00697906129062,2018-11-20
2018-11-20,293,-0.096536721693,7,0,0.00182088813744,30,0.00924931745976,29,0.00127954932395,29,0.00669198622927,30,0.00295362179168,29,0.00307928491384,29,0.00467302603647,30,-0.00309654558077,29,0.000737948692404,29,0.000899023027159,29,-0.000921865110286,2018-11-21
2018-11-21,294,0.154456570896,6,14,-0.00438906764612,30,-0.00556701235473,29,-0.00485587306321,30,-0.00298902904615,29,-0.00347316684201,29,-0.000368722277926,30,-0.00296653131954,29,0.00114464957733,30,0.00273435073905,29,-0.00245373207144,29,0.00193533557467,2018-11-22
2018-11-22,294,0.178109087294,6,0,-0.031479652971,30,-0.0370803400874,29,-0.0289453510195,30,-0.0359282456338,29,-0.0327681042254,29,-0.033618606627,30,-0.0293654240668,29,-0.031195031479,30,-0.0268188994378,29,-0.023372720927,29,0.00810693204403,2018-11-23
2018-11-23,293,0.113274390664,7,0,-0.0112734949216,30,-0.00335291749798,29,-0.000358768564183,29,-0.00513217272237,30,-0.00470058061182,29,0.00277824653313,29,-0.00292897829786,30,-0.0019573897589,29,-0.00347734102979,29,-0.00123029737733,29,0.0100431975443,2018-11-26
2018-11-26,294,-0.0824804991063,6,2,-0.000908652960788,30,0.0026909627486,29,0.00411147065461,30,0.00764404702932,29,0.00560227734968,29,0.00276913237758,30,0.001992237987,29,0.000609803188127,30,-0.00198205793276,29,-0.00354597903788,29,-0.00263732607709,2018-11-27
2018-11-27,295,-0.140180259308,5,2,0.00939317978919,30,0.0270009376109,29,0.020730804652,30,0.016645250842,29,0.0165120102465,30,0.0206580124795,29,0.017424851656,30,0.00648650433868,29,0.0132358316332,30,0.00590479187667,29,-0.00348838791251,2018-11-28
2018-11-28,295,0.326174461814,5,33,-0.0173006784171,30,-0.026550186798,29,-0.0219288598746,30,-0.0214347671717,29,-0.0217547938228,30,-0.0237615052611,29,-0.0167975779623,30,-0.00980360712856,29,-0.00781109929085,30,-0.00620608683676,29,0.0110945915803,2018-11-29
2018-11-29,295,-0.179259170086,5,0,0.0140436887741,30,0.0146182347089,29,0.0143764438108,30,0.0113275153562,29,0.0142660997808,30,0.00970234535635,29,0.00827107857913,30,0.00838968716562,29,0.00521919131279,30,0.00844819378108,29,-0.00559549499303,2018-11-30
2018-11-30,296,0.0695769756638,4,50,0.0220323037356,30,0.0263404734433,30,0.0292381569743,29,0.0354231335223,30,0.0319284722209,29,0.0296281371266,30,0.030730927363,30,0.02981297113,29,0.0286230165511,30,0.0252873096615,29,0.00325500592589,2018-12-03
2018-12-03,297,0.0952028854448,3,7,0.0051256576553,30,0.00216220808215,30,0.00122979679145,30,0.00538684381172,29,0.00419929809868,30,0.000611871480942,30,0.000802029797342,29,0.0034192900639,30,0.00363379507326,30,0.00384345138445,29,-0.00128220627084,2018-12-04
2018-12-04,297,0.128921211104,3,31,-0.00583288678899,30,-0.00757798971608,30,-0.00644167046994,30,-0.00668291607872,29,-0.000509667384904,30,-0.00432686228305,30,-0.00472649838775,29,-0.00377361965366,30,-0.00560702290386,30,-0.00344377756119,29,0.00238910922781,2018-12-05
2018-12-05,297,0.283790324991,3,4,-0.0215834379196,30,-0.0277496632189,30,-0.0289501473308,30,-0.0223179329187,29,-0.0230595115572,30,-0.0204372964799,30,-0.02084409073,29,-0.0186796206981,30,-0.0166996717453,30,-0.0127098374069,29,0.00887360051274,2018-12-06
2018-12-06,297,0.183705633688,3,0,-0.00181136722676,30,0.00205166544765,30,0.00103087024763,30,0.000508626981173,29,0.00334368553013,30,0.00484806904569,30,-0.00204707006924,29,0.005739569664,30,0.0066956221126,30,0.00530634680763,29,0.00711771403439,2018-12-07
2018-12-07,297,0.0483983665675,3,17,-0.0156239951029,30,-0.0132834399119,30,-0.0078760208562,30,-0.0137944798917,29,-0.0149091696367,30,-0.011177350767,30,-0.0127521222457,29,-0.0125302532688,30,-0.00890826992691,30,-0.00828275177628,29,0.00734124332666,2018-12-10
2018-12-10,297,0.0326551200939,3,3,0.00220009684563,30,-0.00169238052331,30,0.00506433658302,30,0.00772012490779,29,0.00982539262623,30,0.00792502146214,30,0.0103628756478,29,0.00991510320455,30,0.00572790484875,30,0.00206646416336,29,-0.000133632682264,2018-12-11
2018-12-11,298,0.0372392442135,2,24,-0.000938949990086,30,0.00569775886834,30,0.00245018792339,30,0.00201857695356,30,0.00136208534241,29,0.00159619445913,30,0.00286086392589,30,0.00333351106383,30,0.00421531219035,30,0.00378329586238,29,0.00472224585246,2018-12-12
2018-12-12,299,-0.00591464416513,1,7,0.00506468210369,30,0.0158506873995,30,0.0117691671476,30,0.0126744927838,30,0.0176397040486,30,0.0141514753923,30,0.0162060335279,30,0.0161021035165,30,0.011386629194,30,0.00864453334361,29,0.00357985123992,2018-12-13
2018-12-13,298,0.243288239858,2,4,-0.0223619639874,30,-0.0220301374793,30,-0.0251171458513,30,-0.021389497444,30,-0.0237656403333,29,-0.0211958959699,30,-0.0162938125432,30,-0.0177869591862,30,-0.0129290418699,30,-0.0118908043951,29,0.0104711595923,2018-12-14
2018-12-14,298,0.268035121595,2,2,-0.00580257177353,30,-0.0029861072544,30,-0.00292032351717,30,-0.00889055337757,30,-0.00346289621666,29,8.95778357517e-05,30,0.00251617422327,30,0.00379027519375,30,0.00469098892063,30,0.00437213433906,29,0.0101747061126,2018-12-17
2018-12-17,298,0.144054496634,2,22,-0.0144147193059,30,-0.0135625107214,30,-0.0116749620065,30,-0.0137972673401,30,-0.00848868768662,29,-0.00437341537327,30,-0.0104495203122,30,-0.00925790891051,30,-0.00465436000377,30,-0.00637257285416,29,0.00804214645177,2018-12-18
2018-12-18,298,0.354454698892,2,2,-0.0233887452632,30,-0.0171059556305,30,-0.0154084544629,30,-0.0143873272464,30,-0.0125787714496,29,-0.00684010982513,30,-0.0109368646517,30,-0.00739174475893,30,-0.0048336465843,30,-0.00920261628926,29,0.014186128974,2018-12-19
2018-12-19,298,-0.287746823375,2,0,-0.000238545733737,30,0.00301820435561,30,-0.000132048124215,30,0.00205437932163,30,2.13877901842e-05,29,0.00314942002296,30,-0.00256734085269,30,-0.0059441011399,30,-0.00876330304891,30,-0.00975982472301,29,-0.00952127898927,2018-12-20
2018-12-20,298,0.156357974319,2,7,-0.00742191681638,30,-0.0120765566826,30,-0.00955662503839,30,-0.0173250064254,30,-0.0112716881558,29,-0.0145934578031,30,-0.009436477907,30,-0.00560639705509,30,-0.00689248647541,30,-0.00503695430234,29,0.00238496251404,2018-12-21
2018-12-21,298,-0.0331545152124,2,14,0.000232984617469,30,0.0074466150254,30,0.00746301235631,30,0.00513431010768,30,0.00450014043599,29,2.21272312046e-05,30,0.00863469857723,30,0.00414270767942,30,0.00414377637208,30,0.00335825304501,29,0.00312526842754,2018-12-24
2018-12-24,297,-0.249442811704,3,22,-0.00571966776624,30,-0.00380650162697,30,-0.00727421045303,30,-0.00824924558401,29,-0.0106283165514,30,-0.0106821460649,30,-0.0181898679584,29,-0.0221068728715,30,-0.0156140709296,30,-0.0117514198646,29,-0.00603175209835,2018-12-25
2018-12-25,297,0.156405782359,3,6,-0.00433567771688,30,-0.00768735213205,30,-0.00503449421376,30,-0.00389987835661,29,-0.00317624001764,30,-0.00850617513061,30,-0.00383684970438,29,-0.00326235895045,30,-0.00103860895615,30,-0.000759073358495,29,0.00357660435839,2018-12-26
2018-12-26,297,0.0855254469331,3,5,-0.00639815535396,30,-0.000894739234354,30,-0.00827666930854,30,-0.011118366383,29,-0.00930078420788,30,-0.0079201599583,30,-0.00617069005966,29,-0.00791468191892,30,-0.00250610918738,30,0.0037319145631,29,0.0101300699171,2018-12-27
2018-12-27,297,0.0774116384951,3,0,0.00547777209431,30,-0.00225321855396,30,0.00634891213849,30,0.00611049542204,29,0.00556241255254,30,0.0099958954379,30,0.0065148351714,29,0.00861379876733,30,0.00598600087687,30,0.0054600648582,29,-1.77072361112e-05,2018-12-28
2018-12-28,299,0.16998671924,1,19,-0.0160444378853,30,-0.0182828437537,30,-0.0173063091934,30,-0.0201659500599,30,-0.0190660022199,30,-0.0128168361261,30,-0.00786342844367,30,-0.00660959305242,30,-0.000851706659887,30,-0.00874098204076,29,0.00730345584452,2019-01-02
2019-01-02,299,0.0284640361269,1,3,-0.00178364512976,30,0.0012100021122,30,-0.0182210579515,30,-0.00547040114179,30,-0.00267706112936,30,-0.00558517966419,30,-0.00268014473841,30,-0.00740606384352,30,0.000554597354494,30,0.00219684629701,29,0.00398049142677,2019-01-03
2019-01-03,299,-0.0787745876213,1,11,0.0149524630979,30,0.0372472666204,30,0.0363021939993,30,0.0309826526791,30,0.0371061004698,30,0.0309031363577,30,0.0260039400309,30,0.0236765202135,30,0.0189180262387,30,0.0178874768317,29,0.0029350137338,2019-01-04
2019-01-04,299,-0.00547523415879,1,33,0.00953284464777,30,0.00799977965653,30,0.0118699911982,30,0.00545304222032,30,0.0144119979814,30,0.0136550506577,30,0.0155458329245,30,0.0156455039978,30,0.0139838540927,30,0.00418731244281,29,-0.00534553220496,2019-01-07
2019-01-07,299,0.0449900973042,1,11,-0.00403293361887,30,-0.00330572924577,30,-0.00296113686636,30,-0.00535610737279,30,-0.000226952630328,30,0.00185784499627,30,-0.000357733166311,30,-0.00430369190872,30,-0.000442993652541,30,-0.00276485388167,29,0.0012680797372,2019-01-08
2019-01-08,299,0.126398429991,1,3,0.00301011395641,30,0.00487411022186,30,0.00320715503767,30,0.0085418485105,30,0.00366849498823,30,0.00584636535496,30,0.00865615997463,30,0.00925502181053,30,0.00327989063226,30,0.00864994525909,29,0.00563983130269,2019-01-09
2019-01-09,299,0.100380677746,1,3,-0.00510005373508,30,0.0019291380886,30,-0.0043907482177,30,-0.00478207273409,30,-0.00834933109581,30,-0.00941284932196,30,-0.00331191415899,30,-0.00221619615331,30,-0.00438606925309,30,-0.00250518112443,29,0.00259487261064,2019-01-10
2019-01-10,300,0.175073616392,0,2,0.00279679498635,30,0.0011038800003,30,0.00378001132049,30,0.00816605892032,30,0.00605557346717,30,0.00865901913494,30,0.00724221672863,30,0.00783675536513,30,0.00698230648413,30,0.00638266419992,30,0.00358586921357,2019-01-11
2019-01-11,300,0.111147697435,0,18,-0.00132662651595,30,-0.00582120008767,30,-0.011812871322,30,-0.00882544089109,30,-0.0053172884509,30,-0.0118132475764,30,-0.00654751062393,30,-0.00284711131826,30,-0.0090990010649,30,-0.00434756698087,30,-0.00302094046492,2019-01-14
2019-01-14,300,-0.11709281072,0,6,0.0104633653536,30,0.0153382178396,30,0.0176715217531,30,0.0187593195587,30,0.0160563364625,30,0.0193258859217,30,0.0226218830794,30,0.00824047531933,30,0.0136324847117,30,0.00776864308864,30,-0.00269472226501,2019-01-15
2019-01-15,300,-0.0339597430679,0,40,-0.00324833788909,30,0.00147574150469,30,0.0001887500257,30,-0.00402864394709,30,-0.000594309938606,30,-0.0029267470818,30,0.00241922331043,30,-0.00230088224635,30,-0.00443414831534,30,-0.00228000478819,30,0.0009683331009,2019-01-16
2019-01-16,300,0.107152096129,0,5,-0.00123833422549,30,-0.00656504835933,30,-0.00595019059256,30,-0.00750013580546,30,-0.00544617185369,30,-0.00748463487253,30,-0.00793113932014,30,-0.0104705709964,30,-0.00200737710111,30,-0.000677426636685,30,0.000560907588806,2019-01-17
2019-01-17,300,0.0265796906826,0,0,0.0137671018019,30,0.0198344923556,30,0.0135552827269,30,0.017031384632,30,0.0113371452317,30,0.0179492477328,30,0.0170722585171,30,0.0174242891371,30,0.0147009454668,30,0.0127468705177,30,-0.0010202312842,2019-01-18
2019-01-18,299,0.115330625279,1,23,-0.00172894599382,30,0.00734084844589,30,0.0110511640087,30,0.00235123047605,30,0.00211987295188,30,0.00702970614657,30,0.00683762226254,30,0.0119722643867,30,0.00269641284831,30,0.00536683900282,29,0.00709578499664,2019-01-21
2019-01-21,298,0.268175383708,2,3,-0.0168924294412,30,-0.0162034723908,30,-0.0135485315695,30,-0.0181992929429,30,-0.0141008868814,29,-0.0148730836809,30,-0.0130367996171,30,-0.00952026806772,30,-0.0102136014029,30,-0.00784324947745,29,0.00904917996377,2019-01-22
2019-01-22,298,0.0137386809739,2,0,-0.00963374786079,30,0.000833187485114,30,0.00238004536368,30,-0.00127737922594,30,0.00203458615579,29,-0.00118661124725,30,-0.00124638678972,30,0.000570700562093,30,-0.00180117483251,30,-0.0024122884497,29,0.00722145941108,2019-01-23
2019-01-23,299,-0.010811140902,1,7,-0.000239996108576,30,0.00865026470274,30,0.00440993905067,30,0.00475979642943,30,0.00689909653738,30,0.00739866914228,30,0.00719904294237,30,5.85695124755e-05,30,0.00248414487578,30,0.00232036970556,29,0.00256036581413,2019-01-24
2019-01-24,299,0.0483043748258,1,8,-0.00146420602687,30,0.00782524328679,30,0.00220570759848,30,0.00548061728477,30,0.00153963768389,30,0.00241414899938,30,0.00555171770975,30,0.00369357457384,30,0.00328339543194,30,0.00389553559944,29,0.00535974162631,2019-01-25
2019-01-25,299,-0.0572774963338,1,7,0.00224184198305,30,-0.00178141787183,30,-0.00139590899926,30,-0.00517456326634,30,-0.00230370950885,30,0.00222730636597,30,0.00443539209664,30,-0.00762903876603,30,-0.00226657791063,30,0.000356744072633,29,-0.00188509791042,2019-01-28
2019-01-28,300,0.153264419311,0,3,-0.0118644777685,30,-0.00694114761427,30,-0.00184384384193,30,-0.00702357292175,30,-0.00425882730633,30,-0.00351473898627,30,-0.00133335590363,30,-0.00188330409583,30,0.00071944395313,30,-0.00060324074002,30,0.0112612370285,2019-01-29
2019-01-29,300,0.166858703159,0,12,-0.00937564019114,30,-0.011123190634,30,-0.0105919484049,30,-0.0118638454005,30,-0.00801205076277,30,-0.00845763459802,30,-0.0110680954531,30,-0.00465129036456,30,-0.0051901419647,30,-0.00410609226674,30,0.0052695479244,2019-01-30
2019-01-30,300,0.0706195825057,0,4,-0.00633041840047,30,-0.00158827507403,30,0.000261384237092,30,0.000239259010414,30,0.00281489291228,30,0.0038992126938,30,0.00248967413791,30,-0.00314784841612,30,-0.00200019078329,30,0.00248512835242,30,0.00881554675288,2019-01-31
2019-01-31,300,0.0116700444027,0,11,0.0112826563418,30,0.0182961095124,30,0.0277482904494,30,0.0298698842525,30,0.027564406395,30,0.0234410688281,30,0.0225782394409,30,0.019489550963,30,0.019203543663,30,0.0147941149771,30,0.00351145863533,2019-02-01
2019-02-01,300,-0.229070884214,0,68,0.0197195373476,30,0.0200264658779,30,0.0345345959067,30,0.0287460200489,30,0.0247621461749,30,0.0192560069263,30,0.022378416732,30,0.0232711937279,30,0.0177588667721,30,0.00813214946538,30,-0.0115873878822,2019-02-11
2019-02-11,300,-0.0774722615203,0,47,0.0103642838076,30,0.0135374283418,30,0.0180256329477,30,0.0133087458089,30,0.0146130081266,30,0.010375412181,30,0.0146269584075,30,0.0077182748355,30,0.0152247389778,30,0.00643907580525,30,-0.00392520800233,2019-02-12
2019-02-12,300,0.106890161315,0,28,0.0139126814902,30,0.0193743146956,30,0.0251443497837,30,0.0241065137088,30,0.0304307136685,30,0.0184609778225,30,0.0314128883183,30,0.0206777863204,30,0.0227176751941,30,0.0153260771185,30,0.00141339562833,2019-02-13
2019-02-13,300,0.109381273307,0,21,0.000230683886912,30,0.00298370723613,30,-9.72549150902e-06,30,0.00865212269127,30,0.00207908358425,30,0.00363654107787,30,-0.00044054191676,30,-1.6278028852e-05,30,0.00346933002584,30,0.00582863669842,30,0.00559795281151,2019-02-14
2019-02-14,300,0.0550033917252,0,6,-0.0136591754854,30,-0.0112570011988,30,-0.00754322018474,30,-0.010161485523,30,-0.0106086926535,30,-0.012681315653,30,-0.0111843785271,30,-0.0114498594776,30,-0.0149454856291,30,-0.0130395945162,30,0.000619580969214,2019-02-15
2019-02-15,300,-0.379870262989,0,2,0.0395833477378,30,0.0461253896356,30,0.0412423834205,30,0.0353958047926,30,0.0414185337722,30,0.0346066616476,30,0.0365860275924,30,0.0352901704609,30,0.0218676757067,30,0.0198921952397,30,-0.0196911524981,2019-02-18
2019-02-18,300,0.0405062666181,0,49,-0.0027462542057,30,-0.00167573487852,30,-0.00234018755145,30,0.000144767764141,30,-0.000179855021997,30,0.000561642635148,30,0.00458625145257,30,-0.00338710146025,30,0.000515089428518,30,-0.000262190907961,30,0.00248406329774,2019-02-19
2019-02-19,298,0.0625707017473,2,5,0.000483268493554,30,-2.58286786448e-06,30,0.00547695346177,30,0.00112299725879,30,0.00780609576032,29,0.00228352146223,30,0.00199641776271,30,0.00590954208747,30,0.00581748271361,30,-0.000724607496522,29,-0.00120787599008,2019-02-20
2019-02-20,298,-0.0206456876055,2,9,-0.000457630550954,30,0.000583781802561,30,0.00531894760206,30,0.00089955131989,30,-0.0066236667335,29,-0.00755652971566,30,0.00153790914919,30,-0.00291681685485,30,-0.00697619700804,30,-0.00369189935736,29,-0.00323426880641,2019-02-21
2019-02-21,300,-0.198671717394,0,3,0.0340145975351,30,0.0291598606855,30,0.034682456404,30,0.0373452194035,30,0.0263880286366,30,0.0417473725975,30,0.0125973243266,30,0.00993164535612,30,0.0137275140733,30,0.0130030354485,30,-0.0210115620866,2019-02-22
2019-02-22,299,-0.304043541438,1,79,0.066915050149,30,0.0701696053147,30,0.063424423337,30,0.0621982701123,30,0.0618410259485,30,0.0630877688527,30,0.059325132519,30,0.0446270927787,30,0.0543289743364,30,0.0372809544206,29,-0.0296340957284,2019-02-25
2019-02-25,299,-0.0456454229728,1,84,0.00383046665229,30,-0.00261898641475,30,-0.00442467723042,30,0.00158901617397,30,-0.00657549314201,30,-0.00209623179398,30,0.00493212137371,30,-0.000496570253745,30,-0.0104127051309,30,-0.00937509350479,29,-0.0132055601571,2019-02-26
2019-02-26,299,0.32878488969,1,4,-0.011106303893,30,-0.0100365597755,30,-0.0131138004363,30,-0.00586026720703,30,-0.0104030128568,30,0.00324097275734,30,0.0100393211469,30,0.00322552910075,30,-0.00476259971038,30,0.00541979912668,29,0.0165261030197,2019-02-27
2019-02-27,298,0.306226309601,2,4,-0.0169746913016,30,-0.0152470786124,30,-0.00859658885747,30,7.37905502319e-05,30,0.00195609498769,29,0.000596042489633,30,0.000551176082809,30,0.00424212031066,30,0.00289311609231,30,-0.000374948169338,29,0.0165997431322,2019-02-28
2019-02-28,298,0.0559856905197,2,8,0.0123775703833,30,0.013910039328,30,0.0133099909872,30,0.0212149303406,30,0.0183606501669,29,0.0196964032948,30,0.0149592617527,30,0.0125221852213,30,0.0108887907118,30,0.0133754257113,29,0.000997855328023,2019-03-01
2019-03-01,298,0.0913417581575,2,33,0.0182577501982,30,0.0170572083443,30,0.0131331067532,30,0.0159038584679,30,0.0119333574548,29,0.0172776635736,30,0.0302445124835,30,0.0192853473127,30,0.0149960713461,30,0.0149188349023,29,-0.0033389152959,2019-03-04
2019-03-04,298,-0.110891583432,2,8,0.0300039388239,30,0.0131160235032,30,0.0162756964564,30,0.0132647855207,30,0.0131639204919,29,0.0131796840578,30,0.0158720575273,30,0.00492168869823,30,0.00912267807871,30,0.00593680329621,29,-0.0240671355277,2019-03-05
2019-03-05,298,-0.260865999155,2,34,0.0299921426922,30,0.0139620462433,30,0.0219122562557,30,0.0225629750639,30,0.0316590182483,29,0.017930554226,30,0.00547290453687,30,0.000372676062398,30,0.00810884591192,30,0.00171170558315,29,-0.0282804371091,2019-03-06
2019-03-06,298,-0.314507411453,2,21,0.0263252332807,30,0.00300192437135,30,0.0110124750063,30,0.00348993134685,30,0.00167191238143,29,-0.00947623234242,30,-0.00838767644018,30,-0.0101179061458,30,-0.0111257927492,30,-0.0130673507228,29,-0.0393925840035,2019-03-07
2019-03-07,299,0.216306856405,1,15,-0.0367204286158,30,-0.0621767118573,30,-0.0546147488058,30,-0.045837175101,30,-0.0402317903936,30,-0.0460918433964,30,-0.0415793322027,30,-0.0406717844307,30,-0.0436327382922,30,-0.0346732623875,29,0.00204716622829,2019-03-08
2019-03-08,300,-0.0453670543794,0,5,0.0146487075835,30,0.0338536910713,30,0.0293606538326,30,0.0373766906559,30,0.0342297106981,30,0.0280386582017,30,0.0330151058733,30,0.0212388671935,30,0.0355698019266,30,0.0199414696544,30,0.00529276207089,2019-03-11
2019-03-11,300,-0.0415110840287,0,35,0.013334242627,30,0.0156102301553,30,0.0142957353964,30,0.00952702388167,30,0.00667546596378,30,0.0131925428286,30,0.0108601013198,30,0.0128041962162,30,0.0120418174192,30,0.00816662888974,30,-0.00516761373729,2019-03-12
2019-03-12,300,0.313964672096,0,5,-0.0290283858776,30,-0.0316432453692,30,-0.0235423687845,30,-0.00783310178667,30,-0.0137326475233,30,-0.0176848750561,30,-0.00907197035849,30,-0.00922462530434,30,-0.00463676266372,30,-0.00644693197682,30,0.0225814539008,2019-03-13
2019-03-13,300,0.213728429016,0,2,-0.0133124236017,30,-0.025468217209,30,-0.033064160496,30,-0.0235914699733,30,-0.0195553340018,30,-0.0071512022987,30,-0.014497497119,30,-0.0135870836675,30,-0.00551093043759,30,-0.00874553527683,30,0.00456688832492,2019-03-14
2019-03-14,300,0.0139557664428,0,0,0.00292063155212,30,0.00804166588932,30,0.0185696780682,30,0.011994721368,30,0.018813887611,30,0.0147594232112,30,0.0122499745339,30,0.0124450763687,30,0.0114702340215,30,0.00854206457734,30,0.00562143302523,2019-03-15
2019-03-15,300,-0.0936118108111,0,4,0.0386789627373,30,0.0317572206259,30,0.0304321832955,30,0.0264982935041,30,0.0236533302814,30,0.0260154958814,30,0.0300807822496,30,0.0310616213828,30,0.0275707673281,30,0.0254146978259,30,-0.0132642649114,2019-03-18
2019-03-18,300,0.0484769048023,0,47,-0.00253025302663,30,-0.00516122160479,30,-0.00226424145512,30,-0.00153089559171,30,0.00113844475709,30,-0.00315565662459,30,0.00114704563748,30,0.000507203745656,30,-0.00448306417093,30,0.00286941719241,30,0.00539967021905,2019-03-19
2019-03-19,300,0.138265149376,0,5,-0.00588840059936,30,-0.00504813808948,30,-0.00200199289247,30,0.00360168819316,30,0.00465742172673,30,-0.00284384889528,30,-0.00528129749,30,-0.000754793465603,30,-0.00074828468496,30,-0.000825999188237,30,0.00506240141112,2019-03-20
2019-03-20,298,-0.145720063238,2,5,0.0106248473749,30,0.0125685250387,30,0.00903883390129,30,0.00580129213631,30,0.00133811403066,29,0.00278993253596,30,0.00643389020115,30,0.000559065723792,30,0.00191952788737,30,0.00142653437797,29,-0.00919831299689,2019-03-21
2019-03-21,297,0.250213257387,3,5,-0.00574254011735,30,-0.00540953269228,30,-0.00436591124162,30,0.0032975981012,29,0.00583416409791,30,0.00227652187459,30,-0.0018022924196,29,0.00407731719315,30,0.00550447497517,30,0.00308222393505,29,0.00882476405241,2019-03-22
2019-03-22,297,-0.0355674717411,3,14,-0.009601845406,30,-0.00753034558147,30,-0.0268810205162,30,-0.0282560456544,29,-0.0254560373724,30,-0.0142791410908,30,-0.0183748006821,29,-0.0184114966542,30,-0.0190482679754,30,-0.0181447826326,29,-0.00854293722659,2019-03-25
2019-03-25,297,0.287748308348,3,2,-0.0121096391231,30,-0.0263874474913,30,-0.0331534147263,30,-0.0244325716048,29,-0.0230111554265,30,-0.0170650556684,30,-0.0181114897132,29,-0.0157134123147,30,-0.00950206909329,30,-0.00536903413013,29,0.00674060499296,2019-03-26
2019-03-26,297,-0.0352480679391,3,0,0.00833105482161,30,0.00546284299344,30,0.0164362248033,30,0.00719974795356,29,0.0096239503473,30,0.00825959444046,30,0.00630191061646,29,0.00990925263613,30,0.00933345779777,30,0.00524216890335,29,-0.00308888591826,2019-03-27
2019-03-27,297,0.134479562459,3,12,-0.00996530056,30,-0.0100600402802,30,-0.0127636352554,30,-0.0067104678601,29,-0.00526869716123,30,-0.0123502016068,30,-0.00371682434343,29,-0.00581252761185,30,-0.00931832380593,30,-0.0033700959757,29,0.0065952045843,2019-03-28
2019-03-28,297,-0.241922215077,3,0,0.0323907695711,30,0.0508462190628,30,0.0420149825513,30,0.0475899279118,29,0.0423878952861,30,0.0358480326831,30,0.0275000389665,29,0.0327579341829,30,0.0273235086352,30,0.0269529744983,29,-0.00543779507279,2019-03-29
2019-03-29,297,-0.179661373115,3,44,0.032847750932,30,0.035248991102,30,0.0312288440764,30,0.0348541401327,29,0.0321034044027,30,0.0279915854335,30,0.0309735331684,29,0.0336867421865,30,0.0317219085991,30,0.0231737531722,29,-0.00967399775982,2019-04-01
2019-04-01,297,0.0615531157915,3,21,-0.000168806320289,30,-0.00184068479575,30,-0.00275637302548,30,0.0060248458758,29,-0.000804795825388,30,0.00617158599198,30,0.0038538267836,29,0.00136389536783,30,-0.00489920983091,30,-0.00372316502035,29,-0.00355435870006,2019-04-02
2019-04-02,296,0.132056079037,4,6,0.00373913836665,30,0.0120274983346,30,0.025046383962,29,0.0201282426715,30,0.0174514371902,29,0.0162681825459,30,0.0185178890824,30,0.0141663383693,29,0.0157850999385,30,0.010755254887,29,0.00701611652039,2019-04-03
2019-04-03,296,0.0453418369824,4,30,0.0103703178465,30,-0.000406235456467,30,0.0123832188547,29,0.00239149527624,30,0.00765811558813,29,0.00862990226597,30,0.00850081630051,30,0.00415652152151,29,0.0083374241367,30,0.0106467399746,29,0.000276422128081,2019-04-04
2019-04-04,298,0.0454987485461,2,11,-0.00354685587808,30,0.00339827337302,30,-0.00813652295619,30,-0.00991861801594,30,-0.00778072886169,29,-0.0169896986336,30,-0.00711798248813,30,0.00514694862068,30,-0.000808167445939,30,-0.00573960272595,29,-0.00219274684787,2019-04-08
2019-04-08,297,0.182658433165,3,7,-0.019983433187,30,0.00158736901358,30,-0.00118721323088,30,0.00197305972688,29,0.00482929171994,30,0.00555881857872,30,0.00601763976738,29,0.00273974938318,30,0.00761081976816,30,-0.00412012357265,29,0.0158633096144,2019-04-09
2019-04-09,298,0.0818503966465,2,10,0.00422426266596,30,-0.00384228816256,30,0.004087457899,30,-0.00990321021527,30,-0.00419193925336,29,-0.004255624488,30,-0.000169974562596,30,0.000102243822766,30,-0.00132832722738,30,-0.000340718659572,29,-0.00456498132553,2019-04-10
2019-04-10,298,0.288310514028,2,3,-0.0287064891309,30,-0.0221079904586,30,-0.0289390552789,30,-0.0187956951559,30,-0.0273805800825,29,-0.0198811199516,30,-0.0204278454185,30,-0.0178736429662,30,-0.0165440365672,30,-0.0125685418025,29,0.0161379473284,2019-04-11
2019-04-11,298,0.0730208026325,2,0,0.00143896543887,30,-0.00741770863533,30,0.00175102357753,30,-0.00145203468855,30,0.00117922038771,29,0.00590445799753,30,0.00136325554922,30,0.00010503132944,30,-0.00187778274994,30,0.00288875564002,29,0.00144979020115,2019-04-12
2019-04-12,298,0.35850936896,2,14,-0.0126094873995,30,-0.0182949267328,30,-0.0131826456636,30,-0.0133918663487,30,-0.0128540359437,29,-0.0104981539771,30,-0.00222739367746,30,-0.000961436831858,30,-0.00328036933206,30,0.000341738079442,29,0.0129512254789,2019-04-15
2019-04-15,298,0.0521116532205,2,0,0.0211419519037,30,0.0198335275054,30,0.0210140515119,30,0.0205127354711,30,0.0229199305177,29,0.0265348628163,30,0.0271341409534,30,0.0226164348423,30,0.0214408282191,30,0.0260068606585,29,0.00486490875483,2019-04-16
2019-04-16,298,0.182301393524,2,75,-0.00158773257863,30,-0.000545614981093,30,-0.00259056477807,30,-0.00457153143361,30,-0.00231835152954,29,0.00564419431612,30,-0.00267953472212,30,0.0121392728761,30,0.00768961105496,30,0.0151461772621,29,0.0167339098407,2019-04-17
2019-04-17,299,0.0647062547158,1,8,-0.00512929540128,30,-0.00617534527555,30,0.000769694626797,30,-0.00607895245776,30,-0.00144860346336,30,-0.0105268200859,30,-0.00336592388339,30,-0.00875005312264,30,-0.00206378498115,30,-0.00372117152438,29,0.0014081238769,2019-04-18
2019-04-18,299,0.0387585632481,1,3,0.00340412463993,30,0.00472492771223,30,0.00640291394666,30,0.0105311097577,30,0.0059762140736,30,0.00632755737752,30,0.010177209042,30,0.00813056062907,30,0.00807547569275,30,0.00341489398852,29,1.07693485916e-05,2019-04-19
2019-04-19,299,0.139546914864,1,21,-0.022846583277,30,-0.0218020305037,30,-0.0254197120667,30,-0.0220254845917,30,-0.0201956983656,30,-0.0154522145167,30,-0.0104767140001,30,-0.0165912304074,30,-0.0171332582831,30,-0.0187443345785,29,0.00410224869847,2019-04-22
2019-04-22,300,0.0371709127558,0,0,-0.00730231404305,30,-0.0128618814051,30,-0.00463270163164,30,-0.0132963676006,30,-0.00532297277823,30,-0.00456406269222,30,-0.00207068910822,30,-0.0108267748728,30,-0.00997459702194,30,-0.00697065610439,30,0.000331657938659,2019-04-23
2019-04-23,300,0.021282246116,0,0,-0.00605967640877,30,0.00441896310076,30,0.00994315370917,30,0.0123897250742,30,0.0159179400653,30,0.011603939347,30,0.0041692215018,30,0.00634896941483,30,0.00290948757902,30,0.00249160919338,30,0.00855128560215,2019-04-24
2019-04-24,300,0.333907072906,0,14,-0.0289915837348,30,-0.0375111438334,30,-0.0317485444248,30,-0.0336626619101,30,-0.0309494659305,30,-0.024313095957,30,-0.0207996908575,30,-0.0250294599682,30,-0.0168993994594,30,-0.0171530582011,30,0.0118385255337,2019-04-25
2019-04-25,300,-0.00439827597893,0,0,-0.0177971944213,30,-0.0150049049407,30,-0.0124634383246,30,-0.0112067619339,30,-0.00916163157672,30,-0.0114267552271,30,-0.0145877301693,30,-0.0172088965774,30,-0.0189251322299,30,-0.00865816883743,30,0.00913902558386,2019-04-26
2019-04-26,298,0.243079339315,2,2,-0.0297286044806,30,-0.0286313630641,30,-0.0136067513376,30,-0.0178579874337,30,-0.0242685526609,29,-0.00361029896885,30,-0.00758910784498,30,-0.00393644953147,30,-0.00506428070366,30,0.000951123656705,29,0.0306797281373,2019-04-29
2019-04-29,296,0.0458446271915,4,2,-0.00232968339697,30,0.00282794237137,30,0.0123237268999,29,0.0103069702163,30,0.00852536503226,29,0.00814745388925,30,0.00528306746855,30,0.00990053266287,29,0.00206481409259,30,0.00962646212429,29,0.0119561455213,2019-04-30
2019-04-30,297,0.117008805422,3,9,-0.0617606714368,30,-0.0662408098578,30,-0.075086645782,30,-0.0649211853743,29,-0.066631808877,30,-0.0663000568748,30,-0.058703660965,29,-0.0727586597204,30,-0.0637765601277,30,-0.0501412153244,29,0.0116194561124,2019-05-06
2019-05-06,299,-0.0454175038695,1,7,0.00771938357502,30,0.0135835967958,30,0.0107867084444,30,0.0122080687433,30,0.0142477834597,30,0.0136137567461,30,0.0151803391054,30,0.0100355204195,30,0.0113228065893,30,0.00703624403104,29,-0.00068313954398,2019-05-07
2019-05-07,298,0.0925568776487,2,11,-0.0209285020828,30,-0.011440503411,30,-0.00806303229183,30,-0.00740919727832,30,-0.00622618384659,29,-0.00530380615965,30,-0.0105888647959,30,-0.00902651902288,30,-0.0107653476298,30,-0.00729144038633,29,0.0136370616965,2019-05-08
2019-05-08,298,-0.0726008771265,2,0,-0.0145694809034,30,-0.0145589690655,30,-0.0132708968595,30,-0.0142517667264,30,-0.0149094322696,29,-0.0156191568822,30,-0.0125695224851,30,-0.0207580029964,30,-0.0236222352833,30,-0.0109436633065,29,0.00362581759691,2019-05-09
2019-05-09,299,-0.371068190662,1,5,0.0307115968317,30,0.0459050908685,30,0.0403896309435,30,0.039573546499,30,0.0348266512156,30,0.0313483811915,30,0.0317021757364,30,0.0306876190007,30,0.025560637936,30,0.0174612458795,29,-0.0132503509521,2019-05-10
2019-05-10,299,0.113885431338,1,24,-0.0173372384161,30,-0.0148611627519,30,-0.0173689108342,30,-0.0165573526174,30,-0.0133792655542,30,-0.0123369116336,30,-0.0180417802185,30,-0.018795369193,30,-0.0144275007769,30,-0.00988451577723,29,0.00745272263885,2019-05-13
2019-05-13,299,0.291658071642,1,2,-0.0119376480579,30,-0.00842070579529,30,-0.0116780996323,30,-0.0105611383915,30,-0.00561382574961,30,-0.00331161613576,30,-0.00399370398372,30,-0.00410836143419,30,-0.00357640581205,30,-0.00477391667664,29,0.0071637313813,2019-05-14
2019-05-14,299,-0.209297209939,1,0,0.0226211585104,30,0.0201728884131,30,0.0184285994619,30,0.021302441135,30,0.0257037915289,30,0.014516546391,30,0.0196581799537,30,0.0152039611712,30,0.0144410450011,30,0.0124690365046,29,-0.0101521220058,2019-05-15
2019-05-15,298,-0.0364745580284,2,10,0.0216220915318,30,0.00408834638074,30,0.00551223149523,30,0.00164641335141,30,0.0111352838576,29,0.00661849789321,30,0.00505087384954,30,0.0108393346891,30,0.0122141959146,30,0.00336188892834,29,-0.0182602026034,2019-05-16
2019-05-16,298,0.132017280119,2,23,-0.0267482511699,30,-0.0290432162583,30,-0.0362077951431,30,-0.0320852287114,30,-0.0362435355783,29,-0.0336448736489,30,-0.0289331208915,30,-0.0293949525803,30,-0.0267412886024,30,-0.0235437229276,29,0.00320452824235,2019-05-17
2019-05-17,297,0.131532710722,3,0,-0.0222519468516,30,-0.0114788152277,30,-0.00780784897506,30,-0.00495424773544,29,-0.00407302193344,30,-0.00959956087172,30,-0.00504769338295,29,-0.00718558439985,30,-0.00671606650576,30,-0.00271647144109,29,0.0195354754105,2019-05-20
2019-05-20,297,-0.194198602796,3,3,0.0187924448401,30,0.0204901825637,30,0.0259661059827,30,0.0176216904074,29,0.0149571560323,30,0.019467914477,30,0.0236753858626,29,0.016552766785,30,0.0135552966967,30,0.00932948756963,29,-0.00946295727044,2019-05-21
2019-05-21,298,0.0164436861312,2,13,-0.00140813586768,30,-0.00648611178622,30,-0.00267685065046,30,-0.00281744403765,30,-0.00694593088701,29,-0.00642546033487,30,-0.00581076927483,30,-0.00542063917965,30,-0.00685735745355,30,-0.00156451715156,29,-0.000156381283887,2019-05-22
2019-05-22,299,0.281211992249,1,0,-0.0256240740418,30,-0.0179977547377,30,-0.0209948644042,30,-0.0209068395197,30,-0.0169136282057,30,-0.0176876801997,30,-0.012191740796,30,-0.016635729,30,-0.0142533639446,30,-0.0100968442857,29,0.0155272297561,2019-05-23
2019-05-23,299,0.188266099303,1,3,-0.012408929877,30,0.00231971545145,30,-0.00589058781043,30,-0.00597948627546,30,-0.00171718199272,30,0.000657320022583,30,-0.00215761456639,30,-0.00181701383553,30,-0.00145775079727,30,0.00364256114699,29,0.016051491024,2019-05-24
2019-05-24,299,-0.0860162703455,1,2,0.015980547294,30,0.0166773814708,30,0.0205586049706,30,0.0246006567031,30,0.021839113906,30,0.0180750992149,30,0.0195826403797,30,0.0189253874123,30,0.013730158098,30,0.0101021323353,29,-0.00587841495872,2019-05-27
2019-05-27,299,0.128518917314,1,14,0.00128083035816,30,0.00313609046862,30,0.00407173018903,30,0.0109721599147,30,0.00766162853688,30,0.00797863584012,30,0.00732823787257,30,0.00712629174814,30,0.0061845718883,30,0.0104187233374,29,0.0091378929792,2019-05-28
2019-05-28,299,0.437656796001,1,49,-0.0100685218349,30,-0.0114514632151,30,-0.0107639487833,30,-0.00761533994228,30,0.00549637852237,30,0.00234590959735,30,0.000163924691151,30,0.000651268172078,30,0.000689643609803,30,-0.000207644086913,29,0.009860877748,2019-05-29
2019-05-29,300,0.236251628908,0,7,-0.00981071218848,30,-0.00383579730988,30,-0.0120609840378,30,-0.0107266185805,30,-0.00863722339272,30,-0.00462236022577,30,-0.00737074622884,30,-0.0058093490079,30,-0.00197703042068,30,0.000421615433879,30,0.0102323276224,2019-05-30
2019-05-30,300,0.0338831065577,0,10,-0.00147661170922,30,-0.00105197029188,30,0.000964689243119,30,-0.00116790528409,30,-0.00443795928732,30,-0.00151235854719,30,0.00175499916077,30,-0.000597411417402,30,0.00414112629369,30,-0.000579835963435,30,0.000896775745787,2019-05-31
2019-05-31,299,0.162624830402,1,5,-0.00447982130572,30,-0.00434111943468,30,-0.0103479009122,30,-0.0092338938266,30,0.000358460354619,30,-0.0068162321113,30,-0.00385757279582,30,-0.00624776491895,30,-0.00241943402216,30,0.00262385606766,29,0.00710367737338,2019-06-03
2019-06-03,299,0.101846672534,1,6,-0.0105892773718,30,-0.00729722995311,30,-0.0155846420676,30,-0.0116357048973,30,-0.00896614789963,30,-0.0107636470348,30,-0.012947589159,30,-0.00943570304662,30,-0.00822251848876,30,-0.00633621402085,29,0.00425306335092,2019-06-04
2019-06-04,299,-0.0151852758203,1,11,-0.00261225504801,30,-0.00188855128363,30,0.00487006315961,30,0.00241801142693,30,-0.00485641369596,30,-0.00455807056278,30,-0.00198901887052,30,0.00508760614321,30,-0.0035850147251,30,0.00189572363161,29,0.00450797867961,2019-06-05
2019-06-05,299,0.227360422703,1,0,-0.0239770226181,30,-0.0122554339468,30,-0.013618523255,30,-0.01607080549,30,-0.00967275910079,30,-0.0127420369536,30,-0.0113213257864,30,-0.00904667750001,30,-0.00749974232167,30,-0.00676931999624,29,0.0172077026218,2019-06-06
2019-06-06,299,-0.0335460347224,1,0,0.00207387609407,30,0.00705085182562,30,0.0135071836412,30,0.0168621670455,30,0.0070822336711,30,0.0119213638827,30,0.00774617586285,30,0.00422283029184,30,0.00846441555768,30,0.00899554695934,29,0.00692167086527,2019-06-10
2019-06-10,299,-0.197574553916,1,3,0.0288880765438,30,0.0348912850022,30,0.0394088104367,30,0.0316074565053,30,0.0319001041353,30,0.0371893495321,30,0.0374980159104,30,0.0370284244418,30,0.0251779276878,30,0.0156983472407,29,-0.0131897293031,2019-06-11
2019-06-11,299,0.202855986464,1,34,-0.00685528106987,30,-0.013343302533,30,-0.0105213904753,30,-0.00927793979645,30,-0.00739678740501,30,-0.00739581184462,30,-0.00447113299742,30,-0.00277877645567,30,-0.00161155068781,30,-0.00511539820582,29,0.00173988286406,2019-06-12
2019-06-12,299,0.0426506619121,1,2,-0.0033687511459,30,-0.000676778960042,30,0.00213648285717,30,0.00430259900168,30,0.00245507946238,30,0.000755367684178,30,0.00336968502961,30,-0.000573811936192,30,-0.000833761703689,30,-0.000921837228816,29,0.00244691391708,2019-06-13
2019-06-13,299,0.267146705742,1,7,-0.0194527823478,30,-0.0132012525573,30,-0.00543333077803,30,-0.0174867250025,30,-0.0156435854733,30,-0.0151041485369,30,-0.010021628812,30,-0.00939335860312,30,-0.00478738127276,30,-0.0073596467264,29,0.0120931356214,2019-06-14
2019-06-14,299,0.245063405834,1,0,-0.00701795239002,30,-0.00305373873562,30,5.03102928633e-05,30,0.000151507061673,30,0.00349900918081,30,-0.00279065361246,30,0.00576372165233,30,0.00360907916911,30,0.00153185729869,30,0.0040898877196,29,0.0111078401096,2019-06-17
2019-06-17,298,0.0892259080333,2,0,-0.00256636738777,30,0.00525282043964,30,-0.00103263452183,30,0.0024374902714,30,-0.0016660875408,29,-0.0012824217556,30,0.000608368718531,30,0.00262061762623,30,-0.00104851124343,30,0.00162826327141,29,0.00419463065919,2019-06-18
2019-06-18,299,-0.13788843997,1,10,0.0114999134094,30,0.0180449541658,30,0.0179683938622,30,0.0114205656573,30,0.01352627296,30,0.0123230852187,30,0.0114910090342,30,0.0136072654277,30,0.0119310738519,30,0.0048360824585,29,-0.00666383095086,2019-06-19
2019-06-19,300,-0.127987644307,0,0,0.0220087524503,30,0.0296277273446,30,0.0208058934659,30,0.0260556451976,30,0.0298863165081,30,0.0277513545007,30,0.0241326913238,30,0.0270536486059,30,0.0211725942791,30,0.0142899351195,30,-0.0077188173309,2019-06-20
2019-06-20,300,-0.208451621994,0,13,0.015590434894,30,0.00356566510163,30,0.0154374660924,30,0.0135702174157,30,0.00643333792686,30,0.012906903401,30,0.00497515778989,30,0.00803523231298,30,0.00299165444449,30,0.00161754887085,30,-0.0139728860231,2019-06-21
2019-06-21,299,0.159809018425,1,11,-0.00134589476511,30,-0.00366754923016,30,-0.00177708861884,30,-0.000669358181767,30,0.00547974882647,30,-0.000557283579838,30,0.00242721824907,30,0.00274503021501,30,0.0021772782784,30,-0.000399373733671,29,0.000946521031437,2019-06-24
2019-06-24,299,-0.000741644934471,1,11,-0.00741516565904,30,-0.0112547334284,30,-0.00625071534887,30,-0.00395213766024,30,-0.00420561432838,30,-0.00155419507064,30,-0.0118897361681,30,-0.00615874351934,30,-0.00978447962552,30,-0.0107278190553,29,-0.00331265339628,2019-06-25
2019-06-25,300,0.268778891795,0,4,-0.0140603780746,30,-0.0160805583,30,-0.00389065546915,30,0.00105572142638,30,0.00616836128756,30,0.00471210060641,30,0.0046473541297,30,0.00486038345844,30,0.00160923798103,30,0.000164298209711,30,0.0142246762844,2019-06-26
2019-06-26,300,-0.0995556509519,0,7,0.00541486730799,30,0.0091526703909,30,0.011140557006,30,0.0116876997054,30,0.0138100106269,30,0.00789199303836,30,0.0103721078485,30,0.00737384939566,30,0.00418822746724,30,0.00302747893147,30,-0.00238738837652,2019-06-27
2019-06-27,300,-0.0120951979893,0,4,0.00149431824684,30,-0.00470282230526,30,-0.00399261899292,30,-0.00312588410452,30,-0.00503438897431,30,-0.00578052224591,30,-0.00536290230229,30,-0.00592182669789,30,-0.00566994166002,30,-0.00281040463597,30,-0.00430472288281,2019-06-28
2019-06-28,300,-0.153681808613,0,8,0.0272630285472,30,0.0319915674627,30,0.0328055769205,30,0.0279698129743,30,0.03062771447,30,0.0278150867671,30,0.0294369347394,30,0.0302996374667,30,0.02310179919,30,0.0145077602938,30,-0.0127552682534,2019-07-01
2019-07-01,300,0.0507886453064,0,29,-0.00622960925102,30,0.00327483029105,30,0.00130297942087,30,0.00367806758732,30,0.00470118504018,30,0.00238262815401,30,0.00233381194994,30,0.00135136442259,30,0.000188265243196,30,0.00348932552151,30,0.00971893477254,2019-07-02
2019-07-02,300,0.0811040028811,0,17,-0.00216845679097,30,-0.0103735867888,30,-0.0116591732949,30,-0.0132549246773,30,-0.0066063166596,30,-0.00919403228909,30,-0.0105924028903,30,-0.00234474730678,30,-0.0081012127921,30,-0.00362103967927,30,-0.00145258288831,2019-07-03
2019-07-03,300,0.114701201918,0,11,-0.00705966167152,30,-0.00766210537404,30,-0.00541930785403,30,-0.00137799186632,30,-0.00894755683839,30,-0.00304014096037,30,-0.00543257780373,30,-0.00467878999189,30,-0.000108128784632,30,-0.00229774508625,30,0.00476191658527,2019-07-04
2019-07-04,300,0.073908986781,0,6,-0.00272285938263,30,0.00112943653949,30,0.00245423126034,30,0.00613224087283,30,0.00115370354615,30,0.0019240815891,30,0.00237803254277,30,0.0063669225201,30,0.00327476859093,30,-0.000204676383873,30,0.00251818299876,2019-07-05
2019-07-05,299,0.140330384033,1,8,-0.0304557625204,30,-0.0248529370874,30,-0.0220191534609,30,-0.0303503796458,30,-0.0275111030787,30,-0.0271083824337,30,-0.0255385860801,30,-0.031386949122,30,-0.0231727007776,30,-0.0185357462615,29,0.011920016259,2019-07-08
2019-07-08,299,-0.0559755272062,1,0,-0.00870199035853,30,0.00342628965154,30,0.00651286030188,30,0.00232948269695,30,0.00554798450321,30,0.00094297924079,30,0.00138879218139,30,3.687540584e-06,30,-0.000199792775675,30,-0.00534837832674,29,0.00335361203179,2019-07-09
2019-07-09,299,0.18690744009,1,5,-0.0120101450011,30,-0.00611565308645,30,-0.00808557495475,30,-0.00604749144986,30,-0.00132309796754,30,-0.000817996275146,30,0.000436864298536,30,-0.000101699428342,30,-0.00594094209373,30,-0.00374943437055,29,0.00826071063057,2019-07-10
2019-07-10,298,0.145644715935,2,0,-0.00589502463117,30,0.00437611527741,30,0.000194819775061,30,-0.000985117745586,30,0.000653462135233,29,0.000491333019454,30,-0.00148703658488,30,0.0010297675617,30,0.00041082102689,30,0.00140467390884,29,0.00729969854001,2019-07-11
2019-07-11,298,0.140864844297,2,0,-0.00224306178279,30,0.00614672899246,30,0.00430468702689,30,0.00730904517695,30,0.00335451029241,29,0.00909483991563,30,0.00434108357877,30,0.00769436359406,30,0.00343304267153,30,0.00700095389038,29,0.00924401567318,2019-07-12
2019-07-12,299,-0.0669408985189,1,7,0.00439559621736,30,0.013719455339,30,0.00816901121289,30,0.00662301573902,30,0.00873851776123,30,0.00666500907391,30,0.0084153553471,30,0.00863481406122,30,0.00757637433708,30,-0.0021992737893,29,-0.00659487000667,2019-07-15
2019-07-15,299,-0.0183428158297,1,12,0.00155076780356,30,0.00171683228109,30,-0.00271496968344,30,0.00175135931931,30,-0.00438908534124,30,0.0005434473278,30,-0.00121177430265,30,0.00352936377749,30,-0.003035541391,30,-0.00107668188866,29,-0.00262744969223,2019-07-16
2019-07-16,299,-0.0827546391108,1,14,0.00445162272081,30,0.00205229129642,30,0.00102928676642,30,0.00152361788787,30,0.00185466010589,30,0.000668052816764,30,-0.00146719615441,30,0.00340151786804,30,-0.000537649786565,30,-0.00261281896383,29,-0.00706444168463,2019-07-17
2019-07-17,299,0.172713391794,1,3,-0.0142251094803,30,-0.0189108327031,30,-0.010628791526,30,-0.0137219531462,30,-0.0145176546648,30,-0.0119441626593,30,-0.014137278311,30,-0.0149722555652,30,-0.0103727476671,30,-0.00587952323258,29,0.00834558624774,2019-07-18
2019-07-18,299,0.0573428373104,1,0,0.00856261048466,30,0.00853916164488,30,0.00811029691249,30,0.0155345834792,30,0.0121788363904,30,0.0123044708744,30,0.00805072952062,30,0.0117147844285,30,0.00763500714675,30,0.00806549098343,29,-0.000497119501233,2019-07-19
2019-07-19,299,0.0935918191694,1,5,-0.0135317407548,30,-0.0125035261735,30,-0.00828335247934,30,-0.0132370395586,30,-0.0166689418256,30,-0.0152850886807,30,-0.0196163039654,30,-0.0102752959356,30,-0.0104930344969,30,-0.00965856295079,29,0.00387317780405,2019-07-22
2019-07-22,300,0.0175650798644,0,0,0.00536333909258,30,0.00647117896006,30,0.00608925428241,30,0.00843196269125,30,0.012288347818,30,0.00809222273529,30,0.0085955997929,30,0.00781600456685,30,0.00676764268428,30,0.00589638762176,30,0.000533048529178,2019-07-23
2019-07-23,300,-0.0752161021965,0,18,0.0123872458935,30,0.0158462543041,30,0.00924374256283,30,0.00970013346523,30,0.00827478524297,30,0.0103549575433,30,0.00934183783829,30,0.00443410081789,30,0.00674766115844,30,0.00670496420935,30,-0.00568228168413,2019-07-24
2019-07-24,300,-0.0390711666219,0,4,0.00296366610564,30,0.0103538297117,30,0.00932599697262,30,0.00815558061004,30,0.00438385596499,30,0.00464342255145,30,0.00548198027536,30,0.0032286841888,30,0.00247906241566,30,0.00300310458988,30,3.94384842366e-05,2019-07-25
2019-07-25,300,0.0412113753489,0,30,0.000767064106185,30,0.00165034132078,30,-0.0014066536678,30,0.00618660263717,30,0.00268618855625,30,0.00474048452452,30,0.000499161076732,30,0.00417773332447,30,-0.000173590582563,30,0.00253809103742,30,0.00177102693124,2019-07-26
2019-07-26,300,0.0533501765175,0,25,-0.00450072903186,30,-0.000805638206657,30,0.000460628682049,30,-0.00203306670301,30,-0.0024627209641,30,-0.000244416791247,30,0.000272802513791,30,0.000413189321989,30,-0.00220001745038,30,-0.00176349084359,30,0.00273723818827,2019-07-29
2019-07-29,299,0.167130045133,1,7,0.00198422279209,30,0.00468987831846,30,0.000405633443734,30,0.00433496851474,30,0.00443064747378,30,0.0105546470731,30,0.0106745008379,30,0.00699435453862,30,0.00408511143178,30,0.00610649166629,29,0.0041222688742,2019-07-30
2019-07-30,299,0.0893951569471,1,8,-0.00926325563341,30,-0.00972569175065,30,-0.00748671870679,30,-0.00412037363276,30,-0.00530268345028,30,-0.00443454971537,30,-0.00683794217184,30,-0.00608161278069,30,-0.00685827527195,30,-0.0055729416199,29,0.00369031401351,2019-07-31
2019-07-31,299,0.00685412806227,1,5,-0.00644238200039,30,-0.00799401383847,30,-0.00361546874046,30,-0.00270051369444,30,-0.00692453980446,30,-0.00803485885262,30,-0.0143542764708,30,-0.00943239312619,30,-0.00857384409755,30,-0.00717874011025,29,-0.000736358109862,2019-08-01
2019-08-01,299,0.0182974855968,1,3,-0.015514170751,30,-0.0141523079947,30,-0.0168132018298,30,-0.0182548984885,30,-0.0152559857816,30,-0.00991268176585,30,-0.0175617355853,30,-0.018630232662,30,-0.0173599962145,30,-0.0127021977678,29,0.00281197298318,2019-08-02
2019-08-02,299,0.0224083015158,1,4,-0.0187103357166,30,-0.0183387733996,30,-0.020980020985,30,-0.0180915370584,30,-0.0192280672491,30,-0.0185350123793,30,-0.0146332187578,30,-0.0212009288371,30,-0.0171914156526,30,-0.0185310952365,29,0.000179240480065,2019-08-05
2019-08-05,299,-0.114752979731,1,0,-0.0158879086375,30,-0.0111648337916,30,-0.0141986049712,30,-0.0184106118977,30,-0.0103244148195,30,-0.0160194821656,30,-0.0178106743842,30,-0.0177492573857,30,-0.0190496481955,30,-0.0199100989848,29,-0.00402219034731,2019-08-06
2019-08-06,300,0.177899432811,0,3,-0.00331862759776,30,-0.00875174812973,30,-0.00740804849193,30,-0.00154902541544,30,-0.00378515920602,30,-0.00948767457157,30,0.00207180390134,30,-0.00277627306059,30,0.00515946326777,30,0.000941735517699,30,0.00426036311546,2019-08-07
2019-08-07,300,0.10804815533,0,3,0.00371998548508,30,0.00977754220366,30,0.0081381816417,30,0.00987430196255,30,0.00936575140804,30,0.0135483043268,30,0.0114660346881,30,0.0118751330301,30,0.0107545973733,30,0.00805337261409,30,0.00433338712901,2019-08-08
2019-08-08,300,-0.0418492212165,0,5,-0.0142613472417,30,-0.00424016918987,30,-0.00830158218741,30,-0.0108944354579,30,-0.00953047908843,30,-0.0117420870811,30,-0.0150454025716,30,-0.0140925906599,30,-0.0109264971688,30,-0.00976321101189,30,0.00449813622981,2019-08-09
2019-08-09,300,-0.0620771602776,0,0,0.0211120638996,30,0.0149643225595,30,0.0219744611531,30,0.017124844715,30,0.0181864872575,30,0.0165895298123,30,0.0153770130128,30,0.0161959920079,30,0.00993067584932,30,0.0118632474914,30,-0.00924881640822,2019-08-12
2019-08-12,298,0.201381481332,2,66,-0.00867435894907,30,-0.00873063225299,30,-0.00699855107814,30,-0.0123145580292,30,-0.0121033648029,29,-0.00737212691456,30,0.000596690166276,30,0.00182775454596,30,-0.00460419850424,30,-0.00517685059458,29,0.00349750835449,2019-08-13
2019-08-13,298,0.0408395911082,2,10,0.000872405362315,30,0.000825015711598,30,0.00900750979781,30,0.00492018274963,30,0.015465372242,29,0.0048256656155,30,0.00263385777362,30,0.00201975507662,30,0.00591658335179,30,0.00303091062233,29,0.00215850526001,2019-08-14
2019-08-14,298,-0.233121152094,2,0,0.0104680219665,30,0.0127360364422,30,0.0054127452895,30,0.00851808395237,30,-0.00147755187936,29,0.00129908125382,30,-0.00111759698484,30,-0.000831073499285,30,-0.000871207332239,30,-0.00226463121362,29,-0.0127326531801,2019-08-15
2019-08-15,298,0.0119327681492,2,27,-0.000869878160302,30,0.00554338702932,30,0.00609142379835,30,0.00689420895651,30,0.00251893536188,29,0.00929617043585,30,0.00562242092565,30,0.00498629035428,30,-0.00262580113485,30,0.00844009593129,29,0.00930997409159,2019-08-16
2019-08-16,298,-0.068336882969,2,3,0.0237472560257,30,0.0246947742999,30,0.0332148745656,30,0.0355365760624,30,0.0287049822509,29,0.0324825644493,30,0.034876935184,30,0.0276706572622,30,0.0230656359345,30,0.0195100083947,29,-0.00423724763095,2019-08-19
2019-08-19,298,0.0243019387565,2,49,-0.00178054173011,30,-0.000914676988032,30,-0.00236716261134,30,-0.00163227121811,30,0.00171584717464,29,-0.00109667575452,30,-0.000324354565237,30,-0.00191827223171,30,0.000493935716804,30,-0.00346763990819,29,-0.00168709817808,2019-08-20
2019-08-20,298,0.107296598609,2,2,-0.00565548520535,30,-1.77303954843e-05,30,0.00597837148234,30,-0.00586318969727,30,-0.00167949241586,29,-0.0066002686508,30,-0.00239181728102,30,-0.00411729235202,30,-0.00323213730007,30,-0.00251451856457,29,0.00314096664079,2019-08-21
2019-08-21,298,0.107267987236,2,7,-0.00300942664035,30,-0.00246572284959,30,0.00172950630076,30,0.00290656695142,30,0.000968665932305,29,0.00231684441678,30,0.00620695762336,30,0.00270287389867,30,0.000848638999742,30,0.00419244263321,29,0.00720186927356,2019-08-22
2019-08-22,298,0.0672215785654,2,6,-0.00256830453873,30,-0.00546185392886,30,0.00581647176296,30,0.00333916139789,30,0.0012105765054,29,0.00624161353335,30,-0.00266048917547,30,0.00504016270861,30,-0.000607464695349,30,0.00440123584121,29,0.00696954037994,2019-08-23
2019-08-23,298,0.00230063627437,2,7,-0.00787096656859,30,-0.00570874800906,30,-0.011453400366,30,-0.0139642693102,30,-0.00991755537689,29,-0.00482015032321,30,-0.0106951948255,30,-0.0106084523723,30,-0.00992782507092,30,-0.0134133426473,29,-0.00554237607867,2019-08-26
2019-08-26,299,-0.134817972617,1,7,0.0136467432603,30,0.0216636266559,30,0.0184272620827,30,0.015688797459,30,0.0190273225307,30,0.0190712474287,30,0.0180448964238,30,0.0116592170671,30,0.0148370023817,30,0.00752994511276,29,-0.00611679814756,2019-08-27
2019-08-27,300,0.0992712408435,0,13,-0.00537882652134,30,0.000107598301838,30,0.000199600064661,30,-0.00665780901909,30,-0.00509816827253,30,-0.0059205093421,30,-0.00678108353168,30,-0.00510003557429,30,-0.000733041786589,30,0.00321868062019,30,0.00859750714153,2019-08-28
2019-08-28,300,-0.0605010729099,0,3,0.000103121994471,30,-0.00440570525825,30,0.00122079253197,30,0.0023322859779,30,-0.00175367400516,30,-0.00567868957296,30,-0.0019199331291,30,-0.0055481037125,30,-0.00231309328228,30,-0.00554288225248,30,-0.00564600424696,2019-08-29
2019-08-29,300,0.149749272675,0,9,-0.00631967373192,30,-0.00445290608332,30,-0.00867968797684,30,-0.00112688343506,30,-0.00350256753154,30,-0.00271927122958,30,-0.00404529552907,30,-0.00468600401655,30,0.00076601706678,30,-0.00185141956899,30,0.00446825416293,2019-08-30
2019-08-30,300,-0.0431131744441,0,2,0.0149855036288,30,0.0192144401371,30,0.0256142690778,30,0.014810343273,30,0.0217419825494,30,0.0173730775714,30,0.0194859541953,30,0.0197826847434,30,0.0161897614598,30,0.0106791937724,30,-0.00430630985647,2019-09-02
2019-09-02,300,-0.175815894682,0,9,0.00972465239465,30,0.00628948397934,30,0.00146032567136,30,0.00105870957486,30,0.00732891540974,30,0.00398110365495,30,0.00220901379362,30,0.000673693430144,30,-0.00316031975672,30,-0.00277323718183,30,-0.0124978895765,2019-09-03
2019-09-03,300,0.0578570636658,0,12,0.00901472568512,30,0.0113938646391,30,0.0116993272677,30,0.00822645612061,30,0.00743643846363,30,0.0151463728398,30,0.0137037476525,30,0.00716575374827,30,0.0135077694431,30,0.0126413367689,30,0.00362661108375,2019-09-04
2019-09-04,300,-0.0841444455696,0,40,0.010459240526,30,0.00719808321446,30,0.0155401788652,30,0.0104240598157,30,0.0168938767165,30,0.0164074543864,30,0.00941278692335,30,0.0110106347129,30,0.00555121712387,30,0.00525523209944,30,-0.00520400842652,2019-09-05
2019-09-05,300,0.101478395738,0,3,-0.000286221504211,30,0.0010929107666,30,0.00300260586664,30,0.00692271208391,30,0.00444513745606,30,0.00981886778027,30,0.0078844325617,30,0.00665535125881,30,0.00387557549402,30,0.00380220008083,30,0.00408842158504,2019-09-06
2019-09-06,300,0.0663261927938,0,15,0.00821102503687,30,0.0100717628375,30,0.0155384140089,30,0.023377917707,30,0.0123878577724,30,0.0122767630965,30,0.017866127193,30,0.0104765733704,30,0.0102595565841,30,0.00781046133488,30,-0.000400563701987,2019-09-09
2019-09-09,298,0.00879528220538,2,25,1.29143400045e-05,30,-0.0025989075657,30,-0.00531200366095,30,-0.0011732816929,30,0.00561960414052,29,-0.000559729349334,30,-0.000502699636854,30,-0.00160893599968,30,-0.00258457870223,30,-0.00157201907132,29,-0.00158493341132,2019-09-10
2019-09-10,298,0.116320744303,2,6,-0.00258797616698,30,-0.00846444722265,30,-0.00585263548419,30,-0.00627598771825,30,-0.00696324463934,29,-0.00634296517819,30,-0.0088059483096,30,-0.0025190571323,30,-0.00373851251788,30,0.000496681372169,29,0.00308465753915,2019-09-11
2019-09-11,300,0.0489941200535,0,7,0.00238734087907,30,0.0101099712774,30,0.00325452280231,30,0.0109736081213,30,0.00781281944364,30,0.00864944048226,30,0.00673204660416,30,0.00763464579359,30,0.00985845550895,30,0.00365562038496,30,0.00126827950589,2019-09-12
2019-09-12,300,0.142617760061,0,14,-0.00089155434398,30,-0.0100647788495,30,-0.00333574018441,30,-0.00390045647509,30,0.00556305842474,30,0.00228411168791,30,-0.00101275241468,30,-0.000762518262491,30,-0.00155941641424,30,0.00148839550093,30,0.00237994984491,2019-09-16
2019-09-16,300,0.0643456390012,0,6,-0.0173349995166,30,-0.0190918911248,30,-0.0239835325629,30,-0.0221597198397,30,-0.0171568505466,30,-0.0186370890588,30,-0.0227179322392,30,-0.0189623609185,30,-0.0182695817202,30,-0.0158053878695,30,0.00152961164713,2019-09-17
2019-09-17,300,-0.0723368276415,0,0,0.00411298265681,30,0.00570158381015,30,0.00336536765099,30,-0.00143185653724,30,0.000492457533255,30,0.00423812866211,30,0.00284414086491,30,-0.000187859928701,30,-0.0022235433571,30,-0.000620706879999,30,-0.00473368953681,2019-09-18
2019-09-18,300,-0.0420329856527,0,2,0.00989154353738,30,0.00666943378747,30,0.00593725638464,30,0.0125761805102,30,0.00920902844518,30,0.00617722282186,30,0.00472086248919,30,0.00560615258291,30,0.00160000124015,30,0.00375991268083,30,-0.00613163085654,2019-09-19
2019-09-19,300,0.0836873765834,0,28,-0.00189397728536,30,0.00505362963304,30,-0.000555837177671,30,0.000243260466959,30,0.00893775653094,30,0.00279935193248,30,0.00254468130879,30,0.00279111065902,30,0.00127317314036,30,0.000175342953298,30,0.00206932023866,2019-09-20
2019-09-20,300,0.0880536795474,0,22,-0.0101797897369,30,-0.00697023468092,30,-0.00770821981132,30,-0.014676803723,30,-0.0153417671099,30,-0.0177364908159,30,-0.00813505891711,30,-0.0133303143084,30,-0.009631363675,30,-0.00679940590635,30,0.00338038383052,2019-09-23
2019-09-23,300,0.100463143619,0,4,-0.0077150920406,30,0.00151876802556,30,0.00645276717842,30,0.00052297313232,30,0.00360991153866,30,0.00245220656507,30,0.00173907680437,30,0.00104736688081,30,0.000723308301531,30,0.000812466954812,30,0.00852755899541,2019-09-24
2019-09-24,300,0.216180017532,0,2,-0.0176379978657,30,-0.015083078295,30,-0.0159301385283,30,-0.0126833496615,30,-0.0108685791492,30,-0.0137307466939,30,-0.0126639548689,30,-0.0116446102038,30,-0.00409972667694,30,-0.00588138680905,30,0.0117566110566,2019-09-25
2019-09-25,300,0.220891757822,0,0,-0.0153115075082,30,-0.0180314853787,30,-0.018023531884,30,-0.0170213673264,30,-0.0116280931979,30,-0.0103762447834,30,-0.0178346391767,30,-0.0105808395892,30,-0.00761761469766,30,-0.00279034976847,30,0.0125211577397,2019-09-26
2019-09-26,300,-0.167966467618,0,0,0.0165877323598,30,0.00953586678952,30,0.00303326058201,30,0.000708593928721,30,0.00251218071207,30,0.00421974668279,30,0.00346430344507,30,-0.000137130424264,30,-0.00193367595784,30,0.000252703815931,30,-0.0163350285438,2019-09-27
2019-09-27,300,0.272618643387,0,6,-0.0192620269954,30,-0.0144071755931,30,-0.00536491069943,30,-0.0108862575144,30,-0.00925233587623,30,-0.00299842748791,30,-0.00799198914319,30,-0.00475521478802,30,-0.00619133329019,30,-0.00285197701305,30,0.0164100499824,2019-09-30
2019-09-30,298,0.227928723679,2,0,-0.0095055680722,30,-0.00360135640949,30,-0.00516638159752,30,-0.00117381417658,30,0.00241840910167,29,0.00550614204258,30,0.00201554899104,30,0.000374448311049,30,0.00487753143534,30,0.00445232493803,29,0.0139578930102,2019-10-08
2019-10-08,298,-0.0394384776785,2,0,0.00440222630277,30,0.00542736472562,30,0.0109310308471,30,0.00298405298963,30,0.00824652705342,29,0.000905221677385,30,0.0033558269497,30,0.000203704839805,30,0.00142004096415,30,0.00517608784139,29,0.000773861538619,2019-10-09
2019-10-09,298,-0.162632891693,2,36,0.00937500223517,30,0.0133585315198,30,0.0219035968184,30,0.0129658896476,30,0.0123490057886,29,0.0103378910571,30,0.00986620225012,30,0.00469815917313,30,0.0114254197106,30,0.00809063389897,29,-0.0012843683362,2019-10-10
2019-10-10,300,0.14014587432,0,12,0.00801558140665,30,0.00351503491402,30,0.00487395515665,30,0.00261122593656,30,0.00464522652328,30,0.00559655250981,30,0.00473705912009,30,0.00567155890167,30,0.00996042136103,30,0.00933491811156,30,0.00131933670491,2019-10-11
2019-10-11,300,-0.00504245025521,0,12,0.0156022943556,30,0.00515242991969,30,0.0179954506457,30,0.0140370512381,30,0.0151519691572,30,0.0166628099978,30,0.0154077056795,30,0.010996343568,30,0.00600542640314,30,0.0111221391708,30,-0.00448015518486,2019-10-14
2019-10-14,300,0.186029405229,0,8,-0.0162881631404,30,-0.00753166060895,30,-0.0123574454337,30,-0.00836978387088,30,-0.013584417291,30,-0.00144062039908,30,-0.00692814774811,30,-0.00872368831187,30,-0.00637471070513,30,-0.00501797022298,30,0.0112701929174,2019-10-15
2019-10-15,300,0.175682996627,0,4,-0.0054636914283,30,-0.00900268368423,30,-0.00540760345757,30,-0.00638331379741,30,-0.00219576945528,30,-0.000515820574947,30,0.00127991836052,30,-0.00220481562428,30,-0.00369615945965,30,-0.00273354258388,30,0.00273014884442,2019-10-16
2019-10-16,300,-0.0558970026088,0,0,0.00321326847188,30,0.00263074040413,30,0.00274835224263,30,-0.00505387783051,30,-0.00219404301606,30,-0.00370062398724,30,-0.00108706357423,30,-0.0041395444423,30,-0.00313105783425,30,-0.000235484039877,30,-0.00344875251176,2019-10-17
2019-10-17,300,0.0851407286057,0,3,-0.0144773544744,30,-0.0152510050684,30,-0.0147304711863,30,-0.0103369615972,30,-0.0153518104926,30,-0.0155923105776,30,-0.013440426439,30,-0.0164852347225,30,-0.0116629600525,30,-0.0103124296293,30,0.0041649248451,2019-10-18
2019-10-18,300,0.134124863645,0,0,-0.000462297612103,30,0.000619717466179,30,-0.00406042160466,30,0.00244546541944,30,0.000308460002998,30,-0.00248696212657,30,-0.00300028314814,30,0.00466883601621,30,0.000886144232936,30,0.00251923804171,30,0.00298153565382,2019-10-21
2019-10-21,300,0.0462005790329,0,22,-0.000860830128659,30,0.00701838731766,30,0.0115697877482,30,0.00330939493142,30,0.00703958282247,30,0.00354921421967,30,0.00469800038263,30,0.00772746419534,30,0.00880100298673,30,0.00361605687067,30,0.00447688699933,2019-10-22
2019-10-22,299,0.11040629838,1,30,-0.00711758714169,30,-0.0106584848836,30,-0.0061061559245,30,-0.0101650143042,30,-0.00627971906215,30,-0.00903474260122,30,-0.0066694021225,30,-0.00721882563084,30,-0.00617536483333,30,-0.00336385797709,29,0.0037537291646,2019-10-23
2019-10-23,299,0.0713322460893,1,2,-0.00445328932256,30,0.000307420879835,30,-0.000935333955567,30,-0.00436152424663,30,0.000427796447184,30,-0.000374795985408,30,0.000672745693009,30,-0.0020703652408,30,-0.00266256928444,30,0.000517386826687,29,0.00497067614924,2019-10-24
2019-10-24,299,-0.0424476245456,1,6,0.0137473382056,30,0.0124464612454,30,0.00455148611218,30,0.0111690601334,30,0.00941379833966,30,0.00894499663264,30,0.00362990889698,30,0.00647561950609,30,0.00758934207261,30,0.00572213856503,29,-0.00802519964054,2019-10-25
2019-10-25,299,-0.18126126699,1,26,0.0138655407354,30,0.0180161036551,30,0.0169318374246,30,0.0107592782006,30,0.0108551718295,30,0.0115883843973,30,0.0195280984044,30,0.00971836224198,30,0.00164244370535,30,0.00405881740153,29,-0.0098067233339,2019-10-28
2019-10-28,299,0.191928462179,1,27,-0.0115837296471,30,-0.0139274559915,30,-0.0170507859439,30,-0.00941375736147,30,-0.0108567336574,30,-0.00303302006796,30,-0.00678736390546,30,-0.0107568698004,30,-0.0107241058722,30,-0.00515559827909,29,0.00642813136801,2019-10-29
2019-10-29,298,-0.000889689095158,2,3,0.00193208653945,30,-0.00301217427477,30,-0.0123156411573,30,-0.0090504726395,30,-0.00823064520955,29,-0.00840318761766,30,-0.00802137050778,30,-0.00451052607968,30,-0.00723217520863,30,-0.00925819668919,29,-0.0111902832286,2019-10-30
2019-10-30,299,0.162982243571,1,5,-0.00932798814029,30,-0.00832476187497,30,-0.000423717487138,30,-0.0020699382294,30,-0.0057928878814,30,0.000573138415348,30,-0.00240916013718,30,0.00538001256064,30,0.00197672448121,30,-0.00406177900732,29,0.00526620913297,2019-10-31
2019-10-31,300,0.0434987403413,0,13,0.0074271382764,30,0.0156667232513,30,0.00933122634888,30,0.0196855161339,30,0.00829002261162,30,0.0157749410719,30,0.0175269972533,30,0.0126188313589,30,0.0120990332216,30,0.00863362383097,30,0.00120648555458,2019-11-01
2019-11-01,300,-0.10315153062,0,22,0.00804704427719,30,0.00815094914287,30,0.00637087039649,30,0.0115496851504,30,0.00841981731355,30,0.0123885972425,30,0.000438338523963,30,0.0011715372093,30,0.00546411471441,30,0.00561131024733,30,-0.00243573402986,2019-11-04
2019-11-04,300,0.154810482189,0,6,0.00196232204325,30,0.000984694575891,30,0.00796920247376,30,0.00909868068993,30,0.0113133527339,30,0.00448011932895,30,0.0069119236432,30,0.0086276056245,30,0.00661601405591,30,0.00536746764556,30,0.0034051456023,2019-11-05
2019-11-05,300,0.092350992767,0,3,-0.0075822272338,30,-0.00793990679085,30,-0.00484108133242,30,-0.00589451985434,30,-0.00615965528414,30,-0.00418935436755,30,-0.00295911636204,30,-0.0031041901093,30,-0.00709889922291,30,-0.00305936927907,30,0.00452285795473,2019-11-06
2019-11-06,300,0.0206719617105,0,2,0.00174178485759,30,0.00378563208506,30,0.00293300952762,30,0.00446176342666,30,0.00371789140627,30,0.0029680589214,30,0.00101543660276,30,0.00475417170674,30,0.0077127260156,30,0.000137615206768,30,-0.00160416965082,2019-11-07
2019-11-07,300,-0.0145426921837,0,14,-0.00571934971958,30,-0.00479449238628,30,-0.0021755178459,30,-0.00475457916036,30,0.00161785876844,30,-0.00642275623977,30,-0.000205260512303,30,-0.00581941613927,30,-0.00360571942292,30,-0.0072181802243,30,-0.00149883050472,2019-11-08
2019-11-08,300,0.103022489475,0,0,-0.0211633183062,30,-0.0184871144593,30,-0.0260098706931,30,-0.0196874830872,30,-0.0209510959685,30,-0.0195509400219,30,-0.0203270018101,30,-0.0215512458235,30,-0.0203728247434,30,-0.0172559395432,30,0.00390737876296,2019-11-11
2019-11-11,300,-0.0667240117487,0,0,0.00124657351989,30,-0.00075375236338,30,0.00259864120744,30,0.00185393495485,30,0.000956368457992,30,0.00452454667538,30,0.00167910056189,30,0.00129066105001,30,0.000679355871398,30,-0.00143374607433,30,-0.00268031959422,2019-11-12
2019-11-12,299,-0.100952706574,1,14,-0.00649376725778,30,0.000675527262501,30,0.00558440294117,30,-0.00508451880887,30,-0.00408221082762,30,-0.00556870689616,30,-0.00764356646687,30,-0.00594932818785,30,-0.00764165725559,30,-0.00584093434736,29,0.000652832910419,2019-11-13
2019-11-13,299,-0.139215360178,1,7,0.00584883289412,30,0.00898456759751,30,0.000527618336491,30,0.0122975269333,30,0.00607960810885,30,0.00295036030002,30,0.000210044774576,30,0.0013450543629,30,0.00019599001098,30,-0.000317022728268,29,-0.00616585562238,2019-11-14
2019-11-14,299,0.0849072602074,1,6,-0.00717986607924,30,-0.010036512278,30,-0.0067771715112,30,-0.00898516178131,30,-0.0103243570775,30,-0.0115390000865,30,-0.00909351464361,30,-0.00881203450263,30,-0.0091241998598,30,-0.00775803765282,29,-0.000578171573579,2019-11-15
2019-11-15,299,0.00857639825092,1,0,0.0057300706394,30,0.0128114344552,30,0.00975065398961,30,0.00783577747643,30,0.0106391962618,30,0.00876023992896,30,0.0103753721341,30,0.00731838541105,30,0.00422788457945,30,0.00808351580054,29,0.00235344516113,2019-11-18
2019-11-18,298,-0.0714981901959,2,15,0.0154726048931,30,0.0150030311197,30,0.00913913827389,30,0.0184328593314,30,0.0157000478357,29,0.0114145874977,30,0.0131553513929,30,0.00858846865594,30,0.0126984752715,30,0.00861556362361,29,-0.00685704126954,2019-11-19
2019-11-19,298,0.0884824363083,2,50,-0.0107300719246,30,-0.00661751441658,30,-0.0133090857416,30,-0.00827300362289,30,-0.00783492345363,29,-0.00717149954289,30,-0.00633976468816,30,-0.00946916360408,30,-0.00937720574439,30,-0.00971066113561,29,0.00101941078901,2019-11-20
2019-11-20,298,0.197140359826,2,2,-0.00558797130361,30,-0.00441879453138,30,-0.00380276050419,30,-0.000983687234111,30,-0.00274026184343,29,-0.000776042521466,30,0.00279913539998,30,0.00138125021476,30,-0.00176456966437,30,-0.000276360020507,29,0.0053116112831,2019-11-21
2019-11-21,299,0.0389228340351,1,16,-0.00345076713711,30,-0.0127830980346,30,-0.00687624001876,30,-0.0061511117965,30,-0.00924055743963,30,-0.0065905074589,30,-0.00475009670481,30,-0.00816736184061,30,-0.00414360174909,30,-0.00292775337584,29,0.000523013761267,2019-11-22
2019-11-22,299,0.0521948524324,1,2,0.00841446872801,30,0.00877095665783,30,-0.0017257014988,30,0.00497893476859,30,0.00937550049275,30,0.00841425638646,30,0.0047633391805,30,0.00716997589916,30,0.011534047313,30,0.0100850276649,29,0.00167055893689,2019-11-25
2019-11-25,299,0.173259283501,1,30,-0.00171410443727,30,0.00603716587648,30,0.000248893105891,30,0.00369048514403,30,0.00560807203874,30,0.00824205111712,30,0.00535634951666,30,0.00265484047122,30,0.0133151570335,30,0.00646832259372,29,0.00818242703099,2019-11-26
2019-11-26,299,0.395726603053,1,75,-0.0139616532251,30,-0.0136578222737,30,-0.00746988831088,30,-0.00551673583686,30,0.00124850473367,30,-0.00662330584601,30,-0.0045243659988,30,-0.00427798228338,30,-0.000254152226262,30,0.00209357007407,29,0.0160552232992,2019-11-27
2019-11-27,298,0.0622209117337,2,0,-0.00296005397104,30,-0.00426506996155,30,0.0026678184513,30,-0.00598023552448,30,-0.00672547565773,29,-0.00429741339758,30,-0.00469195842743,30,-0.00277575850487,30,-0.00377571186982,30,-0.0017926384462,29,0.00116741552483,2019-11-28
2019-11-28,298,0.0576076913436,2,4,-0.000850959622767,30,-0.00476758880541,30,-0.00964854750782,30,-0.00110137858428,30,-5.29988064955e-05,29,-0.00441791396588,30,-0.00187290704343,30,-0.000469950842671,30,-0.00219533056952,30,-0.00154014700092,29,-0.000689187378157,2019-11-29
2019-11-29,298,0.103287351857,2,6,-0.0026098350063,30,0.0108663439751,30,0.0022437334992,30,0.00240156450309,30,-0.00577550707385,29,0.00164850160945,30,0.000942887854762,30,0.00193759403192,30,0.00492954673246,30,0.00161631358787,29,0.00422614859417,2019-12-02
2019-12-02,298,-0.0526108136236,2,3,0.00569040188566,30,0.00499798869714,30,0.00202307500876,30,0.00335097708739,30,0.00634913425893,29,0.00152131123468,30,0.00572203006595,30,0.000917965197004,30,0.000402561825467,30,0.00312711647712,29,-0.00256328540854,2019-12-03
2019-12-03,299,-0.0338834639316,1,58,-0.00426213350147,30,0.00245794653893,30,0.00114384887274,30,-0.00112487678416,30,-0.00487574515864,30,0.00154998502694,30,-0.00151383283082,30,0.00166212918703,30,-0.00144712731708,30,-0.00450262520462,29,-0.000240491703153,2019-12-04
2019-12-04,299,-0.132381684186,1,17,0.00759074091911,30,0.0131327789277,30,0.00634757103398,30,0.0082206344232,30,0.0146007593721,30,0.011175702326,30,0.00795110687613,30,0.00604401435703,30,0.00448193354532,30,0.0035611842759,29,-0.00402955664322,2019-12-05
2019-12-05,299,-0.133303310473,1,11,0.00483851414174,30,0.00603698892519,30,0.00829102564603,30,0.00746662821621,30,0.00402645487338,30,0.00300859217532,30,0.00747433910146,30,0.00228529958986,30,0.00222298502922,30,-0.00111266248859,29,-0.00595117663033,2019-12-06
2019-12-06,299,-0.0438712870999,1,29,0.00557778868824,30,-0.00539015326649,30,0.0025618870277,30,0.00803274102509,30,0.000935723364819,30,0.00340074510314,30,-0.00367826432921,30,-0.00498386612162,30,0.00349912047386,30,-0.000659227371216,29,-0.00623701605946,2019-12-09
2019-12-09,299,-0.0129784437713,1,15,-0.00183919665869,30,0.000530173361767,30,0.00580390682444,30,0.00877732411027,30,0.00125279824715,30,0.00195224082563,30,0.00143037037924,30,0.000730439031031,30,-0.00110330781899,30,-0.00162111688405,29,0.000218079774641,2019-12-10
2019-12-10,300,0.196681079057,0,10,-0.00934486184269,30,-0.0074740848504,30,0.00427566748112,30,0.00383072090335,30,0.00039185085916,30,0.00137963099405,30,0.00193367595784,30,0.00644442858174,30,0.00159860251006,30,0.00268779392354,30,0.0120326557662,2019-12-11
2019-12-11,299,-0.0391602791446,1,8,-0.00628771400079,30,-0.00423622922972,30,0.00293450150639,30,0.000791124475654,30,-0.00230448832735,30,-0.00686688814312,30,0.000735688197892,30,-0.00336975068785,30,-0.00383470067754,30,-0.00603394862264,29,0.000253765378147,2019-12-12
2019-12-12,299,0.267124569874,1,4,0.00534556712955,30,0.0119119165465,30,0.0191692430526,30,0.019940674305,30,0.0143392207101,30,0.0175213813782,30,0.0164514966309,30,0.018077230081,30,0.0238754954189,30,0.0233435835689,29,0.0179980164394,2019-12-13
2019-12-13,300,0.109685236194,0,51,0.00719284219667,30,0.00803508143872,30,0.0154597954825,30,0.0169290471822,30,0.00982751231641,30,0.0137624107301,30,0.00641919951886,30,0.0131893455982,30,0.0121205961332,30,0.0122135700658,30,0.00502072786912,2019-12-16
2019-12-16,300,-0.0664875972051,0,28,0.0125075336546,30,0.0160787496716,30,0.0171234533191,30,0.0165320914239,30,0.0186203829944,30,0.0163327809423,30,0.0123131191358,30,0.0129323638976,30,0.00951670762151,30,0.0151191828772,30,0.00261164922267,2019-12-17
2019-12-17,298,0.119414920972,2,9,0.000524771225173,30,-0.00655721640214,30,-0.00238120765425,30,-0.00426828674972,30,0.00864833965898,29,-0.00348447170109,30,0.00124798214529,30,-0.000125056511024,30,0.00237732334062,30,-0.00085940444842,29,-0.00138417567359,2019-12-18
2019-12-18,298,0.273531952715,2,3,-0.0101762553677,30,-0.00856695137918,30,-0.000996593618765,30,0.00200309348293,30,0.00123720953707,29,0.00337105384097,30,0.0023704150226,30,0.0016029656399,30,0.00377565412782,30,0.00201657926664,29,0.0121928346343,2019-12-19
2019-12-19,299,0.180738496091,1,6,-0.00758015317842,30,-0.00306467409246,30,-0.00528999743983,30,-0.0079791424796,30,-0.00412834296003,30,0.00180902483407,30,-0.00472285738215,30,-0.00175057654269,30,-0.0023520111572,30,-0.00183870468754,29,0.00574144849088,2019-12-20
2019-12-20,299,-0.00150816155802,1,4,-0.0176430717111,30,-0.0151187861338,30,-0.0158491898328,30,-0.0149413906038,30,-0.01529778447,30,-0.0161642376333,30,-0.0165664386004,30,-0.0140105886385,30,-0.0179317574948,30,-0.0138288103044,29,0.00381426140666,2019-12-23
2019-12-23,299,-0.186146027886,1,0,0.0198016744107,30,0.0168088041246,30,0.00794080272317,30,0.0147362332791,30,0.00771823339164,30,0.00881106499583,30,0.00751515245065,30,0.00711914105341,30,0.00692185340449,30,0.00612411601469,29,-0.013677558396,2019-12-24
2019-12-24,299,-0.0790407757748,1,28,0.000567722308915,30,0.00408165063709,30,0.00321390037425,30,0.00409004883841,30,-0.00244174804538,30,0.00257990369573,30,0.00462280912325,30,-0.0029154161457,30,-0.000536032544915,30,-0.00226047728211,29,-0.00282819959102,2019-12-25
2019-12-25,299,0.0211079904885,1,8,0.00559279508889,30,0.0131768500432,30,0.0220905542374,30,0.00834407005459,30,0.0116449734196,30,0.0109938960522,30,0.0115114627406,30,0.00634614611045,30,0.0104823270813,30,0.005610040389,29,1.72453001142e-05,2019-12-26
2019-12-26,300,0.14453109775,0,46,-0.00324133038521,30,-0.0106031950563,30,-0.00859526824206,30,0.00122321641538,30,-0.00751010375097,30,-0.00356477289461,30,-0.0002334654273,30,-0.00118799204938,30,0.00504431314766,30,0.000612809264567,30,0.00385413964977,2019-12-27
2019-12-27,300,-0.0837090427151,0,0,0.0119066080078,30,0.0232135690749,30,0.0157093014568,30,0.012917753309,30,0.0137076620013,30,0.0147828580812,30,0.0184344165027,30,0.0152603564784,30,0.0153440292925,30,0.00898659043014,30,-0.00292001757771,2019-12-30
2019-12-30,299,0.159718738946,1,27,0.00733922142535,30,0.00335459318012,30,0.000230179226492,30,0.00222852616571,30,0.00768734607846,30,0.00624741334468,30,0.00910010933876,30,0.00820332206786,30,0.00657324399799,30,0.00852433405817,29,0.00118511263281,2019-12-31
2019-12-31,299,-0.0257703390742,1,13,0.0168093238026,30,0.0134018203244,30,0.0241540670395,30,0.0152973197401,30,0.0158168338239,30,0.012560586445,30,0.0156847443432,30,0.0136886732653,30,0.0163475554436,30,0.015756143257,29,-0.00105318054557,2020-01-02
2020-01-02,300,-0.0663361245953,0,6,0.00160828232765,30,0.00727283535525,30,-0.0020410856232,30,0.00223036017269,30,-0.000258924555965,30,0.00147737865336,30,-0.00124325556681,30,0.000658738601487,30,0.00150821404532,30,-0.00177725951653,30,-0.00338554184418,2020-01-03
2020-01-03,300,-0.229568340614,0,2,0.0144048249349,30,0.0122794089839,30,0.00084614160005,30,-0.00215380592272,30,-0.00404520845041,30,-0.0013467828976,30,-0.0028598527424,30,-0.00520917586982,30,-0.00273868837394,30,-0.00755326729268,30,-0.0219580922276,2020-01-06
2020-01-06,300,0.0747315278478,0,0,0.0037655076012,30,0.00807508453727,30,0.00796007271856,30,0.0079143345356,30,0.00727206887677,30,0.0113249225542,30,0.0104822572321,30,0.00700448732823,30,0.00674406904727,30,0.00716791162267,30,0.00340240402147,2020-01-07
2020-01-07,300,0.1611660537,0,20,-0.0174977704883,30,-0.0201495606452,30,-0.0166830122471,30,-0.01411952544,30,-0.0184038672596,30,-0.0140088759363,30,-0.0106316050515,30,-0.00805048923939,30,-0.0139316832647,30,-0.0107983509079,30,0.0066994195804,2020-01-08
2020-01-08,300,-0.155126993573,0,0,0.00859406590462,30,0.0230206195265,30,0.0098301526159,30,0.0138186179101,30,0.013174617663,30,0.0162638928741,30,0.0103238439187,30,0.010257249698,30,0.0124701540917,30,0.00700798816979,30,-0.00158607773483,2020-01-09
2020-01-09,300,-0.0675016656896,0,8,0.0029289603699,30,0.00817546062171,30,0.0028136591427,30,-0.00201819138601,30,-0.00596274714917,30,-0.00569489598274,30,-0.00333756813779,30,-0.00157756800763,30,-0.00362033047713,30,-0.00145835673902,30,-0.00438731710892,2020-01-10
2020-01-10,300,-0.12785198476,0,3,0.0142794633284,30,0.00636470504105,30,0.0208252537996,30,0.0132690472528,30,0.0104305129498,30,0.0110570136458,30,0.010814551264,30,0.00684424256906,30,0.00839709024876,30,0.0029205956962,30,-0.0113588676322,2020-01-13
2020-01-13,300,0.0714919141981,0,60,-0.00205157999881,30,0.0041450005956,30,-0.0100522879511,30,-0.0067429067567,30,0.000150116291479,30,-0.000219432506128,30,0.00674287462607,30,-0.00204163999297,30,-0.00599052896723,30,-0.00121532485355,30,0.000836255145259,2020-01-14
2020-01-14,300,0.0619707073389,0,0,-0.0150008583441,30,-0.00145428779069,30,-0.00431239791214,30,-0.00764002185315,30,-0.00444128317758,30,-0.00696898903698,30,-0.00234444928356,30,-0.0035501876846,30,-0.00741567229852,30,-0.00694081978872,30,0.00806003855541,2020-01-15
2020-01-15,300,0.033080885523,0,0,-0.00667597632855,30,-0.00294513697736,30,-0.00325946020894,30,-0.00059773324756,30,-0.00338067417033,30,-0.00486961426213,30,-0.00341413612477,30,-0.00530325155705,30,-0.00184460286982,30,-0.00626728124917,30,0.000408695079386,2020-01-16
2020-01-16,300,-0.0941461127471,0,3,0.00214509968646,30,0.000890143739525,30,0.00619439268485,30,0.00537202367559,30,0.00269213318825,30,-0.00264143943787,30,0.00113062455785,30,0.00121319491882,30,-0.00719177536666,30,-0.00033232170972,30,-0.00247742139618,2020-01-17
2020-01-17,300,-0.130412250434,0,3,0.018010802567,30,0.0128379007801,30,0.0100132487714,30,0.0120057249442,30,0.00523851532489,30,0.0115832928568,30,0.00200828514062,30,0.00734673533589,30,0.00560413999483,30,0.00535444635898,30,-0.012656356208,2020-01-20
2020-01-20,300,-0.0736049490777,0,31,-0.013762193732,30,-0.0109552955255,30,-0.0117091499269,30,-0.0143430586904,30,-0.0220583733171,30,-0.0185882728547,30,-0.0142790991813,30,-0.0212980285287,30,-0.0141203505918,30,-0.0153785049915,30,-0.00161631125957,2020-01-21
2020-01-21,300,-0.146918523469,0,0,0.00808405037969,30,0.00651054969057,30,0.0166617110372,30,0.00370429758914,30,0.00487874355167,30,0.00606175838038,30,0.00335666746832,30,0.00141133472789,30,0.00100260775071,30,-0.00264679198153,30,-0.0107308423612,2020-01-22
2020-01-22,300,0.293852071966,0,9,-0.0336686708033,30,-0.0264757853001,30,-0.0368443652987,30,-0.035427313298,30,-0.0429053232074,30,-0.0343318618834,30,-0.0313594080508,30,-0.0264467652887,30,-0.0214428603649,30,-0.0237204376608,30,0.0099482331425,2020-01-23
2020-01-23,300,0.136040206876,0,0,-0.0823001414537,30,-0.0873058512807,30,-0.0927729904652,30,-0.0816296264529,30,-0.0825338661671,30,-0.0914270952344,30,-0.0845163017511,30,-0.0831193551421,30,-0.0923985689878,30,-0.076577462256,30,0.00572267919779,2020-02-03
2020-02-03,300,0.351818537094,0,97,-0.023712432012,30,-0.0144610069692,30,-0.000959942757618,30,0.0193887148052,30,0.037924464792,30,0.0540978424251,30,0.0365451164544,30,0.029121177271,30,0.0194166693836,30,0.00922114029527,30,0.0329335723072,2020-02-04
2020-02-04,300,0.139054116158,0,14,0.0162376668304,30,0.0105305351317,30,0.00940677151084,30,0.0176404938102,30,0.0197230838239,30,0.0171575602144,30,0.0190076492727,30,0.0225663147867,30,0.0230651982129,30,0.0129608754069,30,-0.00327679142356,2020-02-05
2020-02-05,300,-0.0794612433973,0,7,0.0334579832852,30,0.0234516765922,30,0.0227921195328,30,0.0181990545243,30,0.020434755832,30,0.0215883012861,30,0.0204899422824,30,0.0269234012812,30,0.0148269115016,30,0.0125146685168,30,-0.0209433147684,2020-02-06
2020-02-06,300,-0.200608978981,0,25,0.0117603978142,30,0.00756866950542,30,0.0124446926638,30,0.00555861415341,30,0.00370805850253,30,0.000911957002245,30,0.00347877945751,30,-0.00484607229009,30,-0.00617202324793,30,-0.00324710807763,30,-0.0150075058918,2020-02-07
2020-02-07,300,-0.0946169544342,0,21,0.0115478532389,30,0.00923088006675,30,0.0132278082892,30,0.0113322157413,30,-0.00413595046848,30,0.00620587263256,30,0.0180184077471,30,0.0148946363479,30,0.00297320098616,30,-0.0018567701336,30,-0.0134046233725,2020-02-10
2020-02-10,300,-0.190193797938,0,15,0.0139795420691,30,0.0128130698577,30,0.00122066144831,30,0.00395415024832,30,0.00813653692603,30,0.00348666100763,30,-0.00166627170984,30,-0.00270306458697,30,0.00195295410231,30,-0.000352778035449,30,-0.0143323201046,2020-02-11
2020-02-11,300,0.0992190988355,0,3,0.0127628883347,30,0.0160167161375,30,0.0108785983175,30,0.0177717991173,30,0.010533192195,30,0.00903719104826,30,0.00907683372498,30,0.0101604480296,30,0.0114837409928,30,0.00610717944801,30,-0.00665570888668,2020-02-12
2020-02-12,300,-0.028996147551,0,34,-0.000861746084411,30,0.00326944002882,30,-0.00894600711763,30,-0.011216847226,30,-0.00424371380359,30,-0.00868049822748,30,-0.0068202954717,30,-0.0108944140375,30,0.000418217969127,30,-0.00722289877012,30,-0.00636115268571,2020-02-13
2020-02-13,300,0.155242257386,0,2,0.0011692524422,30,0.0150985177606,30,0.00219562440179,30,0.00551533699036,30,0.00860545877367,30,0.0103046540171,30,0.0097532691434,30,0.00722024822608,30,0.00960345286876,30,0.00463866395876,30,0.00346941151656,2020-02-14
2020-02-14,300,0.0920452048309,0,15,0.0195690114051,30,0.0217266846448,30,0.0265261568129,30,0.023170189932,30,0.0349201075733,30,0.0340517945588,30,0.0375645272434,30,0.0291297640651,30,0.0362209565938,30,0.0179631412029,30,-0.00160587020218,2020-02-17
2020-02-17,300,-0.0479848009159,0,48,0.00266639585607,30,-0.00423055468127,30,0.00306524033658,30,0.00287154316902,30,-0.00106645817868,30,0.000559771084227,30,-0.00694088125601,30,-0.00376559095457,30,0.000887473404873,30,-8.38538035168e-05,30,-0.00275024965958,2020-02-18
2020-02-18,300,0.142082884387,0,6,-0.00966545101255,30,-0.00660231895745,30,-0.00151367788203,30,-0.0125165423378,30,-0.00427307887003,30,-0.00391184072942,30,-0.00301371817477,30,0.00133591692429,30,-0.00260704755783,30,-0.000954570365138,30,0.00871088064741,2020-02-19
2020-02-19,300,0.0422173767341,0,0,0.0168126877397,30,0.0186924524605,30,0.02306336537,30,0.0288729052991,30,0.0355993434787,30,0.0262844841927,30,0.0221960265189,30,0.0275017730892,30,0.0174973290414,30,0.0131528135389,30,-0.00365987420082,2020-02-20
2020-02-20,300,-0.054472879569,0,34,0.0042647360824,30,0.00772992754355,30,0.0077562155202,30,0.00712961377576,30,0.00125141139142,30,0.00727404374629,30,0.000463153905002,30,0.00425157928839,30,0.00544208707288,30,0.00510069122538,30,0.000835955142975,2020-02-21
2020-02-21,300,-0.281135658325,0,4,0.0131470775232,30,0.00619576359168,30,0.013511785306,30,0.00304795312695,30,-0.000788478064351,30,0.00255782809108,30,-0.0133401667699,30,-0.00863976683468,30,-0.00635564746335,30,-0.0118722040206,30,-0.0250192815438,2020-02-24
2020-02-24,300,-0.272153824262,0,9,0.0225762948394,30,0.00284755625762,30,0.00955824460834,30,0.0147388791665,30,-0.00625800900161,30,-0.0112264631316,30,-0.00897442735732,30,-0.0165133345872,30,-0.0135929919779,30,-0.01270697359,30,-0.0352832684293,2020-02-25
2020-02-25,300,0.465901799112,0,8,-0.0395188108087,30,-0.0263709109277,30,-0.0208094324917,30,-0.0254164580256,30,-0.021357871592,30,-0.0118720969185,30,-0.00051250460092,30,0.0223167911172,30,0.00426767254248,30,0.00182670354843,30,0.0413455143571,2020-02-26
2020-02-26,300,0.17379219864,0,2,-0.00231427559629,30,0.00140898034442,30,-0.00160281255376,30,0.00112636492122,30,-0.00469102244824,30,-0.00279403128661,30,-0.00166264176369,30,0.00533913588151,30,0.00509002991021,30,0.00406379299238,30,0.00637806858867,2020-02-27
2020-02-27,300,0.120250722897,0,3,-0.0364775024354,30,-0.0434887483716,30,-0.0459621101618,30,-0.038893032819,30,-0.0363934412599,30,-0.0478533394635,30,-0.0454330667853,30,-0.0335026569664,30,-0.037392642349,30,-0.028290791437,30,0.00818671099842,2020-02-28
2020-02-28,300,-0.101478472147,0,2,0.0361326299608,30,0.0333998352289,30,0.0397566556931,30,0.0408169701695,30,0.0441400296986,30,0.04164564237,30,0.0400085672736,30,0.0345658250153,30,0.0323589593172,30,0.019334571436,30,-0.0167980585247,2020-03-02
2020-03-02,300,0.0758943474952,0,17,0.000588818395045,30,0.000522508227732,30,0.00834184885025,30,0.00680441875011,30,0.010521793738,30,0.00459950370714,30,0.010642808862,30,0.00763159990311,30,0.00222587981261,30,0.00401810789481,30,0.00342928949976,2020-03-03
2020-03-03,300,0.0939447870449,0,0,0.00542956171557,30,-0.00997623428702,30,0.0190942119807,30,0.00874849315733,30,0.00950173754245,30,0.00827346090227,30,0.00892302766442,30,0.0128539800644,30,0.0109154526144,30,0.00321514415555,30,-0.00221441756003,2020-03-04
2020-03-04,300,-0.0750494002976,0,31,0.0239690728486,30,0.0224048607051,30,0.0187833681703,30,0.0174866430461,30,0.0164389815181,30,0.0163384899497,30,0.0140625219792,30,0.017196893692,30,0.0207905825227,30,0.01766128093,30,-0.00630779191852,2020-03-05
2020-03-05,299,-0.0740522912638,1,17,-0.0108194230124,30,-0.0114332493395,30,-0.0158191211522,30,-0.0147580588236,30,-0.0178008414805,30,-0.0139955226332,30,-0.017268717289,30,-0.0166796501726,30,-0.0149717312306,30,-0.0126117244363,29,-0.00179230142385,2020-03-06
2020-03-06,299,0.340839750044,1,0,-0.0504107698798,30,-0.0516024269164,30,-0.0299376063049,30,-0.0371022075415,30,-0.0313614197075,30,-0.0294270906597,30,-0.0358115658164,30,-0.030205193907,30,-0.0294161085039,30,-0.0219913292676,29,0.0284194406122,2020-03-09
2020-03-09,299,-0.325296996834,1,0,0.0282184742391,30,0.0337558500469,30,0.029076853767,30,0.0280145164579,30,0.0244666300714,30,0.0197476707399,30,0.0152253294364,30,0.0137885790318,30,0.0137410406023,30,0.0095740314573,29,-0.0186444427818,2020-03-10
2020-03-10,298,0.220844077193,2,23,-0.0108363525942,30,-0.0192170478404,30,-0.0145919974893,30,-0.0146089140326,30,-0.0150278043002,29,-0.00222310028039,30,-0.0113113904372,30,-0.00917721819133,30,-0.00800309795886,30,-0.00992747023702,29,0.00090888235718,2020-03-11
2020-03-11,298,0.240788672972,2,0,-0.0252222046256,30,-0.00939013715833,30,-0.0245469994843,30,-0.02087761648,30,-0.0241198651493,29,-0.0203465204686,30,-0.021505355835,30,-0.0188564956188,30,-0.0152717474848,30,-0.00890604406595,29,0.0163161605597,2020-03-12
2020-03-12,298,-0.150851827546,2,3,0.000874501478393,30,-0.0146616119891,30,-0.0108689544722,30,-0.01062475238,30,-0.0102270450443,29,-0.0140557922423,30,-0.0173468645662,30,-0.0119771342725,30,-0.0165478363633,30,-0.015801563859,29,-0.0166760653374,2020-03-13
2020-03-13,298,0.335576001119,2,7,-0.0437418594956,30,-0.0487993136048,30,-0.0550900176167,30,-0.0532816275954,30,-0.0510475561023,29,-0.0420055948198,30,-0.039344612509,30,-0.0349482633173,30,-0.0289299488068,30,-0.0182508807629,29,0.0254909787327,2020-03-16
2020-03-16,298,-0.0897202302569,2,0,-0.00254360050894,30,0.00348290009424,30,-0.00372436642647,30,0.00396455731243,30,-0.00625667301938,29,-0.00360935530625,30,-0.00610617594793,30,-0.0154192484915,30,-0.00580876460299,30,-0.00206218101084,29,0.000481419498101,2020-03-17
2020-03-17,298,0.0601028172955,2,4,-0.0207141377032,30,-0.0158809591085,30,-0.0228418726474,30,-0.0208698920906,30,-0.0194659959525,29,-0.0160563215613,30,-0.0214443542063,30,-0.0191476549953,30,-0.0224546566606,30,-0.0155148673803,29,0.00519927032292,2020-03-18
2020-03-18,298,-0.426059834455,2,0,0.0234683230519,30,0.00464732432738,30,-0.000297530496027,30,-0.0081148725003,30,-0.00797587260604,29,-0.00919335894287,30,-0.0195942744613,30,-0.0186645891517,30,-0.0165922939777,30,-0.0174401775002,29,-0.0409085005522,2020-03-19
2020-03-19,299,0.249250408634,1,2,-0.00025618672953,30,0.00640624575317,30,0.00613746838644,30,0.0224015712738,30,0.0226086266339,30,0.0235558226705,30,0.0193111784756,30,0.0199377015233,30,0.012678746134,30,0.0169104803354,29,0.0171666670649,2020-03-20
2020-03-20,299,0.0279316761936,1,17,-0.034577216953,30,-0.0353744439781,30,-0.0355078466237,30,-0.0357977151871,30,-0.042609795928,30,-0.0378182753921,30,-0.0484391674399,30,-0.0399970039725,30,-0.0355785749853,30,-0.024239404127,29,0.010337812826,2020-03-23
2020-03-23,299,-0.0732113921599,1,0,0.0196757316589,30,0.0234999731183,30,0.0307490024716,30,0.0254238024354,30,0.0239148102701,30,0.0227275304496,30,0.0235376376659,30,0.0255736298859,30,0.0185352955014,30,0.0166800767183,29,-0.00299565494061,2020-03-24
2020-03-24,299,-0.0790592625119,1,21,0.0221053306013,30,0.028123665601,30,0.0305258445442,30,0.0259702671319,30,0.0383532419801,30,0.0262062307447,30,0.0311681460589,30,0.0294137634337,30,0.0192053318024,30,0.0190175604075,29,-0.00308777019382,2020-03-25
2020-03-25,299,0.108517787766,1,5,-0.00931379385293,30,-0.0123717542738,30,-0.0136780040339,30,-0.0128902373835,30,-0.00526969647035,30,-0.0116788744926,30,-0.00179022946395,30,-0.0118047613651,30,-0.0138832451776,30,-0.000804777781013,29,0.00850901607191,2020-03-26
2020-03-26,299,0.0814621024674,1,2,0.00124900543597,30,-0.00171212549321,30,0.00626359786838,30,-0.000980263925157,30,0.000687277293764,30,0.000792143750004,30,0.00358036370017,30,0.00663940329105,30,0.006990657188,30,0.00605202931911,29,0.00480302388314,2020-03-27
2020-03-27,299,0.00451529236555,1,0,-0.00573082175106,30,-0.00348997325636,30,-0.0194029137492,30,-0.0203294567764,30,-0.0203619562089,30,-0.014297679998,30,-0.0150210047141,30,-0.0162003133446,30,-0.00473892083392,30,-0.00670905970037,29,-0.000978237949312,2020-03-30
2020-03-30,299,0.211061153859,1,8,-0.00447530345991,30,-0.00310900807381,30,-0.00267770886421,30,-0.00245890021324,30,0.00341910333373,30,-0.00456163473427,30,0.0107947429642,30,0.00250394735485,30,0.0059382179752,30,0.00851273164153,29,0.0129880351014,2020-03-31
2020-03-31,299,0.0833199305468,1,6,-0.0121327321976,30,-0.00543613638729,30,-0.0054903049022,30,-0.0049038073048,30,-0.00170095160138,30,-0.000385975843528,30,-0.00219520926476,30,-0.00897614005953,30,-0.00613599037752,30,-0.00412342278287,29,0.00800930941477,2020-04-01
2020-04-01,299,-0.27348092558,1,0,0.0278979297727,30,0.0361751541495,30,0.0238967053592,30,0.0111332572997,30,0.0124679747969,30,0.0144645888358,30,0.0131775084883,30,0.0119641721249,30,0.00803738646209,30,0.0111702764407,29,-0.0167276533321,2020-04-02
2020-04-02,299,0.162670114847,1,124,-0.00654256530106,30,-0.00678582768887,30,-0.0109616322443,30,-0.00983638409525,30,-0.00707430252805,30,-0.00583588099107,30,-0.0102011524141,30,-0.00416965270415,30,-0.00515154423192,30,0.00286225206219,29,0.00940481736325,2020-04-03
2020-04-03,299,-0.138461987385,1,0,0.0253541897982,30,0.0208157356828,30,0.0284903999418,30,0.0268877111375,30,0.0339486449957,30,0.0290700793266,30,0.0314763225615,30,0.0201998632401,30,0.0192278698087,30,0.0135708432645,29,-0.0117833465338,2020-04-07
2020-04-07,299,0.0113388703202,1,17,0.00463621830568,30,-0.00589783396572,30,-0.00619022035971,30,-0.00014858841314,30,-0.000874519348145,30,-0.00345781445503,30,-0.00270884041674,30,0.00276047200896,30,-0.00335972500034,30,-0.000920063466765,29,-0.00555628177244,2020-04-08
2020-04-08,299,0.0358001566102,1,6,0.00266336207278,30,0.00741421571001,30,0.00298339733854,30,0.00345434551127,30,0.0126705169678,30,0.000483711570268,30,0.00514964247122,30,0.00501142721623,30,0.00475001940504,30,0.00383741478436,29,0.00117405271158,2020-04-09
2020-04-09,299,0.24815101587,1,2,-0.0167765822262,30,-0.0173592511564,30,-0.0133724808693,30,-0.0237301290035,30,-0.0167537275702,30,-0.0118312099949,30,-0.00872140098363,30,-0.0102027989924,30,-0.00965485535562,30,-0.00511133484542,29,0.0116652473807,2020-04-10
2020-04-10,299,0.0953733734515,1,0,-0.0059152203612,30,-0.010631092824,30,-0.00580376805738,30,-0.0143504822627,30,0.00407792115584,30,-0.00471770577133,30,-0.00982395838946,30,-0.00527671165764,30,-0.00247177481651,30,-0.0045194234699,29,0.0013957968913,2020-04-13
2020-04-13,299,-0.101924247148,1,3,0.0181678701192,30,0.0168649442494,30,0.0174137018621,30,0.0231435094029,30,0.0282188709825,30,0.036714348942,30,0.0210975371301,30,0.0154230855405,30,0.0150378588587,30,0.0105498861521,29,-0.00761798396707,2020-04-14
2020-04-14,299,-0.0699592957593,1,72,-0.00603457074612,30,-0.00870330538601,30,-0.0025375506375,30,0.00155946216546,30,-0.00538514461368,30,-0.0065756640397,30,-0.00795061420649,30,-0.00839341059327,30,-0.0111538823694,30,-0.00737986480817,29,-0.00134529406205,2020-04-15
2020-04-15,299,0.0297394432722,1,3,-0.000111498433398,30,0.00666758418083,30,0.00702015357092,30,0.00213361391798,30,0.000445055949967,30,0.0015357513912,30,0.00595173239708,30,0.00112810137216,30,-0.00162717106286,30,0.00307738780975,29,0.00318888624315,2020-04-16
2020-04-16,299,0.0671039075028,1,8,0.00780507735908,30,0.00596595788375,30,0.0079653756693,30,0.00222834735177,30,0.000673596048728,30,0.00310813379474,30,0.00828671641648,30,0.00423933845013,30,0.00788442697376,30,0.00483169220388,29,-0.0029733851552,2020-04-17
2020-04-17,299,-0.0427583881726,1,5,0.00110336742364,30,0.0044005792588,30,0.00719223404303,30,0.00313080544583,30,0.00577892875299,30,0.00864404439926,30,0.00336268148385,30,0.00108177459333,30,0.0028231840115,30,-0.00095828238409,29,-0.00206164980773,2020-04-20
2020-04-20,299,0.0332088631396,1,10,-0.00606315722689,30,-0.0081096990034,30,-0.00993758253753,30,-0.0123891914263,30,-0.0131492335349,30,-0.0127605656162,30,-0.0143407005817,30,-0.0119288722053,30,-0.010416418314,30,-0.00853396300226,29,-0.00247080577537,2020-04-21
2020-04-21,299,-0.0282464116666,1,0,0.00507187237963,30,0.0110761541873,30,0.00260042934678,30,0.00793983507901,30,0.00685909809545,30,0.0108126047999,30,0.00914236716926,30,0.00567240733653,30,0.000714002060704,30,0.00131213257555,29,-0.00375973980408,2020-04-22
2020-04-22,298,0.0994603919674,2,44,-0.00138305628207,30,-0.00498434295878,30,-0.00209590001032,30,-0.00534388842061,30,-0.00206253863871,29,-0.00689495028928,30,0.00142337277066,30,-0.00100705225486,30,0.00221589603461,30,-0.00325185060501,29,-0.00186879432295,2020-04-23
2020-04-23,298,0.133606588414,2,2,-0.0162240229547,30,-0.0115763582289,30,-0.0135335801169,30,-0.0134149612859,30,-0.0109924795106,29,-0.00954949483275,30,-0.0087545318529,30,-0.00777802476659,30,-0.0138298589736,30,-0.00714634824544,29,0.00907767470926,2020-04-24
2020-04-24,299,0.0212102941543,1,3,-0.00239636306651,30,0.00238848733716,30,0.00374097633176,30,0.00464858999476,30,0.00105197832454,30,0.00139619712718,30,-0.007135393098,30,0.000914490199648,30,0.00629086093977,30,0.00534592196345,29,0.00774228502996,2020-04-27
2020-04-27,299,-0.239472699825,1,2,0.013211180456,30,0.00755019998178,30,0.00531132239848,30,-0.00110982463229,30,-0.00389668135904,30,-0.00238434085622,30,-0.000991934561171,30,-0.00850022863597,30,-0.00456741638482,30,-0.00879772566259,29,-0.0220089061186,2020-04-28
2020-04-28,299,0.0450680337009,1,8,-0.00735284108669,30,0.0060745915398,30,0.00566589040682,30,0.00852341298014,30,9.01003659237e-05,30,0.00606238422915,30,0.00796051602811,30,0.0023168742191,30,0.00641197385266,30,0.00888694543391,29,0.0162397865206,2020-04-29
2020-04-29,299,0.023680277838,1,14,0.0209799446166,30,0.0175873469561,30,0.0132450954989,30,0.0286894943565,30,0.0208028685302,30,0.0239334404469,30,0.0127460500225,30,0.0184751972556,30,0.020386679098,30,0.0176647268236,29,-0.00331521779299,2020-04-30
2020-04-30,299,-0.395879966215,1,9,0.0178024861962,30,0.023655584082,30,0.0106690330431,30,0.0264008473605,30,0.00472819199786,30,0.000230658057262,30,0.00523441052064,30,0.00458417739719,30,0.00195550313219,30,-0.00426647393033,29,-0.0220689601265,2020-05-06
2020-05-06,299,0.0112482296604,1,28,-0.00327234854922,30,-0.00397072639316,30,-0.00210034055635,30,-0.00570656079799,30,-0.00330813718028,30,-0.00114308996126,30,-0.00240316381678,30,-0.00309193739668,30,-0.00337164988741,30,-0.00672633480281,29,-0.00345398625359,2020-05-07
2020-05-07,299,0.0106609604706,1,0,0.00500132841989,30,0.0199162829667,30,0.00874152593315,30,0.019039940089,30,0.0110665680841,30,0.0112227713689,30,0.0114663681015,30,0.00772861251608,30,0.0112695498392,30,0.00858896784484,29,0.00358763942495,2020-05-08
2020-05-08,298,0.0165241266135,2,7,-0.00434534763917,30,0.010875753127,30,-0.00206582155079,30,0.000612300646026,30,-0.00428378582001,29,-0.00207074079663,30,0.00213323044591,30,-0.00340295443311,30,0.000695925962646,30,0.000123204852571,29,0.00446855249174,2020-05-11
2020-05-11,298,-0.0218202850497,2,5,-0.00295974803157,30,-0.00527865672484,30,0.00404039816931,30,-0.00387079128996,30,0.00113124062773,29,-0.000883265340235,30,-0.00339643354528,30,-0.00354602723382,30,-0.00460634240881,30,-0.00574827007949,29,-0.00278852204792,2020-05-12
2020-05-12,299,-0.0314181549277,1,6,0.00700256228447,30,0.00631304783747,30,0.00473469914868,30,0.00277913617902,30,0.00219694385305,30,0.00130444765091,30,0.00340363383293,30,0.000498674286064,30,0.000697388255503,30,0.000717214483302,29,-0.00628534780117,2020-05-13
2020-05-13,299,0.161452991253,1,16,-0.0104061486199,30,-0.0134162325412,30,-0.00836296100169,30,-0.0153475897387,30,-0.0125410873443,30,-0.00903032999486,30,-0.00886647123843,30,-0.010217144154,30,-0.0101625882089,30,-0.0079614687711,29,0.00244467984885,2020-05-14
2020-05-14,299,0.0887360686972,1,0,-8.09649645817e-05,30,0.00209472188726,30,-0.00282407994382,30,-0.00222353939898,30,-0.00616927351803,30,-0.00285271811299,30,-0.00523189688101,30,8.19524138933e-05,30,0.000131889188197,30,0.0016298602568,29,0.00171082522138,2020-05-15
2020-05-15,299,0.104673927393,1,0,-0.0169297773391,30,0.00577264837921,30,-0.00172490277328,30,0.00498398160562,30,-7.70231054048e-05,30,0.000867742288392,30,0.00267819967121,30,0.00343641033396,30,0.000381815421861,30,0.00287611107342,29,0.0198058884125,2020-05-18
2020-05-18,299,0.04963935791,1,2,0.0032070199959,30,0.00193306012079,30,0.012289323844,30,0.0115164639428,30,0.0109142921865,30,0.0134552773088,30,0.00797256268561,30,0.00826817378402,30,0.00578933162615,30,0.00646237051114,29,0.00325535051525,2020-05-19
2020-05-19,299,0.146630521588,1,5,-0.011988141574,30,-0.00603099446744,30,-0.0044242083095,30,-0.00252018566243,30,-0.00726468581706,30,-0.008884110488,30,-0.010312680155,30,-0.00581796374172,30,-0.00612933421507,30,-0.00187538610771,29,0.0101127554663,2020-05-20
2020-05-20,299,0.0616492789375,1,5,-0.00737956166267,30,-0.0109441084787,30,-0.00975684355944,30,-0.00632996158674,30,-0.00930043216795,30,-0.00791673641652,30,-0.00210052938201,30,-0.00428160605952,30,-0.00863514561206,30,-0.0080884816125,29,-0.00070891994983,2020-05-21
2020-05-21,299,0.138455044607,1,0,-0.0202733576298,30,-0.0205065887421,30,-0.0197898093611,30,-0.0197905339301,30,-0.0228812079877,30,-0.0186565704644,30,-0.0205363836139,30,-0.0199781190604,30,-0.0172841027379,30,-0.0142585281283,29,0.00601482950151,2020-05-22
2020-05-22,299,0.171031443369,1,0,-0.00745992269367,30,-0.01044809632,30,-0.00334625248797,30,-0.000558153784368,30,-0.00084075529594,30,0.00190696120262,30,-8.98877769941e-05,30,-0.00170634582173,30,0.00120809080545,30,0.00108083779924,29,0.00854076049291,2020-05-25
2020-05-25,299,-0.108579542414,1,10,0.0133669935167,30,0.0123418904841,30,0.0202483199537,30,0.0157792475075,30,0.0147018926218,30,0.0142665719613,30,0.0146347163245,30,0.0118349110708,30,0.0086888037622,30,0.00571645749733,29,-0.00765053601936,2020-05-26
2020-05-26,299,0.183055863693,1,28,-0.00288095860742,30,-0.0108119565994,30,-0.00674023805186,30,-0.00988319143653,30,-0.0053643565625,30,-0.00509398989379,30,-0.00127824943047,30,-0.00884828530252,30,-0.00191803381313,30,0.00114412140101,29,0.00402508000843,2020-05-27
2020-05-27,299,0.263514890651,1,7,-0.00294420914724,30,-0.00279289879836,30,0.00311236781999,30,-0.000814030587208,30,-0.00323689193465,30,-0.000229430195759,30,0.00148865580559,30,0.00658617634326,30,0.00981846824288,30,0.00553152896464,29,0.00847573811188,2020-05-28
2020-05-28,299,-0.146549254991,1,9,0.00698658218607,30,0.0106610655785,30,0.00800902023911,30,0.00681007094681,30,0.0109912967309,30,0.00476731266826,30,0.00332584767602,30,-0.000686538231093,30,-0.00125502352603,30,-0.0026475910563,29,-0.00963417324238,2020-05-29
2020-05-29,298,0.102224897502,2,49,0.0203122422099,30,0.0196907501668,30,0.0200688708574,30,0.0281361415982,30,0.0291908029467,29,0.0426842533052,30,0.0307022724301,30,0.0280503798276,30,0.0269651450217,30,0.0196623634547,29,-0.000649878755212,2020-06-01
2020-06-01,298,-0.155293518231,2,27,0.0135569926351,30,0.00638167280704,30,0.00454387068748,30,0.001087127137,30,0.00179440609645,29,0.00217452854849,30,0.000506512296852,30,-0.00498782191426,30,-0.0043893060647,30,0.00616406975314,29,-0.00739292288199,2020-06-02
2020-06-02,298,0.00807047305106,2,16,-0.00506227603182,30,0.00145663623698,30,-0.00104098918382,30,-0.00154034898151,30,-0.00254907901399,29,-0.000537111365702,30,0.00178255036008,30,-0.00268417387269,30,-0.00116215751041,30,-0.00569255603477,29,-0.000630280002952,2020-06-03
2020-06-03,299,-0.0182701351069,1,5,-0.00286606349982,30,0.00168814463541,30,0.000979946111329,30,-0.00288396072574,30,-0.00420031743124,30,-0.000991715933196,30,-0.00498527893797,30,-0.00139614345971,30,-0.00561476359144,30,-0.0031934606377,29,-0.00032739713788,2020-06-04
2020-06-04,299,0.0540330643072,1,4,-0.00328004756011,30,0.00654818397015,30,0.0040686307475,30,0.00841966457665,30,0.00626379065216,30,0.00676549691707,30,0.00720428442582,30,0.00712154898793,30,0.000923421001062,30,0.00336280977353,29,0.00664285733365,2020-06-05
2020-06-05,299,0.192259406899,1,17,-0.00278057064861,30,0.00387115683407,30,0.000972958398052,30,-0.00139700178988,30,0.00725163007155,30,0.00376432738267,30,0.00475964369252,30,0.00809738878161,30,0.00644028792158,30,0.00516713270918,29,0.00794770335779,2020-06-08
2020-06-08,299,0.0954226840834,1,5,0.00381664047018,30,0.00381983723491,30,0.00162033038214,30,0.00683177309111,30,0.0120204947889,30,0.0099518597126,30,0.0181802920997,30,0.00673922710121,30,0.00583356805146,30,0.00357622932643,29,-0.00024041114375,2020-06-09
2020-06-09,299,-0.113421247061,1,20,-0.00204365048558,30,0.00291525525972,30,0.00367005262524,30,-0.00416388502344,30,-0.000396811956307,30,-0.00351222557947,30,-0.00275914673693,30,-0.00058325129794,30,-0.00709243211895,30,-0.00415255688131,29,-0.00210890639573,2020-06-10
2020-06-10,300,-0.0469452863166,0,5,-0.007149589248,30,-0.000166147947311,30,-0.00698331184685,30,-0.000394988048356,30,-0.00764145236462,30,-0.0102921184152,30,-0.0152944903821,30,-0.00575596513227,30,-0.0081625841558,30,-0.00659155240282,30,0.000558036845177,2020-06-11
2020-06-11,300,-0.0154738449151,0,3,0.00415300112218,30,0.00288658542559,30,0.00321011734195,30,0.00538354320452,30,-0.00409782351926,30,0.00267938571051,30,-0.0012678563362,30,-0.00466730585322,30,-0.0038049062714,30,-0.000211856764508,30,-0.00436485788669,2020-06-12
2020-06-12,300,0.248246077224,0,55,-0.0160446502268,30,-0.0152734117582,30,-0.00989386066794,30,-0.00721108727157,30,-0.00707069830969,30,-0.0043069999665,30,-0.003194286488,30,-0.00818508863449,30,-0.0110365850851,30,-0.00219796295278,30,0.0138466872741,2020-06-15
2020-06-15,300,-0.080302537872,0,0,0.00720256380737,30,0.0248248912394,30,0.0189263597131,30,0.0189842414111,30,0.0202472563833,30,0.0132373655215,30,0.0105048362166,30,0.0120850205421,30,0.0126779163256,30,0.00909878034145,30,0.00189621653408,2020-06-16
2020-06-16,300,-0.034290169662,0,24,0.00309385056607,30,0.00258675217628,30,0.00933571066707,30,0.000950485467911,30,0.00116887688637,30,-0.000276569538983,30,0.00316852726974,30,0.0040414291434,30,-0.00413729529828,30,0.00155741767958,30,-0.0015364328865,2020-06-17
2020-06-17,300,0.0638962888976,0,10,0.000253051519394,30,0.00373374018818,30,0.0126566803083,30,0.0076671699062,30,0.00576890120283,30,0.00439397292212,30,0.00600920105353,30,0.00944707170129,30,0.00855495315045,30,0.00359556870535,30,0.00334251718596,2020-06-18
2020-06-18,300,-0.0853478462646,0,7,0.0126746911556,30,0.00804710015655,30,0.011297877878,30,0.0125763751566,30,0.0147755090147,30,0.0128545342013,30,0.0105795161799,30,0.0129215437919,30,0.00812552589923,30,0.00415366701782,30,-0.00852102413774,2020-06-19
2020-06-19,300,-0.0850959515896,0,19,0.00702578248456,30,0.00109686458018,30,0.00500648422167,30,0.00506837945431,30,-0.00104883313179,30,-0.000191458064364,30,0.00124266545754,30,-0.00450231228024,30,-0.00608316063881,30,-0.000846205162816,30,-0.00787198764738,2020-06-22
2020-06-22,300,-0.276136020201,0,3,0.0120054427534,30,0.01259547472,30,0.00459560751915,30,0.00644804025069,30,0.00448871869594,30,0.00384518108331,30,-0.00351825356483,30,-0.00167864363175,30,-0.00519710360095,30,-0.00600724015385,30,-0.0180126829073,2020-06-23
2020-06-23,300,0.275033117882,0,9,-0.00399053702131,30,0.000265572482022,30,-0.000756875670049,30,-0.000406074512284,30,0.00797970499843,30,0.00665824627504,30,0.0111533086747,30,0.00733388448134,30,0.00439045252278,30,0.00327110686339,30,0.0072616438847,2020-06-24
2020-06-24,300,-0.0268838280133,0,7,-0.00485996017233,30,-0.00864177756011,30,-0.00482495222241,30,-0.00935525912791,30,-0.0150146503001,30,-0.013135606423,30,-0.0122938035056,30,-0.00731337862089,30,-0.0141222653911,30,-0.00711129512638,30,-0.00225133495405,2020-06-29
2020-06-29,300,-0.174420324369,0,3,0.0112118683755,30,0.0276124663651,30,0.0231170188636,30,0.023014144972,30,0.0195047687739,30,0.0109785394743,30,0.012852281332,30,0.00817081891,30,0.00748696923256,30,0.00347203225829,30,-0.00773983611725,2020-06-30
2020-06-30,300,0.020694264759,0,15,0.0194116588682,30,0.0196949038655,30,0.0100853387266,30,0.0187549628317,30,0.0216166544706,30,0.0145156737417,30,0.0202013030648,30,0.0166590735316,30,0.0140792569146,30,0.0141231520101,30,-0.00528850685805,2020-07-01
2020-07-01,300,-0.255996991028,0,50,0.0324507318437,30,0.0365205593407,30,0.03709102422,30,0.0287471208721,30,0.0306578148156,30,0.0204403754324,30,0.00962243694812,30,0.016151798889,30,0.0180315561593,30,0.0162255745381,30,-0.0162251573056,2020-07-02
2020-07-02,300,-0.231610260208,0,46,0.0298567805439,30,0.0250572059304,30,0.0312011539936,30,0.0381141118705,30,0.0190706960857,30,0.0202076546848,30,0.0211415980011,30,0.0107534928247,30,0.00345619511791,30,0.0205312576145,30,-0.00932552292943,2020-07-03
2020-07-03,300,-0.114183705699,0,23,0.0752488002181,30,0.0572598129511,30,0.0610467121005,30,0.0405614450574,30,0.0487142316997,30,0.0594408102334,30,0.0549403093755,30,0.064724303782,30,0.0496543832123,30,0.0577763877809,30,-0.0174724124372,2020-07-06
2020-07-06,300,0.308303267269,0,57,-0.00705759320408,30,0.00884402357042,30,-0.0114111620933,30,-0.00582539848983,30,-0.00803697668016,30,0.00820799637586,30,0.00597473373637,30,0.0106004299596,30,0.0215777326375,30,0.0133761866018,30,0.0204337798059,2020-07-07
2020-07-07,300,-0.0976667413199,0,11,0.014553704299,30,0.0298879165202,30,0.0284956432879,30,0.0403394624591,30,0.0224152505398,30,0.0228428784758,30,0.0194172076881,30,0.0208312887698,30,0.0122000398114,30,0.0113758286461,30,-0.00317787565291,2020-07-08
2020-07-08,300,-0.0760449501164,0,22,0.0409606844187,30,0.016323203221,30,0.0117724696174,30,0.0192309692502,30,0.0216611344367,30,0.0227444898337,30,0.020842526108,30,0.0119449654594,30,0.0275338608772,30,0.00738969445229,30,-0.0335709899664,2020-07-09
2020-07-09,299,0.0173059952569,1,31,-0.00542624574155,30,-0.00625098356977,30,-0.0236319564283,30,-0.0272327754647,30,-0.016752962023,30,-0.0159264430404,30,-0.00948804616928,30,-0.0137962205335,30,-0.0157559104264,30,-0.0152049520984,29,-0.00977870635688,2020-07-10
2020-07-10,299,-0.0172171296793,1,3,0.0259245205671,30,0.034076474607,30,0.0215960927308,30,0.024414004758,30,0.0180491823703,30,0.0243337024003,30,0.0234940387309,30,0.0177063681185,30,0.0258422363549,30,0.0232244059443,29,-0.00270011462271,2020-07-13
2020-07-13,299,0.0342419966301,1,19,-0.0135357361287,30,-0.00152506039012,30,-0.0169028695673,30,-0.00861215218902,30,-0.00207373290323,30,-0.0108880801126,30,-0.0128138381988,30,-0.00513309426606,30,-0.0110962847248,30,-0.0118770888075,29,0.00165864732116,2020-07-14
2020-07-14,299,0.260711348871,1,0,-0.0227679274976,30,-0.0287431050092,30,-0.0173000711948,30,-0.0289974007756,30,-0.0136220669374,30,-0.0268808193505,30,-0.0202138796449,30,-0.00361711974256,30,-0.00769654335454,30,-0.00229387660511,29,0.0204740508925,2020-07-15
2020-07-15,299,0.401389599062,1,3,-0.0677882358432,30,-0.0537866204977,30,-0.0585721880198,30,-0.0466150678694,30,-0.0345113426447,30,-0.0440481565893,30,-0.039876524359,30,-0.0294075142592,30,-0.0352832563221,30,-0.0272946171463,29,0.0404936186969,2020-07-16
2020-07-16,299,0.117619595149,1,0,-0.00907846912742,30,0.000649460183922,30,-0.00709565076977,30,0.00384780974127,30,0.00938124861568,30,0.00434594135731,30,0.0133029995486,30,0.00421227794141,30,-0.00116046669427,30,0.000672981666867,29,0.00975145079428,2020-07-17
2020-07-17,298,0.0805803093678,2,4,0.0350591167808,30,0.0237488951534,30,0.020979873836,30,0.0523085519671,30,0.0404029041529,29,0.0466359704733,30,0.0419457517564,30,0.0359997004271,30,0.0392256006598,30,0.0322289541364,29,-0.00283016264439,2020-07-20
2020-07-20,299,0.271239259482,1,43,-0.0102257328108,30,-0.00847145542502,30,0.00424357643351,30,-0.00450196675956,30,-0.00965390820056,30,0.00420808186755,30,0.00107910437509,30,0.00523220701143,30,0.00807074271142,30,0.0212430227548,29,0.0314687555656,2020-07-21
2020-07-21,299,-0.0786888987031,1,3,0.0110891358927,30,0.00571223674342,30,0.00818580202758,30,0.00264146528207,30,0.0103363273665,30,0.00372873339802,30,0.00439582485706,30,0.00307869911194,30,0.00301609630696,30,0.0046199192293,29,-0.00646921666339,2020-07-22
2020-07-22,299,0.0132568003393,1,0,0.0112697640434,30,0.00191763637122,30,-0.00113472936209,30,-0.00667193345726,30,-0.000579851854127,30,-0.00995260663331,30,-0.00768642826006,30,-0.00480213342234,30,0.00271320552565,30,-0.00280856061727,29,-0.0140783246607,2020-07-23
2020-07-23,299,0.354253993944,1,11,-0.0463957935572,30,-0.0562348365784,30,-0.0505998693407,30,-0.0422087945044,30,-0.0462258532643,30,-0.0394094772637,30,-0.0351916067302,30,-0.037428855896,30,-0.0397856235504,30,-0.0278045460582,29,0.018591247499,2020-07-24
2020-07-24,299,-0.0825965463839,1,0,0.0134277744219,30,0.00775768933818,30,0.00802611745894,30,0.00537129025906,30,0.00537157058716,30,0.00355794234201,30,-0.00487959571183,30,0.00768110947683,30,0.00279639963992,30,0.00155660405289,29,-0.011871170369,2020-07-27
2020-07-27,300,0.097218279186,0,6,-0.00245873723179,30,-0.000199188783881,30,0.0150149250403,30,0.0108435470611,30,0.00614901585504,30,0.00895798765123,30,0.011104285717,30,0.012769264169,30,0.00561443949118,30,0.000694408023264,30,0.00315314525506,2020-07-28
2020-07-28,300,-0.193028667252,0,3,0.0265745464712,30,0.0285217165947,30,0.0283246636391,30,0.0363403409719,30,0.0232539214194,30,0.0216572582722,30,0.0280104316771,30,0.0176752582192,30,0.021382374689,30,0.0157015658915,30,-0.0108729805797,2020-07-29
2020-07-29,299,0.0784739855254,1,37,0.00466079125181,30,-0.00594265665859,30,-0.0053995330818,30,-0.00659189047292,30,-0.00923525728285,30,-0.00499628204852,30,-0.00494601111859,30,-0.00519133033231,30,-0.00375713501126,30,-0.00277472776361,29,-0.00743551901542,2020-07-30
2020-07-30,299,-0.162405183334,1,3,0.021368060261,30,0.0109803276137,30,0.00861648097634,30,0.00941169820726,30,0.0121766449884,30,0.00271039805375,30,0.0078898454085,30,0.00609297351912,30,0.00290989479981,30,0.000536478823051,29,-0.020831581438,2020-07-31
2020-07-31,299,-0.161021814196,1,10,0.0328069776297,30,0.0263916086406,30,0.029936267063,30,0.0224569831043,30,0.0253046546131,30,0.0193857979029,30,0.0198811348528,30,0.0200385563076,30,0.0131511930376,30,0.0128984078765,29,-0.0199085697532,2020-08-03
2020-08-03,300,0.133168798425,0,45,0.00355086522177,30,-0.00549166603014,30,-0.011900733225,30,-0.00526834512129,30,0.0030300677754,30,0.00634107971564,30,-0.00414619036019,30,-0.00256185932085,30,0.00255250534974,30,0.00892747472972,30,0.00537660950795,2020-08-04
2020-08-04,300,0.23900075201,0,2,-0.00654352921993,30,-0.0079002417624,30,0.0118330772966,30,0.000879116880242,30,0.010604146868,30,0.00539613189176,30,0.00447920942679,30,0.00798952952027,30,0.00213494896889,30,0.00125809316523,30,0.00780162238516,2020-08-05
2020-08-05,300,0.0327743398542,0,10,0.000958549964707,30,0.000201195478439,30,0.000599598861299,30,0.0010906457901,30,0.00728432741016,30,0.00433410983533,30,0.00128213560674,30,-0.00155075197108,30,-0.00324138393626,30,0.000919622194488,30,-3.89277702197e-05,2020-08-06
2020-08-06,300,0.299331410634,0,6,-0.00706510944292,30,-0.0264434721321,30,-0.0222834683955,30,-0.0164624471217,30,-0.00926362257451,30,-0.00619898224249,30,-0.00726044364274,30,-0.0111576002091,30,-0.00278252153657,30,-0.00729889469221,30,-0.000233785249293,2020-08-07
2020-08-07,300,0.25676652865,0,4,-0.00582924066111,30,0.00792829226702,30,0.000213054809137,30,0.00109595851973,30,0.0042079212144,30,0.00300444173627,30,0.0116579150781,30,0.00777784967795,30,0.0175537057221,30,0.0104651767761,30,0.0162944174372,2020-08-10
2020-08-10,300,0.0837583767938,0,2,-0.0147963128984,30,-0.0140461884439,30,-0.0079695917666,30,-0.0205735024065,30,-0.0118128275499,30,-0.01221407298,30,-0.0106560969725,30,-0.0139828724787,30,-0.0131333135068,30,-0.00616226019338,30,0.00863405270502,2020-08-11
2020-08-11,300,0.37656019878,0,0,-0.0280228834599,30,-0.0113762337714,30,-0.0132337706164,30,-0.00817831512541,30,-0.00814995355904,30,-0.010350940749,30,-0.00433915434405,30,0.000516720640007,30,0.0127168949693,30,0.00340834865347,30,0.0314312321134,2020-08-12
2020-08-12,300,0.185586416789,0,15,-0.00840971432626,30,-0.00437875371426,30,-0.00383508205414,30,0.00360201206058,30,0.000105653205537,30,0.00473744096234,30,-0.00412953505293,30,0.00184943678323,30,0.00500829005614,30,-0.000397066265577,30,0.00801264806069,2020-08-13
2020-08-13,300,-0.138797637521,0,0,0.0141287306324,30,0.0170524939895,30,0.0248418878764,30,0.0144058046862,30,0.00587655510753,30,0.0136390114203,30,0.0136566497386,30,0.0108542656526,30,0.0131260948256,30,0.00939557980746,30,-0.0047331508249,2020-08-14
2020-08-14,300,-0.121821884984,0,25,0.0232236646116,30,0.0323404595256,30,0.0273517202586,30,0.028534187004,30,0.0228786598891,30,0.0265361480415,30,0.023212287575,30,0.0217316057533,30,0.0213015358895,30,0.0224745627493,30,-0.000749101862311,2020-08-17
2020-08-17,300,-0.0998509475085,0,11,0.00879829283804,30,0.0016248166794,30,-0.00407532043755,30,-0.0019396841526,30,-0.00378974084742,30,-0.00172322196886,30,0.00297386245802,30,-0.00455702934414,30,-0.00326934666373,30,-0.000677957141306,30,-0.00947624997934,2020-08-18
2020-08-18,300,0.341595210254,0,3,-0.0154557442293,30,-0.0179305654019,30,-0.0205068420619,30,-0.0181196928024,30,-0.0120132565498,30,-0.013667752035,30,-0.00604319572449,30,-0.00404162192717,30,-0.00411102175713,30,-0.00116470851935,30,0.0142910357099,2020-08-19
2020-08-19,300,0.324731002148,0,3,-0.0240750219673,30,-0.0228414647281,30,-0.0164546761662,30,-0.0199850834906,30,-0.00903842039406,30,-0.0059327185154,30,-0.00942679680884,30,-0.0089696822688,30,-0.0124016162008,30,-0.00917921867222,30,0.0148958032951,2020-08-20
2020-08-20,300,-0.0203405809289,0,2,0.00782553385943,30,0.00595754384995,30,0.00684999208897,30,0.00657834997401,30,0.00995980668813,30,0.0152865173295,30,0.00825765170157,30,0.00601050863042,30,0.0067252041772,30,0.000128901010612,30,-0.00769663284882,2020-08-21
2020-08-21,300,0.0292427290968,0,0,0.00171151955146,30,-0.000819110893644,30,0.0130217932165,30,0.00986890587956,30,0.00618503708392,30,0.0127842249349,30,0.00366959581152,30,0.000818431377411,30,0.0055041811429,30,0.00139986875001,30,-0.00031165080145,2020-08-24
2020-08-24,300,0.0954422472424,0,6,-0.00617277203128,30,-0.00685005960986,30,0.00227897963487,30,-0.00364312739111,30,-0.0121755125001,30,-0.00753897009417,30,-0.00449336972088,30,-0.00323744211346,30,-0.00114074349403,30,-0.0044125537388,30,0.00176021829247,2020-08-25
2020-08-25,300,0.13706049414,0,0,-0.015146555379,30,-0.019423937425,30,-0.0143514294177,30,-0.00854246597737,30,-0.0230518244207,30,-0.0171370096505,30,-0.0202624257654,30,-0.0127613507211,30,-0.011533417739,30,-0.00725690135732,30,0.00788965402171,2020-08-26
2020-08-26,300,-0.185950278795,0,5,0.00274453964084,30,0.0142973223701,30,0.00874129962176,30,0.00973874889314,30,0.00533363642171,30,0.00329960393719,30,0.00983867608011,30,0.00611734809354,30,0.00120014348067,30,0.00309380679391,30,0.000349267153069,2020-08-27
2020-08-27,300,-0.0990142269267,0,13,0.0134743433446,30,0.0229798778892,30,0.0218903180212,30,0.024059407413,30,0.0178274586797,30,0.0225748736411,30,0.0227460749447,30,0.0203859508038,30,0.016099024564,30,0.0117577016354,30,-0.00171664170921,2020-08-28
2020-08-28,300,0.0779221945711,0,41,-0.00397543096915,30,-0.00990865845233,30,-0.0111617781222,30,-0.0059469002299,30,0.00634501967579,30,-0.00541855115443,30,-0.00434810528532,30,-0.0131307439879,30,-0.00381469121203,30,-0.000404936086852,30,0.0035704948823,2020-08-31
2020-08-31,300,-0.0983157831835,0,2,0.00740794325247,30,0.00727095222101,30,0.0139398956671,30,0.0113099869341,30,0.00652433838695,30,0.0024581910111,30,0.00443595461547,30,0.00119369628374,30,0.0016311208019,30,0.000211385879084,30,-0.00719655737339,2020-09-01
2020-09-01,300,-0.00478536952115,0,11,0.0047254501842,30,0.000823161972221,30,-0.00189272756688,30,-0.00624663056806,30,0.000245604926022,30,0.00197519664653,30,0.0015603939537,30,-0.00718636112288,30,0.000475804001326,30,-0.00375550379977,30,-0.00848095398396,2020-09-02
2020-09-02,300,0.182909244147,0,5,-0.00552428187802,30,-0.00433256244287,30,-0.0136196594685,30,-0.00572850322351,30,-0.00763017125428,30,-0.0016020674957,30,-0.00581257930025,30,-0.00348745379597,30,-0.00364835863002,30,-0.00219666957855,30,0.00332761229947,2020-09-03
2020-09-03,300,0.0992124878522,0,2,-0.00956888031214,30,-0.00181553163566,30,-0.00780361285433,30,-0.00899260211736,30,-0.00932148657739,30,-0.0147023005411,30,-0.00887811742723,30,-0.00317819509655,30,-0.00330600747839,30,-0.00451960368082,30,0.00504927663133,2020-09-04
2020-09-04,300,0.0671804293859,0,10,-0.011493136175,30,-0.0260055363178,30,-0.0229918919504,30,-0.0180880371481,30,-0.0199051108211,30,-0.0195837952197,30,-0.027572164312,30,-0.0231135375798,30,-0.0217649172992,30,-0.00761581072584,30,0.00387732544914,2020-09-07
2020-09-07,300,0.193876018123,0,0,-0.00551792001352,30,0.00130816502497,30,0.00214968132786,30,0.00839575566351,30,0.00801431294531,30,0.00443658651784,30,0.00140467484016,30,0.013199839741,30,0.00641866913065,30,0.0120644690469,30,0.0175823890604,2020-09-08
2020-09-08,300,-0.15472730951,0,16,-0.0114056942984,30,-0.0186125766486,30,-0.0233672596514,30,-0.0222515203059,30,-0.0227249264717,30,-0.0236249342561,30,-0.0234090723097,30,-0.0300986301154,30,-0.0297153927386,30,-0.0180473569781,30,-0.00664166267961,2020-09-09
2020-09-09,300,-0.163602449952,0,4,-0.00217933859676,30,-0.00157213606872,30,4.64975819341e-05,30,-0.0126998284832,30,-0.00212702946737,30,-0.006779382471,30,-0.0143675152212,30,-0.0153467776254,30,-0.0127228852361,30,-0.00877319741994,30,-0.00659385882318,2020-09-10
2020-09-10,300,-0.333991169077,0,0,0.015646494925,30,0.0188739411533,30,0.0167565941811,30,0.0124279856682,30,0.0040668072179,30,0.00872756633908,30,0.00434071011841,30,0.00412857718766,30,-0.00138928298838,30,-0.00193937425502,30,-0.01758586918,2020-09-11
2020-09-11,300,-0.0603276715403,0,15,0.0041285911575,30,0.00345034198835,30,0.00700194435194,30,0.00865583028644,30,0.000779716181569,30,-0.000138314571814,30,0.00666720094159,30,0.00331452698447,30,0.00261812610552,30,0.00136926968116,30,-0.00275932147633,2020-09-14
2020-09-14,300,0.0892599890903,0,6,0.00434374809265,30,0.00162096822169,30,0.00544839911163,30,0.0161170419306,30,0.00844564661384,30,0.00635372614488,30,0.0115400673822,30,0.00881175231189,30,0.00928331445903,30,0.00333846407011,30,-0.00100528402254,2020-09-15
2020-09-15,300,0.211638282205,0,14,-0.00435105571523,30,-0.00617848243564,30,-0.00660229520872,30,0.000380967074307,30,-0.00599185423926,30,0.00245131459087,30,-0.000831125187688,30,-0.00242793164216,30,-0.000932178867515,30,0.00209892797284,30,0.00644998368807,2020-09-16
2020-09-16,299,0.0326914147913,1,6,0.00610832357779,30,-0.00306765828282,30,-0.0068931481801,30,-0.00440214853734,30,0.00551280193031,30,0.000141797456308,30,-0.0069695096463,30,-0.00322522525676,30,-0.000174762812094,30,-0.00462643243372,29,-0.0107347560115,2020-09-17
2020-09-17,299,0.27556115813,1,4,0.00916200876236,30,0.00905750785023,30,0.0150324301794,30,0.025390541181,30,0.0298781376332,30,0.0289953034371,30,0.0271008256823,30,0.0281987860799,30,0.0275265369564,30,0.0184313543141,29,0.00926934555173,2020-09-18
2020-09-18,299,0.136328527028,1,68,-0.00643612537533,30,-0.0111153023317,30,-0.0123985074461,30,-0.00497332634404,30,-0.00894898176193,30,-0.00391509151086,30,-0.00163031020202,30,-0.00429225154221,30,0.00048979523126,30,-0.00843961723149,29,-0.00200349185616,2020-09-21
2020-09-21,299,0.185397941863,1,0,-0.0135211544111,30,-0.015344989486,30,-0.015880310908,30,-0.0201154779643,30,-0.0126831568778,30,-0.0171351376921,30,-0.0180678926408,30,-0.00930061563849,30,-0.00998856220394,30,-0.00933064706624,29,0.0041905073449,2020-09-22
2020-09-22,298,-0.181755829805,2,0,0.0149348871782,30,0.00836049672216,30,0.00673288106918,30,0.00525563163683,30,-0.000793210405391,29,-0.0015587528469,30,-0.00123230018653,30,-0.00268560252152,30,-0.00234575662762,30,-0.00340442406014,29,-0.0183393112384,2020-09-23
2020-09-23,298,0.279163364449,2,3,-0.0238477513194,30,-0.0198726169765,30,-0.0257369205356,30,-0.0250598993152,30,-0.018160559237,29,-0.0224027261138,30,-0.0177000220865,30,-0.0190158262849,30,-0.0168488714844,30,-0.0114894732833,29,0.0123582780361,2020-09-24
2020-09-24,299,-0.0250360646537,1,0,-0.00444072298706,30,0.00206635985523,30,-0.000433939683717,30,0.0029030542355,30,-0.000242211419391,30,0.000703006982803,30,0.00172535178717,30,0.000786628341302,30,-0.0034536360763,30,-0.00229383539408,29,0.00214688759297,2020-09-25
2020-09-25,299,0.0350433187466,1,2,-0.00220208172686,30,0.000113747519208,30,0.000953642535023,30,-0.000542883062735,30,-0.00728681078181,30,-0.00148101453669,30,-0.00179683370516,30,0.00109039747622,30,-0.0012980401516,30,-0.000350014917785,29,0.00185206680908,2020-09-28
2020-09-28,299,0.0968713532662,1,5,0.00171298976056,30,0.000717415416148,30,0.00457927584648,30,0.00462429504842,30,0.00650980649516,30,0.000203686955501,30,0.009740867652,30,0.00700416974723,30,0.00388880167156,30,0.000978373223916,29,-0.000734616536647,2020-09-29
2020-09-29,298,-0.0522097405995,2,0,-0.000598466373049,30,-0.00117667717859,30,0.00232124119066,30,-0.00802372116596,30,-0.00480045331642,29,-0.00376353063621,30,-0.00211677351035,30,-0.00613809050992,30,-0.00802909769118,30,-0.00110541947652,29,-0.000506953103468,2020-09-30
2020-09-30,298,-0.155932989642,2,3,0.0161470286548,30,0.0262076631188,30,0.0301581230015,30,0.0179103333503,30,0.0267309155315,29,0.0233807601035,30,0.0206495653838,30,0.0180320516229,30,0.0162731334567,30,0.007833131589,29,-0.00831389706582,2020-10-09
2020-10-09,299,-0.0752778078344,1,8,0.0286168698221,30,0.0161042921245,30,0.0258376281708,30,0.0323795750737,30,0.0330862924457,30,0.0285439305007,30,0.027194024995,30,0.0294851623476,30,0.0296389423311,30,0.0162274427712,29,-0.0123894270509,2020-10-12
2020-10-12,299,-0.0763106955218,1,33,0.00752991437912,30,-0.00288263568655,30,0.00443009333685,30,0.00798979401588,30,0.00294784107246,30,0.00132421054877,30,-0.000975445902441,30,0.00118074612692,30,-0.000330688548274,30,0.00181913783308,29,-0.00571077654604,2020-10-13
2020-10-13,298,0.0988502353953,2,8,-0.0137276733294,30,-0.00229993858375,30,-0.00650058174506,30,-0.0124364141375,30,0.00207908195443,29,-0.011078061536,30,-0.0144659979269,30,-0.0100350836292,30,-0.00798754673451,30,-0.00473645236343,29,0.00899122096598,2020-10-14
2020-10-14,298,0.192585768925,2,7,0.000983222271316,30,-0.0119614582509,30,-0.00532296299934,30,-0.0018228093395,30,-0.00169888650998,29,-0.00269060931168,30,-0.00225189118646,30,-0.003144309856,30,0.000477224588394,30,0.002117424272,29,0.00113420200069,2020-10-15
2020-10-15,298,0.195179602086,2,3,-0.00529794301838,30,-0.00138300855178,30,-0.00471915397793,30,-0.00720256567001,30,-0.00300163240172,29,-0.00171448395122,30,-0.00256252079271,30,-0.00190228223801,30,0.00770403351635,30,0.00522506423295,29,0.0105230072513,2020-10-16
2020-10-16,298,0.210970819014,2,4,-0.0138844074681,30,-0.0061611412093,30,-0.0135149853304,30,-0.00361792440526,30,-0.00972610712051,29,-0.00778088578954,30,-0.00477561354637,30,-0.00790246762335,30,-0.00572875142097,30,0.000599805673119,29,0.0144842131413,2020-10-19
2020-10-19,298,-0.313872691845,2,0,0.0144057832658,30,0.0130972545594,30,0.0121078593656,30,0.00866295490414,30,0.00861093681306,29,0.00484684295952,30,0.00370140280575,30,0.000566105067264,30,-1.01367631942e-05,30,-0.00366163463332,29,-0.0180674178991,2020-10-20
2020-10-20,298,0.398511421936,2,35,-0.00259721884504,30,-0.0124780433252,30,-0.010072122328,30,-0.00937526393682,30,-0.00445238268003,29,-0.000210358703043,30,-0.00279675517231,30,8.1694124674e-05,30,0.00888466276228,30,0.00832445826381,29,0.0109216771089,2020-10-21
2020-10-21,298,0.0806633868737,2,19,-0.00352517375723,30,-0.00573581270874,30,-0.00407821545377,30,-0.00548124918714,30,-0.00398126151413,29,-0.00817515421659,30,0.00202170410194,30,-0.00652043800801,30,-0.0039405147545,30,0.000917227123864,29,0.00444240088109,2020-10-22
2020-10-22,299,0.37194371372,1,3,-0.0148821016774,30,-0.0129213687032,30,-0.0157924294472,30,-0.018270265311,30,-0.0215412415564,30,-0.0144753856584,30,-0.00418176827952,30,-0.00879347324371,30,-0.00403227191418,30,0.00309415115044,29,0.0179762528278,2020-10-23
2020-10-23,299,-0.212635970853,1,2,0.00205110316165,30,0.00356080522761,30,-0.00119262142107,30,-0.00496762199327,30,-0.00642629479989,30,-0.0134090129286,30,-0.00407832441851,30,-0.00694276485592,30,-0.0138257481158,30,-0.00613357685506,29,-0.00818468001671,2020-10-26
2020-10-26,299,-0.283068734674,1,3,0.00622438779101,30,0.0128461895511,30,0.00740240234882,30,0.00856311898679,30,0.00342736043967,30,0.000513825798407,30,-0.00010261535499,30,-0.00722224730998,30,-0.00332883605734,30,-0.00535588432103,29,-0.011580272112,2020-10-27
2020-10-27,299,-0.266239235825,1,7,0.00294576282613,30,0.0187845304608,30,0.0147089743987,30,0.00412861490622,30,0.0109880166128,30,0.000536276900675,30,0.00220361142419,30,0.00395538797602,30,-0.00249239592813,30,-0.00665671471506,29,-0.00960247754119,2020-10-28
2020-10-28,300,-0.133237121929,0,11,0.00470110587776,30,0.00459083123133,30,0.0125399269164,30,0.00897569861263,30,0.0084619326517,30,0.0042371135205,30,0.000672860944178,30,-0.000212228304008,30,-0.0040807784535,30,-0.00393434753641,30,-0.00863545341417,2020-10-29
2020-10-29,300,0.251038890558,0,9,-0.0206585563719,30,-0.0248124860227,30,-0.028153564781,30,-0.0134635530412,30,-0.0153589928523,30,-0.0132216215134,30,-0.0225118901581,30,-0.0120182354003,30,-0.00820800848305,30,-0.00783248897642,30,0.0128260673955,2020-10-30
2020-10-30,300,-0.206623826664,0,2,0.0139671089128,30,0.00799370836467,30,-0.00268502836116,30,0.0123088276014,30,0.00299420161173,30,-0.00368506321684,30,-0.000935480988119,30,-0.0068349041976,30,-0.00820834655315,30,-0.00468893628567,30,-0.0186560451984,2020-11-02
2020-11-02,300,0.158948518145,0,5,0.0107718231156,30,0.0126284640282,30,0.00920416135341,30,0.0124388933182,30,0.0146468821913,30,0.0225571189076,30,0.0175792854279,30,0.0239318255335,30,0.0176399406046,30,0.013889321126,30,0.0031174980104,2020-11-03
2020-11-03,300,0.0493701663698,0,5,2.49246750172e-05,30,-0.00252119894139,30,0.00233616819605,30,0.00759843783453,30,0.00249661202542,30,0.00554817123339,30,0.00321981520392,30,0.000744116317946,30,0.00643680104986,30,0.00135315652005,30,0.00132823184504,2020-11-04
2020-11-04,300,0.021479199144,0,4,0.0206656623632,30,0.014082393609,30,0.0162625946105,30,0.0158480107784,30,0.0156889464706,30,0.0152398701757,30,0.016787622124,30,0.0159640982747,30,0.0207190271467,30,0.00951187964529,30,-0.0111537827179,2020-11-05
2020-11-05,300,-0.0520255643483,0,17,0.00249701342545,30,0.00203147530556,30,-0.00443223910406,30,0.00465733604506,30,-0.00132207071874,30,-0.00291100144386,30,0.00509728398174,30,-0.00621970696375,30,-0.000493309868034,30,0.00188066763803,30,-0.000616345787421,2020-11-06
2020-11-06,300,0.0115647399887,0,9,0.0215336084366,30,0.0224387031049,30,0.0169237852097,30,0.0270299613476,30,0.0243047438562,30,0.0282931551337,30,0.0229741539806,30,0.0187397785485,30,0.0253928061575,30,0.0132563197985,30,-0.00827728863806,2020-11-09
2020-11-09,300,0.161738609882,0,12,-0.0064056715928,30,-0.00285364780575,30,-0.0112908603624,30,-0.0120702721179,30,-0.0132154366001,30,-0.000782372546382,30,-0.002051043557,30,-0.0113849500194,30,-0.00283409957774,30,-8.29001292004e-05,30,0.0063227714636,2020-11-10
2020-11-10,300,0.436824128378,0,3,-0.0178985074162,30,-0.0187419876456,30,-0.0212247595191,30,-0.0197495035827,30,-0.0186576750129,30,-0.00792602077127,30,-0.00597602734342,30,0.00274541368708,30,0.00086458720034,30,0.0128576299176,30,0.0307561373338,2020-11-11
2020-11-11,300,-0.0407226555786,0,4,-0.000922731531318,30,0.0022863605991,30,0.00195851316676,30,0.00538616580889,30,0.00409103417769,30,-0.00546776456758,30,0.00292135472409,30,0.000258243089775,30,0.000483773153974,30,-0.0042514144443,30,-0.00332868291298,2020-11-12
2020-11-12,300,-0.0516197993751,0,4,-0.0160569958389,30,0.00267978105694,30,-0.00203613447957,30,-0.00319295725785,30,-0.00627084169537,30,-0.00592151097953,30,-0.00608886685222,30,-0.00938483513892,30,-0.00724392710254,30,-0.00830084085464,30,0.00775615498424,2020-11-13
2020-11-13,300,0.117609372109,0,0,0.00412916159257,30,0.0137597061694,30,0.00874678324908,30,0.00823066197336,30,0.0141990622506,30,0.0129682915285,30,0.0135462023318,30,0.013681284152,30,0.0134507035837,30,0.00884451065212,30,0.00471534905955,2020-11-16
2020-11-16,300,0.104829923185,0,17,-0.00302883377299,30,-0.00209921807982,30,-0.00593016156927,30,-0.00478948745877,30,0.00322758941911,30,-0.00050313671818,30,0.00546584324911,30,-0.00491673965007,30,0.000888748967554,30,0.00170713663101,30,0.004735970404,2020-11-17
2020-11-17,300,0.0152033433175,0,12,0.00283116707578,30,0.00642399769276,30,-0.00487201986834,30,0.00234439177439,30,0.00161371426657,30,-0.00794991850853,30,-0.00301584997214,30,0.00202722358517,30,0.00063631933881,30,0.0012385963928,30,-0.00159257068299,2020-11-18
2020-11-18,300,0.0286085099158,0,4,0.00055544974748,30,0.0120821576566,30,0.000447859376436,30,-0.000580149877351,30,0.00993465539068,30,0.00684860348701,30,0.00957565288991,30,0.0039129476063,30,-0.000390003115172,30,0.000776696193498,30,0.000221246446017,2020-11-19
2020-11-19,300,0.056221645523,0,8,0.00425975304097,30,0.00356024503708,30,0.00324701075442,30,0.00394846592098,30,0.00569749483839,30,0.007986927405,30,0.00391571735963,30,0.00927206687629,30,0.00940781645477,30,0.000864096509758,30,-0.00339565653121,2020-11-20
2020-11-20,300,-0.193001349618,0,10,0.0235727932304,30,0.0218069963157,30,0.0189937278628,30,0.00930458679795,30,0.00143826007843,30,0.00383694958873,30,0.00426028575748,30,0.00155256188009,30,0.0100055988878,30,0.00928213819861,30,-0.0142906550318,2020-11-23
2020-11-23,300,0.0921819380262,0,7,-0.00819318275899,30,0.00259551615454,30,-0.00404950790107,30,-0.00213298993185,30,-0.00668053608388,30,0.000857162463944,30,-0.00181416864507,30,-0.00454824976623,30,-0.00362161989324,30,-0.00190895597916,30,0.00628422677983,2020-11-24
2020-11-24,300,0.302667591123,0,4,-0.0184461548924,30,-0.016562866047,30,-0.0168622154742,30,-0.0120180668309,30,-0.0159438364208,30,-0.0141112385318,30,-0.0174259468913,30,-0.0103558087721,30,-0.0100475251675,30,-0.00195867824368,30,0.0164874766488,2020-11-25
2020-11-25,300,0.163128774272,0,0,-0.00833861995488,30,0.00269859423861,30,-0.000714604044333,30,0.00227816891856,30,-0.00659933267161,30,0.000934324634727,30,0.000990347121842,30,0.00447568111122,30,0.00186120078433,30,0.00641498388723,30,0.0147536038421,2020-11-26
2020-11-26,300,0.0445456268739,0,4,0.00915554352105,30,0.00648140907288,30,0.0173384975642,30,0.0129163898528,30,0.00391113338992,30,0.0128967501223,30,0.0116617465392,30,0.0101226484403,30,0.0131757538766,30,0.00986230932176,30,0.000706765800714,2020-11-27
2020-11-27,300,-0.00476501614873,0,51,-0.00175246200524,30,0.000288184470264,30,0.00629933085293,30,-0.00437024049461,30,0.00598691310734,30,-0.000539823377039,30,0.00110270187724,30,-0.00309330434538,30,0.000290435564239,30,-0.000921438157093,30,0.00083102384815,2020-11-30
2020-11-30,300,0.0901866955801,0,8,0.0171068273485,30,0.0211734995246,30,0.0135883055627,30,0.0142958816141,30,0.0272686593235,30,0.0149802304804,30,0.0164693556726,30,0.0191705040634,30,0.01935938932,30,0.0183616634458,30,0.00125483609736,2020-12-01
2020-12-01,299,0.0360937448605,1,17,0.00174859759863,30,0.00118259387091,30,-0.00836890749633,30,-0.000235172119574,30,0.00122338929214,30,0.00297974748537,30,-0.000748370075598,30,0.00233434443362,30,0.00326604652219,30,-0.000483060692204,29,-0.00223165829084,2020-12-02
2020-12-02,299,0.208922964865,1,4,-0.0130602475256,30,-0.00500257825479,30,0.00368964066729,30,-0.00807501096278,30,-0.00439839577302,30,0.00112731254194,30,-0.00274977693334,30,0.000441936659627,30,0.0078550837934,30,-0.000682802055962,29,0.0123774454696,2020-12-03
2020-12-03,299,-0.182584722058,1,0,0.0105598689988,30,0.00400040159002,30,-0.00388051080517,30,-0.00256149168126,30,0.0014505723957,30,0.000323396932799,30,-0.00690553570166,30,-0.00502983527258,30,-0.00432491488755,30,-0.00471983896568,29,-0.0152797079645,2020-12-04
2020-12-04,299,-0.149417873648,1,5,-0.00634103827178,30,-0.00819525308907,30,-0.00630506873131,30,-0.0107952458784,30,-0.00852210167795,30,-0.00593893136829,30,-0.0119262896478,30,-0.0152842402458,30,-0.0158337913454,30,-0.0121845724061,29,-0.00584353413433,2020-12-07
2020-12-07,299,-0.0947986083724,1,0,0.00195446005091,30,-9.96669114102e-05,30,-0.0033290325664,30,-0.000281176966382,30,-0.0050880513154,30,-0.00534019665793,30,-0.00473502464592,30,-0.00115697982255,30,-0.00502108549699,30,-0.00552777992561,29,-0.00748223997653,2020-12-08
2020-12-08,298,0.125210618568,2,0,-0.0142525816336,30,-0.0125758070499,30,-0.0233333297074,30,-0.0158532913774,30,-0.0126864705235,29,-0.0153271574527,30,-0.016470529139,30,-0.0182959940284,30,-0.0142730176449,30,-0.0114978905767,29,0.00275469105691,2020-12-09
2020-12-09,298,-0.0343500953187,2,0,-0.00253073382191,30,0.000295841688057,30,0.00215869746171,30,-0.00343156862073,30,0.00165331771132,29,-0.00274745025672,30,-0.00482547469437,30,-0.00320239271969,30,-0.00186985335313,30,-0.00296871829778,29,-0.000437984475866,2020-12-10
2020-12-10,298,0.061665416065,2,2,-0.0118905687705,30,-0.0144350612536,30,-0.00796077493578,30,-0.00848592352122,30,-0.0022474033758,29,-0.00786703452468,30,-0.0104079032317,30,-0.0106180505827,30,-0.0104444678873,30,-0.0121043734252,29,-0.000213804654777,2020-12-11
2020-12-11,298,0.119427797557,2,11,-0.0026855210308,30,0.00318703660741,30,-0.000799342000391,30,0.0133761428297,30,0.0103422896937,29,0.000448610371677,30,0.000827135634609,30,-0.000878550636116,30,0.00621901731938,30,0.00301511934958,29,0.00570064038038,2020-12-14
2020-12-14,298,-0.185841570761,2,9,0.00566430902109,30,0.00628234539181,30,0.00720197381452,30,0.0061627109535,30,0.00300319027156,29,-0.000343622756191,30,0.00331022730097,30,-0.00199571461417,30,0.00130450329743,30,-0.00572599004954,29,-0.0113902990706,2020-12-15
2020-12-15,298,-0.0066646917921,2,10,-0.00118629529607,30,-0.00781710911542,30,0.00256231031381,30,0.00144341983832,30,-0.000684797763824,29,-0.0042538405396,30,-0.00250243139453,30,0.00343259773217,30,-0.00613851333037,30,-0.00554496888071,29,-0.00435867358465,2020-12-16
2020-12-16,299,0.0158612102022,1,0,0.0128408130258,30,0.0103138489649,30,0.0197079963982,30,0.0121644539759,30,0.0112921455875,30,0.014496775344,30,0.00807171035558,30,0.0141887962818,30,0.00982849206775,30,0.0073840986006,29,-0.00545671442524,2020-12-17
2020-12-17,300,0.0644060246636,0,23,-0.00399743299931,30,-0.00260648131371,30,-0.00603858428076,30,-0.00269931158982,30,0.0100261429325,30,0.00267933798023,30,0.00821546278894,30,-0.00273444643244,30,-0.00103609962389,30,-0.00196965527721,30,0.00202777772211,2020-12-18
2020-12-18,300,-0.17482576276,0,5,0.0273786410689,30,0.0142294708639,30,0.0155640980229,30,0.00351401371881,30,0.00711491098627,30,0.00544826174155,30,0.00904019642621,30,0.0028140663635,30,0.00116929609794,30,0.00341933569871,30,-0.0239593053702,2020-12-21
2020-12-21,300,0.142282456374,0,18,-0.0255610961467,30,-0.0221801009029,30,-0.0233021974564,30,-0.0283721815795,30,-0.0181704778224,30,-0.0354884974658,30,-0.0225786436349,30,-0.0179551504552,30,-0.0190750863403,30,-0.0127157513052,30,0.0128453448415,2020-12-22
2020-12-22,300,-0.246008948644,0,0,0.00852136034518,30,0.0204856563359,30,0.0231648739427,30,0.0162602495402,30,0.00694025773555,30,0.00225469470024,30,0.00221624574624,30,0.00301343598403,30,0.00158527691383,30,0.000856582308188,30,-0.007664778037,2020-12-23
2020-12-23,300,-0.128379860475,0,12,-0.00217655301094,30,-0.00603986391798,30,-0.000509023666382,30,-0.00504819164053,30,-0.000765192497056,30,-0.00692150602117,30,-0.00363363232464,30,-0.0165298786014,30,-0.0112989582121,30,-0.0107299173251,30,-0.00855336431414,2020-12-24
2020-12-24,300,-0.0751411097386,0,2,0.0196021366864,30,0.0166386533529,30,0.00836708769202,30,0.00998708792031,30,0.0154358185828,30,0.0136950826272,30,0.0086780404672,30,0.0046650073491,30,0.00426176982,30,0.0106894457713,30,-0.00891269091517,2020-12-25
2020-12-25,300,-0.0113875347619,0,22,0.00156183040235,30,-0.000394421804231,30,-0.00179883243982,30,-0.00281881098635,30,-0.00221403245814,30,0.00132275221404,30,-0.000866997230332,30,-0.00601170444861,30,0.00574435992166,30,-0.00358967180364,30,-0.00515150220599,2020-12-28
2020-12-28,300,0.363842764033,0,6,-0.0192535351962,30,-0.0165842976421,30,-0.00717678666115,30,-0.0142205553129,30,-0.00329386396334,30,0.0121057666838,30,0.0013387441868,30,0.00735942134634,30,0.00562971411273,30,0.013595579192,30,0.0328491143882,2020-12-29
2020-12-29,300,-0.00699487113499,0,8,0.00305450567976,30,0.00829466152936,30,0.0133785903454,30,0.0169701650739,30,0.0145989060402,30,0.012094062753,30,0.00851172208786,30,0.0100139239803,30,0.00868623889983,30,0.00265361857601,30,-0.000400887103751,2020-12-30
2020-12-30,300,-0.11799284041,0,31,0.0191414542496,30,0.027033302933,30,0.0156589727849,30,0.0233103279024,30,0.0194436851889,30,0.019538525492,30,0.0159706939012,30,0.0184178091586,30,0.0142073547468,30,0.0124388514087,30,-0.00670260284096,2020-12-31
2020-12-31,300,-0.173426247085,0,9,0.016322793439,30,0.0294125042856,30,0.0193987879902,30,0.0167573634535,30,0.00731107778847,30,0.0102020604536,30,0.015989003703,30,0.00709158973768,30,0.00486621866003,30,-0.00385245471261,30,-0.0201752481516,2021-01-04
2021-01-04,300,-0.275961923989,0,21,0.0378379672766,30,0.0168539714068,30,0.0224452558905,30,0.0231333114207,30,0.0151232536882,30,0.00676205940545,30,0.0177707914263,30,0.00350115308538,30,-0.00162956514396,30,0.00166456098668,30,-0.0361734062899,2021-01-05
2021-01-05,300,0.129917661029,0,28,0.00794207211584,30,-0.00796486530453,30,-0.0029983362183,30,0.0126581089571,30,0.00229773134924,30,0.00250594224781,30,-0.00275842938572,30,-0.00174080929719,30,0.0131223378703,30,0.0123613858595,30,0.00441931374371,2021-01-06
2021-01-06,300,-0.243231925125,0,24,0.00821604114026,30,0.0168548338115,30,0.0124718444422,30,0.0256506204605,30,0.0106416465715,30,0.0103947976604,30,0.0118205547333,30,0.00640964508057,30,-0.0103532373905,30,-0.01023924537,30,-0.0184552865103,2021-01-07
2021-01-07,300,0.296255732246,0,18,-0.00434446521103,30,-0.00380648579448,30,-0.0122726522386,30,0.000117689371109,30,-0.00261094165035,30,0.00828195456415,30,0.0166110768914,30,0.0168087445199,30,0.0126235941425,30,0.00972085632384,30,0.0140653215349,2021-01-08
2021-01-08,300,-0.0285574819378,0,12,-0.00641357712448,30,-0.0147457839921,30,-0.0151853421703,30,-0.0086612701416,30,-0.00498642912135,30,-0.011996881105,30,-0.0182894784957,30,-0.0166300609708,30,-0.0137022221461,30,-0.0133002540097,30,-0.00688667688519,2021-01-11
2021-01-11,300,-0.0501471966528,0,0,0.0168931148946,30,0.0184245333076,30,0.0289481896907,30,0.0274991579354,30,0.0289070494473,30,0.0223392378539,30,0.0159898586571,30,0.0314469374716,30,0.0140122119337,30,0.0138308368623,30,-0.0030622780323,2021-01-12
2021-01-12,300,0.0809877750249,0,34,0.0134697640315,30,-0.0020946781151,30,-0.0101674674079,30,-0.0155762592331,30,-0.00679207826033,30,-0.0128406323493,30,0.00519557995722,30,0.0138817671686,30,0.0029034097679,30,0.00466303015128,30,-0.00880673388019,2021-01-13
2021-01-13,300,0.0634049472476,0,7,-0.00819220300764,30,-0.00897743925452,30,-0.0178324356675,30,-0.0167561490089,30,-0.0102209849283,30,-0.0154777625576,30,-0.0138842863962,30,-0.010573124513,30,-0.00350097031333,30,-0.00229628081433,30,0.0058959221933,2021-01-14
2021-01-14,300,0.264703885591,0,2,-0.0163348950446,30,-0.0105766216293,30,-0.0104895690456,30,-0.0126198194921,30,-0.00781226763502,30,0.00322284107096,30,0.00406068563461,30,-0.00434268917888,30,0.00486428756267,30,0.00500908074901,30,0.0213439757936,2021-01-15
2021-01-15,300,-0.0698191746672,0,2,0.00679488992319,30,0.00732014980167,30,0.0174860097468,30,0.0172264352441,30,0.0180495884269,30,0.0187286827713,30,0.00965675711632,30,0.0075828274712,30,0.0101138297468,30,0.00495377369225,30,-0.00184111623093,2021-01-18
2021-01-18,300,0.337807674873,0,7,-0.0193008221686,30,-0.0242543704808,30,-0.0166974309832,30,-0.00976170692593,30,-0.0111198527738,30,-0.00680676521733,30,-0.017280375585,30,-0.00808444805443,30,0.00181394419633,30,0.00788736157119,30,0.0271881837398,2021-01-19
2021-01-19,300,0.0246212171718,0,0,-0.000936702883337,30,0.00599524378777,30,0.00328171043657,30,0.011795767583,30,0.00725704617798,30,0.00527080474421,30,0.00989831704646,30,0.00840301532298,30,0.0027027388569,30,0.0033989767544,30,0.00433567963773,2021-01-20
2021-01-20,300,-0.385158608551,0,6,0.0240895226598,30,0.0180876385421,30,0.0297369975597,30,0.0188704505563,30,0.0166813023388,30,0.00859355553985,30,0.00938180088997,30,0.00304999342188,30,-0.00443321047351,30,6.8630775786e-05,30,-0.024020891884,2021-01-21
2021-01-21,300,-0.253658027095,0,6,0.0119102243334,30,0.00355254812166,30,0.00473436294124,30,-0.00114947557449,30,-0.0020305335056,30,-0.00820960197598,30,-0.0169567130506,30,-0.0128577649593,30,-0.0115926144645,30,-0.0144859589636,30,-0.026396183297,2021-01-22
2021-01-22,300,-0.103035224357,0,8,-0.00319699244574,30,-0.00447836937383,30,0.021293528378,30,0.00717514334247,30,0.00365857686847,30,-0.00401835236698,30,-0.00601483974606,30,-0.00920963846147,30,-0.00821054819971,30,-0.00788964051753,30,-0.0046926480718,2021-01-25
2021-01-25,300,0.267970796532,0,10,-0.0188644621521,30,-0.0226904451847,30,-0.0275018773973,30,-0.0189622417092,30,-0.00301281409338,30,-0.00816166587174,30,-0.0214833337814,30,-0.00653363065794,30,-0.00433081388474,30,-0.00276982574724,30,0.0160946364049,2021-01-26
2021-01-26,300,0.0531541797071,0,7,0.00870094913989,30,-0.00875152181834,30,0.0058408100158,30,0.00217028846964,30,0.00563015323132,30,0.00183302955702,30,0.00828521419317,30,-0.00160957174376,30,-0.00153645279352,30,0.00241395039484,30,-0.00628699874505,2021-01-27
2021-01-27,300,0.415244406543,0,9,-0.0314414687455,30,-0.032096657902,30,-0.0282243620604,30,-0.0398547872901,30,-0.0304413530976,30,-0.0275551564991,30,-0.0183170102537,30,-0.0123926345259,30,-0.01118274685,30,-0.00690766749904,30,0.0245338012464,2021-01-28
2021-01-28,299,0.0178497814829,1,2,-0.00764673342928,30,-0.00509486999363,30,-0.00757291307673,30,-0.00313551025465,30,-0.0147366663441,30,0.00228050746955,30,-0.00120691058692,30,-0.00839829258621,30,-0.0153015218675,30,-0.00223141093738,29,0.0054153224919,2021-01-29
2021-01-29,299,-0.104848942615,1,0,0.00111447775271,30,0.0119247101247,30,0.00920701213181,30,0.0178201310337,30,0.0276584401727,30,0.0115816434845,30,0.0117271263152,30,0.00172618427314,30,-0.00198309216648,30,0.00407340191305,29,0.00295892416034,2021-02-01
2021-02-01,299,-0.0847659464606,1,14,0.00959413405508,30,0.00964557565749,30,0.012235397473,30,0.0170870516449,30,0.0187329631299,30,0.0168331135064,30,0.0149660352618,30,0.0150370299816,30,0.00578548293561,30,0.00147482648026,29,-0.00811930757482,2021-02-02
2021-02-02,299,0.041674041622,1,10,-0.00900140032172,30,-0.00686464319006,30,-0.00512969307601,30,-0.0108261164278,30,-0.00531287584454,30,-0.0119262300432,30,-0.0117594497278,30,-0.00393841648474,30,-0.00677185459062,30,-0.00760211423039,29,0.00139928609133,2021-02-03
2021-02-03,299,-0.0761728804777,1,2,-0.0111675178632,30,-0.0118008852005,30,-0.0096946740523,30,-0.00461940746754,30,-0.00382525520399,30,0.00118034088518,30,-0.0145284775645,30,-0.0173609126359,30,-0.0207405108958,30,-0.0113040227443,29,-0.000136504881084,2021-02-04
2021-02-04,298,0.254803551221,2,4,-0.00849631428719,30,-0.0158755853772,30,-0.00905027985573,30,-0.0198790542781,30,-0.00693627260625,29,-0.00269411806948,30,0.00742598157376,30,0.0158673096448,30,-0.00563163356856,30,0.0121212331578,29,0.020617547445,2021-02-05
2021-02-05,298,0.00565147563352,2,3,0.00598763814196,30,0.0108957169577,30,0.00759909767658,30,0.0140527384356,30,0.0301216877997,29,0.0196987781674,30,0.0156170781702,30,0.0185855161399,30,0.00215421919711,30,0.00386726250872,29,-0.00212037563324,2021-02-08
2021-02-08,298,-0.251717949022,2,18,0.0298391599208,30,0.0332348383963,30,0.0222850386053,30,0.0277784261853,30,0.024413112551,29,0.017692970112,30,0.0217966623604,30,0.0188827794045,30,0.0107757067308,30,0.00790472049266,29,-0.0219344394282,2021-02-09
2021-02-09,298,-0.0186154481386,2,26,0.0179698839784,30,0.0106929754838,30,0.00826002191752,30,0.0117453094572,30,0.0154242450371,29,0.0201513972133,30,0.00948500819504,30,0.0153107466176,30,0.0117761846632,30,0.00771044241264,29,-0.0102594415657,2021-02-10
2021-02-10,299,0.263297550098,1,12,-0.000165251884027,30,-0.0187932606786,30,0.00148265564349,30,-0.0037449458614,30,0.0209934338927,30,0.00967013835907,30,0.0167238786817,30,0.0147010209039,30,0.0186670310795,30,0.015195209533,29,0.015360461417,2021-02-18
2021-02-18,299,0.111841130628,1,11,0.0177557487041,30,0.00473390612751,30,-0.00202801614068,30,0.00347401504405,30,0.0055744946003,30,0.00299990968779,30,0.00189130904619,30,0.0127817010507,30,0.0230244304985,30,0.019561605528,29,0.00180585682392,2021-02-19
2021-02-19,300,-0.0854196676621,0,22,0.00156305427663,30,-0.0190046168864,30,-0.0186714269221,30,-0.00438140612096,30,-0.000387952721212,30,-0.0203587785363,30,-0.0237431097776,30,-0.0226661935449,30,-0.0257889069617,30,-0.00882423762232,30,-0.010387291899,2021-02-22
2021-02-22,300,0.139671620246,0,7,-0.0128352260217,30,-0.0113782323897,30,0.00504482211545,30,-0.0162785854191,30,-0.0126042701304,30,0.00123293802608,30,-0.00534995179623,30,-0.0040394840762,30,-0.000338753074175,30,-0.00464202743024,30,0.00819319859147,2021-02-23
2021-02-23,300,0.366264939758,0,3,-0.0287260655314,30,-0.0299191940576,30,-0.0213447939605,30,-0.033761151135,30,-0.019796486944,30,-0.0172536503524,30,-0.00970280356705,30,-0.000203913456062,30,-0.00172314245719,30,-0.00355472159572,30,0.0251713439357,2021-02-24
2021-02-24,299,0.342079125137,1,0,-0.00514698633924,30,-0.00543344207108,30,-0.00124766631052,30,-0.000960874545854,30,-0.00408630166203,30,-0.0016463160282,30,0.00598518038169,30,0.011287403293,30,0.0206635296345,30,0.0151340793818,29,0.0202810657211,2021-02-25
2021-02-25,299,0.25052305611,1,7,-0.0200961213559,30,-0.0292904637754,30,-0.024639505893,30,-0.0296493582428,30,-0.01785328798,30,-0.025436071679,30,-0.0151757812127,30,-0.0211817212403,30,-0.00774982385337,30,-0.00967362616211,29,0.0104224951938,2021-02-26
2021-02-26,299,-0.264306789978,1,4,0.0189430583268,30,0.0240511763841,30,0.0212824959308,30,0.0202423017472,30,0.0242077019066,30,0.0134670715779,30,0.0181087311357,30,0.00724520068616,30,0.00398805551231,30,0.00219919555821,29,-0.0167438627686,2021-03-01
2021-03-01,300,0.0519174462308,0,16,0.000454290711787,30,-0.00711085181683,30,-0.0222791545093,30,-0.0145467342809,30,-0.00717817153782,30,-0.0145127074793,30,-0.00862234644592,30,-0.00949795264751,30,-0.0117680467665,30,-0.00413774233311,30,-0.0045920330449,2021-03-02
2021-03-02,300,0.195254413411,0,0,-0.00622532749549,30,0.0156754981726,30,0.0155685143545,30,0.0237756837159,30,0.0201126150787,30,0.0124797048047,30,0.0178823787719,30,0.0151814837009,30,0.0150667903945,30,0.0151434894651,30,0.0213688169606,2021-03-03
2021-03-03,300,0.103669483881,0,26,-0.0138874053955,30,-0.031889654696,30,-0.0431611351669,30,-0.0303121637553,30,-0.0217526331544,30,-0.0233772117645,30,-0.0233677309006,30,-0.0263376347721,30,-0.011875580065,30,-0.0213800985366,30,-0.0074926931411,2021-03-04
2021-03-04,300,0.252102089715,0,0,-0.00573976058513,30,-0.000887233007234,30,-0.00302446889691,30,-0.0126721262932,30,0.00123230414465,30,0.00304383435287,30,0.00208746199496,30,0.0159318558872,30,0.0109365005046,30,0.0100084757432,30,0.0157482363284,2021-03-05
2021-03-05,300,0.36424820909,0,0,-0.0449303798378,30,-0.0293172821403,30,-0.0305214747787,30,-0.0437493249774,30,-0.026311904192,30,-0.0266438759863,30,-0.0213104374707,30,-0.0165790412575,30,-0.0135343018919,30,-0.00424157967791,30,0.0406888001598,2021-03-08
2021-03-08,300,0.245457222255,0,0,-0.0289361998439,30,-0.0331831648946,30,-0.0211425367743,30,-0.0306169874966,30,-0.0227469336241,30,-0.018861245364,30,-0.0196830574423,30,-0.0156810060143,30,-0.0102700190619,30,-0.00780661497265,30,0.0211295848712,2021-03-09
2021-03-09,300,-0.139657976297,0,0,0.00426064711064,30,0.00586627144367,30,0.00484219798818,30,0.00308566098101,30,0.00529633369297,30,-0.00754735292867,30,-0.01089696493,30,-0.00683453073725,30,-0.00727565865964,30,-0.00536099867895,30,-0.00962164578959,2021-03-10
2021-03-10,300,-0.281559284858,0,3,0.0254602096975,30,0.0386318750679,30,0.0243634935468,30,0.0252021905035,30,0.0202936585993,30,0.0129393478855,30,0.0256946720183,30,0.0136121930555,30,0.0180411096662,30,0.0114606656134,30,-0.0139995440841,2021-03-11
2021-03-11,300,0.0449646464649,0,24,0.00551742501557,30,0.00897799711674,30,-0.00789479818195,30,0.00534290261567,30,0.00033975840779,30,-0.00133964419365,30,0.00417570257559,30,0.00980191212147,30,-0.00088169373339,30,0.00584386382252,30,0.000326438806951,2021-03-12
2021-03-12,300,0.0998133737583,0,8,-0.0248364601284,30,-0.0201118458062,30,-0.0185613259673,30,-0.0138273676857,30,-0.0138113442808,30,-0.0168664809316,30,-0.01199979987,30,-0.0210803281516,30,-0.0217609349638,30,-0.00580308446661,30,0.0190333756618,2021-03-15
2021-03-15,300,0.0722585800989,0,2,-0.00133494136389,30,0.00433085346594,30,0.00801744498312,30,0.00562332291156,30,0.00785658601671,30,0.00837022904307,30,0.0103148398921,30,0.00707956729457,30,0.0106323305517,30,0.004980544094,30,0.00631548545789,2021-03-16
2021-03-16,300,0.00186049405773,0,5,0.00192605855409,30,0.00532441725954,30,0.00936481356621,30,0.00337279448286,30,0.00995452422649,30,0.00149695680011,30,0.00275053386576,30,0.0129823861644,30,0.0017332395073,30,-0.000484464573674,30,-0.00241052312776,2021-03-17
2021-03-17,300,-0.201788115852,0,8,0.00555730285123,30,0.0113863563165,30,0.00887466035783,30,0.0131141804159,30,0.010283889249,30,0.00458299322054,30,0.0046487073414,30,-0.0012898624409,30,-0.00319950585254,30,-0.00098493299447,30,-0.0065422358457,2021-03-18
2021-03-18,300,0.410935287292,0,4,-0.031494949013,30,-0.032070171088,30,-0.0158252604306,30,-0.0249031912535,30,-0.0149887995794,30,-0.0240349378437,30,-0.0156139992177,30,-0.0126972952858,30,-0.00832117628306,30,-0.00866121612489,30,0.0228337328881,2021-03-19
2021-03-19,300,0.180791623361,0,4,-0.0050164302811,30,0.0136682987213,30,0.0180649124086,30,0.00899344496429,30,0.0183162670583,30,0.0195517409593,30,0.00963373947889,30,0.0132382335141,30,0.0133136752993,30,0.0142544545233,30,0.0192708848044,2021-03-22
2021-03-22,300,0.156083060581,0,13,-0.00623704399914,30,-0.01393613033,30,-0.0121013922617,30,-0.00964933820069,30,-0.0200024526566,30,-0.0125099066645,30,-0.00700265774503,30,-0.0108379898593,30,-0.00125033850782,30,-0.00417696218938,30,0.00206008180976,2021-03-23
2021-03-23,300,0.126195076273,0,0,-0.00543273100629,30,-0.0216774474829,30,-0.0228418707848,30,-0.0214434452355,30,-0.0260153077543,30,-0.0192655492574,30,-0.014049182646,30,-0.0127309961244,30,-0.00687065720558,30,-0.00491754990071,30,0.000515181105584,2021-03-24
2021-03-24,300,-0.0792114191953,0,2,-0.00302187399939,30,0.00692728161812,30,0.00315374345519,30,0.00728763127699,30,-0.00155608856585,30,0.00194237625692,30,0.00125502748415,30,0.000960294390097,30,-0.0062911529094,30,-0.00220788130537,30,0.00081399269402,2021-03-25
2021-03-25,300,-0.440097870278,0,0,0.0225544217974,30,0.0350783839822,30,0.0305678844452,30,0.0250327493995,30,0.0293389260769,30,0.0153600536287,30,0.0119386259466,30,0.0103718396276,30,0.00726417684928,30,0.00362487439997,30,-0.0189295473974,2021-03-26
2021-03-26,300,0.0863723408344,0,12,-0.00401616701856,30,-0.00747262639925,30,0.000160135823535,30,0.00406701583415,30,0.00543030677363,30,0.000976161158178,30,0.00211680331267,30,0.00356349744834,30,0.00082703033695,30,0.00268104067072,30,0.00669720768929,2021-03-29
2021-03-29,300,-0.177715592328,0,5,0.00237002759241,30,0.00998787861317,30,0.00918544735759,30,0.0117782847956,30,0.0065358816646,30,0.00396937131882,30,0.00337720522657,30,0.00602776417509,30,-0.00263782334514,30,0.000702981138602,30,-0.0016670464538,2021-03-30
2021-03-30,299,0.251146714517,1,20,-0.00825852155685,30,-0.0111489333212,30,-0.0131024122238,30,-0.0085479952395,30,-0.0101282354444,30,0.000661428784952,30,0.00399209465832,30,-0.000152279928443,30,-0.000954876362812,30,0.0027950941585,29,0.0110536157154,2021-03-31
2021-03-31,299,0.00943187959148,1,8,0.00888136029243,30,0.00738519849256,30,0.00660446286201,30,0.00538712134585,30,0.0150488996878,30,0.011679190211,30,0.0140303317457,30,0.00457222666591,30,0.00871591176838,30,0.00201050774194,29,-0.00687085255049,2021-04-01
2021-04-01,300,-0.241131482484,0,8,0.0139695862308,30,0.0126928724349,30,0.0100291809067,30,0.00944757647812,30,0.00130347604863,30,0.00698749814183,30,0.00871394108981,30,0.00152214965783,30,-0.00232038507238,30,-0.00266077718697,30,-0.0166303634178,2021-04-02
2021-04-02,300,0.115655301246,0,5,-0.00400594668463,30,-0.00573163433,30,0.00198299693875,30,0.000104898215795,30,-0.00113002653234,30,0.00330324564129,30,0.00586445722729,30,0.000695075606927,30,-0.000246848649113,30,0.00185523624532,30,0.00586118292995,2021-04-06
2021-04-06,299,0.126483696843,1,3,-0.00710405688733,30,-0.000339911377523,30,0.00130694115069,30,0.00303939776495,30,-0.00131831760518,30,-0.00167028710712,30,0.00262454547919,30,0.000730323779862,30,0.00323643884622,30,0.00184643478133,29,0.00895049166866,2021-04-07
2021-04-07,299,0.0914013433629,1,18,-0.00571415014565,30,0.00347586069256,30,0.000892074895091,30,-0.00603831419721,30,0.00139639573172,30,-0.000945272040553,30,0.0022299727425,30,0.00416562939063,30,-0.000495737767778,30,-0.00164670369122,29,0.00406744645443,2021-04-08
2021-04-08,299,0.269990258277,1,0,-0.0196278616786,30,-0.014020732604,30,-0.00957171525806,30,-0.00565118016675,30,-0.0120692010969,30,-0.00864464603364,30,-0.00950858555734,30,-0.0114763798192,30,-0.00748049421236,30,-0.0022810944356,29,0.017346767243,2021-04-09
2021-04-09,299,0.172551921852,1,7,-0.0248091220856,30,-0.0174805056304,30,-0.0242952164263,30,-0.022268962115,30,-0.0184753425419,30,-0.0177994389087,30,-0.0171211194247,30,-0.013597114943,30,-0.0144108058885,30,-0.0077668200247,29,0.0170423020609,2021-04-12
2021-04-12,299,-0.0652697301648,1,6,-0.0093304021284,30,-0.00485771894455,30,0.000687837600708,30,-0.00211555766873,30,0.000902756059077,30,-0.0028105059173,30,0.00330193247646,30,-0.00502701383084,30,-0.00499534606934,30,-0.0109520386904,29,-0.00162163656205,2021-04-13
2021-04-13,299,-0.199400585259,1,4,0.00786133576185,30,0.0200273226947,30,0.00982124172151,30,0.00931059941649,30,0.0127033805475,30,0.0126087628305,30,0.00708538107574,30,0.0060072382912,30,0.00177235004958,30,0.00336398743093,29,-0.00449734833091,2021-04-14
2021-04-14,299,-0.0986377462995,1,9,-0.00797933898866,30,-0.00182423391379,30,0.00423597311601,30,-0.00386323127896,30,-0.00768640823662,30,-0.00163692038041,30,-0.00485480250791,30,-0.00599873485044,30,-0.0105626797304,30,-0.00431866478175,29,0.00366067420691,2021-04-15
2021-04-15,299,0.329585128888,1,6,-0.00730548705906,30,-0.00050698913401,30,0.0041231890209,30,0.00538431620225,30,0.00538185238838,30,0.00947717018425,30,0.0104582309723,30,0.0121505660936,30,0.0112258316949,30,0.00848312210292,29,0.015788609162,2021-04-16
2021-04-16,299,-0.0237437028719,1,11,0.0173469781876,30,0.025282682851,30,0.0198308136314,30,0.030992442742,30,0.0223969779909,30,0.0233787484467,30,0.0222821235657,30,0.0173593237996,30,0.0207652784884,30,0.0115294950083,29,-0.00581748317927,2021-04-19
2021-04-19,299,0.0432276254393,1,17,-0.00660003023222,30,-0.000430852174759,30,-0.00128103897441,30,-0.000991471577436,30,-0.00211130781099,30,-0.00361499399878,30,-0.00055654841708,30,-0.00331114721484,30,-0.0061736702919,30,-0.00157323584426,29,0.00502679438796,2021-04-20
2021-04-20,299,-0.0660744221081,1,3,-0.00224319496192,30,0.0127727668732,30,-0.00653732009232,30,0.00418478855863,30,-0.00261411070824,30,0.000556906044949,30,0.000835937273223,30,-0.00151325657498,30,-0.00502742314711,30,-0.00367062259465,29,-0.00142742763273,2021-04-21
2021-04-21,300,0.00665514216378,0,3,-0.00511471834034,30,0.00338279013522,30,0.00193057453725,30,0.00412919325754,30,0.00301222014241,30,-0.000661335361656,30,0.00677884416655,30,-0.00107976002619,30,-0.00205016927794,30,-0.00421161064878,30,0.000903107691556,2021-04-22
2021-04-22,300,-0.116069087267,0,2,0.000513786100782,30,0.00241538882256,30,0.00218468299136,30,0.00322789163329,30,0.00516895251349,30,0.00546262273565,30,-0.00114029052202,30,-0.00105062918738,30,-0.00355395465158,30,-0.00407607574016,30,-0.00458986184094,2021-04-23
2021-04-23,300,0.00249937804447,0,3,-0.00270936684683,30,-0.0106870969757,30,-0.0109913526103,30,-0.00832426734269,30,-0.00668455567211,30,-0.00790427904576,30,-0.00604193797335,30,-0.0134457927197,30,-0.00932944659144,30,-0.0109814302996,30,-0.00827206345275,2021-04-26
2021-04-26,300,-0.0705694427561,0,0,-0.00489331269637,30,0.00492199650034,30,0.00565483188257,30,-0.0054487446323,30,0.00432441243902,30,-0.00749800587073,30,-0.0070238430053,30,-0.00842307787389,30,-0.00245930557139,30,-0.00468791322783,30,0.000205399468541,2021-04-27
2021-04-27,300,-0.124694310461,0,5,0.00564828328788,30,0.0126535790041,30,0.00666670780629,30,0.0150144454092,30,0.00258825626224,30,0.0102728325874,30,0.0107759572566,30,0.00583057617769,30,0.00136013433803,30,0.000873076904099,30,-0.00477520638378,2021-04-28
2021-04-28,300,0.189372903917,0,25,0.00647012004629,30,0.000669711851515,30,-0.00136290991213,30,0.0024802624248,30,0.00805713888258,30,0.00528182974085,30,0.0106083536521,30,0.0101232612506,30,0.0133229671046,30,0.0110290590674,30,0.00455893902108,2021-04-29
2021-04-29,300,0.0694296367131,0,10,-0.0235985610634,30,0.00371250510216,30,-0.0123470779508,30,-0.006074055098,30,-0.0130210798234,30,-0.00870157312602,30,-0.0119463605806,30,-0.0111134909093,30,-0.00849376898259,30,-0.00921210460365,30,0.0143864564598,2021-04-30
2021-04-30,300,0.190943128802,0,2,-0.017327895388,30,-0.00243181595579,30,-0.00813476089388,30,-0.00850550737232,30,-0.0128883020952,30,-0.0102505823597,30,-0.0037373364903,30,-0.00480185169727,30,0.000145067766425,30,0.00344461994246,30,0.0207725153305,2021-05-06
2021-05-06,300,0.0640246023103,0,4,-0.00705276150256,30,-0.00189189915545,30,-0.0108892917633,30,-0.0162079073489,30,-0.0107956528664,30,-0.0142880622298,30,-0.0274663902819,30,-0.0122367599979,30,-0.00272514228709,30,0.00217606616206,30,0.00922882766463,2021-05-07
2021-05-07,300,-0.222570128869,0,5,0.0123936152086,30,0.0115777337924,30,0.0118946274742,30,-0.00211817631498,30,0.00072194339009,30,-0.00872322078794,30,-0.0146745797247,30,-0.00628976803273,30,-0.00426702480763,30,-0.00645107449964,30,-0.0188446897082,2021-05-10
2021-05-10,300,0.236639167939,0,21,-0.00430575199425,30,-0.0031732856296,30,0.00412609195337,30,0.00101443729363,30,0.00955076795071,30,0.00114249193575,30,0.0129815759137,30,0.01555459667,30,0.00524525856599,30,0.00844748225063,30,0.0127532342449,2021-05-11
2021-05-11,299,0.0119961382571,1,18,-8.11278805486e-05,30,0.00590085377917,30,0.00525200553238,30,0.0121213356033,30,0.00106391508598,30,0.00492423959076,30,0.00023306410003,30,0.00768298096955,30,0.00503891287372,30,0.00166379788425,29,0.0017449257648,2021-05-12
2021-05-12,299,0.0302500975185,1,11,-0.00709971599281,30,-0.00594979338348,30,-0.0135819353163,30,-0.00623574433848,30,-0.00681145396084,30,-0.00743643660098,30,-0.00948061514646,30,-0.0101793650538,30,-0.0065390127711,30,-0.00541925616562,29,0.00168045982718,2021-05-13
2021-05-13,300,0.131068340893,0,7,0.0143746156245,30,0.0195863042027,30,0.030258545652,30,0.0192895475775,30,0.0222917534411,30,0.0174446906894,30,0.0230391379446,30,0.0259339045733,30,0.0307586882263,30,0.0221141595393,30,0.00773954391479,2021-05-14
2021-05-14,300,0.171778816882,0,29,9.28004592424e-05,30,0.00933987088501,30,0.00500076403841,30,0.00483614392579,30,0.00772715825588,30,0.0161656904966,30,0.0113987764344,30,0.0203304551542,30,0.0104561643675,30,0.0124689778313,30,0.0123761773721,2021-05-17
2021-05-17,300,0.0652402156829,0,4,0.00354788498953,30,0.00571759557351,30,0.00154196820222,30,-0.00297012133524,30,0.00704714469612,30,-0.00161104602739,30,-0.00127223727759,30,0.00150108337402,30,0.00482402043417,30,0.000485519558424,30,-0.00306236543111,2021-05-18
2021-05-18,300,-0.0642959089639,0,8,-0.000706066668499,30,-0.00565201230347,30,0.00125984952319,30,-0.00122669734992,30,0.00417955918238,30,-0.00493919430301,30,0.000584510969929,30,-0.00813664030284,30,-0.00676625361666,30,-0.00651595788077,30,-0.00580989121227,2021-05-19
2021-05-19,300,0.14357482699,0,6,-0.000714890134986,30,-0.000940877187531,30,-0.00608707871288,30,-0.0058574299328,30,0.00186984543689,30,0.00931297708303,30,0.00548817496747,30,0.00660276832059,30,0.00290801329538,30,-0.00122539396398,30,-0.000510503828991,2021-05-20
2021-05-20,300,0.149099067667,0,7,-0.0105502903461,30,-0.0125281913206,30,-0.0119410632178,30,-0.0123525261879,30,-0.0044948477298,30,-0.00954467058182,30,-0.00140506029129,30,-0.0121564781293,30,-0.0138788362965,30,-0.00165728922002,30,0.00889300112613,2021-05-21
2021-05-21,300,-0.0271938557897,0,0,-0.00543914828449,30,0.00606699381024,30,0.0129270637408,30,0.00331892375834,30,0.00951399188489,30,0.00857863202691,30,0.00452107610181,30,0.00697844242677,30,0.00181768531911,30,0.00159036123659,30,0.00702950952109,2021-05-24
2021-05-24,300,-0.13077067526,0,9,0.0206060539931,30,0.0349946431816,30,0.0239986665547,30,0.0271240267903,30,0.0266597848386,30,0.0227179024369,30,0.0230111945421,30,0.0170821156353,30,0.0218845885247,30,0.0129895927384,30,-0.00761646125466,2021-05-25
2021-05-25,300,0.089483601186,0,26,0.00333433947526,30,-0.000235700601479,30,-0.000816335261334,30,0.0031733114738,30,0.00255780806765,30,-0.00455310335383,30,0.00146913924254,30,0.00474676303566,30,-3.07838126901e-05,30,0.00961926020682,30,0.00628492073156,2021-05-26
2021-05-26,300,0.123098214692,0,10,0.00357331824489,30,0.0117195146158,30,0.00378635525703,30,0.00294758286327,30,0.00773992948234,30,0.00408132886514,30,0.00826259888709,30,0.00921395048499,30,0.0094407973811,30,0.00430258922279,30,0.000729270977899,2021-05-27
2021-05-27,300,0.270479537152,0,32,-0.0157660562545,30,-0.0160840041935,30,0.00153467257041,30,-0.00205065007322,30,-0.00589377107099,30,-0.00642226124182,30,-0.00659935874864,30,0.00163726613391,30,0.00118964910507,30,-0.00078096985817,30,0.0149850863963,2021-05-28
2021-05-28,300,-0.159091469707,0,4,0.00921180285513,30,0.0105781117454,30,0.000229187804507,30,0.00589732732624,30,0.00692528299987,30,0.00263703078963,30,-0.00178986391984,30,-0.000638411438558,30,-0.00129121344071,30,-0.00279063195921,30,-0.0120024348143,2021-05-31
2021-05-31,300,0.0747942191589,0,19,-0.00151087646373,30,0.00040415127296,30,0.00344591541216,30,-0.00149948790204,30,0.000357917946531,30,0.00853788852692,30,0.00407181400806,30,0.00580677390099,30,-0.000651371490676,30,-0.001171036507,30,0.000339839956723,2021-06-01
2021-06-01,300,0.14269645755,0,5,-0.00735936779529,30,-0.0107564115897,30,-0.0140214618295,30,-0.00829821452498,30,-0.0130324922502,30,-0.0136561971158,30,-0.0130402566865,30,-0.00989770051092,30,-0.00575662078336,30,-0.00186960096471,30,0.00548976683058,2021-06-02
2021-06-02,300,0.268858592853,0,8,-0.00859681610018,30,-0.0145760616288,30,-0.00413886923343,30,-0.00831796135753,30,-0.00204857182689,30,-0.00487369298935,30,-0.00211038184352,30,-0.00225955247879,30,-0.00144700810779,30,0.00248705153354,30,0.0110838676337,2021-06-03
2021-06-03,300,-0.0369330965577,0,0,-0.00161116721574,30,-0.0002574264945,30,0.00992013793439,30,0.00723763089627,30,0.00557604013011,30,0.00735334772617,30,0.00600723037496,30,0.00793455448002,30,0.000520765781403,30,0.000414516514866,30,0.00202568373061,2021-06-04
2021-06-04,300,-0.0824527200175,0,0,-0.000406537466915,30,0.0112927258015,30,0.00954849924892,30,0.00512352772057,30,-0.000799882400315,30,-0.00169622106478,30,0.0023928345181,30,-6.97016730555e-05,30,0.00141711637843,30,-0.00260751438327,30,-0.00220097691636,2021-06-07
2021-06-07,300,0.30409419387,0,6,-0.010111335665,30,-0.0152202583849,30,-0.00980689935386,30,-0.00448620924726,30,-0.00626209378242,30,-0.00564185390249,30,0.000821816909593,30,0.00092015665723,30,0.00298232235946,30,0.00191158452071,30,0.0120229201857,2021-06-08
2021-06-08,300,0.0297980210058,0,12,-0.00397206144407,30,0.000392997259041,30,-0.0014328956604,30,-0.00106208131183,30,0.00201646285132,30,0.00124607875478,30,-0.00164117221721,30,-0.00321981706657,30,-0.0032867253758,30,-0.000986113096587,30,0.00298594834749,2021-06-09
2021-06-09,299,-0.191484270755,1,4,0.0088330861181,30,0.0189010780305,30,0.00881735701114,30,0.000586024892982,30,0.00210182461888,30,-3.62912796845e-05,30,-0.00417212257162,30,-0.00190762872808,30,0.00437353458256,30,-0.00336487125605,29,-0.0121979573742,2021-06-10
2021-06-10,299,0.151897541347,1,4,-0.0139741683379,30,-0.00716711068526,30,-0.00755337672308,30,-0.0153503892943,30,-0.00996009726077,30,-0.014392751269,30,-0.0118456305936,30,-0.0125396847725,30,-0.00570774264634,30,-0.00160856498405,29,0.0123656033538,2021-06-11
2021-06-11,299,-0.0394433700194,1,3,-0.0156509242952,30,-0.0105894487351,30,-0.00645104655996,30,-0.0105257611722,30,-0.00472743529826,30,-0.017200384289,30,-0.0176609437913,30,-0.0120717780665,30,-0.0161269474775,30,-0.0156880281866,29,-3.71038913727e-05,2021-06-15
2021-06-15,297,0.463304458633,3,0,-0.0295708104968,30,-0.0175875201821,30,-0.0165572930127,30,-0.013009512797,29,-0.0174969825894,30,-0.0101688625291,30,-0.00650901021436,29,0.000187478464795,30,0.00220715999603,30,0.0036347056739,29,0.0332055161707,2021-06-16
2021-06-16,297,-0.0900688409774,3,0,0.00165349442977,30,0.00362839899026,30,0.0163285452873,30,0.00948037113994,29,0.0121217286214,30,0.0089928470552,30,0.00467484584078,29,-0.000629868125543,30,-0.00105254654773,30,-0.00306766619906,29,-0.00472116062883,2021-06-17
2021-06-17,297,-0.208262238386,3,5,0.0170572008938,30,0.00354137807153,30,0.00577671127394,30,0.00681790802628,29,-0.000288333481876,30,0.00355085521005,30,-5.57837811357e-05,29,-0.00360556435771,30,-0.00663866801187,30,-0.00437247334048,29,-0.0214296742342,2021-06-18
2021-06-18,297,-0.0114769961963,3,12,-0.00158076488879,30,0.00177178182639,30,0.00487687764689,30,0.01016653236,29,-0.00117852096446,30,-0.00468089757487,30,-0.00199753651395,29,0.00112559797708,30,0.000990358996205,30,-0.0071981837973,29,-0.00561741890851,2021-06-21
2021-06-21,297,0.0522170397483,3,10,-0.00188592472114,30,0.0098038809374,30,0.00294778146781,30,0.00327848969027,29,0.00973975658417,30,0.00715482840315,30,0.010730179958,29,0.00707638869062,30,0.00615258002654,30,0.00107781635597,29,0.00296374107711,2021-06-22
2021-06-22,297,0.050945537398,3,5,-0.00515537476167,30,0.0103988330811,30,0.00573522644117,30,0.0199639257044,29,0.0121165569872,30,0.0138325933367,30,0.00545362336561,29,0.0157560054213,30,0.00640080776066,30,-0.000786016753409,29,0.00436935800826,2021-06-23
2021-06-23,298,0.126222440741,2,10,0.00502058072016,30,-0.00166360533331,30,-0.00452346587554,30,0.00313986535184,30,-0.00036621504114,29,-0.000326444715029,30,0.00151158566587,30,-0.00341378059238,30,0.00278842658736,30,0.0065005463548,29,0.00147996563464,2021-06-24
2021-06-24,298,-0.00220535777446,2,12,0.0156081058085,30,0.0120429154485,30,0.0118743535131,30,0.0177979040891,30,0.013329423964,29,0.0201610345393,30,0.0128722274676,30,0.0143030304462,30,0.00729701900855,30,0.00972656719387,29,-0.00588153861463,2021-06-25
2021-06-25,299,-0.14327092799,1,14,0.00910364370793,30,0.00559209380299,30,0.00676479749382,30,0.000969849003013,30,0.000533396028914,30,-0.00130585231818,30,0.00412817811593,30,0.0020076869987,30,-0.00114081497304,30,-0.00166231603362,29,-0.0107659597415,2021-06-28
2021-06-28,299,0.252020121879,1,4,-0.0205620173365,30,-0.0120218712837,30,-0.0108904046938,30,-0.00817280448973,30,-0.0134322522208,30,-0.013641923666,30,-0.00892829708755,30,-0.00930616445839,30,-0.00987133011222,30,-0.00528208957985,29,0.0152799277566,2021-06-29
2021-06-29,299,-0.0181003385057,1,0,0.0106410840526,30,0.00445532612503,30,0.011397681199,30,0.00358452787623,30,0.00892961863428,30,0.00550699420273,30,0.00319992704317,30,0.0028438330628,30,0.00631566857919,30,0.00323628354818,29,-0.00740480050445,2021-06-30
2021-06-30,299,0.265918394158,1,6,-0.0158036015928,30,-0.0101591665298,30,-0.015366868116,30,-0.00861925724894,30,-0.00954208988696,30,-0.00946207996458,30,0.00701117701828,30,-0.00126652116887,30,-0.00075165234739,30,0.0058924574405,29,0.0216960590333,2021-07-01
2021-07-01,299,0.344482124861,1,7,-0.03172910586,30,-0.0305685866624,30,-0.0231462717056,30,-0.02286144346,30,-0.0214257556945,30,-0.0211772974581,30,-0.0157699342817,30,-0.0203717071563,30,-0.0101848067716,30,-0.00743267452344,29,0.0242964313366,2021-07-02
2021-07-02,299,-0.190331238911,1,0,0.0226066876203,30,0.0150120798498,30,0.00665907049552,30,0.011375409551,30,-0.00049751001643,30,-0.00790260825306,30,-0.00460133934394,30,-0.00353765091859,30,-0.00257516512647,30,-0.00123777065892,29,-0.0238444582792,2021-07-05
2021-07-05,299,0.0397616402797,1,12,0.00567209115252,30,0.00641632266343,30,-0.00172881479375,30,-0.00800415687263,30,-0.00550408754498,30,-0.0064098299481,30,0.0020159939304,30,0.00358013506047,30,0.00477665662766,30,0.0014455729397,29,-0.00422651821282,2021-07-06
2021-07-06,300,0.109311109263,0,13,0.00300284218974,30,0.0102745611221,30,0.00381055474281,30,0.0129915615544,30,0.0113934958354,30,0.0143730537966,30,0.020328361541,30,0.0129013694823,30,0.00912928394973,30,0.00749234575778,30,0.00448950356804,2021-07-07
2021-07-07,300,-0.254131536781,0,11,0.0167658720165,30,0.00551651325077,30,-0.00782559346408,30,0.000201990202186,30,-0.00543107371777,30,-0.013589354232,30,-0.00922111514956,30,-0.0186908170581,30,-0.0164276845753,30,-0.00609524454921,30,-0.0228611165658,2021-07-08
2021-07-08,300,0.20319935575,0,5,-0.0144213298336,30,0.00116780400276,30,-0.0032101769466,30,-0.000836567080114,30,0.000375791394617,30,0.00451050978154,30,0.000380182260415,30,-0.000240647786995,30,0.00406365189701,30,-0.00107247626875,30,0.0133488535648,2021-07-09
2021-07-09,300,-0.223245443013,0,6,0.0173022225499,30,0.0147132398561,30,0.0262896697968,30,0.0114706298336,30,0.0129736103117,30,0.00799156632274,30,0.0103935878724,30,0.00487786950544,30,0.00292922649533,30,-0.00189614295959,30,-0.0191983655095,2021-07-12
2021-07-12,300,0.0945050910801,0,9,-0.00166984798852,30,0.0069268187508,30,-0.00687307538465,30,-0.00160242116544,30,0.00108678138349,30,-0.0021513660904,30,0.0105349523947,30,0.00693027954549,30,0.0047575077042,30,0.00264317402616,30,0.00431302201468,2021-07-13
2021-07-13,300,0.0917166082568,0,13,-0.0089937960729,30,-0.0192871131003,30,-0.0129907345399,30,-0.0122717022896,30,-0.00491122202948,30,-0.00635810708627,30,-0.00481975870207,30,-0.013189766556,30,-0.00607334170491,30,-0.00828964542598,30,0.000704150646925,2021-07-14
2021-07-14,300,-0.134830476892,0,2,0.00978235434741,30,0.0171794462949,30,0.0167849063873,30,0.00163097574841,30,0.00540075125173,30,0.00349054345861,30,0.00485094590113,30,-0.000799500965513,30,0.00258137774654,30,0.00479967007414,30,-0.00498268427327,2021-07-15
2021-07-15,300,0.157058539281,0,8,-0.012846599333,30,-0.0137266004458,30,-0.00783671904355,30,-0.00803169421852,30,0.00290003814735,30,0.00250151753426,30,-0.00419108290225,30,-0.0109887300059,30,-0.00729031348601,30,0.000892780197319,30,0.0137393795303,2021-07-16
2021-07-16,300,-0.0492345840133,0,3,0.00216202344745,30,9.16719436646e-05,30,-0.00103999779094,30,0.00219135079533,30,0.00347130303271,30,0.00212894077413,30,-0.00306015601382,30,-0.00237022642978,30,-0.00377712654881,30,-0.00494050001726,30,-0.00710252346471,2021-07-19
2021-07-19,300,0.10263283485,0,9,-0.00280258269049,30,-0.00562468962744,30,-0.000637783610728,30,0.00834396481514,30,0.00379603705369,30,0.00123507971875,30,-0.00123798451386,30,-0.0045053679496,30,0.00172903342173,30,0.000362769758794,30,0.00316535244929,2021-07-20
2021-07-20,300,-0.180356160491,0,10,0.0103180585429,30,0.0199351031333,30,0.0107437456027,30,0.0153291439638,30,0.00664725713432,30,0.00741555867717,30,-0.00174450874329,30,0.00431134877726,30,-0.00371223688126,30,-0.000464524811832,30,-0.0107825833547,2021-07-21
2021-07-21,300,0.0700823846438,0,9,0.00554392719641,30,0.00432743038982,30,0.00496210856363,30,-0.00168682530057,30,0.00071820023004,30,0.00875211320817,30,-0.00192724063527,30,0.00717625208199,30,0.00674322061241,30,0.00582694401965,30,0.000283016823232,2021-07-22
2021-07-22,300,-0.103586276263,0,10,-0.00173123879358,30,0.00302765960805,30,-0.00685061793774,30,-0.00192467367742,30,-0.0161547642201,30,-0.0139060374349,30,-0.0232261512429,30,-0.0156267881393,30,-0.00560125289485,30,-0.00448693847284,30,-0.00275569967926,2021-07-23
2021-07-23,300,0.038956894613,0,3,-0.0138525860384,30,-0.0197110660374,30,-0.0287466291338,30,-0.0420354679227,30,-0.0307912807912,30,-0.0287890117615,30,-0.0286295153201,30,-0.0260882880539,30,-0.0230060387403,30,-0.0190807525069,30,-0.00522816646844,2021-07-26
2021-07-26,299,0.200302372596,1,0,-0.0335065089166,30,-0.0228827986866,30,-0.037475720048,30,-0.0261120796204,30,-0.0289592966437,30,-0.0425445400178,30,-0.0242407228798,30,-0.0222554728389,30,-0.0203531850129,30,-0.0128976823762,29,0.0206088265404,2021-07-27
2021-07-27,299,-0.000253643516164,1,2,-0.00348312058486,30,0.00013773838873,30,-0.00863068085164,30,-0.020384375006,30,-0.00560912489891,30,-0.0144255217165,30,0.00309124588966,30,-0.0138938045129,30,-0.0101634878665,30,-0.00476784119383,29,-0.00128472060896,2021-07-28
2021-07-28,299,-0.215617343998,1,6,0.0227026920766,30,0.0233927499503,30,0.00958093814552,30,0.0387632623315,30,0.0363593883812,30,0.0313269682229,30,0.0106657110155,30,0.0102501315996,30,0.00148270127829,30,0.000290478084935,29,-0.0224122139916,2021-07-29
2021-07-29,299,-0.0720785494722,1,13,0.0171058941633,30,0.000353954237653,30,0.00267106899992,30,-0.000842225563247,30,-0.0101141966879,30,0.00273834657855,30,-0.0179090499878,30,-0.00272746477276,30,0.000681787729263,30,-0.00194096565247,29,-0.0190468598157,2021-07-30
2021-07-30,299,0.0788621897615,1,14,0.0170545633882,30,0.00982431974262,30,0.0203810278326,30,0.0196712501347,30,0.0344282649457,30,0.0451754964888,30,0.0383600927889,30,0.0237053129822,30,0.0269968528301,30,0.0164319593459,29,-0.000622604042292,2021-08-02
2021-08-02,299,-0.152787562101,1,17,0.010743027553,30,0.00872908625752,30,0.0084379632026,30,-0.00804419349879,30,0.00206033186987,30,-0.0119231129065,30,-0.0118931215256,30,-0.00683472771198,30,-0.00721748871729,30,0.000362698367098,29,-0.0103803291859,2021-08-03
2021-08-03,299,0.0862627725502,1,7,-0.00926734972745,30,-0.00159811973572,30,0.00861523952335,30,0.0238865837455,30,0.0216393638402,30,0.0168598014861,30,0.0116881988943,30,-0.00127673742827,30,0.000984903192148,30,-0.00399618316442,29,0.00527116656303,2021-08-04
2021-08-04,300,0.160866104671,0,11,-0.00813831482083,30,-0.00890699401498,30,-0.0014311313862,30,-0.0111371334642,30,-0.010633373633,30,-0.015657717362,30,-0.00974002480507,30,-0.00240099639632,30,-0.00559369521216,30,0.000503144634422,30,0.00864145945525,2021-08-05
2021-08-05,300,0.0814166510376,0,2,-0.0083863735199,30,-0.0054585118778,30,-0.00318344030529,30,-0.00322023639455,30,-0.00225672917441,30,-0.00636076927185,30,-0.00785534735769,30,-0.0033161600586,30,-0.00441070180386,30,-0.00265800161287,30,0.00572837190703,2021-08-06
2021-08-06,300,0.137610385249,0,7,0.0198450181633,30,0.0104738138616,30,0.00853934511542,30,0.00396596174687,30,0.0220948718488,30,0.0226249638945,30,0.0240687858313,30,0.0213694237173,30,0.0227290522307,30,0.0150789218023,30,-0.00476609636098,2021-08-09
2021-08-09,300,0.0308543075738,0,8,0.0196503903717,30,0.00269625592045,30,0.00245366501622,30,-1.31169954329e-05,30,0.00938697811216,30,0.021740142256,30,0.00973219238222,30,0.0193260405213,30,0.00746181607246,30,0.00285190343857,30,-0.0167984869331,2021-08-10
2021-08-10,300,0.241680694767,0,14,-0.00804567523301,30,-0.0108021851629,30,-0.0105920471251,30,-0.0033412873745,30,0.00100461242255,30,-0.00551421241835,30,-0.00171027181204,30,0.000275790691376,30,0.00145797326695,30,0.00827288813889,30,0.0163185633719,2021-08-11
2021-08-11,300,0.051943818107,0,3,0.00369768938981,30,-0.000854013371281,30,-0.00849645491689,30,-0.00757195148617,30,-0.0104785803705,30,-0.00134516356047,30,-0.00564510421827,30,-0.00302586355247,30,-0.00396884884685,30,-0.0016688167816,30,-0.00536650617141,2021-08-12
2021-08-12,300,0.193347621876,0,5,-0.0104627050459,30,-0.0111364582554,30,-0.00629608612508,30,-0.00915317703038,30,-0.00415972666815,30,-0.00685685686767,30,-0.00511617446318,30,-2.8334061426e-05,30,-0.00243175821379,30,-0.00198155036196,30,0.00848115468398,2021-08-13
2021-08-13,300,0.169378566733,0,3,-0.000855735910591,30,-0.00193042948376,30,-0.00189157528803,30,0.000437752401922,30,-0.00336591014639,30,0.00650955038145,30,0.00649975147098,30,0.00670470809564,30,0.0075269183144,30,0.00754785118625,30,0.00840358709684,2021-08-16
2021-08-16,300,0.211353417754,0,5,-0.0290789548308,30,-0.0210846476257,30,-0.0125400638208,30,-0.0186743661761,30,-0.0184047780931,30,-0.0195709299296,30,-0.0136534096673,30,-0.0182486455888,30,-0.0108575578779,30,-0.00879319477826,30,0.0202857600525,2021-08-17
2021-08-17,300,0.256942661245,0,0,0.00888844300061,30,0.00530837196857,30,0.00913112331182,30,0.0045520067215,30,0.00238912296481,30,0.023060798645,30,0.017974132672,30,0.0214258246124,30,0.0298716239631,30,0.0155808590353,30,0.00669241603464,2021-08-18
2021-08-18,300,0.223758753836,0,24,-0.0102962711826,30,-0.00269792485051,30,-0.0176424123347,30,-0.00917069148272,30,-0.0112923504785,30,-0.00661732535809,30,0.000731021165848,30,0.0153592228889,30,-0.00395612698048,30,-0.00307349767536,30,0.00722277350724,2021-08-19
2021-08-19,300,0.133007841926,0,4,-0.00755609665066,30,-0.00504803657532,30,-0.0187383759767,30,-0.0261673461646,30,-0.0176585372537,30,-0.0258296765387,30,-0.00819015130401,30,-0.0110328877345,30,-0.00756647763774,30,-0.000611180090345,30,0.00694491656031,2021-08-20
2021-08-20,300,-0.0864163825723,0,9,0.00788329448551,30,0.0153781352565,30,0.0242254622281,30,0.0261445716023,30,0.0127074178308,30,0.0180841814727,30,0.0105374213308,30,0.0182589013129,30,0.00627271318808,30,0.00433695921674,30,-0.00354633526877,2021-08-23
2021-08-23,300,0.0696556364315,0,6,-0.000298762315651,30,0.014043607749,30,0.00204320740886,30,0.00770368566737,30,0.00895899347961,30,0.00872078351676,30,0.0105133550242,30,0.00797286257148,30,0.0102950911969,30,0.00326627097093,30,0.00356503328658,2021-08-24
2021-08-24,300,0.0900991974888,0,4,0.00123931968119,30,0.00162197754253,30,0.00583725562319,30,-0.0105310734361,30,0.00797833595425,30,0.00818717479706,30,0.0124827707186,30,-0.00611918373033,30,0.00186805729754,30,0.00506794452667,30,0.00382862484548,2021-08-25
2021-08-25,300,0.0807056029035,0,11,-0.000621660554316,30,-0.0302987620234,30,-0.0164336487651,30,-0.0208523310721,30,-0.0189032070339,30,-0.0182740371674,30,-0.0151221752167,30,-0.0157523825765,30,-0.0169299822301,30,-0.0061098812148,30,-0.00548822066048,2021-08-26
2021-08-26,300,-0.0203088202076,0,0,0.00294041633606,30,0.0109163960442,30,-0.000383367150789,30,-0.0027132788673,30,-0.00179929926526,30,-0.00440680980682,30,0.0018938878784,30,-0.00411446299404,30,-0.0083943605423,30,0.00531463837251,30,0.00237422203645,2021-08-27
2021-08-27,300,-0.121607260749,0,11,0.00863360334188,30,-0.00820154789835,30,0.00697332434356,30,0.00634640268981,30,-0.00542105641216,30,-0.00323077430949,30,-0.0139279011637,30,-0.0191417858005,30,-0.00199389457703,30,-0.00124494428746,30,-0.00987854762934,2021-08-30
2021-08-30,300,0.199194432809,0,5,-0.00632960395887,30,0.000834828591906,30,-0.00451056938618,30,0.00541277928278,30,0.00642742309719,30,0.00452357344329,30,0.0138520216569,30,0.00395738286898,30,0.0106855574995,30,0.0134045640007,30,0.0197341679595,2021-08-31
2021-08-31,300,0.0314067048667,0,38,0.0170532073826,30,0.00916944723576,30,0.00704127550125,30,0.0293907951564,30,0.022045802325,30,0.0142092723399,30,0.00531530985609,30,0.0170434080064,30,0.0204032473266,30,0.0218494106084,30,0.00479620322585,2021-09-01
2021-09-01,300,0.199752330579,0,17,0.0083686215803,30,-0.00611849222332,30,-0.00182827317622,30,-0.010049642995,30,-0.0120502430946,30,0.00276794424281,30,0.00128812191542,30,0.0109880464152,30,0.0166456140578,30,0.0108834523708,30,0.00251483079046,2021-09-02
2021-09-02,300,0.335527501682,0,12,-0.0170835014433,30,-0.020358979702,30,-0.00966620072722,30,0.00298880343325,30,-0.000887495290954,30,-0.00387148861773,30,2.90830921585e-05,30,0.00493966136128,30,0.0107320649549,30,0.00623614806682,30,0.0233196495101,2021-09-03
2021-09-03,300,-0.154530282293,0,5,0.023621590808,30,0.0185348130763,30,0.0319148376584,30,0.0221116915345,30,0.0161725711077,30,0.0209205504507,30,0.0133081376553,30,0.0168809480965,30,0.0189900659025,30,0.0100256185979,30,-0.0135959722102,2021-09-06
2021-09-06,300,0.0846354328714,0,5,0.00730701675639,30,0.00893644895405,30,0.0135930916294,30,0.0111964307725,30,0.0104357460514,30,0.00988548994064,30,0.0178498737514,30,0.0127089126036,30,0.0133245484903,30,0.00877500977367,30,0.00146799301729,2021-09-07
2021-09-07,300,0.167219394078,0,10,-0.00495752505958,30,-0.00632533850148,30,0.00606098771095,30,0.00407379260287,30,-0.00230452814139,30,-0.000826954841614,30,-0.00493876729161,30,-0.000338109326549,30,0.018953692168,30,0.00320123042911,30,0.00815875548869,2021-09-08
2021-09-08,300,0.0681795555119,0,5,-0.00354888825677,30,0.00459346966818,30,0.00447330856696,30,8.26875402709e-05,30,0.000181752446224,30,0.00664962735027,30,0.00302617345005,30,-0.000898776459508,30,0.000175543624209,30,0.000229857367231,30,0.003778745624,2021-09-09
2021-09-09,300,0.0807129406065,0,8,-0.00738661084324,30,0.00101032457314,30,0.000914633274078,30,0.00550769548863,30,0.00506428489462,30,-0.00132540264167,30,0.00501623330638,30,0.00604055123404,30,0.00421716179699,30,0.00158340728376,30,0.008970018127,2021-09-10
2021-09-10,300,0.278502605162,0,0,-0.0212987363338,30,-0.0155879892409,30,-0.00688872346655,30,0.00268293824047,30,0.00439164042473,30,0.00537593942136,30,-0.00560693349689,30,0.00410731043667,30,0.00903231743723,30,0.000573088706005,30,0.0218718250399,2021-09-13
2021-09-13,300,0.162012718828,0,4,-0.0281588304788,30,-0.0198521390557,30,-0.0196261070669,30,-0.012486143969,30,-0.00811628531665,30,-0.0142537774518,30,-0.0125903133303,30,-0.0168519988656,30,-0.0173797048628,30,-0.0167114250362,30,0.0114474054426,2021-09-14
2021-09-14,300,0.113205890955,0,2,-0.00130031106528,30,-0.00837884936482,30,-0.00867541041225,30,-0.0166753195226,30,-0.00591438822448,30,-0.0019066890236,30,-0.00771117629483,30,-0.00439491076395,30,-0.00617961073294,30,-0.00541704706848,30,-0.0041167360032,2021-09-15
2021-09-15,300,0.279786912999,0,3,-0.0319711528718,30,-0.0204448960721,30,-0.015821589157,30,-0.00739514036104,30,-0.00634123105556,30,-0.016939483583,30,-0.0100695369765,30,-0.00882577523589,30,-0.00864580646157,30,-0.00338871683925,30,0.0285824360326,2021-09-16
2021-09-16,300,-0.173355015165,0,4,0.0226780846715,30,0.0201113130897,30,0.00100576679688,30,0.0138515867293,30,0.00937833171338,30,0.0168345794082,30,0.00614864611998,30,0.00085897842655,30,0.00124245486222,30,0.00221271323971,30,-0.0204653714318,2021-09-17
2021-09-17,300,-0.0306496764278,0,7,0.00542323989794,30,0.00275731296279,30,0.00176536245272,30,-0.00377820339054,30,-0.00279192929156,30,-0.00591591419652,30,0.00950167607516,30,0.00222838530317,30,-0.00138739938848,30,-0.011467914097,30,-0.0168911539949,2021-09-22
2021-09-22,300,0.0896031850997,0,15,0.0237467847764,30,0.00566902337596,30,-0.00157427391969,30,0.0134343625978,30,0.00972093176097,30,0.00579503970221,30,0.0173608586192,30,0.0148330889642,30,0.0159306991845,30,0.0100537026301,30,-0.0136930821463,2021-09-23
2021-09-23,299,0.0611329550247,1,4,0.00321957678534,30,-0.0104812243953,30,-0.00993863958865,30,-0.0069256843999,30,-0.00550263328478,30,-0.00416080933064,30,-0.00931106973439,30,-0.00195645890199,30,-0.00177658197936,30,-0.00558167882264,29,-0.00880125560798,2021-09-24
2021-09-24,299,-0.0962129336114,1,2,0.0220716167241,30,0.00627895398065,30,-0.020155210048,30,-0.0146535597742,30,-0.0171370878816,30,-0.0143133858219,30,-0.0120137967169,30,-0.00182187953033,30,-0.00258598919027,30,-0.00726721202955,29,-0.0293388287537,2021-09-27
2021-09-27,299,0.224725872818,1,4,-0.00460813054815,30,-0.012712802738,30,0.00666462397203,30,0.00437666382641,30,0.00857532396913,30,0.00977609585971,30,0.0132253626361,30,0.00450639938936,30,0.00951135344803,30,0.00254426547326,29,0.00715239602141,2021-09-28
2021-09-28,299,0.109251196249,1,6,-0.0229349974543,30,-0.0155249396339,30,-0.0212216079235,30,-0.0212361421436,30,-0.0193226598203,30,-0.0086415624246,30,-0.00889304466546,30,-0.0123738208786,30,-0.0111245634034,30,-0.0196194425225,29,0.00331555493176,2021-09-29
2021-09-29,299,0.137037461936,1,0,0.00278254947625,30,0.00558290677145,30,0.0064814328216,30,0.00955214258283,30,0.00636882008985,30,0.0106625976041,30,0.00917029194534,30,0.0091161550954,30,0.0113979754969,30,0.00525574432686,29,0.00247319485061,2021-09-30
2021-09-30,299,0.337309908443,1,5,-0.0120846889913,30,0.00697841262445,30,0.00240246462636,30,0.00120738346595,30,0.019791835919,30,0.0131979528815,30,0.0129587985575,30,0.0269959215075,30,0.024806400761,30,0.0241046156734,29,0.0361893046647,2021-10-08
2021-10-08,300,0.0417499280017,0,9,0.00131978990976,30,0.000327040761476,30,-4.41888951173e-05,30,-0.000323271757225,30,-0.00248684291728,30,-0.00605343375355,30,0.00114394025877,30,0.00172705447767,30,0.00362283992581,30,0.00312125473283,30,0.00180146482307,2021-10-11
2021-10-11,300,0.12448478474,0,2,-0.025407133624,30,-0.011730728671,30,-0.0203449800611,30,-0.0129710193723,30,-0.0104429805651,30,-0.0162484478205,30,-0.0078657483682,30,-0.0190616156906,30,-0.011425008066,30,-0.012564336881,30,0.0128427967429,2021-10-12
2021-10-12,300,-0.00738132845147,0,0,0.0111347557977,30,0.00261401524767,30,0.00911722425371,30,0.00987756252289,30,0.00747101707384,30,0.000502153241541,30,0.00464773969725,30,0.0122863389552,30,0.00798754673451,30,0.00295792822726,30,-0.00817682757042,2021-10-13
2021-10-13,300,-0.0825011944929,0,6,0.00492486357689,30,0.000219519934035,30,0.00275860819966,30,-0.00193776295055,30,-0.0142738400027,30,-0.0015837411629,30,-0.00189547939226,30,-0.0087861455977,30,-0.00644415803254,30,-0.00505638308823,30,-0.00998124666512,2021-10-14
2021-10-14,300,0.00860393647272,0,4,-0.00134259462357,30,0.00243484182283,30,-0.0017872035969,30,-0.00563688669354,30,-0.000122038523841,30,0.000678676355164,30,-0.000529032957274,30,0.0011907875305,30,-0.00139149627648,30,-0.00141068303492,30,-6.80884113535e-05,2021-10-15
2021-10-15,300,-0.0479546356338,0,3,0.00192000670359,30,-0.00623650755733,30,-0.00814001727849,30,-0.00955646671355,30,-0.00190660159569,30,-0.00828265957534,30,-0.00447151670232,30,-0.0074844378978,30,-0.0101591134444,30,-0.00411910424009,30,-0.00603911094368,2021-10-18
2021-10-18,300,0.0853801310953,0,5,0.00643370766193,30,0.0137013895437,30,0.00741956429556,30,0.00564312748611,30,0.0105697410181,30,0.0126651423052,30,0.0142666818574,30,0.00748671079054,30,0.00883351545781,30,0.00762669462711,30,0.00119298696518,2021-10-19
2021-10-19,300,0.0181838182352,0,8,-0.00556094059721,30,-0.0019488115795,30,-0.0019107342232,30,-0.00310938362963,30,-0.01125303749,30,-0.00759386830032,30,-0.00348862796091,30,-0.00419715838507,30,-0.0048131365329,30,-0.00576137891039,30,-0.000200438313186,2021-10-20
2021-10-20,300,0.229997394401,0,2,-0.000369532906916,30,-0.000623083091341,30,-0.00732579641044,30,0.00665718736127,30,-0.0031349142082,30,0.00126865704078,30,0.00504487333819,30,-9.95953887468e-05,30,0.00631375703961,30,0.0017202993622,30,0.00208983226912,2021-10-21
2021-10-21,300,0.0963241430427,0,14,0.00614357599989,30,-0.00171508197673,30,-0.00469711842015,30,-0.00102838675957,30,0.000627378642093,30,0.00872028898448,30,0.00108334620018,30,0.00227740802802,30,0.00561759853736,30,0.00210238294676,30,-0.00404119305313,2021-10-22
2021-10-22,300,0.0667273788314,0,0,-0.00222857203335,30,0.00268972711638,30,0.00341683835723,30,0.00493202218786,30,0.0237611513585,30,0.00473389821127,30,0.00241419882514,30,0.00186629896052,30,0.00727669987828,30,0.000209134814213,30,0.00243770684756,2021-10-25
2021-10-25,300,0.0521229377742,0,13,-0.00150083308108,30,0.00360048026778,30,-0.00577728357166,30,-0.00573961343616,30,-0.00740990834311,30,0.0112512921914,30,0.000550693250261,30,-0.0106273535639,30,0.00217442703433,30,0.0054746568203,30,0.00697548990138,2021-10-26
2021-10-26,300,-0.107977821494,0,6,-0.00821746792644,30,-0.00076036847895,30,-0.0203926824033,30,-0.0132814208046,30,-0.0124530671164,30,-0.0129461148754,30,-0.0148709928617,30,-0.0195433329791,30,-0.0247817635536,30,-0.0110995983705,30,-0.00288213044405,2021-10-27
2021-10-27,300,0.0120666187401,0,5,-0.00664273323491,30,-0.00657919235528,30,-0.022392410785,30,-0.00947011914104,30,-0.00280928611755,30,-0.00635716924444,30,-0.00152833061293,30,-0.0164233259857,30,-0.0161218568683,30,-0.00535413622856,30,0.00128859700635,2021-10-28
2021-10-28,300,0.00224425688354,0,3,0.0100069856271,30,0.00571714621037,30,0.0122986016795,30,0.0139043526724,30,0.00880073290318,30,0.0121617671102,30,0.0181268490851,30,0.0170546602458,30,0.00777940964326,30,0.00630017695948,30,-0.00370680866763,2021-10-29
2021-10-29,300,0.124201842846,0,13,0.00255881948397,30,-0.0025957187172,30,-0.00254316325299,30,-0.0047201057896,30,0.00416565127671,30,-0.00721470918506,30,0.00606723641977,30,0.000318888836773,30,0.00904010143131,30,0.00802373327315,30,0.00546491378918,2021-11-01
2021-11-01,300,-0.0759221364922,0,13,0.00207642512396,30,-0.014449596405,30,-0.00635204697028,30,-0.00989180989563,30,-0.00441058678553,30,-0.00827347673476,30,-0.00973644293845,30,-0.0110991913825,30,-0.011680082418,30,-0.0108955148607,30,-0.0129719399847,2021-11-02
2021-11-02,300,0.108407274781,0,5,-0.00823007430881,30,0.00625120382756,30,-0.0013205667492,30,-0.00235739955679,30,0.00506645254791,30,0.0131794232875,30,0.0103381453082,30,0.00434561772272,30,0.00290997815318,30,-0.000277628510958,30,0.00795244579786,2021-11-03
2021-11-03,300,0.0411703506054,0,7,0.00309656653553,30,0.0131180109456,30,0.00361181702465,30,0.00753856915981,30,0.00899547152221,30,0.00437098741531,30,0.011513271369,30,0.0152903776616,30,0.00861269235611,30,0.000280678272247,30,-0.00281588826329,2021-11-04
2021-11-04,300,0.037718313803,0,9,0.000827284646221,30,-0.00708140945062,30,-0.00976207014173,30,-0.0100995758548,30,-0.0134985344484,30,-0.000487055367557,30,-0.00507723307237,30,-0.0096449572593,30,-0.00490092625841,30,-0.00385564169846,30,-0.00468292634469,2021-11-05
2021-11-05,300,0.150626674102,0,2,-0.00816934742033,30,0.00351765146479,30,0.00704848766327,30,-0.00284087052569,30,-0.00794816017151,30,-0.000879162573256,30,0.00121913745534,30,0.0103284521028,30,-0.00102687079925,30,0.00285165314563,30,0.011021000566,2021-11-08
2021-11-08,300,-0.0110481558278,0,4,0.00189967348706,30,0.00333648710512,30,-0.00227382569574,30,0.00338878040202,30,-0.00293559837155,30,0.00647053914145,30,0.00219079456292,30,0.00270189647563,30,0.000814020633698,30,-0.00012534459529,30,-0.00202501808235,2021-11-09
2021-11-09,300,-0.0200654804248,0,3,0.00211594509892,30,0.00285792350769,30,-0.00414848327637,30,-0.00140692398418,30,-0.00556960282847,30,-0.00629604468122,30,4.9916903663e-05,30,-0.00302167539485,30,0.00192321941722,30,-0.00262626609765,30,-0.00474221119657,2021-11-10
2021-11-10,300,-0.112751913502,0,6,0.0356377214193,30,0.0170120894909,30,0.0131675619632,30,0.0129294851795,30,0.00936124287546,30,0.00648869061843,30,0.0140053452924,30,0.00843738112599,30,0.0116851767525,30,0.0124600213021,30,-0.0231777001172,2021-11-11
2021-11-11,300,0.22629406986,0,20,-0.0119056161493,30,-0.00677498569712,30,-0.00115590693895,30,-0.000624348700512,30,-0.00319173326716,30,0.00104137463495,30,-0.000353115785401,30,0.00548282451928,30,0.00200534868054,30,0.00537721114233,30,0.0172828272916,2021-11-12
2021-11-12,300,0.0965001474009,0,2,-0.00674086995423,30,0.000251150137046,30,0.00428088894114,30,-0.0027906994801,30,-0.00609523477033,30,0.00650848960504,30,0.00907612033188,30,0.0061096153222,30,0.00289728841744,30,0.00385067868046,30,0.0105915486347,2021-11-15
2021-11-15,300,-0.104469034634,0,8,0.00463587231934,30,0.00933068152517,30,0.00144748692401,30,-0.00553128123283,30,0.00158980290871,30,-0.00498880539089,30,-0.00672823004425,30,0.00367800402455,30,-0.0154789984226,30,-0.000462782394607,30,-0.00509865471395,2021-11-16
2021-11-16,300,0.137505412212,0,5,0.000739637995139,30,-0.00648166937754,30,0.00515595264733,30,-7.0734815381e-05,30,0.0120858289301,30,0.00460583157837,30,0.00341676268727,30,0.00593157391995,30,0.00118292972911,30,-0.000547985255253,30,-0.00128762325039,2021-11-17
2021-11-17,300,-0.121230343928,0,9,0.00304568209685,30,-0.00491121225059,30,-0.00467732734978,30,-0.00882928166538,30,-0.0136101227254,30,-0.0155062377453,30,-0.0160231217742,30,-0.0167761389166,30,-0.0147858019918,30,-0.00489950971678,30,-0.00794519181363,2021-11-18
2021-11-18,300,0.148415048352,0,0,0.00778306135908,30,0.00507856626064,30,0.0102458195761,30,0.0209756568074,30,0.00735325412825,30,0.0116402311251,30,0.0102713759989,30,0.0133669096977,30,0.0117626469582,30,0.00943953637034,30,0.00165647501126,2021-11-19
2021-11-19,300,0.000935394654668,0,14,-0.00226686592214,30,-0.00284016341902,30,0.00632702698931,30,0.0128187714145,30,0.00521618127823,30,0.00158553523943,30,0.00975385867059,30,0.00423792609945,30,0.00550495786592,30,-0.0036873659119,30,-0.00142049998976,2021-11-22
2021-11-22,300,0.220153670389,0,3,-0.00236713490449,30,-0.00445023784414,30,-0.00196942081675,30,4.63267169835e-05,30,0.00589967379346,30,0.00280816364102,30,0.00539700966328,30,0.000208463272429,30,0.00204031262547,30,0.00350313377567,30,0.00587026868016,2021-11-23
2021-11-23,299,0.0633474097879,1,5,-0.00240959925577,30,-0.000189107653568,30,-0.00126028852537,30,-0.00235148076899,30,7.00950622559e-05,30,-0.000382419413654,30,-0.00654852995649,30,0.00522847985849,30,-0.00500951008871,30,0.00185870507266,29,0.00426830432843,2021-11-24
2021-11-24,299,0.0805097581378,1,10,-0.00538367638364,30,-0.00140225491486,30,-0.00112373824231,30,-0.00185689923819,30,-0.00902118254453,30,-0.00539780873805,30,-0.00361854839139,30,0.00102323491592,30,-0.00280042295344,30,-7.32047774363e-05,29,0.00531047160621,2021-11-25
2021-11-25,299,0.00681651644994,1,5,-0.00625482015312,30,-0.00312065077014,30,-0.010125124827,30,-0.0101222572848,30,-0.00865415297449,30,-0.0114947715774,30,-0.0122933145612,30,-0.0101712727919,30,-0.00994167756289,30,-0.00795638561249,29,-0.00170156545937,2021-11-26
2021-11-26,298,0.0685186887753,2,0,-0.0099358363077,30,-0.00297302217223,30,-0.000225361189223,30,-0.00631880946457,30,-0.00721226911992,29,-0.00129084591754,30,-0.00699275918305,30,-0.00875172391534,30,-0.00725126685575,30,-0.00485958531499,29,0.00507625099272,2021-11-29
2021-11-29,298,0.149681389538,2,7,-0.00421560602263,30,-0.0021006106399,30,0.0038636426907,30,0.00167060294189,30,0.000518404180184,29,-0.00205764174461,30,-0.00023652712116,30,0.00286548328586,30,0.00167228386272,30,0.0036307820119,29,0.00784638803452,2021-11-30
2021-11-30,298,0.379609282585,2,8,-0.0139437140897,30,-0.00169970397837,30,-0.00377456145361,30,-0.000845605158247,30,0.0144757814705,29,0.00942726340145,30,0.0100044030696,30,0.0112685086206,30,0.00959344860166,30,0.00921880360693,29,0.0231625176966,2021-12-01
2021-12-01,298,-0.182014000745,2,25,0.0131695307791,30,0.00437318487093,30,0.00737522449344,30,-0.00334883341566,30,0.000304587942082,29,-0.000580485677347,30,-0.00602128496394,30,-0.00434710970148,30,-0.000930523849092,30,0.00175394269172,29,-0.0114155880874,2021-12-02
2021-12-02,299,-0.0267189537948,1,7,0.0177680589259,30,0.00670192437246,30,0.0141584519297,30,0.00970273651183,30,0.00635565724224,30,0.00335116987117,30,0.0167698077857,30,0.00798026751727,30,0.00761108612642,30,0.00463674403727,29,-0.0131313148886,2021-12-03
2021-12-03,299,-0.0161362086476,1,16,0.000426334154326,30,-0.00475642504171,30,0.000127573803184,30,-0.00356908049434,30,-0.00785043649375,30,-0.00532078742981,30,-0.00127761170734,30,-0.00305684399791,30,-0.006094022654,30,-0.0036135953851,29,-0.00403992953943,2021-12-06
2021-12-06,299,0.0509701786036,1,3,0.00589848961681,30,0.00283402809873,30,0.00694457488135,30,0.00511761708185,30,0.00747321266681,30,0.0121389543638,30,0.0108254849911,30,0.00829794444144,30,0.00648391246796,30,0.00486836768687,29,-0.00103012192994,2021-12-07
2021-12-07,299,0.106782967734,1,10,0.00930521078408,30,0.00988353323191,30,0.0138447107747,30,0.00913041830063,30,0.0123156765476,30,0.0177402608097,30,0.0153684038669,30,0.0167719721794,30,0.0203980561346,30,0.00702661881223,29,-0.00227859197184,2021-12-08
2021-12-08,299,-0.148238450737,1,18,0.0209414865822,30,0.0245830286294,30,0.0236641336232,30,0.0133206108585,30,0.0232558958232,30,0.0116638485342,30,0.00797974038869,30,0.023253923282,30,0.0173410717398,30,0.00596057157964,29,-0.0149809150025,2021-12-09
2021-12-09,299,0.0390962503792,1,12,0.000723864650354,30,-0.0114969490096,30,-0.00883658882231,30,-0.00246343412437,30,-0.00759914331138,30,-0.00454263295978,30,-0.00582263292745,30,-0.00502075767145,30,-0.0151403443888,30,-0.00338782113977,29,-0.00411168579012,2021-12-10
2021-12-10,299,0.160765918134,1,12,-0.00744081148878,30,-0.0028005996719,30,0.0112860994413,30,-0.00366296176799,30,0.00803005881608,30,0.0068561155349,30,0.0043912450783,30,0.00984674319625,30,0.00164265627973,30,0.00510158017278,29,0.0125423916616,2021-12-13
2021-12-13,300,-0.00273516004013,0,3,-0.00441352743655,30,-0.00721699977294,30,-0.0107448259369,30,-0.00779748149216,30,-0.00678608799353,30,-0.00376999983564,30,-0.00617851037532,30,-0.00744953332469,30,-0.00805045943707,30,-0.00578656001016,30,-0.00137303257361,2021-12-14
2021-12-14,299,0.263585425504,1,2,-0.00978253502399,30,-0.0113401571289,30,-0.00391801586375,30,-0.0119048692286,30,-0.0105413477868,30,-0.00785122904927,30,-0.00662740459666,30,-0.00376628036611,30,0.00120140914805,30,-0.00104351912159,29,0.00873901590239,2021-12-15
2021-12-15,299,-0.155826901212,1,0,0.0164226461202,30,0.0063417754136,30,0.0123813925311,30,0.0102839330211,30,0.00477377790958,30,0.0096323788166,30,0.00449443049729,30,0.000623909640126,30,0.00443491525948,30,0.00466399360448,29,-0.0117586525157,2021-12-16
2021-12-16,299,0.0866270894818,1,21,-0.00906098727137,30,-0.0146949030459,30,-0.0149488272145,30,-0.0140110887587,30,-0.0153693221509,30,-0.0107524096966,30,-0.00843742676079,30,-0.0171430017799,30,-0.0148650687188,30,-0.00492194993421,29,0.00413903733715,2021-12-17
2021-12-17,299,0.124388636823,1,6,-0.0125658018515,30,-0.012588034384,30,-0.0199491437525,30,-0.0191743019968,30,-0.0189774949104,30,-0.0100133419037,30,-0.0160069540143,30,-0.00973852071911,30,-0.00518460478634,30,-0.00348850991577,29,0.00907729193568,2021-12-20
2021-12-20,299,0.0693116844026,1,3,0.00545531092212,30,0.00993218645453,30,0.0157555285841,30,0.0124771473929,30,0.00931379571557,30,0.0121248103678,30,0.00825719255954,30,0.0131876682863,30,0.0099907303229,30,0.0113809518516,29,0.00592564092949,2021-12-21
2021-12-21,299,0.0668148808085,1,8,0.00166595971677,30,-0.00171468453482,30,0.00162644183729,30,0.00579020800069,30,0.000501847243868,30,0.00770129542798,30,0.0027307451237,30,0.000118990741612,30,0.00175856752321,30,0.00358430691995,29,0.00191834720317,2021-12-22
2021-12-22,299,-0.0314780598494,1,2,0.0068642697297,30,0.00380194187164,30,0.0101538775489,30,0.00579195003957,30,-0.00294374814257,30,0.00026822288055,30,-0.000578870356549,30,0.00295157823712,30,0.00166899559554,30,-0.000605669512879,29,-0.00746993924258,2021-12-23
2021-12-23,300,0.101564639936,0,13,-0.00225152377971,30,-0.00218454794958,30,-0.0055601419881,30,-0.00692321872339,30,-0.0034855643753,30,-0.00963451247662,30,0.00356536498293,30,-0.00124311249238,30,0.00409420114011,30,-0.00283670821227,30,-0.000585184432566,2021-12-24
2021-12-24,300,-0.0744915349844,0,2,0.00495056901127,30,0.0120449941605,30,0.00214556255378,30,0.000277588755125,30,0.00347023410723,30,0.00488250842318,30,0.00197710003704,30,0.00158014101908,30,0.00275128870271,30,0.00156080920715,30,-0.00338975980412,2021-12-27
2021-12-27,300,0.126862203026,0,11,0.00651190476492,30,0.00132813456003,30,-0.00369633827358,30,0.00183338916395,30,-5.82675129408e-05,30,0.00949319638312,30,0.00658896146342,30,0.00506277894601,30,0.00973067525774,30,0.00431525101885,30,-0.00219665374607,2021-12-28
2021-12-28,300,0.134399091799,0,18,-0.0115881050006,30,-0.00704252533615,30,-0.0204309783876,30,-0.0031670012977,30,-0.00864374637604,30,-0.0131795490161,30,-0.00547549733892,30,-0.00854454468936,30,-0.00769052701071,30,-0.000159496063134,30,0.0114286089374,2021-12-29
2021-12-29,300,-0.0341084063704,0,6,0.00359383434989,30,0.0153310159221,30,0.00710212392733,30,0.00808971934021,30,0.011786297895,30,0.00677521619946,30,0.00991458911449,30,0.00278110499494,30,0.00693550519645,30,0.00312537350692,30,-0.000468460842967,2021-12-30
2021-12-30,300,0.0614614182651,0,3,0.00508552184328,30,0.00343805551529,30,0.0142014501616,30,0.00377502641641,30,0.00210524792783,30,0.0051664612256,30,0.00917094759643,30,0.00770635390654,30,0.00927288364619,30,0.00246893172152,30,-0.00261659012176,2021-12-31
2021-12-31,300,0.133346518724,0,5,-0.00367420911789,30,-0.00796504411846,30,-0.0047961473465,30,-0.00188806059305,30,0.00305268564261,30,-0.00362195563503,30,-0.00237872591242,30,-0.0039198002778,30,0.0062153339386,30,0.00854234490544,30,0.0122165540233,2022-01-04
2022-01-04,300,-0.170084702457,0,13,-0.00644383626059,30,-0.000635637843516,30,-0.00239791674539,30,-0.0113415597007,30,-0.00407069921494,30,-0.0117037352175,30,-0.0159132536501,30,-0.0224766470492,30,-0.0134569285437,30,-0.0068460800685,30,-0.000402243807912,2022-01-05
2022-01-05,300,0.0472164927647,0,2,-0.00814922060817,30,-0.000274930411251,30,-0.00304159731604,30,-0.00557695841417,30,-0.00874282326549,30,-0.0118160406128,30,-0.0137640321627,30,-0.00147726142313,30,-0.00399927096441,30,-0.00331317377277,30,0.00483604683541,2022-01-06
2022-01-06,300,0.301966840224,0,0,-0.00581551576033,30,-0.00551363639534,30,-0.00519167585298,30,-0.00263624778017,30,-0.00308007607237,30,0.000278011953924,30,0.00410624733195,30,0.00147245719563,30,0.00713258190081,30,0.0120768966153,30,0.0178924123757,2022-01-07
2022-01-07,300,0.0358965185053,0,4,0.00282274885103,30,0.00838875956833,30,0.00163802306633,30,0.00386350951158,30,0.00409835763276,30,0.0113744735718,30,0.0104405824095,30,0.00385161838494,30,0.010972074233,30,0.00354517111555,30,0.000722422264516,2022-01-10
2022-01-10,300,0.284806511851,0,7,-0.0158371664584,30,-0.0131911300123,30,-0.0198674760759,30,-0.00904235616326,30,-0.010967859067,30,-0.0102834189311,30,-0.014410183765,30,-0.00571848358959,30,-0.0048461118713,30,-0.000381857156754,30,0.0154553093016,2022-01-11
2022-01-11,300,-0.126530836763,0,0,0.00908597931266,30,0.00585697311908,30,0.00851451139897,30,0.0109468735754,30,0.0105796037242,30,0.0196705106646,30,0.0120240133256,30,0.00247545051388,30,0.00106454687193,30,-0.000658591568936,30,-0.00974457088159,2022-01-12
2022-01-12,300,0.258461707355,0,6,-0.0182309225202,30,-0.0150750596076,30,-0.0211306922138,30,-0.0185861904174,30,-0.0195004120469,30,-0.0198674742132,30,-0.0115314042196,30,-0.0157535970211,30,-0.00867441296577,30,-0.000255986058619,30,0.0179749364615,2022-01-13
2022-01-13,300,-0.252615251281,0,0,-0.00139501097146,30,0.0011949260952,30,-0.00590327987447,30,-0.00117598974612,30,-0.00426239380613,30,-0.0117443064228,30,-0.0168705228716,30,-0.0102382544428,30,-0.0164975021034,30,-0.018243201077,30,-0.0168481901055,2022-01-14
2022-01-14,300,-0.168208672229,0,0,0.0100939450786,30,0.0118357157335,30,0.0148752750829,30,0.0117546515539,30,0.00963196530938,30,0.0113983610645,30,0.00816011056304,30,0.00643358845264,30,0.00234978785738,30,-0.000356882810593,30,-0.0104508278891,2022-01-17
2022-01-17,300,0.047616195729,0,2,0.00371876358986,30,0.00777512788773,30,0.016809636727,30,0.00953330751508,30,0.00322767696343,30,0.00916648097336,30,0.0119288247079,30,0.00858363881707,30,0.00829705223441,30,0.00879202689976,30,0.0050732633099,2022-01-18
2022-01-18,299,-0.0773619338624,1,11,0.00242818007246,30,-0.00346863269806,30,-0.0138501403853,30,-0.00652874726802,30,-0.0110360961407,30,-0.00877721887082,30,-0.00743463216349,30,-0.00741446437314,30,-0.013428828679,30,-0.00277772033587,29,-0.00520590040833,2022-01-19
2022-01-19,299,0.00063635006661,1,0,0.00522672943771,30,0.00694905919954,30,0.00164978101384,30,0.00384863605723,30,-0.000255739694694,30,5.11805228598e-06,30,0.00298911123537,30,0.00130693113897,30,2.63273723249e-05,30,0.00184477400035,29,-0.00338195543736,2022-01-20
2022-01-20,299,0.0185872788205,1,0,-0.0137957967818,30,-0.0147684197873,30,-0.00995414424688,30,-0.0119466977194,30,-0.0144358817488,30,-0.0155752385035,30,-0.0115138534456,30,-0.0202925745398,30,-0.0113880494609,30,-0.00983864907175,29,0.00395714771003,2022-01-21
2022-01-21,299,-0.176449758915,1,2,0.00108333234675,30,0.0172000061721,30,0.00699158105999,30,0.00072780449409,30,0.000450251507573,30,-0.000447241473012,30,0.00586912222207,30,-0.00446264725178,30,-0.00214892416261,30,-0.00705505628139,29,-0.00813838862814,2022-01-24
2022-01-24,299,0.033638377676,1,5,-0.0203577950597,30,-0.0282298885286,30,-0.0303265880793,30,-0.0317317098379,30,-0.028052456677,30,-0.0235378164798,30,-0.026174094528,30,-0.0256206914783,30,-0.0250223651528,30,-0.0218394361436,29,-0.00148164108396,2022-01-25
2022-01-25,299,0.174077095999,1,0,-0.00261343130842,30,0.0065362136811,30,0.00772129092366,30,-0.00624311156571,30,0.0114356083795,30,0.00429652538151,30,0.00693748798221,30,0.00972971133888,30,0.00871484261006,30,0.0058056875132,29,0.00841911882162,2022-01-26
2022-01-26,299,0.126626671059,1,6,-0.0208752583712,30,-0.0220862682909,30,-0.0291526988149,30,-0.0211984422058,30,-0.0207376740873,30,-0.0288009569049,30,-0.0178356226534,30,-0.0186183750629,30,-0.0225666258484,30,-0.0158205442131,29,0.00505471415818,2022-01-27
2022-01-27,300,0.228376891271,0,0,-0.0108510768041,30,-0.0135001437739,30,-0.00995494332165,30,-0.0124779064208,30,-0.0158946476877,30,-0.0124938311055,30,-0.00668959598988,30,0.000956052565016,30,-0.00570463947952,30,-0.00306296558119,30,0.00778811122291,2022-01-28
2022-01-28,300,0.072871953187,0,0,-0.00228668260388,30,0.0214630905539,30,0.0259299911559,30,0.0155479526147,30,0.0152205228806,30,0.0291683953255,30,0.0179709978402,30,0.010256472975,30,0.0125700514764,30,0.0170577447861,30,0.01934442739,2022-02-07
2022-02-07,300,-0.0942101587684,0,8,0.0107298549265,30,0.00688409386203,30,0.00355237117037,30,0.012680536136,30,-0.0164733491838,30,0.00223261723295,30,-0.0113442437723,30,-0.00479559507221,30,0.00429819803685,30,0.00442859530449,30,-0.00630125962198,2022-02-08
2022-02-08,300,-0.0713554626097,0,34,0.00631549349055,30,0.0139624811709,30,0.00897069182247,30,0.00838871393353,30,0.00997453089803,30,0.00765126757324,30,0.00568716134876,30,0.00707035465166,30,0.00418709730729,30,0.0116305314004,30,0.0053150379099,2022-02-09
2022-02-09,300,0.275651000178,0,0,-0.00588485598564,30,-0.00300361705013,30,-0.00642585754395,30,-0.00142434437294,30,-0.00379950809292,30,0.00452814484015,30,-0.00489381933585,30,0.00348540348932,30,0.0105683207512,30,0.0098226107657,30,0.0157074667513,2022-02-10
2022-02-10,300,-0.219130074057,0,18,-0.00183991389349,30,-0.0066114841029,30,-0.00145879783668,30,-0.00897656101733,30,-0.0179488752037,30,-0.0138209005818,30,-0.00755040626973,30,-0.0186177864671,30,-0.0160443671048,30,-0.0159463714808,30,-0.0141064575873,2022-02-11
2022-02-11,300,0.017206421052,0,0,-0.0178804155439,30,-0.0113875688985,30,-0.0114941336215,30,-0.00918981060386,30,-0.00427885446697,30,-0.0104638021439,30,-0.0162527170032,30,-0.0134480996057,30,-0.0156184611842,30,-0.0119662620127,30,0.00591415353119,2022-02-14
2022-02-14,300,-0.365921406789,0,3,0.0249484702945,30,0.0255219303071,30,0.0181646402925,30,0.0188388712704,30,0.008624128066,30,0.0146292066202,30,0.00761311454698,30,0.000442936026957,30,-0.000311990588671,30,-0.00143444736023,30,-0.0263829176547,2022-02-15
2022-02-15,300,0.213868534904,0,4,0.00353785743937,30,-0.00443124771118,30,-0.00105254654773,30,0.00242571230046,30,0.00541923847049,30,0.00536369066685,30,0.00643580546603,30,0.00561397289857,30,0.00445667095482,30,0.00413174647838,30,0.00059388903901,2022-02-16
2022-02-16,300,-0.0654025901219,0,2,-0.00330703053623,30,0.00050137040671,30,0.00281174969859,30,0.00613386649638,30,0.00302913389169,30,-0.00207526492886,30,0.000871419906616,30,-0.000253287958913,30,-0.00414843345061,30,-0.00432249717414,30,-0.00101546663791,2022-02-17
2022-02-17,300,0.351780764207,0,0,-0.00677068438381,30,-0.00626679463312,30,-0.00115578970872,30,0.00891691632569,30,0.016102720052,30,0.00851388182491,30,0.00829460658133,30,0.00836999434978,30,0.00595732126385,30,0.00527862925082,30,0.0120493136346,2022-02-18
2022-02-18,300,0.0411651074918,0,30,0.00181312556379,30,-0.000142675635288,30,-0.00153059954755,30,0.00476212287322,30,0.00193062028848,30,0.000276291364571,30,0.000315431767376,30,0.00432513142005,30,-0.000475295382785,30,0.00428030686453,30,0.00246718130074,2022-02-21
2022-02-21,300,0.0388392927344,0,15,-0.0123143391684,30,-0.0124105159193,30,-0.00962301250547,30,-0.0151957534254,30,-0.00909050926566,30,-0.00828828010708,30,-0.0156665109098,30,-0.0116152903065,30,-0.0118314325809,30,-0.0155925257131,30,-0.00327818654478,2022-02-22
2022-02-22,300,-0.125902791421,0,2,0.0264072325081,30,0.0110073192045,30,0.00758832274005,30,0.0092297596857,30,0.0114552574232,30,0.00681010494009,30,0.0126885371283,30,0.0106249069795,30,0.0112040601671,30,0.00584018835798,30,-0.0205670441501,2022-02-23
2022-02-23,300,0.0926607772536,0,13,-0.0186885036528,30,-0.018860578537,30,-0.0197262950242,30,-0.0238794609904,30,-0.0249938331544,30,-0.0208218377084,30,-0.0225797966123,30,-0.0218621809036,30,-0.0152304433286,30,-0.0156712047756,30,0.00301729887724,2022-02-24
2022-02-24,300,-0.164412512494,0,0,0.00455055618659,30,0.0172550883144,30,0.0123278098181,30,0.013482844457,30,0.0108904996887,30,0.012258364819,30,0.00660980725661,30,0.00600688671693,30,0.00372478971258,30,0.00106854632031,30,-0.00348200986627,2022-02-25
2022-02-25,300,-0.173937314928,0,0,0.00331808719784,30,0.00403181323782,30,0.00500328559428,30,0.00237231655046,30,0.000581574451644,30,0.00614212732762,30,-0.00135921640322,30,-0.00328119006008,30,-0.00390218687244,30,-0.00301303062588,30,-0.00633111782372,2022-02-28
2022-02-28,300,0.106528503519,0,17,-0.000228051343584,30,0.00304622249678,30,0.00588014302775,30,0.00193456409033,30,0.0100506348535,30,0.00462410645559,30,0.0127232829109,30,0.00851560849696,30,0.00565413432196,30,0.00514306826517,30,0.00537111960875,2022-03-01
2022-03-01,300,0.105242612134,0,14,-0.0060969251208,30,-0.0108035188168,30,-0.0060621201992,30,-0.00383088598028,30,-0.00413493905216,30,-0.00633030943573,30,-0.00338325509802,30,-0.00728127360344,30,-0.00862856488675,30,-0.00139635801315,30,0.00470056710765,2022-03-02
2022-03-02,300,0.0808606360883,0,6,-0.00363150029443,30,-0.00891020894051,30,-0.0042028548196,30,0.000464665878098,30,-0.00372615060769,30,-0.00895479507744,30,-0.00726498151198,30,-0.00815613474697,30,-0.00294662523083,30,0.00241603655741,30,0.00604753685184,2022-03-03
2022-03-03,300,-0.00113046416478,0,2,-0.00889226607978,30,-0.00522422976792,30,-0.00960891600698,30,-0.00726898526773,30,-0.00736126489937,30,-0.0112230656669,30,-0.00741807837039,30,-0.0114629408345,30,-0.00864922441542,30,-0.00548860849813,30,0.00340365758166,2022-03-04
2022-03-04,300,0.0505596728853,0,0,-0.0314150340855,30,-0.0265039671212,30,-0.0248192083091,30,-0.0310981888324,30,-0.0277038719505,30,-0.036560960114,30,-0.0304394960403,30,-0.0267079286277,30,-0.0292149297893,30,-0.0223058536649,30,0.00910918042064,2022-03-07
2022-03-07,300,-0.0578293220657,0,0,-0.0217343326658,30,-0.0218698196113,30,-0.0258914846927,30,-0.0263219866902,30,-0.0291192922741,30,-0.035533554852,30,-0.0260636918247,30,-0.032672341913,30,-0.0297302436084,30,-0.0210362486541,30,0.000698084011674,2022-03-08
2022-03-08,300,-0.159064878499,0,0,-0.00554258236662,30,-0.0168289411813,30,-0.010842230171,30,-0.0139827011153,30,-0.00897554773837,30,-0.0174425859004,30,-0.0168774668127,30,-0.0171392671764,30,-0.0172010418028,30,-0.0211605038494,30,-0.0156179214828,2022-03-09
2022-03-09,300,-0.230247668442,0,0,0.0129649285227,30,0.0245858840644,30,0.0304075982422,30,0.0217111594975,30,0.01241126284,30,0.0167180616409,30,0.014831203036,30,0.0114170871675,30,0.00605475297198,30,0.00284297275357,30,-0.0101219557691,2022-03-10
2022-03-10,300,0.200798679091,0,5,0.00286902789958,30,0.00264566135593,30,0.00438155746087,30,0.00719393091276,30,0.00668803462759,30,0.00896004866809,30,0.0155147807673,30,0.0115868290886,30,0.0164176914841,30,0.0127906119451,30,0.00992158404551,2022-03-11
2022-03-11,300,0.017094957314,0,12,-0.0254866387695,30,-0.0213576052338,30,-0.0292718373239,30,-0.0171543415636,30,-0.0270617064089,30,-0.0318504236639,30,-0.0195226315409,30,-0.0285411011428,30,-0.0292194485664,30,-0.0296094920486,30,-0.00412285327911,2022-03-14
2022-03-14,300,-0.155475522559,0,2,-0.0183935239911,30,-0.0476915054023,30,-0.0478417724371,30,-0.0507691055536,30,-0.0618652440608,30,-0.057716332376,30,-0.0533928461373,30,-0.0520838238299,30,-0.050615336746,30,-0.0434883609414,30,-0.0250948369503,2022-03-15
2022-03-15,300,-0.0704301158902,0,0,0.0437008142471,30,0.041052300483,30,0.0338292866945,30,0.0405426509678,30,0.0278361495584,30,0.0402964800596,30,0.0385244749486,30,0.0376529097557,30,0.0379666052759,30,0.0259124208242,30,-0.017788393423,2022-03-16
2022-03-16,300,-0.0805572392609,0,10,0.0110335191712,30,0.0252599287778,30,0.0195243880153,30,0.0141869625077,30,0.0288204140961,30,0.0187548398972,30,0.0163724888116,30,0.0206608492881,30,0.0174210760742,30,0.0150666236877,30,0.00403310451657,2022-03-17
2022-03-17,300,0.148015051354,0,6,0.00861234311014,30,0.0051830727607,30,0.000283745932393,30,-0.000370081252186,30,0.0126553475857,30,0.013288305141,30,0.00686307763681,30,0.00635680556297,30,0.00697296252474,30,0.0114340027794,30,0.00282165966928,2022-03-18
2022-03-18,300,0.133051016509,0,17,-0.00393715919927,30,-0.00134789547883,30,0.000483900308609,30,-0.00599775696173,30,0.00229725637473,30,0.00396433472633,30,0.00314837088808,30,0.00392377981916,30,0.00319111952558,30,-0.00133455789182,30,0.00260260130744,2022-03-21
2022-03-21,300,0.322661097992,0,2,-0.0122649110854,30,0.000783278548624,30,-0.00434619793668,30,-0.00900127924979,30,-0.00539853749797,30,0.00181905028876,30,0.000871117925271,30,0.00334909162484,30,0.000985236954875,30,0.00996273197234,30,0.0222276430577,2022-03-22
2022-03-22,300,0.203936066082,0,2,0.00370647897944,30,-0.00580515479669,30,0.00115585129242,30,0.00208729109727,30,0.0010142843239,30,0.0158179011196,30,0.00658680405468,30,0.0064065256156,30,0.0100325485691,30,0.00418063020334,30,0.000474151223898,2022-03-23
2022-03-23,300,-0.138117880843,0,4,0.0115223350003,30,-0.00865461863577,30,-0.00365827092901,30,-0.0048109809868,30,-0.00874173827469,30,-0.0127044739202,30,-0.00927078910172,30,-0.00773428287357,30,-0.0111523652449,30,-0.0099397720769,30,-0.0214621070772,2022-03-24
2022-03-24,300,0.380888803357,0,3,-0.0233616866171,30,-0.0240488089621,30,-0.0221249721944,30,-0.0203520320356,30,-0.0116602564231,30,-0.0112792514265,30,-0.017398012802,30,-0.01436704956,30,-0.00901952199638,30,-0.00205886154436,30,0.0213028250728,2022-03-25
2022-03-25,300,0.11007899675,0,0,-0.000649076711852,30,-0.00233595166355,30,-0.00544249406084,30,-0.0155563317239,30,-0.00828981399536,30,-0.0101175224409,30,-0.00330753927119,30,-0.00268924841657,30,0.00105792284012,30,0.0050516766496,30,0.00570075336145,2022-03-28
2022-03-28,300,-0.0396486725777,0,9,-0.0026656112168,30,-0.00384384789504,30,-0.00584715604782,30,-0.0069767893292,30,-0.00434242701158,30,-0.000130134823848,30,-0.00663573760539,30,-0.00167236721609,30,-0.00237247953191,30,-0.0128935538232,30,-0.0102279426064,2022-03-29
2022-03-29,300,0.202693698093,0,2,0.00576523737982,30,0.0175753664225,30,0.0261525250971,30,0.040040448308,30,0.0303351860493,30,0.0349181964993,30,0.0290008429438,30,0.0301829241216,30,0.0225016847253,30,0.0229633525014,30,0.0171981151216,2022-03-30
2022-03-30,299,0.0829034770594,1,41,-0.00299411802553,30,-0.0125527540222,30,-0.00771407503635,30,-0.0120769580826,30,-0.00988130923361,30,-0.0109320459887,30,-0.00480192480609,30,-0.00634143361822,30,-0.0101065393537,30,0.00134825299028,29,0.00434237101581,2022-03-31
2022-03-31,299,-0.108151053549,1,3,0.00458703842014,30,0.0176254175603,30,0.0164786614478,30,0.0176801793277,30,0.00867773871869,30,0.00749636301771,30,0.00439049024135,30,0.00912720803171,30,0.005951161962,30,0.00302886543795,29,-0.00155817298219,2022-04-01
2022-04-01,299,-0.253525515583,1,15,0.00463248090819,30,0.00758923310786,30,0.00226805219427,30,0.00424127979204,30,-0.00313932308927,30,0.000105828046799,30,-0.00474448408931,30,-0.00265091657639,30,-0.00503917317837,30,-0.0145023111254,29,-0.0191347920336,2022-04-06
2022-04-06,299,-0.0386200103802,1,8,-0.0118863685057,30,-0.0149823185056,30,-0.0193155482411,30,-0.013343940489,30,-0.0182310286909,30,-0.0209521874785,30,-0.0130106490105,30,-0.011354830116,30,-0.0151424249634,30,-0.0194733254611,29,-0.00758695695549,2022-04-07
2022-04-07,298,0.0273771217338,2,0,0.00628464994952,30,0.00530519895256,30,0.00465238280594,30,-0.00522126164287,30,0.00116171094123,29,-0.000127581748529,30,0.00226937327534,30,0.00464253406972,30,0.00873368792236,30,0.00356554985046,29,-0.00271910009906,2022-04-08
2022-04-08,298,-0.162591058133,2,8,-0.0222394652665,30,-0.0250755250454,30,-0.0284313429147,30,-0.0356044135988,30,-0.0284404028207,29,-0.0230276584625,30,-0.0369169376791,30,-0.0282881520689,30,-0.0342983081937,30,-0.0363392420113,29,-0.0140997767448,2022-04-11
2022-04-11,299,0.0529674941291,1,0,0.00558776874095,30,0.0179766044021,30,0.0318336226046,30,0.0264270212501,30,0.035783406347,30,0.0157335586846,30,0.0212512388825,30,0.0181453898549,30,0.0253427438438,30,0.0109091466293,29,0.00532137788832,2022-04-12
2022-04-12,300,-0.0111648351625,0,22,-0.00428467988968,30,-0.0123573504388,30,-0.0108964797109,30,-0.0120608406141,30,-0.0153836430982,30,-0.019627103582,30,-0.0159378834069,30,-0.014645527117,30,-0.0200931560248,30,-0.00519179692492,30,-0.00090711703524,2022-04-13
2022-04-13,300,-0.291957220974,0,2,0.0252404585481,30,0.0277890264988,30,0.0153102558106,30,0.0179098974913,30,0.0124647105113,30,0.00191528792493,30,0.00957228895277,30,0.014929978177,30,0.0079609612003,30,0.00330990552902,30,-0.021930553019,2022-04-14
2022-04-14,300,-0.0588339086778,0,0,0.00464502163231,30,0.00502916192636,30,0.00549210887402,30,-0.0033218243625,30,-0.00572135625407,30,-0.00219101505354,30,-0.00434862961993,30,0.000182143849088,30,-0.00483280420303,30,0.000131662687636,30,-0.00451335894468,2022-04-15
2022-04-15,300,-0.26570677196,0,3,0.0185743477196,30,0.00529719609767,30,0.00450230063871,30,0.00150186219253,30,-0.00370664987713,30,-0.00305051216856,30,0.00487563991919,30,-0.00868059601635,30,-0.0116684474051,30,-0.00894920621067,30,-0.0275235539302,2022-04-18
2022-04-18,300,0.360971625912,0,8,-0.0185100641102,30,-0.0132545148954,30,-0.0111219547689,30,-0.0124255679548,30,-0.00847618188709,30,-0.0128096779808,30,-0.00365073280409,30,-0.003397510387,30,0.00165484950412,30,0.00412564864382,30,0.022635712754,2022-04-19
2022-04-19,300,0.237037358101,0,11,-0.0222894921899,30,-0.0325624793768,30,-0.0066203516908,30,-0.0133931422606,30,-0.0161894634366,30,-0.00785145536065,30,-0.00997849460691,30,-0.00449281930923,30,-0.00651822099462,30,-0.0082755824551,30,0.0140139097348,2022-04-20
2022-04-20,299,0.111932853576,1,0,-0.0130202192813,30,-0.0277463551611,30,-0.023699728772,30,-0.0274456255138,30,-0.0266018174589,30,-0.0194004047662,30,-0.0291467420757,30,-0.0242178030312,30,-0.0205236040056,30,-0.00970851723105,29,0.00331170205027,2022-04-21
2022-04-21,299,0.11752537333,1,0,-0.00797310099006,30,0.00399357499555,30,-0.000956328702159,30,-0.00250791315921,30,-0.00336851878092,30,-0.00014805594401,30,-0.00043118398753,30,-0.00289673218504,30,0.00249484973028,30,0.0105617763475,29,0.0185348773375,2022-04-22
2022-04-22,299,-0.15360021261,1,3,-0.044906578958,30,-0.0470444746315,30,-0.051762893796,30,-0.0520371869206,30,-0.0543568357825,30,-0.0507516823709,30,-0.0599647834897,30,-0.0502642765641,30,-0.0588394738734,30,-0.0587876774371,29,-0.013881098479,2022-04-25
2022-04-25,299,-0.0381387665977,1,0,-0.0104902330786,30,-0.0133361555636,30,-0.00167167384643,30,-0.0287428759038,30,-0.0186405424029,30,-0.018332015723,30,-0.0199360139668,30,-0.0217555947602,30,-0.0227289590985,30,-0.00931214448065,29,0.00117808859795,2022-04-26
2022-04-26,299,-0.110408994278,1,2,0.0145916063339,30,0.0282658450305,30,0.0411474257708,30,0.0441470071673,30,0.0373830236495,30,0.0440132878721,30,0.0404412597418,30,0.0247332882136,30,0.02400864847,30,0.00661170901731,29,-0.00797989731655,2022-04-27
2022-04-27,299,0.0727616827944,1,30,0.0159072391689,30,-0.00356355519034,30,-0.00968285556883,30,0.00166424515191,30,0.00608035316691,30,-0.0025365431793,30,-0.0072691203095,30,-0.00274088373408,30,0.00691149244085,30,0.0161782633513,29,0.000271024182439,2022-04-28
2022-04-28,299,0.194195357507,1,19,0.0172718539834,30,0.0249209459871,30,0.0326013416052,30,0.046193741262,30,0.0367308631539,30,0.0348694436252,30,0.0452514067292,30,0.0399825014174,30,0.0422745384276,30,0.0330378524959,29,0.0157659985125,2022-04-29
2022-04-29,299,-0.163740779505,1,23,0.0246278811246,30,0.00323574338108,30,0.00771981058642,30,0.00621988158673,30,0.00101496779826,30,0.0127264084294,30,-0.0048970580101,30,-0.0010589400772,30,-0.00172336504329,30,0.00198513478972,29,-0.0226427463349,2022-05-05
2022-05-05,299,-0.192760853678,1,7,-0.0111340461299,30,-0.0170452520251,30,-0.020585346967,30,-0.0178072042763,30,-0.0221043433994,30,-0.0229458827525,30,-0.027644969523,30,-0.0327165275812,30,-0.0336047187448,30,-0.0187220349908,29,-0.00758798886091,2022-05-06
2022-05-06,300,0.0608827079767,0,2,-0.00260121235624,30,-0.00945048313588,30,-0.000235168132349,30,-0.00358405103907,30,-0.00548067269847,30,-0.00686281733215,30,-0.00239088130184,30,-0.00751262297854,30,0.00123604142573,30,-0.00107030267827,30,0.00153090967797,2022-05-09
2022-05-09,300,0.190598933535,0,6,-0.00201969733462,30,0.0028393229004,30,0.0117980027571,30,0.0160785298795,30,0.00968512892723,30,0.0144483689219,30,0.0206782463938,30,0.0182455293834,30,0.0134967183694,30,0.0122997481376,30,0.0143194454722,2022-05-10
2022-05-10,300,0.0214755494723,0,15,0.00823066849262,30,0.0131500838324,30,0.00839174818248,30,0.0204903185368,30,0.010494703427,30,0.0121208969504,30,0.0148252146319,30,0.0166741013527,30,0.0187976025045,30,0.00729855895042,30,-0.000932109542191,2022-05-11
2022-05-11,300,0.0654461862649,0,5,-0.00865176506341,30,0.00335021014325,30,0.00166089937557,30,0.00123184523545,30,-0.000842446112074,30,0.00121160352137,30,-0.00394717836753,30,-0.000819313514512,30,0.000774774933234,30,-0.00101736979559,30,0.00763439526781,2022-05-12
2022-05-12,300,0.259280330045,0,0,0.00158519146498,30,0.00244176387787,30,0.00301252794452,30,0.00633841753006,30,0.00940429605544,30,0.00667990837246,30,0.00164383847732,30,0.00635731825605,30,0.0113653261214,30,0.0114865778014,30,0.00990138633642,2022-05-13
2022-05-13,300,-0.0407460561804,0,16,-0.00269537954591,30,-0.00616868352517,30,-0.00614199833944,30,-0.00487428717315,30,-0.00991360563785,30,-0.00182422006037,30,-0.00969073548913,30,-0.00471280608326,30,-0.00501154875383,30,-0.00868751201779,30,-0.00599213247187,2022-05-16
2022-05-16,300,-0.0254648797497,0,3,-0.00136931939051,30,0.0116867637262,30,0.0116167403758,30,0.0125368023291,30,0.0172143448144,30,0.00416439166293,30,0.00492942146957,30,0.00507412338629,30,0.00462927436456,30,0.00225583114661,30,0.00362515053712,2022-05-17
2022-05-17,300,-0.00830277637596,0,21,0.00513248657808,30,-0.00247061043046,30,-0.00861610192806,30,0.00210293522105,30,-0.00192192394752,30,-0.00325245270506,30,-0.00158596830443,30,-0.00161570112687,30,-0.000695890164934,30,-0.000903165317141,30,-0.00603565189522,2022-05-18
2022-05-18,300,-0.0934880348866,0,4,0.0149728199467,30,0.00533518986776,30,0.00368143920787,30,0.011832694523,30,-0.00161325535737,30,0.00028020341415,30,-0.00239940476604,30,0.000463950622361,30,0.00108245410956,30,0.000372620415874,30,-0.0146001995308,2022-05-19
2022-05-19,300,0.0517142884431,0,39,0.0176971666515,30,0.016702381894,30,0.0165524315089,30,0.0202329996973,30,0.0156504772604,30,0.0104966703802,30,0.0116621078923,30,0.0286306664348,30,0.01973317191,30,0.0210188571364,30,0.00332169048488,2022-05-20
2022-05-20,300,0.00390118365201,0,15,-0.00292081828229,30,-0.00201673898846,30,-0.00251014227979,30,0.00283886585385,30,-0.00515346508473,30,0.00501412758604,30,0.00413964968175,30,0.00133738515433,30,-0.00892508402467,30,-0.00183763506357,30,0.00108318321873,2022-05-23
2022-05-23,300,0.296320699959,0,6,-0.0273151155561,30,-0.0256310030818,30,-0.0320126786828,30,-0.0375787727535,30,-0.0331091396511,30,-0.0277341194451,30,-0.0269553009421,30,-0.0188969299197,30,-0.022714311257,30,-0.0105621432886,30,0.0167529722676,2022-05-24
2022-05-24,300,0.0354124369347,0,3,0.0107282437384,30,0.0124196233228,30,0.00576577568427,30,0.00939731951803,30,0.0105809532106,30,0.0158130191267,30,0.00882199592888,30,0.011361819692,30,0.00879077333957,30,0.00652091298252,30,-0.00420733075589,2022-05-25
2022-05-25,300,-0.1702414978,0,17,0.0138389207423,30,0.00568213453516,30,0.00806512590498,30,0.0122548602521,30,0.0076430500485,30,0.00985707063228,30,0.00386489625089,30,0.00376592273824,30,-0.000239469605731,30,0.00350222596899,30,-0.0103366947733,2022-05-26
2022-05-26,299,0.0929033776474,1,5,-0.00344448676333,30,-0.00600843410939,30,-0.00217881798744,30,-0.00308067211881,30,0.00101128220558,30,-0.00257298746146,30,-0.00331206712872,30,-7.20520838513e-05,30,0.0016551495064,30,0.00132091913838,29,0.00476540590171,2022-05-27
2022-05-27,299,0.0725013383788,1,4,-0.000493919826113,30,0.0144853927195,30,0.000600264465902,30,0.00864574126899,30,0.00943816546351,30,0.016416689381,30,0.00718541350216,30,0.0116193974391,30,0.00906726904213,30,0.000210036494536,29,0.000703956320649,2022-05-30
2022-05-30,300,-0.266001461195,0,4,0.0256690122187,30,0.022976886481,30,0.0207793973386,30,0.0192966833711,30,0.0158512648195,30,0.0224996451288,30,0.0106341028586,30,0.0139738535509,30,0.00958080310374,30,0.00362987117842,30,-0.0220391410403,2022-05-31
2022-05-31,300,0.249209975807,0,33,-0.00632127700374,30,-0.0128003936261,30,0.00109218759462,30,-0.0012339472305,30,-0.00094361306401,30,-0.00174401595723,30,-0.00261245365255,30,-0.00467760581523,30,0.00598148722202,30,0.00136342446785,30,0.00768470147159,2022-06-01
2022-06-01,300,0.0130345604926,0,2,-0.00107831158675,30,0.00779386749491,30,0.0137546760961,30,0.00832093600184,30,0.00115161342546,30,0.00218486995436,30,0.00274661974981,30,0.00900854822248,30,0.00319082732312,30,0.0014600296272,30,0.00253834121395,2022-06-02
2022-06-02,300,-0.410230050604,0,9,0.0354341343045,30,0.0203608088195,30,0.0233259815723,30,0.0222835876048,30,0.0183292925358,30,0.0169600620866,30,0.0176242180169,30,0.0137961469591,30,0.00473756575957,30,-0.00375299854204,30,-0.0391871328466,2022-06-06
2022-06-06,300,0.0148892296479,0,20,0.00617495970801,30,0.0059724948369,30,-0.000392522400944,30,-0.000754894805141,30,0.00602842960507,30,0.00390657177195,30,-0.00290136924013,30,-0.000543105590623,30,0.00179844896775,30,0.00488333124667,30,-0.00129162846133,2022-06-07
2022-06-07,300,0.108742001424,0,7,0.00238918652758,30,0.0109375361353,30,0.00787872448564,30,0.00917205773294,30,0.00822113733739,30,0.0063295783475,30,0.00778903951868,30,0.00525597529486,30,0.00580857601017,30,0.014431392774,30,0.0120422062464,2022-06-08
2022-06-08,300,0.0050972671266,0,16,-0.00398466782644,30,-0.00657722353935,30,-0.0130920093507,30,-0.0187177974731,30,-0.0128542464226,30,-0.0179748702794,30,-0.0142473364249,30,-0.0180715993047,30,-0.00722300028428,30,-0.00351745681837,30,0.000467211008072,2022-06-09
2022-06-09,300,0.1683452988,0,7,0.0163726154715,30,0.00766715826467,30,0.0177900493145,30,0.0147953191772,30,0.0152806257829,30,0.017740579322,30,0.0187710635364,30,0.0154480775818,30,0.0153511064127,30,0.0175863411278,30,0.00121372565627,2022-06-10
2022-06-10,300,-0.0878361437258,0,43,-0.00303666992113,30,-0.00581322098151,30,-0.00475035095587,30,-0.00943985208869,30,-0.00864037312567,30,-0.00112591986544,30,-0.0102650644258,30,-0.00554698705673,30,-0.0153809152544,30,-0.0104732159525,30,-0.00743654603139,2022-06-13
2022-06-13,300,0.267236184802,0,2,0.013402255252,30,0.0123522663489,30,-0.000104033948446,30,-7.74323925725e-05,30,-0.000616639852524,30,-0.00197094888426,30,0.0175771135837,30,0.0234448108822,30,0.02338960208,30,0.0141012156382,30,0.000698960386217,2022-06-14
2022-06-14,300,-0.0825918898185,0,36,0.0251198373735,30,0.00549711193889,30,0.0198767911643,30,0.0159530900419,30,0.0131158884615,30,0.0161002706736,30,0.0113369543105,30,0.0113361142576,30,0.00544657325372,30,0.0102047501132,30,-0.0149150872603,2022-06-15
2022-06-15,300,-0.107042982175,0,5,-0.0139747262001,30,0.0020274380222,30,-0.00299373059534,30,0.00375647749752,30,0.0103826699778,30,0.00189520523418,30,-0.00978825706989,30,-0.0121391993016,30,-0.00616139778867,30,-0.00903327669948,30,0.00494144950062,2022-06-16
2022-06-16,300,-0.117709676553,0,3,0.0236068684608,30,0.000657749187667,30,0.0119617823511,30,0.0206152573228,30,0.00622135400772,30,0.00562665844336,30,0.00659070396796,30,0.00845668744296,30,0.00206190138124,30,0.00225174822845,30,-0.0213551202323,2022-06-17
2022-06-17,300,-0.210674864624,0,14,0.00754888867959,30,0.0195626094937,30,0.0104967597872,30,0.0089502595365,30,0.00795028638095,30,0.00291020073928,30,0.0208883415908,30,0.000412909197621,30,-0.0031935593579,30,-0.00125407578889,30,-0.00880296446849,2022-06-20
2022-06-20,300,0.229039934454,0,4,-0.00943538546562,30,-0.00646019587293,30,-0.0060926633887,30,-0.00694179534912,30,0.00135945680086,30,6.66459382046e-05,30,-0.00150205299724,30,0.00179891183507,30,-0.000199900066946,30,0.00271439552307,30,0.0121497809887,2022-06-21
2022-06-21,300,0.172405030521,0,0,-0.00932497344911,30,-0.0259892437607,30,-0.0147673403844,30,-0.0173605903983,30,-0.0178429055959,30,-0.0147419413552,30,-0.0161258168519,30,-0.0152353132144,30,-0.0127704935148,30,-0.0129772424698,30,-0.00365226902068,2022-06-22
2022-06-22,300,-0.122997400517,0,0,0.0157838817686,30,0.0236462820321,30,0.0253088008612,30,0.014027716592,30,0.0205860491842,30,0.0120291607454,30,0.0113837663084,30,0.0163980331272,30,0.0122745633125,30,0.00644392194226,30,-0.00933995982632,2022-06-23
2022-06-23,300,0.0359374712336,0,37,0.000843721616548,30,0.0102529767901,30,0.0110651310533,30,0.00331498775631,30,0.0088292742148,30,0.0120222372934,30,0.00887930579484,30,0.0107652302831,30,0.0171661190689,30,0.00330831995234,30,0.00246459833579,2022-06-24
2022-06-24,300,-0.0519853410796,0,4,0.0120051857084,30,0.00925083924085,30,0.0144909955561,30,0.00942615885288,30,0.0131514016539,30,0.0175969321281,30,0.0145861860365,30,0.012599603273,30,0.00415814341977,30,0.00523266009986,30,-0.00677252560854,2022-06-27
2022-06-27,300,0.0512444205359,0,3,0.00772121734917,30,0.0131334224716,30,0.00834185443819,30,0.0100655434653,30,0.00500733451918,30,0.0106595652178,30,0.0144635085016,30,0.0134542798623,30,0.0106121441349,30,0.00707745365798,30,-0.000643763691187,2022-06-28
2022-06-28,300,0.193443865202,0,23,-0.0124493939802,30,-0.0149293225259,30,-0.023729737848,30,-0.00999121274799,30,-0.0101672094315,30,-0.0161424353719,30,-0.0129273477942,30,-0.00764862122014,30,-0.00932269450277,30,0.00252182874829,30,0.0149712227285,2022-06-29
2022-06-29,300,-0.0773028454929,0,6,0.0104803545401,30,0.0110166752711,30,0.0143744666129,30,0.00941615458578,30,0.0212664585561,30,0.0158725026995,30,0.0166275743395,30,0.0105804661289,30,0.0089173419401,30,0.0050347703509,30,-0.00544558418915,2022-06-30
2022-06-30,300,0.121791181532,0,2,-0.00535089569166,30,-0.00176096952055,30,-0.00527491560206,30,-0.00478265108541,30,-0.00723548512906,30,0.00013242760906,30,-0.00447538308799,30,-0.00236248970032,30,-0.0036352337338,30,-0.00322513375431,30,0.00212576193735,2022-07-01
2022-07-01,300,-0.058158982629,0,3,0.010930178687,30,0.0137092731893,30,0.0105843143538,30,0.0103600425646,30,0.00552898226306,30,0.0125902947038,30,0.0047953943722,30,0.000326830137055,30,0.00686219334602,30,0.00349631905556,30,-0.00743385963142,2022-07-04
2022-07-04,300,0.0481925864524,0,16,0.00295403203927,30,-0.015569162555,30,0.00389015465043,30,-0.00747478427365,30,-0.00849783420563,30,-0.00523474207148,30,8.1410013081e-05,30,-0.00199880008586,30,-0.00993335433304,30,-0.000862145447172,30,-0.00381617748644,2022-07-05
2022-07-05,300,0.0999406658755,0,4,-0.0143119012937,30,-0.0191053748131,30,-0.0144348656759,30,-0.0115557909012,30,-0.00914183631539,30,-0.0128140011802,30,-0.0154963871464,30,-0.0101342005655,30,-0.011539131403,30,-0.0109675051644,30,0.00334439612925,2022-07-06
2022-07-06,300,-0.147832379992,0,0,0.0224106255919,30,0.0122404312715,30,0.010943303816,30,-0.00372930569574,30,0.00549653358757,30,-0.00565963797271,30,-0.000231963393162,30,-0.0027916172985,30,-0.00382447452284,30,-0.000923780607991,30,-0.0233344061999,2022-07-07
2022-07-07,300,0.291290651593,0,6,-0.0183521471918,30,-0.00810722541064,30,-0.00859606266022,30,0.00276370253414,30,-0.000546300434507,30,0.00731790484861,30,0.000179809328984,30,0.00313608255237,30,0.00310650258325,30,0.00229925918393,30,0.0206514063757,2022-07-08
2022-07-08,300,0.232783351866,0,2,-0.0133218113333,30,-0.0233471728861,30,-0.0174196027219,30,-0.0196100994945,30,-0.0224193502218,30,-0.0146785257384,30,-0.0122962994501,30,-0.0134474234655,30,-0.0126315457746,30,-0.0011056602234,30,0.0122161511099,2022-07-11
2022-07-11,300,0.145303989628,0,2,-0.00837257876992,30,-0.00641197757795,30,-0.0182324275374,30,-0.0158191602677,30,-0.0104355728254,30,-0.00950765050948,30,-0.0102754570544,30,-0.0016318638809,30,-0.0101529080421,30,0.00141414802056,30,0.00978672679048,2022-07-12
2022-07-12,300,-0.0740619005785,0,0,-0.00258090882562,30,0.000698127376381,30,0.0120071591809,30,0.00112799799535,30,-0.000379530596547,30,0.0051565845497,30,-0.000673182832543,30,0.00132498738822,30,-0.00184236164205,30,-0.00620199646801,30,-0.00362108764239,2022-07-13
2022-07-13,300,-0.319206052695,0,3,0.00663800258189,30,0.00805242266506,30,0.019302405417,30,0.0109317600727,30,0.00114723050501,30,-0.00280449399725,30,-0.00223571667448,30,-0.00608543958515,30,-0.00948860682547,30,-0.0116271674633,30,-0.0182651700452,2022-07-14
2022-07-14,300,-0.0740746666738,0,3,-0.00968579016626,30,-0.0113383093849,30,-0.0141256209463,30,-0.0234462358057,30,-0.0105580827221,30,-0.0124920820817,30,-0.0169012136757,30,-0.0205359570682,30,-0.0225586947054,30,-0.0155595541,30,-0.00587376393378,2022-07-15
2022-07-15,300,0.206022295828,0,0,0.0140780564398,30,-0.000549604475964,30,0.0113324103877,30,0.00924029946327,30,0.00792088266462,30,0.00783426128328,30,0.0201660357416,30,0.0166891887784,30,0.0163174737245,30,0.0152996936813,30,0.00122163724154,2022-07-18
2022-07-18,300,0.0520235904794,0,24,-0.00155439774971,30,0.00174407556187,30,-0.00431669177487,30,-0.00177735288162,30,0.00100677413866,30,0.000513758277521,30,-0.0102354669943,30,0.00203792448156,30,-0.00156348745804,30,0.00558644114062,30,0.00714083889034,2022-07-19
2022-07-19,300,0.0589149206259,0,8,0.00717574357986,30,0.00187606411055,30,0.00744765205309,30,0.00307524413802,30,0.00899393949658,30,0.00901327375323,30,0.00463318824768,30,0.00501793017611,30,0.00353348255157,30,0.00489639816806,30,-0.00227934541181,2022-07-20
2022-07-20,300,0.0905131354755,0,6,-0.00290244608186,30,-0.0175061244518,30,-0.00808261614293,30,-0.0102441804484,30,-0.0071211992763,30,-0.00947730336338,30,-0.00556709384546,30,-0.0107579845935,30,-0.00333751435392,30,-0.00604489445686,30,-0.003142448375,2022-07-21
2022-07-21,300,0.238671569812,0,0,-0.0116764130071,30,-0.0077045140788,30,-0.00723203411326,30,-0.00443235225976,30,-0.00142803986091,30,-0.00317269563675,30,-0.00704990420491,30,-0.0011660993332,30,0.000803510367405,30,0.00384427118115,30,0.0155206841882,2022-07-22
2022-07-22,300,0.194234881503,0,2,-0.0168469175696,30,-0.0111780203879,30,-0.00707191415131,30,-0.00609034113586,30,-0.00999527145177,30,-0.00477859796956,30,-0.00908116064966,30,-0.00410537514836,30,-0.0052660307847,30,-0.0040839035064,30,0.0127630140632,2022-07-25
2022-07-25,300,-0.0541662083313,0,4,0.00677176518366,30,0.0134175475687,30,0.0109279807657,30,0.00869217514992,30,0.0143318194896,30,0.00635744538158,30,0.00681046070531,30,0.00604600133374,30,0.0072448849678,30,0.00536729907617,30,-0.00140446610749,2022-07-26
2022-07-26,300,0.0668097892623,0,14,-0.00886639393866,30,0.000965573417488,30,0.00328552513383,30,-0.0053089838475,30,0.000164184966707,30,-0.00315913953818,30,0.000450964755146,30,-0.00505588436499,30,-0.00431742658839,30,-0.00483913999051,30,0.00402725394815,2022-07-27
2022-07-27,300,0.170661195079,0,6,-0.00447161402553,30,-0.00184991164133,30,0.00243879365735,30,0.00116517941933,30,-0.00174044573214,30,0.0156029481441,30,0.00205213227309,30,0.00931417942047,30,0.00684395013377,30,0.00223837490194,30,0.00670998892747,2022-07-28
2022-07-28,300,0.15616358903,0,4,-0.0184273254126,30,-0.016617031768,30,-0.0127614475787,30,-0.012245060876,30,-0.0108547331765,30,-0.0194580741227,30,-0.0111295524985,30,-0.0150465751067,30,-0.0111254118383,30,-0.00948657188565,30,0.00894075352699,2022-07-29
2022-07-29,299,-0.260359920067,1,0,0.0107286013663,30,0.0167359411716,30,0.00669433455914,30,0.0166905168444,30,0.00507325539365,30,0.00602589640766,30,0.00312379398383,30,-0.00773745356128,30,-0.00287620234303,30,-0.00506064388901,29,-0.0157892452553,2022-08-01
2022-08-01,299,0.0804025604922,1,6,-0.0145019451156,30,-0.0231828503311,30,-0.0205490533262,30,-0.0269374083728,30,-0.024608977139,30,-0.027429882437,30,-0.0240028761327,30,-0.0268468875438,30,-0.022913178429,30,-0.0132080111653,29,0.00129393395036,2022-08-02
2022-08-02,299,0.175625502374,1,0,-0.0192665047944,30,-0.00650998950005,30,-0.00949054583907,30,0.000863921653945,30,-0.00892637576908,30,-0.00576246390119,30,0.00128236413002,30,-0.00217735976912,30,-0.00376266450621,30,-0.0049170171842,29,0.0143494876102,2022-08-03
2022-08-03,299,0.105031654768,1,0,0.00847463402897,30,0.00636644940823,30,0.0053978045471,30,0.00336475367658,30,0.00575261330232,30,0.00742833036929,30,0.0108404336497,30,0.00962528958917,30,0.0105395596474,30,0.00792102981359,29,-0.000553604215384,2022-08-04
2022-08-04,299,0.000371491245609,1,10,0.0169471930712,30,0.0204437281936,30,0.0137038864195,30,0.0271075312048,30,0.0174225214869,30,0.0157801806927,30,0.018854226917,30,0.0195004828274,30,0.0167696736753,30,0.0182514712214,29,0.0013042781502,2022-08-05
2022-08-05,299,0.0197425920773,1,34,-0.00362247833982,30,-0.00173608853947,30,0.000404065853218,30,-0.000983717036434,30,0.00553709454834,30,0.0035161296837,30,-0.00156083307229,30,-0.00154808559455,30,0.0048428256996,30,-6.40770449536e-05,29,0.00355840129487,2022-08-08
2022-08-08,299,-0.15560167965,1,6,0.00880039576441,30,0.00951116066426,30,0.00876019243151,30,-0.00170133111533,30,-0.00184856855776,30,-0.00283026299439,30,-0.00420728931203,30,-0.00129587447736,30,-0.00360698113218,30,-0.00204484001733,29,-0.0108452357817,2022-08-09
2022-08-09,299,0.229670511621,1,4,-0.0151963178068,30,-0.0119836889207,30,-0.010711396113,30,-0.0106862727553,30,-0.00745786447078,30,-0.0148925129324,30,-0.010750528425,30,-0.00794684886932,30,-0.00411464367062,30,-0.00455737952143,29,0.0106389382854,2022-08-10
2022-08-10,299,0.283643464793,1,0,0.0048554521054,30,0.0127429999411,30,0.0215978510678,30,0.0288576558232,30,0.0181151647121,30,0.0314231216908,30,0.0287158805877,30,0.0241664834321,30,0.0295184608549,30,0.016961183399,29,0.0121057312936,2022-08-11
2022-08-11,299,-0.0580919679659,1,21,0.00127236440312,30,-0.000343672436429,30,-0.00307169766165,30,-0.000439397495938,30,-1.76390003617e-05,30,0.00218429951929,30,0.00160602526739,30,-0.00161332683638,30,-0.000923669314943,30,-0.00545813282952,29,-0.00673049723264,2022-08-12
2022-08-12,299,0.191259386233,1,5,-0.00746838841587,30,-0.00717330956832,30,-0.0125339683145,30,0.00261150207371,30,-0.00861364789307,30,-0.0040626404807,30,0.00065740942955,30,-0.00632025999948,30,0.0069814780727,30,-0.000636413169559,29,0.00683197524631,2022-08-15
2022-08-15,299,0.0185973945488,1,4,0.00052346981829,30,0.000632512557786,30,-0.00458078784868,30,0.00274924631231,30,-0.00423202896491,30,-0.00363798742183,30,-0.0040442305617,30,-0.00601417804137,30,-0.00316434097476,30,-0.000941854086705,29,-0.00146532390499,2022-08-16
2022-08-16,298,0.0695451626829,2,0,0.00848295446485,30,0.00522084441036,30,0.0140484012663,30,0.0057136635296,30,0.0106109138578,29,0.00960584450513,30,0.00612065801397,30,0.0083589553833,30,0.00956444721669,30,0.00702463136986,29,-0.00145832309499,2022-08-17
2022-08-17,299,-0.00969731679593,1,21,-0.00540879368782,30,-0.00540928263217,30,-0.0107984645292,30,-0.00575592927635,30,-0.0097852665931,30,-0.00892394781113,30,-0.0113890869543,30,-0.00577107677236,30,-0.00961817335337,30,-0.00829590205103,29,-0.00288710836321,2022-08-18
2022-08-18,299,0.461623483022,1,0,-0.0188219305128,30,-0.020801031962,30,-0.0126030026004,30,-0.0125615438446,30,0.00288742571138,30,-0.00508104544133,30,-0.0031515697483,30,0.000827536976431,30,0.00561791844666,30,0.00309996772557,29,0.0219218982384,2022-08-19
2022-08-19,299,-0.0236166493401,1,5,0.0018852254143,30,0.0120220622048,30,0.00846653152257,30,0.00845343712717,30,0.00598600925878,30,0.0119936466217,30,0.00832671951503,30,0.0107389073819,30,0.00710363965482,30,0.00185339618474,29,-3.1829229556e-05,2022-08-22
2022-08-22,299,-0.00358972327376,1,12,-0.00257530203089,30,-0.00316244969144,30,-0.0027032813523,30,-0.00137819244992,30,-0.00564823346213,30,-0.00769766746089,30,-0.00774754071608,30,-0.00493315048516,30,-0.00272548594512,30,-0.00446692621335,29,-0.00189162418246,2022-08-23
2022-08-23,299,0.397398925837,1,0,-0.0316754616797,30,-0.032588031143,30,-0.0288489181548,30,-0.019788807258,30,-0.0246575828642,30,-0.0219268463552,30,-0.0184009596705,30,-0.0175557173789,30,-0.0118745760992,30,-0.00600222079083,29,0.0256732408889,2022-08-24
2022-08-24,299,0.189751071805,1,0,0.00255142641254,30,-0.00159097311553,30,0.00545148272067,30,0.00855256896466,30,0.00959011353552,30,0.0134360808879,30,0.00324013223872,30,0.0156313013285,30,0.0130350552499,30,0.00888861250132,29,0.00633718608879,2022-08-25
2022-08-25,300,0.0683117264187,0,16,-0.00373816280626,30,-0.0032361864578,30,-0.00363626470789,30,-0.00292445812374,30,-0.00543182669207,30,-0.00540556712076,30,0.00162504508626,30,-0.0081712147221,30,0.00163572630845,30,0.0022351979278,30,0.00597336073406,2022-08-26
2022-08-26,300,0.128934650329,0,2,-0.00571902375668,30,-0.000576726568397,30,-0.000442067772383,30,-0.00186415715143,30,-0.000624434149358,30,0.00365539593622,30,-0.00475634541363,30,-0.00167249247897,30,-0.00171724159736,30,0.000184059143066,30,0.00590308289975,2022-08-29
2022-08-29,300,0.166888991326,0,16,-0.00258607277647,30,-0.00549466209486,30,-0.00635437946767,30,-0.000794136547484,30,-0.00154711410869,30,-0.00299502420239,30,0.0022190650925,30,0.00312165613286,30,0.000471293926239,30,0.00210377364419,30,0.00468984642066,2022-08-30
2022-08-30,300,0.0148639691811,0,10,0.00374327902682,30,0.00455682259053,30,-0.0073755425401,30,-0.00963352527469,30,-0.00862261094153,30,-0.0120929339901,30,-0.00707756867632,30,0.00824011396617,30,-0.00381811661646,30,0.0043240529485,30,0.000580773921683,2022-08-31
2022-08-31,300,0.162588377271,0,9,-0.013213455677,30,-0.0112418588251,30,-0.00214809575118,30,-0.00418389821425,30,-0.000804080569651,30,-0.00318064680323,30,-0.00943618826568,30,-0.00741897430271,30,-0.00816004443914,30,-0.00229504099116,30,0.0109184146859,2022-09-01
2022-09-01,300,0.141975270274,0,0,-0.0089098373428,30,0.00284676160663,30,-0.000458343827631,30,-0.00336019205861,30,-0.00223942985758,30,-0.00303476839326,30,-0.00556441163644,30,-0.000334155571181,30,-0.00270940270275,30,-0.00146713259164,30,0.00744270475116,2022-09-02
2022-09-02,300,0.0458435510735,0,4,0.002852298785,30,0.00235411524773,30,-0.000857987033669,30,0.00120708940085,30,-0.0074824471958,30,-0.000646628963295,30,0.000378517317586,30,-0.00289762625471,30,-0.00143211288378,30,0.0027783929836,30,-7.39058014005e-05,2022-09-05
2022-09-05,300,-0.0888060900129,0,24,0.00731775956228,30,0.0142062343657,30,0.01359627489,30,0.00995020661503,30,0.0156844370067,30,0.0168692786247,30,0.00969081930816,30,0.0137278614566,30,0.00657345261425,30,0.0063573080115,30,-0.000960451550782,2022-09-06
2022-09-06,300,-0.177285139422,0,9,4.96824577567e-05,30,0.0136726377532,30,0.0118589187041,30,0.00390825886279,30,-0.000925221072976,30,-0.00142644450534,30,-0.00427435431629,30,-0.00063420139486,30,0.00102089846041,30,-0.00744487065822,30,-0.00749455311598,2022-09-07
2022-09-07,300,0.197299481518,0,2,-0.012817915529,30,-0.00359547138214,30,-0.00959479436278,30,-0.00124665896874,30,-0.00407735724002,30,-0.00639670481905,30,0.00141371483915,30,-0.00519297737628,30,-0.00138729019091,30,0.000512170779984,30,0.013330086309,2022-09-08
2022-09-08,300,0.156828823111,0,0,0.00724043836817,30,0.0122408252209,30,0.0084109660238,30,0.00775377359241,30,0.0152348103002,30,0.0229911878705,30,0.0098155522719,30,0.015818413347,30,0.0126348379999,30,0.0101905884221,30,0.00295015005395,2022-09-09
2022-09-09,300,-0.0522587268996,0,8,0.00385227589868,30,-0.00298686232418,30,-0.000908100628294,30,0.0060855448246,30,0.00185884430539,30,0.00662201456726,30,4.56551715615e-05,30,0.00576954474673,30,-0.00235689873807,30,0.00224468903616,30,-0.00160758686252,2022-09-13
2022-09-13,300,2.2666968893e-05,0,0,-0.00792139954865,30,-0.0176811628044,30,-0.00710248528048,30,-0.00678085302934,30,-0.00788962841034,30,-0.0102299749851,30,-0.00911047868431,30,-0.0098021151498,30,-0.0150683382526,30,-0.00822530221194,30,-0.000303902663291,2022-09-14
2022-09-14,300,0.251058605574,0,3,-0.0092073502019,30,-0.0130375763401,30,-0.0270526595414,30,-0.0211852807552,30,-0.0173359904438,30,-0.0163394920528,30,-0.00931137241423,30,-0.00379054341465,30,-0.00110621249769,30,0.00318713393062,30,0.0123944841325,2022-09-15
2022-09-15,300,0.0228138343913,0,4,-0.0255642943084,30,-0.0199664011598,30,-0.0236983653158,30,-0.0272064302117,30,-0.0226458869874,30,-0.0281838197261,30,-0.0232947450131,30,-0.026055784896,30,-0.0286646801978,30,-0.0256973486394,30,-0.000133054330945,2022-09-16
2022-09-16,300,-0.0444064683571,0,2,-0.00155266327783,30,-0.00584665127099,30,8.04384544608e-05,30,-0.00302403559908,30,-0.00186651747208,30,-0.00660135736689,30,-0.0108585059643,30,-0.00465671997517,30,-0.00692896638066,30,-0.00504991831258,30,-0.00349725503474,2022-09-19
2022-09-19,300,0.0479172384367,0,6,-0.000618672347628,30,0.00556787243113,30,0.0071885464713,30,0.003905254649,30,-0.000313715136144,30,-0.000491501879878,30,0.00182638759725,30,-0.00237208604813,30,0.000718712806702,30,0.00276745157316,30,0.00338612392079,2022-09-20
2022-09-20,300,0.320934466627,0,3,-0.0117189483717,30,-0.0082963462919,30,-0.0141130210832,30,-0.0067203999497,30,0.000553969526663,30,-0.0039942660369,30,-0.00549944257364,30,-0.00544968666509,30,0.00213758158498,30,0.00386824994348,30,0.0155871983152,2022-09-21
2022-09-21,300,0.0358767719885,0,2,-0.0118609387428,30,-0.00667731976137,30,-0.0077383001335,30,-0.00478179845959,30,-0.00161492824554,30,-0.0108545143157,30,-0.00466503109783,30,-0.0083226505667,30,-0.00915256328881,30,-0.00988179817796,30,0.0019791405648,2022-09-22
2022-09-22,300,0.0536206327711,0,4,-0.0117883486673,30,-0.00316731538624,30,-0.00289453472942,30,-0.00924532767385,30,-0.00837693177164,30,-0.00692559499294,30,-0.00306707015261,30,-0.00978641677648,30,-0.00758532667533,30,-0.00467697763816,30,0.00711137102917,2022-09-23
2022-09-23,300,-0.273068670839,0,4,-0.00769979739562,30,0.00666093407199,30,0.00146356225014,30,-0.00734701333568,30,-0.00782497320324,30,-0.0177272651345,30,-0.0124314287677,30,-0.0166202187538,30,-0.0205260496587,30,-0.0194927416742,30,-0.0117929442786,2022-09-26
2022-09-26,300,-0.0949127562674,0,0,0.00837018247694,30,0.028405206278,30,0.0194457471371,30,0.0212302226573,30,0.019627507776,30,0.0176160689443,30,0.0172573849559,30,0.02131655626,30,0.0132008176297,30,0.00834544468671,30,-2.47377902269e-05,2022-09-27
2022-09-27,300,0.0330415348137,0,29,-0.0212479606271,30,-0.0161958113313,30,-0.0202702879906,30,-0.0152151798829,30,-0.016907311976,30,-0.0178480222821,30,-0.0186268407851,30,-0.023670649156,30,-0.0224175658077,30,-0.014279153198,30,0.00696880742908,2022-09-28
2022-09-28,300,-0.252396195954,0,0,0.00318989553489,30,3.54170806531e-05,30,0.00144776899833,30,0.00504407100379,30,0.000491495942697,30,0.00202898192219,30,-0.0045767147094,30,-0.00320177874528,30,-0.00887651462108,30,-0.00820188689977,30,-0.0113917824347,2022-09-29
2022-09-29,300,0.375338678821,0,0,-0.0279633179307,30,-0.00592342205346,30,-0.00957068614662,30,-0.00399377942085,30,-0.00782496295869,30,-0.000146236023284,30,-0.00238885288127,30,-3.67005668522e-05,30,0.000610444927588,30,0.0051002879627,30,0.0330636058934,2022-09-30
2022-09-30,300,-0.088673066313,0,2,-0.00429957685992,30,-0.0104608796537,30,-0.0305263735354,30,-0.02126692608,30,-0.0256254374981,30,-0.0285488925874,30,-0.0249716974795,30,-0.0207774024457,30,-0.0278938245028,30,-0.0163192395121,30,-0.0120196626522,2022-10-10
2022-10-10,300,0.133900409574,0,0,-0.0049096387811,30,-0.0122009655461,30,-0.00142556231003,30,0.00936232786626,30,-0.00296203093603,30,-0.00464290566742,30,0.000861515582073,30,0.00133149628527,30,0.00155173346866,30,0.00228021340445,30,0.00718985218555,2022-10-11
2022-10-11,300,-0.00583676718878,0,5,0.0158755723387,30,0.0175814535469,30,0.0349345132709,30,0.0106388311833,30,0.0260217618197,30,0.0193778499961,30,0.0223476290703,30,0.0137600600719,30,0.0224431101233,30,0.0130999209359,30,-0.00277565140277,2022-10-12
2022-10-12,300,-0.09635945821,0,63,-0.00366430869326,30,-0.00198086886667,30,0.00560923013836,30,0.00108103151433,30,4.06742110499e-05,30,0.00478027481586,30,-0.000948520493694,30,-0.00470577459782,30,-0.0085032498464,30,-0.00625087600201,30,-0.00258656730875,2022-10-13
2022-10-13,300,-0.106861424819,0,0,0.0385014042258,30,0.0312604755163,30,0.0232487861067,30,0.0302085764706,30,0.0164416190237,30,0.0204099658877,30,0.0233185682446,30,0.0233317017555,30,0.023171460256,30,0.0102939112112,30,-0.0282074930146,2022-10-14
2022-10-14,300,-0.0899997066575,0,8,0.0124224480242,30,0.00167348585092,30,0.00921929441392,30,0.00589276757091,30,0.0086156046018,30,-0.00072756211739,30,0.00265169935301,30,0.00681484537199,30,0.00428183889017,30,0.000778651214205,30,-0.0116437968099,2022-10-17
2022-10-17,300,0.170831817506,0,0,-0.00511325988919,30,-0.00420577917248,30,-0.00653041200712,30,-0.00545088853687,30,0.000690774118993,30,0.000979995704256,30,0.00220757513307,30,-0.00397558603436,30,0.000336317229085,30,-0.00335726351477,30,0.00175599637441,2022-10-18
2022-10-18,300,0.149541605509,0,0,-0.017829656601,30,-0.0157044548541,30,-0.0119021777064,30,-0.00992050953209,30,-0.011954982765,30,-0.0176957752556,30,-0.0178127344698,30,-0.0155876334757,30,-0.0131856305525,30,-0.0073754270561,30,0.0104542295448,2022-10-19
2022-10-19,300,0.0759142547517,0,0,0.013468477875,30,-0.00700338697061,30,-0.00712824659422,30,-0.00357233872637,30,-0.000520708155818,30,0.00307028694078,30,0.000422465789597,30,0.00164149003103,30,-0.0031007269863,30,0.000856389582623,30,-0.0126120882924,2022-10-20
2022-10-20,300,0.187917315386,0,7,-0.00883372593671,30,-0.0033438403625,30,-0.00175693037454,30,-0.00138906040229,30,-0.000891351723112,30,-0.00421340251341,30,-0.000969316577539,30,0.00417616171762,30,-0.00277547049336,30,0.000997394323349,30,0.00983112026006,2022-10-21
2022-10-21,300,-0.00716808760996,0,4,-0.0166218318045,30,-0.0219802260399,30,-0.020769290626,30,-0.0206296872348,30,-0.0254530012608,30,-0.027386052534,30,-0.0212472137064,30,-0.0267071370035,30,-0.0264014974236,30,-0.0199661664665,30,-0.00334433466196,2022-10-24
2022-10-24,300,0.0842587031871,0,0,0.00346347899176,30,-0.00523479795083,30,-0.00563098397106,30,-0.00155693094712,30,-0.00628998083994,30,-0.00111070077401,30,-0.0068387449719,30,-0.00422670645639,30,-0.00173491833266,30,-0.000817843305413,30,-0.00428132229717,2022-10-25
2022-10-25,299,-0.159726081006,1,2,0.0163332410157,30,0.0152315339074,30,0.0165368486196,30,0.0281982980669,30,0.0183054152876,30,0.0277025736868,30,0.0246117450297,30,0.0111527387053,30,0.00693773431703,30,-0.0033902938012,29,-0.0197235348169,2022-10-26
2022-10-26,299,-0.0240460350751,1,3,0.00152533256914,30,-0.00790700875223,30,-0.00481958175078,30,0.00614636950195,30,-0.00179860391654,30,-0.00164706108626,30,-0.010016059503,30,-0.00239991536364,30,0.00327500910498,30,0.00127696373966,29,-0.000248368829489,2022-10-27
2022-10-27,300,0.0398469129028,0,0,-0.023564118892,30,-0.020319474861,30,-0.029529042542,30,-0.0280384235084,30,-0.0234341211617,30,-0.0300475228578,30,-0.0282410588115,30,-0.0278832279146,30,-0.0277344640344,30,-0.0134541885927,30,0.0101099302992,2022-10-28
2022-10-28,300,0.00771791155506,0,0,-0.00842802319676,30,-0.00130242505111,30,-0.00884397793561,30,-0.00591344432905,30,-0.0133875850588,30,0.00757764372975,30,-0.00413759564981,30,-0.0188606772572,30,-0.0159180071205,30,-0.00446432037279,30,0.00396370282397,2022-10-31
2022-10-31,300,-0.0332504100884,0,4,0.0163771733642,30,0.0298481378704,30,0.031601138413,30,0.0401255041361,30,0.0388739146292,30,0.0434492230415,30,0.0370286628604,30,0.0316865369678,30,0.0248642284423,30,0.0126777486876,30,-0.0036994246766,2022-11-01
2022-11-01,300,-0.129810236108,0,79,0.0111651737243,30,0.0129094319418,30,0.0216900538653,30,0.0180753897876,30,0.0190750062466,30,0.0161222778261,30,0.0114340903237,30,0.0160880181938,30,0.0139754395932,30,0.00761073641479,30,-0.0035544373095,2022-11-02
2022-11-02,300,0.101641154876,0,8,-0.00467534456402,30,-0.00769117288291,30,-0.00432435469702,30,-0.00290160370059,30,-0.00661197723821,30,-0.00665003247559,30,0.00210701627657,30,-0.00342890620232,30,-0.00410437164828,30,-0.0027924797032,30,0.00188286486082,2022-11-03
2022-11-03,300,0.0162144041839,0,2,0.0182661823928,30,0.0330320298672,30,0.0260831601918,30,0.0273711886257,30,0.0310103520751,30,0.0263593271375,30,0.0353227071464,30,0.036896828562,30,0.0251235701144,30,0.0162379387766,30,-0.00202824361622,2022-11-04
2022-11-04,300,-0.101721746994,0,11,0.00726579222828,30,-0.000486556702526,30,0.00487398123369,30,0.00448250351474,30,0.000159511968377,30,0.00623591756448,30,0.00109772488941,30,0.00520377140492,30,0.000704121601302,30,-0.00323910708539,30,-0.0105048993137,2022-11-07
2022-11-07,300,0.193425924854,0,6,-0.011946153827,30,-0.00853824242949,30,-0.00685756793246,30,-0.00607122201473,30,-0.00697972159833,30,-0.00507193198428,30,-0.0090769091621,30,-0.00585477752611,30,-0.00213677692227,30,-0.000321513420204,30,0.0116246404068,2022-11-08
2022-11-08,300,0.162495860947,0,9,-0.00832228455693,30,-0.0081549603492,30,-0.00554330134764,30,-0.00805214885622,30,-0.00991744361818,30,-0.00572995562106,30,-0.00895255245268,30,-0.00193076930009,30,-0.00525764236227,30,-0.00107624137308,30,0.00724604318384,2022-11-09
2022-11-09,300,0.283590922578,0,4,-0.0134238740429,30,-0.00607950473204,30,-0.0147135360166,30,-0.0145133314654,30,-0.0152950165793,30,-0.00631032977253,30,-0.00773303722963,30,-0.00105242733844,30,-0.0018530805828,30,0.000712116539944,30,0.0141359905829,2022-11-10
2022-11-10,300,-0.179977966048,0,10,0.0229176040739,30,0.036989942193,30,0.0274089686573,30,0.0278594084084,30,0.0207641031593,30,0.0228881444782,30,0.023990213871,30,0.0171755682677,30,0.0238621663302,30,0.011272621341,30,-0.0116449827328,2022-11-11
2022-11-11,300,0.0596856909812,0,10,0.0193635020405,30,0.00654207868502,30,-0.00566458282992,30,-0.00883075222373,30,-0.0106069603935,30,-0.00862300768495,30,0.000711021828465,30,0.00337270111777,30,0.0121482070535,30,0.00852866563946,30,-0.010834836401,2022-11-14
2022-11-14,300,-0.0526013034735,0,2,0.0259590502828,30,0.0138815362006,30,0.0190060082823,30,0.0364086292684,30,0.0224811639637,30,0.0181525833905,30,0.0263923611492,30,0.0195058565587,30,0.0120129464194,30,0.0100528262556,30,-0.0159062240273,2022-11-15
2022-11-15,300,0.0661206876413,0,17,-0.00588427390903,30,-0.0108770988882,30,-0.0102501474321,30,-0.00763478083536,30,-0.00642856769264,30,-0.00960625242442,30,-0.00901909265667,30,-0.00660033430904,30,0.000576456368435,30,-0.0060173808597,30,-0.00013310695067,2022-11-16
2022-11-16,300,0.163659930014,0,0,-0.00501013407484,30,-0.00472816824913,30,0.00568906078115,30,0.000666342151817,30,-0.00520985526964,30,-0.000868664181326,30,0.00123363931198,30,0.00221536960453,30,0.000813476217445,30,0.00296999816783,30,0.00798013224266,2022-11-17
2022-11-17,300,0.262576734076,0,26,-0.0131594799459,30,-0.0113547882065,30,-0.00785203557462,30,-0.00316883530468,30,-0.0040094316937,30,-0.00757406745106,30,-0.00210317363963,30,-0.00315487384796,30,-0.00605908827856,30,-0.000809727120213,30,0.0123497528257,2022-11-18
2022-11-18,300,0.121056502976,0,4,-0.00868028216064,30,-0.00832863058895,30,-0.00964483991265,30,-0.0135609805584,30,-0.00811968464404,30,-0.00387780275196,30,-0.00341576547362,30,-0.00804367102683,30,-0.00265085091814,30,-0.00377515750006,30,0.00490512466058,2022-11-21
2022-11-21,300,0.341276837828,0,4,-0.0119825517759,30,-0.00907666329294,30,-0.0042369980365,30,-0.00611119857058,30,-0.00841958541423,30,-0.00510526495054,30,0.00412976928055,30,-0.000829100608826,30,0.00873497966677,30,0.0148833356798,30,0.0268658874556,2022-11-22
2022-11-22,300,0.0081548424491,0,4,-0.000291403121082,30,0.00222945422865,30,6.28650159342e-05,30,-0.00969087239355,30,0.00714837899432,30,0.00424972968176,30,-0.000291462725727,30,-0.00178925995715,30,-0.000429274630733,30,-0.000126504892251,30,0.000164898228832,2022-11-23
2022-11-23,300,0.0715489475395,0,4,-0.00792443938553,30,0.00182889506686,30,-0.000316745048622,30,-0.00618678936735,30,-0.00299241743051,30,-0.00237941136584,30,-0.00443839421496,30,-0.00181419448927,30,-0.00107844476588,30,-0.00356767186895,30,0.00435676751658,2022-11-24
2022-11-24,300,0.27962548452,0,2,-0.000298988830764,30,0.00386495189741,30,-0.0010978798382,30,-0.00695597147569,30,0.00565549312159,30,0.00951848458499,30,0.00287954998203,30,0.00641311192885,30,0.0118194781244,30,0.0111194569618,30,0.0114184457925,2022-11-25
2022-11-25,300,0.119695039532,0,4,-0.0130738057196,30,-0.0156746674329,30,-0.0108175957575,30,-0.0081494031474,30,-0.00761030102149,30,-0.00690018944442,30,-0.00720035424456,30,-0.00690937647596,30,-0.0100344140083,30,-0.0112103996798,30,0.00186340603977,2022-11-28
2022-11-28,300,-0.0536893124102,0,9,0.0225559268147,30,0.0246825236827,30,0.0312899164855,30,0.027288723737,30,0.0271253343672,30,0.0256555322558,30,0.031032582745,30,0.0244934074581,30,0.0208261478692,30,0.0202297382057,30,-0.002326188609,2022-11-29
2022-11-29,300,0.00960693170215,0,17,-0.00243242178112,30,-0.00196811766364,30,0.00456435093656,30,0.00448905443773,30,-0.00122284691315,30,0.00219445629045,30,-0.000607329595368,30,-0.00438379030675,30,0.00324938097037,30,0.00209068064578,30,0.0045231024269,2022-11-30
2022-11-30,300,0.0212950655453,0,15,0.0108528016135,30,0.0090776802972,30,0.00832175370306,30,0.00641956506297,30,0.00594092020765,30,0.0162617545575,30,0.0187686868012,30,0.00691026030108,30,0.00857845973223,30,0.00621701870114,30,-0.00463578291237,2022-12-01
2022-12-01,300,0.159590400291,0,0,-0.0106178466231,30,-0.00589440669864,30,-0.000306248664856,30,-0.00907847099006,30,-0.0118203600869,30,-0.00669613061473,30,-0.0100394068286,30,-0.00500474777073,30,-0.00397607684135,30,0.00023715099087,30,0.0108549976139,2022-12-02
2022-12-02,299,0.0154066143753,1,0,0.0209263134748,30,0.0142463902012,30,0.0200831629336,30,0.0205159150064,30,0.0250636897981,30,0.025118784979,30,0.0173519067466,30,0.0240750871599,30,0.0161288063973,30,0.0180821213871,29,-0.00284419208765,2022-12-05
2022-12-05,299,0.192181413509,1,16,0.000341784965713,30,-0.00512727675959,30,0.00230648508295,30,0.00188364984933,30,0.00173892779276,30,0.009083064273,30,0.00484235305339,30,0.00844474043697,30,0.0111198164523,30,0.00447487644851,29,0.0041330914828,2022-12-06
2022-12-06,299,0.110568859695,1,3,-0.00817559007555,30,-0.00764183001593,30,-0.00386242661625,30,1.87357272807e-05,30,-0.0013195197098,30,-0.00710747437552,30,-0.00603416375816,30,-0.00523507595062,30,-0.00256804632954,30,-0.00201815157197,29,0.00615743850358,2022-12-07
2022-12-07,299,-0.0628495938517,1,3,0.00361067662016,30,0.00599755253643,30,-0.00234294938855,30,-0.00342710013501,30,-0.00435924949124,30,-0.00251891999505,30,-0.00436654686928,30,-0.0017826736439,30,-0.000316957622999,30,-0.00151294679381,29,-0.00512362341397,2022-12-08
2022-12-08,299,-0.124029422589,1,3,0.00824179220945,30,0.0130262160674,30,0.00932153500617,30,0.00808443780988,30,0.0079698106274,30,0.00449008727446,30,0.0051028332673,30,0.0047219991684,30,-0.000398715346819,30,0.000845748814754,29,-0.00739604339469,2022-12-09
2022-12-09,299,0.341882781894,1,21,-0.016021201387,30,-0.0213419720531,30,-0.0200494546443,30,-0.0173615757376,30,-0.0126105230302,30,-0.00731065077707,30,0.00933832768351,30,-0.00320418272167,30,-0.0047665736638,30,-0.00380094908178,29,0.0122202523053,2022-12-12
2022-12-12,299,0.361487154313,1,0,-0.0101601341739,30,-0.0186982117593,30,-0.00939321517944,30,0.00142222642899,30,0.000923534214962,30,0.00315689831041,30,0.000994565081783,30,0.00145775871351,30,0.00661129364744,30,0.00336196925491,29,0.0135221034288,2022-12-13
2022-12-13,299,-0.0632645557735,1,3,-0.000921809696592,30,0.00349614419974,30,0.00430832104757,30,0.00180144305341,30,0.0023206572514,30,-0.000846244918648,30,0.000954635965172,30,-0.00181285734288,30,0.00361755280755,30,-0.000805891817436,29,0.000115917879157,2022-12-14
2022-12-14,299,0.340843718909,1,2,-0.00910583697259,30,-0.00787971820682,30,-0.00705340318382,30,-0.00176806247327,30,-0.00812552217394,30,-0.00221532583237,30,0.00238421768881,30,0.00354817300104,30,0.00329575943761,30,0.00628447951749,29,0.0153903164901,2022-12-15
2022-12-15,299,0.418759365867,1,9,-0.0117585444823,30,-0.0136200906709,30,-0.00294743780978,30,-0.00488943466917,30,0.00613944930956,30,0.00236111879349,30,0.00303127756342,30,0.0074832518585,30,0.00468162121251,30,0.00840745307505,29,0.0201659975573,2022-12-16
2022-12-16,299,0.0831977706295,1,31,-0.0211176089942,30,-0.0188223496079,30,-0.0256440509111,30,-0.0172920450568,30,-0.02485784702,30,-0.0183995477855,30,-0.0202276203781,30,-0.0147761441767,30,-0.0174310449511,30,-0.0152288675308,29,0.00588874146342,2022-12-19
2022-12-19,300,0.291095267879,0,0,-0.0206596665084,30,-0.0186420921236,30,-0.0120483422652,30,-0.016645077616,30,-0.0131020983681,30,-0.014557659626,30,-0.00838938914239,30,-0.00631546555087,30,-0.0088902451098,30,-0.00646507553756,30,0.0141945909709,2022-12-20
2022-12-20,300,0.158871036105,0,0,-0.0117263235152,30,-0.00606251182035,30,0.00365061569028,30,-0.00221130251884,30,-0.000905519700609,30,-0.00176954467315,30,-0.000606449437328,30,-0.000546727562323,30,-0.000802276539616,30,-0.00109598238487,30,0.0106303411303,2022-12-21
2022-12-21,300,-0.113506702494,0,0,0.00119635264855,30,0.00106193230022,30,0.0068072299473,30,0.00587888341397,30,-0.00259138154797,30,-0.00593356881291,30,-0.00344506115653,30,0.00167250831146,30,-0.00757096987218,30,-0.00552586698905,30,-0.0067222196376,2022-12-22
2022-12-22,300,-0.0825272427828,0,0,0.000865503156092,30,0.00403525214642,30,-0.00363950128667,30,-0.00430058222264,30,-0.00110987224616,30,-0.00329112797044,30,-0.00296929688193,30,-0.00417113304138,30,-0.00236245593987,30,-0.00241638813168,30,-0.00328189128777,2022-12-23
2022-12-23,300,0.262148828087,0,2,-0.00126843852922,30,-0.000239741799305,30,-0.00523121375591,30,0.00834838114679,30,0.00634850654751,30,0.0209008455276,30,0.0100036701187,30,0.017644893378,30,0.0100352251902,30,0.00427569169551,30,0.00554413022473,2022-12-26
2022-12-26,300,0.208032455876,0,7,0.0118454750627,30,0.00945469923317,30,0.00692652259022,30,0.00504086213186,30,0.0101070003584,30,0.0106233572587,30,0.0161319971085,30,0.0221327058971,30,0.0157411061227,30,0.0120004573837,30,0.000154982320964,2022-12-27
2022-12-27,300,0.146008884128,0,10,-0.00976356863976,30,-0.00443829316646,30,-0.0111694531515,30,-0.00302514433861,30,-0.00658566365018,30,-0.0043093143031,30,-0.00303067965433,30,-0.0059824087657,30,-0.00335967144929,30,-0.00274495477788,30,0.00701861386187,2022-12-28
2022-12-28,300,0.196835222788,0,3,-0.0063827293925,30,-0.00746346497908,30,-0.00672019505873,30,-0.00332751078531,30,-0.00240166392177,30,-0.000562880421057,30,-0.0032580376137,30,0.00197746348567,30,-0.00346939568408,30,0.0015532891266,30,0.0079360185191,2022-12-29
2022-12-29,300,0.0119110490264,0,2,0.00769529724494,30,0.00233325758018,30,0.00287443399429,30,0.00365355610847,30,0.00390148372389,30,0.00236461753957,30,0.00467186560854,30,0.00091839034576,30,0.000511491321959,30,0.00497821951285,30,-0.00271707773209,2022-12-30
2022-12-30,300,0.227266025108,0,2,0.00270782713778,30,-0.00573678407818,30,0.00201356806792,30,0.00752750225365,30,0.0155058447272,30,0.0124256825075,30,0.00587046565488,30,0.00762271881104,30,0.0112173240632,30,0.0124780479819,30,0.00977022084408,2023-01-03
2023-01-03,300,0.292291296815,0,9,-0.00349640054628,30,-0.00802228227258,30,-0.0053435722366,30,-0.00677469186485,30,0.00056891044369,30,-0.00388357252814,30,0.00341810774989,30,0.00970204081386,30,0.0127409501001,30,0.00293308286928,30,0.00642948341556,2023-01-04
2023-01-04,300,0.100363023908,0,6,0.017721824348,30,0.00902735348791,30,0.00923878513277,30,0.0181926693767,30,0.0186172071844,30,0.0173018239439,30,0.0194616075605,30,0.0161192007363,30,0.0153469918296,30,0.0118231121451,30,-0.00589871220291,2023-01-05
2023-01-05,300,-0.0772505788126,0,8,0.00049913127441,30,0.00579854054376,30,0.000758272421081,30,0.0116748232394,30,0.011539648287,30,0.00664232391864,30,0.00427058525383,30,-0.0063215396367,30,-0.00320805120282,30,-0.000356515258318,30,-0.000855646532727,2023-01-06
2023-01-06,300,-0.0950481187985,0,3,0.0100220721215,30,0.0135104954243,30,0.00217022094876,30,0.0136207500473,30,0.00307090883143,30,0.011983438395,30,0.00452315993607,30,0.00561932334676,30,0.00557399215177,30,0.00306745572016,30,-0.00695461640134,2023-01-09
2023-01-09,300,-0.0862016588633,0,2,-0.00683259544894,30,0.00214999914169,30,0.0030622521881,30,0.00902103353292,30,0.00595684628934,30,0.00298680271953,30,-9.84966754913e-05,30,0.00118666491471,30,-0.00401259865612,30,-0.00476205348969,30,0.00207054195926,2023-01-10
2023-01-10,300,0.274182678882,0,2,-0.0118977027014,30,-0.00405122619122,30,-0.0118950344622,30,-0.00131413538475,30,-0.00838372949511,30,-0.00401401519775,30,0.0012152493,30,0.00141740241088,30,-0.00336102256551,30,0.000367540109437,30,0.0122652428108,2023-01-11
2023-01-11,300,0.0507332457876,0,0,0.00142215087544,30,0.00330899562687,30,-0.00135063333437,30,-0.00173467793502,30,0.000948204600718,30,0.00186980958097,30,0.0010792016983,30,0.00107628700789,30,-0.00017683704209,30,0.00501581840217,30,0.00359366752673,2023-01-12
2023-01-12,300,0.0828531192811,0,8,0.0102729853243,30,0.0079303579405,30,0.00620378460735,30,0.0166176427156,30,0.00780828576535,30,0.0202132221311,30,0.0109134297818,30,0.00961891189218,30,0.014457879588,30,0.0122684482485,30,0.00199546292424,2023-01-13
2023-01-13,300,-0.0479432089278,0,58,0.0088519891724,30,0.0140674533322,30,0.0185651686043,30,0.0168972089887,30,0.0175226386636,30,0.0261892247945,30,0.0186339374632,30,0.0119094634429,30,0.0119171198457,30,0.00723105063662,30,-0.00162093853578,2023-01-16
2023-01-16,300,-0.111544834729,0,2,0.00468606734648,30,0.0035178521648,30,0.00569109106436,30,0.00186269287951,30,-0.00275994930416,30,0.00192158226855,30,0.00267732748762,30,0.00366425304674,30,0.00111166434363,30,-0.00393688492477,30,-0.00862295227125,2023-01-17
2023-01-17,300,0.281736377324,0,5,-0.0101248323917,30,-0.00396593986079,30,-0.00411302642897,30,0.007407119032,30,0.00152453186456,30,-9.8145006632e-05,30,0.00570393400267,30,0.00220024189912,30,0.00120609800797,30,0.00215256609954,30,0.0122773984913,2023-01-18
2023-01-18,300,-0.0708190496695,0,2,0.0077032702975,30,0.0077876704745,30,0.010309394449,30,0.0105112278834,30,0.0150909507647,30,0.0061937472783,30,0.0068693459034,30,0.00703695602715,30,0.00329312076792,30,0.00470863794908,30,-0.00299463234842,2023-01-19
2023-01-19,300,0.0509877178801,0,46,0.0105944816023,30,0.00486554112285,30,0.00399147858843,30,0.00388338370249,30,0.00240105600096,30,0.00717712659389,30,0.00735417194664,30,0.0043852943927,30,0.0117516480386,30,0.0103402892128,30,-0.000254192389548,2023-01-20
2023-01-20,300,0.00723219850494,0,28,-0.000675660383422,30,0.00468494696543,30,0.00211586547084,30,0.00332497549243,30,0.00757312169299,30,0.00769362645224,30,0.00107616186142,30,0.00151121022645,30,0.00405667023733,30,0.00317953829654,30,0.00385519867996,2023-01-30
2023-01-30,300,0.24786349878,0,4,-0.0200808849186,30,-0.0126988235861,30,-0.00208716397174,30,-0.0148039776832,30,-0.00697746267542,30,-0.00822555180639,30,-0.00433177547529,30,-0.00401544570923,30,-0.000769291305915,30,-0.00427497411147,30,0.0158059108071,2023-01-31
2023-01-31,300,-0.0117401419546,0,4,0.00686389999464,30,0.0128700034693,30,0.01775165461,30,0.0107157882303,30,0.0116820121184,30,0.0154914222658,30,0.0128505425528,30,0.0116438511759,30,0.0128813823685,30,0.00963773950934,30,0.0027738395147,2023-02-01
2023-02-01,300,0.0311207582639,0,27,-0.0013667504536,30,0.00161664083134,30,-0.00393519224599,30,-0.00157537462655,30,-0.00160775182303,30,-0.0023219010327,30,-0.000387746084016,30,-0.00166349613573,30,-0.000260698783677,30,-0.000652702641673,30,0.000714047811925,2023-02-02
2023-02-02,300,0.15734371835,0,0,-0.0102319018915,30,-0.00208142399788,30,-0.0101342024282,30,-0.00191212294158,30,-0.0114521663636,30,-0.00939532741904,30,-0.00948461331427,30,-0.0050868531689,30,-0.00429601687938,30,-0.00495127262548,30,0.00528062926605,2023-02-03
2023-02-03,300,0.236365585891,0,4,-0.0113531928509,30,-0.00909664854407,30,-0.0147011335939,30,-0.0129173714668,30,-0.0142163457349,30,-0.013113935478,30,-0.013400006108,30,-0.00958357658237,30,-0.00599859375507,30,-0.00333414878696,30,0.00801904406399,2023-02-06
2023-02-06,300,0.236428484363,0,7,-0.00385586614721,30,3.45448643202e-05,30,0.00314415688626,30,0.00206344528124,30,0.00318861217238,30,0.00507354317233,30,0.00427048793063,30,0.00678654899821,30,0.00606091413647,30,0.00466642761603,30,0.00852229376324,2023-02-07
2023-02-07,300,0.146084745109,0,13,-0.00214919447899,30,-0.00771521916613,30,-0.005472546909,30,-0.00522598624229,30,-0.00426747184247,30,-0.00656053610146,30,-0.000698206829838,30,-0.00347263808362,30,-0.00356153049506,30,-0.00476358551532,30,-0.00261439103633,2023-02-08
2023-02-08,300,-0.00558341956618,0,3,0.014785782434,30,0.0139030395076,30,0.0139444554225,30,0.0168452132493,30,0.0170382149518,30,0.0144422613084,30,0.0164259951562,30,0.0126264635473,30,0.0150335691869,30,0.0069588185288,30,-0.00782696390525,2023-02-09
2023-02-09,300,0.138238487501,0,36,-0.00579674029723,30,-0.00656760530546,30,-0.00567692518234,30,-0.00578734884039,30,-0.00161895353813,30,-0.00672724051401,30,-0.00500843906775,30,-0.00446787290275,30,-0.00328409275971,30,-0.000791927159298,30,0.00500481313793,2023-02-10
2023-02-10,300,-0.0960421091745,0,5,0.0126949930564,30,0.00883352570236,30,0.0103317936882,30,0.0123925842345,30,0.00436212215573,30,0.00829768180847,30,0.00559636345133,30,0.00765863852575,30,0.00821810401976,30,0.00331435212865,30,-0.0093806409277,2023-02-13
2023-02-13,300,0.033376739466,0,6,0.00500778947026,30,-0.00207055616193,30,0.00219372916035,30,0.00197294959798,30,0.00124664907344,30,0.000131044784212,30,0.00201752176508,30,0.00266007776372,30,0.00389990000986,30,0.00213071098551,30,-0.00287707848474,2023-02-14
2023-02-14,300,0.225823365283,0,18,-0.0118670584634,30,-0.00462719611824,30,-0.00246779131703,30,-0.00700198626146,30,-0.00339205656201,30,-0.00161221029703,30,0.00243889680132,30,0.000471587962238,30,-0.00582530908287,30,-0.000112406414701,30,0.0117546520487,2023-02-15
2023-02-15,300,0.280936707575,0,2,-0.0158844999969,30,-0.0111092710868,30,-0.0162336416543,30,-0.011957003735,30,-0.0100229121745,30,-0.0143466675654,30,-0.0108754038811,30,-0.00953439064324,30,-0.0108971735463,30,-0.00379438791424,30,0.0120901120827,2023-02-16
2023-02-16,300,0.346730653794,0,0,-0.0299508329481,30,-0.0117675922811,30,-0.0213361717761,30,-0.0143141029403,30,-0.011507242918,30,-0.0135469492525,30,-0.00783328618854,30,-0.00749222654849,30,-0.00530812144279,30,-0.00396153330803,30,0.0259892996401,2023-02-17
2023-02-17,300,-0.00210535672619,0,0,0.0357931628823,30,0.018928674981,30,0.0250216983259,30,0.0191642921418,30,0.0252678580582,30,0.0184284038842,30,0.0194353554398,30,0.0276285689324,30,0.0294183846563,30,0.0163898952305,30,-0.0194032676518,2023-02-20
2023-02-20,300,0.0310873290964,0,42,0.00999855436385,30,0.00384633545764,30,-0.000491688668262,30,0.00521663017571,30,0.00639006076381,30,0.00115543603897,30,0.00172419543378,30,0.00369064207189,30,0.00836995057762,30,0.00426064711064,30,-0.00573790725321,2023-02-21
2023-02-21,300,0.0883975568543,0,14,-0.0102473851293,30,-0.00875972490758,30,-0.00574381137267,30,-0.00587676186115,30,-0.00341870589182,30,-0.00131501560099,30,-0.00607039127499,30,-0.00762591185048,30,-0.00332453055307,30,-0.00306806177832,30,0.00717932335101,2023-02-22
2023-02-22,300,0.209693360508,0,2,-0.00961261428893,30,-0.0026915888302,30,-0.00253749499097,30,-0.00135764281731,30,0.00121166114695,30,0.000303649896523,30,-0.00112092890777,30,0.000223845243454,30,0.00173778727185,30,0.000969300686847,30,0.0105819149758,2023-02-23
2023-02-23,300,0.242998969988,0,0,-0.0140122054145,30,-0.00673071341589,30,-0.00649705110118,30,-0.011212175712,30,-0.0077199540101,30,-0.0065159201622,30,-0.0110588530079,30,-0.00477866316214,30,-0.00470077805221,30,-0.00410323916003,30,0.00990896625444,2023-02-24
2023-02-24,300,0.114680122354,0,0,-0.00356036820449,30,-0.00535990018398,30,-0.00171927607153,30,-0.0100002391264,30,-0.00781937874854,30,-0.00423714518547,30,-0.003254202893,30,-0.00570856733248,30,-0.00818373356014,30,-0.000745985889807,30,0.00281438231468,2023-02-27
2023-02-27,300,0.136976578194,0,0,0.0062917531468,30,0.00632607517764,30,0.00758949527517,30,0.00856445822865,30,0.00722864083946,30,0.00651097483933,30,0.00582369370386,30,0.00876663345844,30,0.00695325154811,30,0.00928748864681,30,0.00299573550001,2023-02-28
2023-02-28,300,0.0273972143388,0,37,0.00817212834954,30,0.0158465839922,30,0.0129639562219,30,0.00868423003703,30,0.0189071353525,30,0.0157862696797,30,0.00812670588493,30,0.0148377083242,30,0.0103640835732,30,0.00880205631256,30,0.000629927963018,2023-03-01
2023-03-01,300,-0.232741977199,0,27,0.00537882233039,30,-0.00110576546285,30,0.00652698474005,30,0.00481272349134,30,0.00067551335087,30,-0.0018370092148,30,-0.00203961925581,30,-0.00881947856396,30,-0.00553197646514,30,-0.00718152523041,30,-0.0125603475608,2023-03-02
2023-03-02,300,0.104114598572,0,4,0.0016236443771,30,0.00670779356733,30,0.00249422993511,30,0.00114123418462,30,0.00665358314291,30,0.00359684228897,30,0.00290887360461,30,0.00564637593925,30,0.00615642452613,30,0.00329442811199,30,0.00167078373488,2023-03-03
2023-03-03,300,0.217436392262,0,6,-0.00769189978018,30,-0.00754521274939,30,-0.00850635394454,30,-0.00269728899002,30,-0.00913897529244,30,-0.00485634990036,30,0.0031091470737,30,-0.00349761848338,30,0.000844935595524,30,0.0039558452554,30,0.0116477450356,2023-03-06
2023-03-06,300,0.374606203914,0,0,-0.0143023170531,30,-0.0259750504047,30,-0.0203845389187,30,-0.0201987847686,30,-0.0178864300251,30,-0.0135162156075,30,-0.0137738985941,30,-0.0141740757972,30,-0.00874572154135,30,0.000282486289507,30,0.0145848033426,2023-03-07
2023-03-07,300,-0.00922467649413,0,0,0.0025000651367,30,0.00372234778479,30,-0.00362745136954,30,-0.00160203571431,30,-0.00448999227956,30,-0.000627156114206,30,-0.000590660201851,30,-0.00169134931639,30,-0.00163607404102,30,-0.00207821535878,30,-0.00457828049548,2023-03-08
2023-03-08,300,0.0803436767441,0,14,-0.0041488786228,30,0.000422990327934,30,-0.000204348558327,30,-0.00367448921315,30,-0.000417361647123,30,-0.00403878092766,30,-0.00431758165359,30,-0.00202471809462,30,-0.00383420591243,30,-0.00148599746171,30,0.00266288116109,2023-03-09
2023-03-09,300,0.0507754587024,0,2,-0.01268780604,30,-0.0137113090605,30,-0.0183605514467,30,-0.0123816374689,30,-0.0155789852142,30,-0.0143130207434,30,-0.0130134541541,30,-0.0151578364894,30,-0.0118314363062,30,-0.014219282195,30,-0.00153147615492,2023-03-10
2023-03-10,300,-0.0264676682191,0,0,0.0147090870887,30,0.0142418686301,30,0.0126438299194,30,0.00847401004285,30,0.0135724032298,30,0.0181030910462,30,0.0111641725525,30,0.00429310789332,30,0.00450082821772,30,0.00833444204181,30,-0.00637464504689,2023-03-13
2023-03-13,300,0.0984510775119,0,17,-0.00662897434086,30,-0.00936809182167,30,-0.00616213865578,30,-0.00427647633478,30,-0.00688710808754,30,-0.00408252887428,30,-0.00946633052081,30,-0.00535720773041,30,-0.00522858509794,30,-0.00399887980893,30,0.00263009453192,2023-03-14
2023-03-14,300,0.235022715818,0,0,-0.00534911360592,30,-0.00371777405962,30,0.000727746868506,30,0.00071981351357,30,0.00117535388563,30,0.00621101260185,30,0.00606528716162,30,0.00512063317001,30,0.00419720588252,30,0.00479804864153,30,0.0101471622474,2023-03-15
2023-03-15,300,-0.0302836731834,0,0,-0.010946768336,30,-0.0138662792742,30,-0.00836913380772,30,-0.0197046045214,30,-0.0129541354254,30,-0.0174635834992,30,-0.0149162057787,30,-0.0138868270442,30,-0.00986902508885,30,-0.0145011944696,30,-0.00355442613363,2023-03-16
2023-03-16,300,-0.0509267639018,0,0,0.0281089730561,30,0.00972511526197,30,0.00860807299614,30,0.000350366026396,30,0.00276104803197,30,0.00359886488877,30,0.00594347715378,30,0.00284251966514,30,0.00879316497594,30,0.00153937540017,30,-0.0265695976559,2023-03-17
2023-03-17,300,0.0349551715747,0,5,-0.00942643079907,30,0.000186359888176,30,-0.00107505125925,30,-0.00690682139248,30,-0.00696525396779,30,-0.00450813956559,30,-0.00233763852157,30,0.00163774297107,30,-0.00498866848648,30,-0.00436571054161,30,0.00506072025746,2023-03-20
2023-03-20,300,-0.0813260027266,0,0,0.00626827264205,30,0.014415204525,30,0.00912186689675,30,0.0141958314925,30,0.0200272854418,30,0.00354810757563,30,0.0108344275504,30,0.00977077521384,30,0.00518168788403,30,0.00368794589303,30,-0.00258032674901,2023-03-21
2023-03-21,300,0.00713533072091,0,9,0.00380869116634,30,0.00209844112396,30,0.00765969557688,30,0.00979609135538,30,0.00372044439428,30,0.00160671665799,30,0.000759971153457,30,0.00321967015043,30,0.000254307204159,30,0.00561471795663,30,0.00180602679029,2023-03-22
2023-03-22,300,-0.304651965153,0,9,0.0411010496318,30,0.028060125187,30,0.00784869026393,30,0.0120339673012,30,0.0087824864313,30,0.00130262575112,30,0.0094897467643,30,0.00234746723436,30,0.0025881130714,30,0.00187657075003,30,-0.0392244788818,2023-03-23
2023-03-23,300,0.136143024047,0,24,0.00153844163287,30,-0.00457729492337,30,-0.00697584543377,30,-0.00295838504098,30,-0.00495745334774,30,-0.00114126002882,30,-0.002085395623,30,-0.0034154553432,30,0.00193930068053,30,0.0013602176914,30,-0.000178223941475,2023-03-24
2023-03-24,300,0.00317849247502,0,2,0.0127911288291,30,-0.0071606952697,30,-0.00524586858228,30,-0.00479120993987,30,-0.00905100349337,30,-0.00525567121804,30,-0.00757730426267,30,-0.00022426644864,30,3.92854199163e-05,30,-0.00786256790161,30,-0.0206536967307,2023-03-27
2023-03-27,300,0.132458802183,0,5,-0.00358317885548,30,-0.00594961456954,30,-0.0136279501021,30,0.00060724618379,30,-0.00812020711601,30,-0.00846004486084,30,-0.00395378889516,30,-0.00154556229245,30,5.41071094631e-05,30,0.000443420809461,30,0.00402659966494,2023-03-28
2023-03-28,300,-0.0685114829582,0,3,0.00423355121166,30,0.00394051661715,30,-0.000426932179835,30,-0.00192332465667,30,0.00257323984988,30,1.33117036967e-05,30,-0.00320503115654,30,-0.00205188593827,30,0.00424284534529,30,-0.00112530391198,30,-0.00535885512363,2023-03-29
2023-03-29,300,0.121061162703,0,0,-0.00428603682667,30,0.00595622649416,30,0.0027395109646,30,0.0102442521602,30,0.0115781761706,30,0.00720561761409,30,0.00934609398246,30,0.0122390771285,30,0.00639642868191,30,0.00755449943244,30,0.0118405362591,2023-03-30
2023-03-30,300,0.236518487108,0,15,-0.00674125365913,30,-0.00494127068669,30,-0.00160394911654,30,-0.00382437510416,30,0.0161929316819,30,0.0152618568391,30,0.00722485361621,30,0.00165513355751,30,0.00572723941877,30,0.00291117024608,30,0.00965242390521,2023-03-31
2023-03-31,300,-0.217359796262,0,7,0.0482457540929,30,0.023669488728,30,0.0104436175898,30,0.00763637013733,30,0.00292396754958,30,0.0108227990568,30,0.00485963420942,30,0.00311918463558,30,0.0100316759199,30,0.00354767846875,30,-0.0446980756242,2023-04-03
2023-04-03,300,0.00396005456076,0,3,0.00715830922127,30,0.00478236470371,30,0.00356724858284,30,0.00829086080194,30,0.00843417271972,30,-0.00580728845671,30,0.000819464505184,30,0.00859049800783,30,-0.00201241183095,30,0.00334635586478,30,-0.00381195335649,2023-04-04
2023-04-04,300,0.0896707308796,0,11,-0.00531768007204,30,-0.00319597916678,30,0.00639671692625,30,-0.0046638189815,30,0.00312034296803,30,0.0120088811964,30,0.00775998039171,30,-8.95659104572e-05,30,0.00061246752739,30,-7.63416319387e-05,30,0.0052413384401,2023-04-06
2023-04-06,300,0.0874299465313,0,3,0.00646076211706,30,0.00618680333719,30,0.00151165726129,30,0.0145950121805,30,0.0022301832214,30,0.00414548302069,30,0.00676078395918,30,0.0092034144327,30,0.00853416509926,30,0.00540467677638,30,-0.00105608534068,2023-04-07
2023-04-07,300,0.213642703331,0,7,-0.0181578285992,30,-0.0184474401176,30,-0.0127346199006,30,-0.00877012405545,30,-0.00119035446551,30,-0.00209627952427,30,0.00215043616481,30,-0.00235387682915,30,0.0038633167278,30,0.000985374092124,30,0.0191432026913,2023-04-10
2023-04-10,300,0.149938925976,0,3,-5.72522476432e-05,30,0.00165926024783,30,-0.00334739685059,30,-0.00296280975454,30,0.00524519896135,30,0.00228319573216,30,-2.73088608083e-05,30,0.00414943089709,30,0.00456222891808,30,0.00439359759912,30,0.00445084984676,2023-04-11
2023-04-11,300,-0.266458051776,0,17,0.00782762747258,30,0.00881677307189,30,0.0116782365367,30,0.00696035800502,30,0.00167963106651,30,-0.000390726316255,30,-0.00845522247255,30,-0.00684561114758,30,-0.00622118730098,30,-0.00347192888148,30,-0.0112995563541,2023-04-12
2023-04-12,300,0.390401470954,0,2,-0.0291924476624,30,-0.0247293934226,30,-0.0169974602759,30,-0.00144430797081,30,-0.00775392632931,30,-0.00442470703274,30,0.00103860697709,30,-0.0013274907833,30,-0.00154050788842,30,0.00140309729613,30,0.0305955449585,2023-04-13
2023-04-13,300,0.173362437923,0,0,0.000847103190608,30,0.00193462963216,30,0.00251009850763,30,0.0146125201136,30,0.00924398098141,30,0.00823633838445,30,0.01288541127,30,0.00553708476946,30,0.00415695924312,30,0.00688846129924,30,0.00604135810863,2023-04-14
2023-04-14,300,0.22935841693,0,5,0.00527218170464,30,0.00599974999204,30,0.00408928608522,30,0.0125348623842,30,0.00834177713841,30,0.0119540393353,30,0.0122206015512,30,0.017645360902,30,0.0190069768578,30,0.0136959990487,30,0.00842381734401,2023-04-17
2023-04-17,300,-0.165469179673,0,27,0.00730633130297,30,0.00526569085196,30,0.0104638990015,30,0.00421817507595,30,-0.00309480237775,30,0.00125335052144,30,-0.00168092653621,30,-0.00589711684734,30,0.000307889771648,30,0.00199724035338,30,-0.00530909094959,2023-04-18
2023-04-18,300,0.00731520864724,0,0,-0.0104434313253,30,-0.0102134998888,30,-0.0089845340699,30,-0.00821341667324,30,-0.00602724961936,30,-0.0109546165913,30,-0.0153135443106,30,-0.00998720526695,30,-0.00988100189716,30,-0.00931348185986,30,0.00112994946539,2023-04-19
2023-04-19,300,-0.0293163771361,0,0,0.015557859093,30,0.0119389034808,30,-0.00744474725798,30,-0.00448668794706,30,-0.0140772657469,30,-0.00445366092026,30,0.000332727038767,30,-0.00811890792102,30,-0.0116418441758,30,-0.00366281857714,30,-0.0192206776701,2023-04-20
2023-04-20,300,0.372195650704,0,8,-0.0402882955968,30,-0.0312430504709,30,-0.0335297100246,30,-0.0225815717131,30,-0.0202590394765,30,-0.0155264791101,30,-0.0174395740032,30,-0.0141023937613,30,-0.0100256120786,30,-0.0126137118787,30,0.0276745837182,2023-04-21
2023-04-21,300,0.135985023743,0,0,-0.00479600625113,30,-0.0232069771737,30,-0.0184017941356,30,-0.0141213536263,30,-0.0075462879613,30,-0.0145922936499,30,-0.010995388031,30,-0.0117520773783,30,-0.0108471056446,30,-0.0066783009097,30,-0.00188229465857,2023-04-24
2023-04-24,300,0.257955883857,0,0,-0.00866065453738,30,-0.0166824199259,30,-0.023809004575,30,-0.0120810233057,30,-0.0184956416488,30,-0.0123485727236,30,-0.00553728127852,30,-0.00354639883153,30,-0.00474156951532,30,0.00379403633997,30,0.0124546908773,2023-04-25
2023-04-25,300,0.506676014991,0,6,-0.026274735108,30,-0.0141187431291,30,-0.0131136933342,30,-0.00835483241826,30,-0.00411442527547,30,0.00716467481107,30,0.0135863246396,30,0.0111086703837,30,0.0233579874039,30,0.0178010743111,30,0.0440758094192,2023-04-26
2023-04-26,300,0.26083019191,0,2,-0.00111083989032,30,-0.00433335918933,30,-4.67201061838e-05,30,-0.00565692968667,30,0.00614307727665,30,0.00235669012181,30,0.0113689247519,30,0.00857831258327,30,0.0155572611839,30,0.0119267245755,30,0.0130375644658,2023-04-27
2023-04-27,300,0.0560363851172,0,7,0.00425441656262,30,0.0134221231565,30,0.00871046166867,30,0.00917301420122,30,0.0149712599814,30,0.0188180394471,30,0.011616810225,30,0.00820362940431,30,0.00965198874474,30,0.00525471568108,30,0.00100029911846,2023-04-28
2023-04-28,300,0.0575405957453,0,12,0.00183040695265,30,-0.00377813377418,30,-0.0101851979271,30,0.00970508623868,30,-0.000108893713332,30,0.0040157912299,30,0.00434216670692,30,-0.00511441845447,30,-0.00199791579507,30,0.0104829035699,30,0.00865249661729,2023-05-04
2023-05-04,300,-0.141485995191,0,9,0.00417340593413,30,-0.00225323042832,30,-0.00561589980498,30,-0.0142161548138,30,0.000402788311476,30,-0.00710877589881,30,-0.00572552671656,30,-0.0130470115691,30,-0.00787027832121,30,-0.00645841564983,30,-0.010631821584,2023-05-05
2023-05-05,300,0.207839784265,0,0,-0.00240788073279,30,0.0189716853201,30,0.00824919901788,30,0.0118358433247,30,0.00989121198654,30,0.0106737259775,30,0.0101170940325,30,0.0134923793375,30,0.0145557224751,30,0.0215169955045,30,0.0239248762373,2023-05-08
2023-05-08,300,0.0526938025126,0,8,-0.0022860406898,30,-0.0115711232647,30,-0.0130433756858,30,-0.000832357036415,30,-0.00929464679211,30,-0.013916105032,30,-0.0117636201903,30,-0.0128535907716,30,-0.00930875912309,30,-0.000678088283166,30,0.00160795240663,2023-05-09
2023-05-09,300,-0.0130059743126,0,0,-0.00850744079798,30,-0.00906584504992,30,0.00333175668493,30,-0.00657907128334,30,-0.000793999410234,30,-0.00943238567561,30,-0.00590286636725,30,-0.00571810407564,30,-0.00701387319714,30,-0.00941981654614,30,-0.000912375748158,2023-05-10
2023-05-10,300,-0.0230191372811,0,0,0.00157686672173,30,-0.000514278828632,30,0.0021815279033,30,-0.00121336779557,30,-0.00874884147197,30,-0.000528136908542,30,-0.00339567265473,30,-0.00382294855081,30,-0.00210662488826,30,0.00349338841625,30,0.00191652169451,2023-05-11
2023-05-11,300,0.208660685467,0,0,-0.0240734890103,30,-0.0157139189541,30,-0.013260322623,30,-0.014412083663,30,-0.00942798890173,30,-0.0143942516297,30,-0.0174066461623,30,-0.0122098783031,30,-0.0103201707825,30,-0.00951138325036,30,0.01456210576,2023-05-12
2023-05-12,300,-0.0339614775552,0,0,0.0123619874939,30,0.0131389899179,30,0.0230155121535,30,0.0245779510587,30,0.0146569274366,30,0.0132020059973,30,0.0143207572401,30,0.0175882708281,30,0.0121323205531,30,0.00893886107951,30,-0.00342312641442,2023-05-15
2023-05-15,300,-0.0383795310036,0,27,-0.0023869315628,30,-0.00694101070985,30,-0.00314923515543,30,-0.00400444678962,30,-0.00458849454299,30,-0.00736903166398,30,-0.00591381173581,30,-0.00473854551092,30,-0.0081045543775,30,-0.00592698669061,30,-0.00354005512781,2023-05-16
2023-05-16,300,-0.0875034723149,0,0,-0.000257476174738,30,-0.000991161679849,30,0.000505956006236,30,0.0011385420803,30,-0.00623418670148,30,-0.00513200182468,30,-0.00728039350361,30,-0.00498976092786,30,-0.00111763284076,30,-0.0056417840533,30,-0.00538430787856,2023-05-17
2023-05-17,300,-0.158590133153,0,5,0.0058660088107,30,0.00858478900045,30,0.00743608456105,30,-0.00321905012242,30,-0.00482445955276,30,-0.000642724859063,30,-8.99314909475e-05,30,-0.00844581145793,30,-0.00247315177694,30,-0.0050367238,30,-0.0109027326107,2023-05-18
2023-05-18,300,0.0998664540569,0,0,-0.00438106665388,30,-0.000492940365802,30,-0.000797317421529,30,-0.00323340902105,30,-0.00291721220128,30,0.00058587390231,30,-0.000622667896096,30,0.00185315206181,30,-0.00270786276087,30,-0.000610321760178,30,0.0037707448937,2023-05-19
2023-05-19,300,-0.0305468672918,0,2,0.00479711499065,30,0.00717938551679,30,0.00345539255068,30,0.00078722438775,30,0.00331071624532,30,0.00856675673276,30,0.00578175578266,30,0.00036945741158,30,0.00135417585261,30,0.00919832009822,30,0.00440120510757,2023-05-22
2023-05-22,300,-0.0295477076043,0,3,-0.0125205200166,30,-0.0098454002291,30,-0.0112389959395,30,-0.0168210919946,30,-0.0133593678474,30,-0.0192847568542,30,-0.011641365476,30,-0.0109118642285,30,-0.0132598718628,30,-0.0109876152128,30,0.00153290480375,2023-05-23
2023-05-23,300,-0.122365414,0,0,-0.00508612394333,30,-0.0133397998288,30,-0.00903111882508,30,-0.0123563604429,30,-0.0104097090662,30,-0.0132317086682,30,-0.013833723031,30,-0.0144237317145,30,-0.0145892202854,30,-0.0171487517655,30,-0.0120626278222,2023-05-24
2023-05-24,300,-0.172910004482,0,0,0.0127616701648,30,0.00393549213186,30,-0.00065865914803,30,-0.00211268058047,30,-0.0054572862573,30,-0.00156908237841,30,-0.00381986889988,30,-0.00330076809041,30,-0.00261815194972,30,-0.0057764868252,30,-0.01853815699,2023-05-25
2023-05-25,300,-0.113971165452,0,6,0.00585456890985,30,-0.00333959655836,30,0.00485069537535,30,-0.00133667385671,30,0.0082336012274,30,0.00216940254904,30,0.00070508918725,30,-0.00692886905745,30,-0.00279648508877,30,0.00116491515655,30,-0.0046896537533,2023-05-26
2023-05-26,300,-0.126821146726,0,7,-0.00193272030447,30,-0.00516771851107,30,0.000917496276088,30,0.00318829226308,30,0.00405443925411,30,-0.00830540060997,30,-0.00847032666206,30,-0.014947142452,30,-0.00791964307427,30,-0.00220811972395,30,-0.000275399419479,2023-05-29
2023-05-29,300,-0.189606037444,0,3,0.00365850119852,30,0.00318837957457,30,0.0126963239163,30,0.010384593159,30,0.000517773616593,30,-0.00247638416477,30,-0.00125957129057,30,-0.00134111836087,30,-0.00560232019052,30,-0.0062683778815,30,-0.00992687908001,2023-05-30
2023-05-30,300,-0.222276448483,0,14,0.00524946069345,30,0.000574856996536,30,-0.00384712219238,30,-0.00526519631967,30,-0.0085227387026,30,-0.00808581337333,30,-0.00944512058049,30,-0.0100849131122,30,-0.00675842585042,30,-0.0118678016588,30,-0.0171172623523,2023-05-31
2023-05-31,300,0.0944380706494,0,20,-0.0174166467041,30,0.00628706999123,30,0.00664526410401,30,0.00865929294378,30,0.00362463784404,30,0.00272354879417,30,0.00344651937485,30,0.00285401544534,30,-0.00148710806388,30,0.000816645217128,30,0.0182332919212,2023-06-01
2023-06-01,300,0.13463597274,0,2,0.00827080383897,30,0.00723289046437,30,0.0143817225471,30,0.0120488163084,30,0.0166074372828,30,0.0175446793437,30,0.0137312132865,30,0.0157243590802,30,0.0109133599326,30,0.0150034343824,30,0.00673263054341,2023-06-02
2023-06-02,300,0.0227737763845,0,6,-0.00950119271874,30,0.000268495088676,30,-0.00795260444283,30,-0.00298570981249,30,-0.0035679677967,30,0.000637074292172,30,-0.00743168778718,30,-0.00560590438545,30,-0.000142747157952,30,-0.00843460205942,30,0.00106659065932,2023-06-05
2023-06-05,300,-0.136792213309,0,4,-0.0138570861891,30,-0.00531113147736,30,-0.0137375332415,30,-0.0103805344552,30,-0.012248265557,30,-0.0121641838923,30,-0.0118774157017,30,-0.0175820663571,30,-0.0191941019148,30,-0.0135294813663,30,0.000327604822814,2023-06-06
2023-06-06,300,0.247629625585,0,0,-0.0153278810903,30,-0.00922905001789,30,-0.00505338516086,30,-0.00834301672876,30,0.00164393975865,30,-0.00201191892847,30,-0.00963499955833,30,-0.00438544154167,30,-0.000766273355111,30,-0.000240409368416,30,0.0150874717219,2023-06-07
2023-06-07,300,0.120664949906,0,0,0.00333994417451,30,-0.00141877529677,30,0.00731859588996,30,0.00156534311827,30,0.00785992946476,30,0.0102652767673,30,0.0108645418659,30,0.00475391326472,30,0.00326686305925,30,0.0112384818494,30,0.00789853767492,2023-06-08
2023-06-08,300,0.119247171589,0,11,0.00329756131396,30,0.00537412147969,30,0.0106370132416,30,0.00656609935686,30,0.00779295153916,30,0.0036266266834,30,0.0124377729371,30,0.00374930701219,30,0.0089363893494,30,0.0080906432122,30,0.00479308189824,2023-06-09
2023-06-09,300,0.0886208377753,0,39,-0.00596029963344,30,0.00539316330105,30,-0.000387662643334,30,0.00537678785622,30,0.00869114417583,30,0.00434483680874,30,0.00377590255812,30,0.0105336764827,30,0.0035848596599,30,-0.0029313841369,30,0.00302891549654,2023-06-12
2023-06-12,300,-0.0732457448012,0,3,0.0102966809645,30,0.0115681169555,30,0.00701855821535,30,0.000244071081397,30,0.0111524583772,30,0.00382089009508,30,0.00331460428424,30,0.000993313384242,30,0.00367799797095,30,0.00109450623859,30,-0.00920217472594,2023-06-13
2023-06-13,300,-0.180135483576,0,9,0.000178974863957,30,0.0108448425308,30,0.00141348445322,30,0.00112550065387,30,0.00247320323251,30,-0.00158269808162,30,-0.00828971900046,30,-0.00254942965694,30,-0.00134413642809,30,-0.00410158419982,30,-0.00428055906377,2023-06-14
2023-06-14,300,0.13507958175,0,0,0.00560421543196,30,0.0119662825018,30,0.0121667329222,30,0.0164344795048,30,0.0178405232728,30,0.0207581147552,30,0.015587599948,30,0.0186090189964,30,0.0228897985071,30,0.0101319216192,30,0.00452770618722,2023-06-15
2023-06-15,299,-0.0334895840968,1,22,0.00873397570103,30,0.00978295784444,30,0.00858973246068,30,0.00673342356458,30,0.0051712077111,30,0.00693337107077,30,0.0167740471661,30,0.0117874955758,30,0.00745687680319,30,0.00787826068699,29,-0.00085571501404,2023-06-16
2023-06-16,299,-0.153237376565,1,10,0.00955419335514,30,0.00135206384584,30,-0.00124832196161,30,0.00310249533504,30,-0.00870145577937,30,-0.00837309379131,30,-0.00749846873805,30,-0.00754195870832,30,-0.00593340583146,30,-0.00799923948944,29,-0.0175534328446,2023-06-19
2023-06-19,299,-0.122359591731,1,2,0.00971670355648,30,0.0041406690143,30,0.00311429495923,30,0.00032197436667,30,-0.0110896704718,30,-0.00411532307044,30,-0.00196780567057,30,-0.00456821313128,30,-0.00535756349564,30,-0.00611563166603,29,-0.0158323352225,2023-06-20
2023-06-20,299,0.3153639174,1,2,-0.0326615609229,30,-0.0227946564555,30,-0.0171268861741,30,-0.0198143068701,30,-0.0176015384495,30,-0.0176527798176,30,-0.0114126447588,30,-0.0107833603397,30,-0.0102965254337,30,-0.00766295613721,29,0.0249986047857,2023-06-21
2023-06-21,299,0.0249215617704,1,0,-0.0321416184306,30,-0.00444608321413,30,-0.0094088120386,30,-0.0103862369433,30,-0.0109097482637,30,-0.0138723729178,30,-0.0123594459146,30,-0.0092051923275,30,-0.0135792829096,30,-0.0132877398282,29,0.0188538786024,2023-06-26
2023-06-26,300,0.22944527427,0,0,0.00463706860319,30,0.00784694962204,30,0.0119006736204,30,0.0120353940874,30,0.00906858034432,30,0.019365157932,30,0.0126348733902,30,0.0211636424065,30,0.0134575506672,30,0.0102896410972,30,0.005652572494,2023-06-27
2023-06-27,300,0.138214026305,0,8,-0.00302313570864,30,-0.00663226656616,30,-0.00852907914668,30,-0.000255147606367,30,-0.00395083427429,30,-0.000785613083281,30,0.00848360080272,30,-0.0014967659954,30,-0.000334034353727,30,0.0030292829033,30,0.00605241861194,2023-06-28
2023-06-28,300,-0.050692474702,0,7,-0.00090966623975,30,-0.00134002766572,30,-0.000854965066537,30,-0.00202541938052,30,0.000389591848943,30,-0.00230504083447,30,-0.0100647155195,30,-0.0082759577781,30,-0.00465189805254,30,-0.00148983194958,30,-0.000580165709835,2023-06-29
2023-06-29,300,0.113185802196,0,0,0.00544456625357,30,0.010645205155,30,0.00340804457664,30,0.00673820171505,30,0.0047406652011,30,0.018685137853,30,0.0086401225999,30,0.0051807067357,30,0.00917996186763,30,0.00873004365712,30,0.00328547740355,2023-06-30
2023-06-30,300,0.217067769316,0,2,0.00903330650181,30,-0.000854182231706,30,0.00418179435655,30,0.00731729669496,30,0.0170152261853,30,0.0190854929388,30,0.017119416967,30,0.0177179835737,30,0.0144281629473,30,0.0166066028178,30,0.00757329631597,2023-07-03
2023-07-03,300,-0.00579514387794,0,4,0.00419086404145,30,0.0013335426338,30,0.00657235179096,30,0.00253021926619,30,-0.00454610772431,30,0.000785481941421,30,0.00464932341129,30,0.00626565422863,30,0.00164199073333,30,0.00519749941304,30,0.0010066353716,2023-07-04
2023-07-04,300,0.326222015074,0,6,-0.0123711666092,30,-0.0123489359394,30,-0.0107735041529,30,-0.0101579185575,30,-0.00286398129538,30,-0.00785397458822,30,-0.00354066281579,30,-0.00251365895383,30,-0.00542650232092,30,0.00196532998234,30,0.0143364965916,2023-07-05
2023-07-05,300,0.14319337196,0,0,-0.0096759935841,30,-0.00673048291355,30,-0.0018794775242,30,-0.00642675347626,30,-0.00820196047425,30,-0.011000065133,30,-0.00339170498773,30,-0.00635443348438,30,-0.00315445056185,30,-0.00202826061286,30,0.00764773297124,2023-07-06
2023-07-06,300,0.341904549682,0,0,-0.00808010902256,30,-0.0133181056008,30,-0.00745041156188,30,-0.00501851830631,30,-0.0023702243343,30,-0.00826333183795,30,0.00150230131112,30,0.00195931200869,30,0.000141863027238,30,0.00204860162921,30,0.0101287106518,2023-07-07
2023-07-07,300,0.194578567579,0,0,-0.00682840961963,30,0.00268098921515,30,0.00284436740912,30,0.00234523811378,30,0.0118075367063,30,0.00323128094897,30,0.0125373341143,30,0.0100042922422,30,0.012475643307,30,0.00747482199222,30,0.0143032316118,2023-07-10
2023-07-10,300,0.0849626455347,0,3,0.00316645903513,30,0.00218306179158,30,0.0075893481262,30,0.0145172392949,30,0.00557323498651,30,0.00613979902118,30,0.00711547536775,30,0.00629423046485,30,0.00346453185193,30,0.00806813593954,30,0.00490167690441,2023-07-11
2023-07-11,300,0.093967572356,0,12,-0.00874075107276,30,-0.00954829435796,30,-0.0179256312549,30,-0.00691182212904,30,-0.0061686495319,30,-0.00424125790596,30,-0.00392695050687,30,-0.00518504204229,30,-0.0044292230159,30,-0.0073052146472,30,0.00143553642556,2023-07-12
2023-07-12,300,0.0513592601515,0,0,0.00784895196557,30,0.0221239700913,30,0.0147522725165,30,0.0155441360548,30,0.0178490746766,30,0.0120523730293,30,0.0139186121523,30,0.0131617961451,30,0.0116259334609,30,0.0128890490159,30,0.00504009705037,2023-07-13
2023-07-13,300,-0.221640623947,0,18,0.00531778717414,30,0.00490684295073,30,0.00480957049876,30,0.0025354444515,30,-0.00716419238597,30,0.000272862118436,30,-0.00576607789844,30,-0.00235336227342,30,-0.00529114622623,30,-0.00411387486383,30,-0.00943166203797,2023-07-14
2023-07-14,300,0.0895229811503,0,3,-0.00916608981788,30,-0.00614746613428,30,-0.0070624826476,30,-0.00161851244047,30,-0.0103138005361,30,-0.00268264603801,30,-0.00362679758109,30,-0.00333106517792,30,-0.00718209752813,30,-0.00185230374336,30,0.00731378607452,2023-07-17
2023-07-17,300,0.0645523654046,0,12,-0.00330209126696,30,0.000478269648738,30,-0.00345468125306,30,-0.00203283224255,30,-0.00023743310885,30,-0.00358493323438,30,-0.000741092371754,30,0.00161580042914,30,-0.00104900007136,30,-0.0032888611313,30,1.32301356643e-05,2023-07-18
2023-07-18,300,0.130791367866,0,5,-0.00269370083697,30,-0.00289947586134,30,0.0035368243698,30,0.00106012425385,30,-0.00623804144561,30,-0.00160585239064,30,-0.00168839294929,30,-0.00173243682366,30,0.000581703556236,30,0.00305751757696,30,0.00575121841393,2023-07-19
2023-07-19,300,0.0230028780337,0,18,-0.00619632191956,30,-0.0062048016116,30,-0.0066177607514,30,-0.016891123727,30,-0.00838163495064,30,-0.0155302025378,30,-0.0090240817517,30,-0.00830004457384,30,-0.00815468467772,30,-0.00262557272799,30,0.00357074919157,2023-07-20
2023-07-20,300,0.295588307758,0,0,-0.00825266819447,30,-0.00349332694896,30,-0.00212412676774,30,-0.00338623323478,30,-0.000112962719868,30,0.0040758647956,30,0.000351637601852,30,0.00298926024698,30,0.0022321541328,30,0.00251017999835,30,0.0107628481928,2023-07-21
2023-07-21,300,0.0255077890214,0,4,-0.00408628769219,30,0.00200621876866,30,-0.0062231104821,30,-0.00335029372945,30,-0.00580683955923,30,-0.0052509107627,30,-0.00302193360403,30,-0.00535775441676,30,-0.00321575603448,30,-0.00289516244084,30,0.00119112525135,2023-07-24
2023-07-24,300,0.185824612398,0,2,0.00840458832681,30,0.015603502281,30,0.0253800023347,30,0.0386353321373,30,0.0280978195369,30,0.0359098538756,30,0.0353603512049,30,0.0213058106601,30,0.0277172904462,30,0.0247216690332,30,0.0163170807064,2023-07-25
2023-07-25,300,0.0560502534554,0,16,0.00319765601307,30,-0.00296703982167,30,-0.00415519857779,30,-0.00452827988192,30,-0.00857429858297,30,-0.0017939209938,30,0.00136641657446,30,0.00245779752731,30,0.0019925753586,30,-0.000371680653188,30,-0.00356933666626,2023-07-26
2023-07-26,300,0.0215668992738,0,3,-0.0040186624974,30,0.000245334696956,30,0.000545501708984,30,-0.00424265861511,30,-0.0045388401486,30,-0.0044193030335,30,-0.00393665255979,30,-0.00241400394589,30,-0.00163520174101,30,-0.000154532986926,30,0.00386412951048,2023-07-27
2023-07-27,300,0.0303692263247,0,0,0.0288059897721,30,0.0153317535296,30,0.0235817544162,30,0.0118088386953,30,0.0199382305145,30,0.021800737828,30,0.0190462060273,30,0.0270708240569,30,0.024780491367,30,0.0175527650863,30,-0.0112532246858,2023-07-28
2023-07-28,300,-0.0628020805378,0,11,0.0173745397478,30,0.00342920213006,30,0.00357906427234,30,0.0013809959637,30,0.00630070781335,30,0.00785359926522,30,0.0104446653277,30,0.00408765068278,30,0.00550199160352,30,0.00618207873777,30,-0.0111924610101,2023-07-31
2023-07-31,300,0.0861922369434,0,4,-0.00345939793624,30,-0.00262003345415,30,0.00159976875875,30,-0.00379074621014,30,0.000317800033372,30,-0.00586868124083,30,-0.00525745563209,30,-0.00447589950636,30,-0.00228845467791,30,0.00220588454977,30,0.00566528248601,2023-08-01
2023-08-01,300,-0.0476915794714,0,5,-0.00621524034068,30,-0.00422811089084,30,-0.00992394890636,30,-0.000421480333898,30,-0.00833457708359,30,-0.00540658226237,30,-0.00657060742378,30,-0.00713925156742,30,-0.00394857535139,30,-0.00952973403037,30,-0.00331449368969,2023-08-02
2023-08-02,300,0.0373573869875,0,0,0.0081079043448,30,0.00855292100459,30,0.0130557296798,30,0.00944887567312,30,0.00917198695242,30,0.010163847357,30,0.00924944318831,30,0.00434332108125,30,0.00738060474396,30,0.00755601935089,30,-0.000551884993911,2023-08-03
2023-08-03,300,0.0914017681142,0,15,-0.000361746555427,30,0.00421176338568,30,0.00410766014829,30,0.00111493468285,30,0.0031168658752,30,-0.000412253546529,30,0.00330912065692,30,0.0067389649339,30,0.0103319566697,30,-0.000660300254822,30,-0.000298553699395,2023-08-04
2023-08-04,300,0.0404601605206,0,0,-0.00682134833187,30,-0.003028601408,30,-0.01433432661,30,-0.0102572245523,30,-0.0100546693429,30,-0.00889015011489,30,-0.00653900299221,30,-0.0126673877239,30,-0.00527788605541,30,-0.00488185882568,30,0.00193948950619,2023-08-07
2023-08-07,300,-0.0269448486174,0,0,0.000652619230095,30,-0.00281319231726,30,-0.00513547472656,30,-0.00195287668612,30,-0.00595297617838,30,-0.00084800919285,30,-0.00611481070518,30,-0.00376473064534,30,-0.00388320488855,30,-0.00143159623258,30,-0.00208421546267,2023-08-08
2023-08-08,300,-0.00964437252641,0,0,-0.00558989821002,30,-0.00521327648312,30,0.00488629331812,30,-0.00336450547911,30,-0.00795605219901,30,-0.00261092395522,30,-0.00537724513561,30,-0.0067126872018,30,-0.00397991156206,30,-0.00386505317874,30,0.00172484503128,2023-08-09
2023-08-09,300,0.227609673701,0,2,0.00161675608251,30,0.00185821647756,30,0.000409919011872,30,0.00583739858121,30,0.00608851900324,30,0.0011358539341,30,0.00930319260806,30,0.00926564726979,30,0.0081052146852,30,0.00673682894558,30,0.00512007286306,2023-08-10
2023-08-10,300,0.262453805375,0,11,-0.0354099646211,30,-0.0253972392529,30,-0.0201394893229,30,-0.0207874700427,30,-0.0241540186107,30,-0.019289681688,30,-0.0217591896653,30,-0.0198131483048,30,-0.0193221867085,30,-0.0182124264538,30,0.0171975381672,2023-08-11
2023-08-11,300,0.0797160741988,0,0,-0.00868364609778,30,-0.00293751363643,30,-0.0030320584774,30,-0.00687997927889,30,-0.00243335566483,30,-0.00643793167546,30,-0.00487443199381,30,-0.00745637016371,30,-0.0035106241703,30,-0.00506972288713,30,0.00361392321065,2023-08-14
2023-08-14,300,0.156015444748,0,3,-0.0117162708193,30,-0.00697704730555,30,-0.00518165435642,30,-0.00697892112657,30,-0.000186777120689,30,-0.00130503973924,30,-0.00132645363919,30,-0.00899625197053,30,-0.00716714654118,30,0.000109918910312,30,0.0118261897296,2023-08-15
2023-08-15,300,-0.252656070844,0,5,-0.00120378925931,30,-0.00204739975743,30,-0.00572038302198,30,-0.00635630311444,30,-0.0112817073241,30,-0.0158955957741,30,-0.0134339369833,30,-0.012829891406,30,-0.0109084388241,30,-0.00650756340474,30,-0.00530377414543,2023-08-16
2023-08-16,300,0.230839011656,0,0,-0.00133062794339,30,-1.28626825244e-05,30,0.00251515302807,30,-0.000689355540089,30,0.00438681663945,30,0.00373566942289,30,0.00757961487398,30,0.00587929692119,30,0.00401128130034,30,0.012333098799,30,0.0136637267424,2023-08-17
2023-08-17,300,0.316855771566,0,6,-0.0190598834306,30,-0.0149816516787,30,-0.0173004362732,30,-0.0158536955714,30,-0.0136517826468,30,-0.0162750817835,30,-0.015124225989,30,-0.00641278829426,30,-0.0120297884569,30,-0.000495594751555,30,0.018564288679,2023-08-18
2023-08-18,300,0.152248870431,0,0,-0.0190871972591,30,-0.013210715726,30,-0.0176265221089,30,-0.0150684630498,30,-0.0133458934724,30,-0.0164451785386,30,-0.0120383165777,30,-0.0132679343224,30,-0.0157197155058,30,-0.0106769027188,30,0.00841029454023,2023-08-21
2023-08-21,300,-0.0691075881013,0,0,0.0115837967023,30,0.0101659977809,30,0.00210386305116,30,0.00593950925395,30,0.00991149526089,30,-0.000545144081116,30,0.0119084818289,30,0.00737515697256,30,0.00566873373464,30,0.00318829412572,30,-0.0083955025766,2023-08-22
2023-08-22,300,0.0953061081182,0,9,-0.019185828045,30,-0.020797720179,30,-0.0162929072976,30,-0.017653292045,30,-0.0147208413109,30,-0.0194276459515,30,-0.0202912222594,30,-0.0152982929721,30,-0.0209045037627,30,-0.0152643583715,30,0.00392146967351,2023-08-23
2023-08-23,300,-0.0900995737165,0,0,0.0064153354615,30,0.0134530859068,30,0.0030106047634,30,0.00911273714155,30,-0.000297713268083,30,0.00499212322757,30,0.00209527020343,30,0.00421639857814,30,0.00173653557431,30,0.000309501105221,30,-0.00610583435628,2023-08-24
2023-08-24,300,0.193578366507,0,0,-0.00917384400964,30,-0.00940219592303,30,-0.0140673201531,30,-0.0100364526734,30,-0.00885698013008,30,-0.0111113768071,30,-0.000977098941803,30,-0.00725818099454,30,-0.0023347674869,30,0.00338697223924,30,0.0125608162489,2023-08-25
2023-08-25,300,-0.0700683652344,0,0,0.013317797333,30,0.0142165021971,30,0.00793914590031,30,0.0166930668056,30,0.0118367886171,30,0.0093389749527,30,0.0184091553092,30,0.00853745546192,30,0.00430200295523,30,0.0110287107527,30,-0.00228908658028,2023-08-28
2023-08-28,300,-0.275072556524,0,0,0.02225757204,30,0.0188947264105,30,0.017859749496,30,0.0182313024998,30,0.0119605660439,30,0.0096293548122,30,0.00859760399908,30,0.0118077341467,30,0.00837136339396,30,0.00250847730786,30,-0.0197490947321,2023-08-29
2023-08-29,300,-0.294382886657,0,6,0.0120225409046,30,0.00787714682519,30,0.0052443803288,30,0.00112768809777,30,4.89830963488e-05,30,-0.00470868172124,30,-0.00239346828312,30,-0.000913455092814,30,-0.00678513851017,30,-0.00588323082775,30,-0.0179057717323,2023-08-30
2023-08-30,300,0.0813704487514,0,0,-0.00770892715082,30,-0.00768356304616,30,-0.0142180742696,30,-0.00865499582142,30,-0.00499517517164,30,-0.00745746307075,30,-0.00850129965693,30,-0.00722361588851,30,-0.00288007059135,30,-0.00339758186601,30,0.0043113452848,2023-08-31
2023-08-31,300,0.389790796077,0,2,0.000239509347011,30,-0.0053768735379,30,-0.00100285804365,30,0.00557319913059,30,0.00861053634435,30,0.00469786114991,30,0.0123270945624,30,0.0116922957823,30,0.0152424592525,30,0.011600131169,30,0.011360621822,2023-09-01
2023-09-01,300,-0.135309755733,0,0,0.0221480354667,30,0.0144320847467,30,0.0136911608279,30,0.0137543519959,30,0.0207057576627,30,0.0178553443402,30,0.0059614260681,30,0.0143353901803,30,0.0121469879523,30,0.00655422406271,30,-0.015593811404,2023-09-04
2023-09-04,300,0.0350676082079,0,17,-0.00558589119464,30,-0.00622362084687,30,-0.00404271064326,30,-0.0102730356157,30,-0.0110397040844,30,-0.0052834530361,30,-0.00442143855616,30,-0.00408058380708,30,-0.00745022716001,30,-0.00532436789945,30,0.000261523295194,2023-09-05
2023-09-05,300,0.177953882858,0,0,-0.0038079759106,30,-0.00778602343053,30,-0.00625262642279,30,-0.00424748053774,30,0.000697743904311,30,0.00170448620338,30,-0.0016802867176,30,-0.00342053780332,30,-0.000618151796516,30,-0.000839932763483,30,0.00296804314712,2023-09-06
2023-09-06,300,0.210695394538,0,4,-0.019654603675,30,-0.0172347109765,30,-0.0192173216492,30,-0.0142755294219,30,-0.0135863544419,30,-0.0110130961984,30,-0.0154476463795,30,-0.0162318106741,30,-0.0100137349218,30,-0.00889713782817,30,0.0107574658468,2023-09-07
2023-09-07,300,-0.0116691638828,0,0,-0.00325216446072,30,-0.0079738991335,30,0.00281383981928,30,-0.00482569914311,30,-0.00111477577593,30,-0.00439227838069,30,-0.0027284224052,30,-0.00541613483801,30,-0.00539848208427,30,-0.00349059095606,30,-0.000238426495343,2023-09-08
2023-09-08,300,0.113595594544,0,0,0.00329400110058,30,0.00898855086416,30,0.00789099093527,30,0.00772005133331,30,0.0117382053286,30,0.00964002218097,30,0.00840157084167,30,0.0109532121569,30,0.0114993993193,30,0.00780273694545,30,0.00450873584487,2023-09-11
2023-09-11,300,0.0164061791764,0,0,-0.000729630410206,30,-0.000106386345578,30,-0.000841955363285,30,-0.00134436890949,30,-0.00401766085997,30,-0.00410885224119,30,-0.00252787675709,30,-4.32928391092e-06,30,0.00113029277418,30,-0.000375600648113,30,0.000354029762093,2023-09-12
2023-09-12,300,0.226292494241,0,6,-0.00781565066427,30,-0.011206028983,30,-0.0121572874486,30,-0.012794601731,30,-0.00852062087506,30,-0.00654174480587,30,-0.012037971057,30,-0.00301887001842,30,-0.00306690926664,30,-0.00314517412335,30,0.00467047654092,2023-09-13
2023-09-13,300,0.104976287968,0,3,0.00562816439196,30,-0.00436808681116,30,-0.00756289344281,30,-0.00373672042042,30,-0.00347385811619,30,-0.0039099692367,30,-0.00189299986232,30,0.000416998082073,30,-0.00259396038018,30,0.00420146388933,30,-0.00142670050263,2023-09-14
2023-09-14,300,-0.0666693334048,0,7,-0.00244333944283,30,-0.00198141741566,30,-0.00484254350886,30,-0.00583747820929,30,0.00230016116984,30,-0.00852606259286,30,-0.00755272107199,30,-0.00467674341053,30,-0.0066885035485,30,-0.00465458445251,30,-0.00221124500968,2023-09-15
2023-09-15,300,0.0748889339113,0,5,-0.00279153580777,30,0.00366613059305,30,0.00679682474583,30,0.003156962106,30,0.00301581411622,30,0.0044220527634,30,0.00468283705413,30,0.00430159177631,30,0.00536559615284,30,0.000563353300095,30,0.00335488910787,2023-09-18
2023-09-18,300,0.0710380206403,0,6,-0.00128584506456,30,-0.00273670745082,30,-0.00364941568114,30,-0.00413052225485,30,-0.00839498825371,30,-0.00428261933848,30,-0.00393234891817,30,-0.00490473909304,30,-0.00181481044274,30,0.00272444682196,30,0.00401029188652,2023-09-19
2023-09-19,300,-0.171103462427,0,15,-0.00192174711265,30,-0.0011271078838,30,-0.0059331478551,30,-0.0054052551277,30,-0.00590903777629,30,-0.00345207261853,30,-0.00648001255468,30,-0.00812838878483,30,-0.00449445052072,30,-0.00569388270378,30,-0.00377213559113,2023-09-20
2023-09-20,300,-0.0455473756372,0,0,-0.00488492427394,30,-0.00653271283954,30,-0.00773150520399,30,-0.00664813537151,30,-0.00703360233456,30,-0.007922494784,30,-0.0107799749821,30,-0.0080484803766,30,-0.00926331058145,30,-0.00701968092471,30,-0.00213475665078,2023-09-21
2023-09-21,300,0.000427783006237,0,0,0.0170448180288,30,0.0171239543706,30,0.0159425865859,30,0.0100719118491,30,0.0129608474672,30,0.0165190752596,30,0.0158954504877,30,0.0167944096029,30,0.0150660015643,30,0.0116108218208,30,-0.00543399620801,2023-09-22
2023-09-22,300,0.318000966447,0,31,-0.0119901737198,30,-0.00576178450137,30,-0.00915500149131,30,-0.0128566045314,30,-0.00670214509591,30,-0.00627192249522,30,-0.00822915229946,30,-0.0016123453388,30,0.000695989525411,30,0.00199457001872,30,0.0139847437385,2023-09-25
2023-09-25,300,-0.0594138815587,0,0,-0.000231955447816,30,-0.00773461069912,30,-0.00109885330312,30,-0.00480869226158,30,-0.0047696926631,30,-0.00662053050473,30,-0.00738754263148,30,-0.00619035540149,30,-0.00514181237668,30,-0.00580721115693,30,-0.00557525570912,2023-09-26
2023-09-26,300,0.0722461411567,0,0,0.00615259585902,30,0.00234127836302,30,-0.00181102554779,30,0.00880565028638,30,0.00487510766834,30,0.00459270458668,30,0.0065523982048,30,0.00377399125136,30,0.00542196445167,30,0.00190947053488,30,-0.00424312532414,2023-09-27
2023-09-27,300,0.0460366809007,0,0,-0.00284198927693,30,-0.000810162222479,30,0.00274868612178,30,-0.00235329265706,30,0.00124765827786,30,-0.00223546219058,30,0.000136905902764,30,-0.0025830368977,30,0.00246642832644,30,-0.00016485452943,30,0.0026771347475,2023-09-28
2023-09-28,300,-0.123696357033,0,0,0.00187314546201,30,0.00731451297179,30,0.00380227179267,30,0.00241273851134,30,-0.00154831213877,30,-0.00160206959117,30,-0.00185513496399,30,-2.21550471906e-05,30,-0.00485295848921,30,-0.00295589957386,30,-0.00482904503588,2023-10-09
2023-10-09,300,0.0784407757454,0,5,-0.0106833754107,30,-0.00809617619962,30,-0.00379552436061,30,-0.00813739467412,30,-0.00532308639959,30,-0.014224906452,30,-0.00874107703567,30,-0.00515686487779,30,-0.0106408977881,30,-0.00734239816666,30,0.00334097724408,2023-10-10
2023-10-10,300,-0.154551604173,0,0,0.00129499833565,30,0.0148386796936,30,0.00831164326519,30,-5.58793544769e-05,30,0.00444408645853,30,-0.0030784427654,30,-0.00148887233809,30,-0.00178747775499,30,-0.00106491649058,30,-0.00078646937618,30,-0.00208146771183,2023-10-11
2023-10-11,300,0.277965397355,0,0,0.0032781639602,30,0.00229649944231,30,0.00551508460194,30,0.0101162055507,30,0.021012717858,30,0.0146285910159,30,0.012696955353,30,0.0125899789855,30,0.00909142103046,30,0.0125704528764,30,0.00929228891619,2023-10-12
2023-10-12,300,0.111313663426,0,11,-0.0119693316519,30,-0.0139028411359,30,-0.0117751378566,30,-0.00727941794321,30,-0.0117982542142,30,-0.00700126076117,30,-0.0103069543839,30,-0.0133216939867,30,-0.0097517054528,30,-0.00511026801541,30,0.00685906363651,2023-10-13
2023-10-13,300,0.0726396351951,0,4,-0.00737112760544,30,-0.00767292594537,30,-0.0177843347192,30,-0.0121782980859,30,-0.0154713848606,30,-0.00662101292983,30,-0.00652733864263,30,-0.00954926013947,30,-0.00598735408857,30,-0.0108251133934,30,-0.00345398578793,2023-10-16
2023-10-16,300,-0.10785212474,0,4,0.00343505549245,30,0.00814006570727,30,0.00470535736531,30,0.0041695474647,30,0.00466196145862,30,0.00499040307477,30,-0.000218574205064,30,0.000823271286208,30,0.000467850768473,30,0.000104149185063,30,-0.00333090630738,2023-10-17
2023-10-17,300,0.0219799389838,0,2,-0.0132572706789,30,-0.0108489906415,30,-0.0106715280563,30,-0.00917084608227,30,-0.0210951659828,30,-0.0139068542048,30,-0.0119825480506,30,-0.0103854481131,30,-0.0102123934776,30,-0.0117185972631,30,0.00153867341578,2023-10-18
2023-10-18,300,0.00162290710151,0,0,-0.018923567608,30,-0.014726919122,30,-0.0168428961188,30,-0.017727965489,30,-0.0130651695654,30,-0.0187327843159,30,-0.016061514616,30,-0.0165347512811,30,-0.0171011965722,30,-0.0191583521664,30,-0.000234784558415,2023-10-19
2023-10-19,300,0.129342252877,0,0,-0.0068232100457,30,-0.00340674328618,30,-0.0087632574141,30,-0.00789274182171,30,-0.00718057947233,30,-0.00583731709048,30,-0.010284813121,30,-0.00655568623915,30,-0.00453439168632,30,-0.00247668824159,30,0.00434652180411,2023-10-20
2023-10-20,300,0.145898855151,0,0,-0.023194687441,30,-0.0147553663701,30,-0.0151857817546,30,-0.0118381818756,30,-0.0149894850329,30,-0.014443391934,30,-0.0118266241625,30,-0.0156087661162,30,-0.0105077661574,30,-0.011781652458,30,0.011413034983,2023-10-23
2023-10-23,300,0.141910193197,0,3,-0.00304592656903,30,0.0100561659783,30,0.00552681880072,30,0.00372760090977,30,0.00782860349864,30,0.00774405011907,30,0.00758076505736,30,0.0138401547447,30,0.0054118973203,30,0.0136639773846,30,0.0167099039536,2023-10-24
2023-10-24,300,-0.0171887423827,0,6,0.0053427061066,30,0.00437252735719,30,0.0025109986309,30,0.00530261406675,30,0.00523900799453,30,0.00360991363414,30,0.00335499644279,30,0.000820871209726,30,0.00330827827565,30,0.00617159623653,30,0.000828890129924,2023-10-25
2023-10-25,300,-0.0198259636375,0,2,0.00257632741705,30,0.00315484404564,30,-0.00302438926883,30,-0.000581475091167,30,-0.00104408268817,30,0.00250677065924,30,-0.00321221351624,30,0.00255898432806,30,-0.000747480022255,30,0.00559538602829,30,0.00301905861124,2023-10-26
2023-10-26,300,-0.0488968724803,0,12,0.0217526257038,30,0.0192554816604,30,0.0238732267171,30,0.0150096993893,30,0.0120159070939,30,0.0204959902912,30,0.0187079515308,30,0.0139712095261,30,0.0182391777635,30,0.0149278342724,30,-0.00682479143143,2023-10-27
2023-10-27,300,-0.417440497662,0,3,0.0190996304154,30,0.0236971490085,30,0.0135160805658,30,0.0115502858534,30,0.0107033038512,30,0.00598784675822,30,0.00264057726599,30,-0.000538939260878,30,-0.00963813066483,30,-0.0103495037183,30,-0.0294491341338,2023-10-30
2023-10-30,300,0.31818772245,0,4,-0.00757053075358,30,-0.00899619888514,30,-0.00641194172204,30,-0.00810539722443,30,-0.00383599591441,30,-0.00642999820411,30,-0.00143449706957,30,0.00211417465471,30,0.000762116920669,30,0.00515442481264,30,0.0127249555662,2023-10-31
2023-10-31,300,0.0809712739461,0,7,-0.0111717842519,30,-0.00228990311734,30,-0.000203452509595,30,-0.00372179946862,30,-0.0041317702271,30,-0.0054967305623,30,-0.00802110042423,30,-0.0039955121465,30,-0.00530615029857,30,-0.000483274459839,30,0.0106885097921,2023-11-01
2023-11-01,300,-0.0194486735066,0,2,-0.00471358280629,30,-0.0081423940137,30,-0.00403006281704,30,-0.00747382035479,30,-0.00987753085792,30,-0.00933054462075,30,-0.00839557684958,30,-0.00914972182363,30,-0.00735178776085,30,-0.00479922676459,30,-8.56439583004e-05,2023-11-02
2023-11-02,300,-0.00328073373959,0,0,0.00609762081876,30,0.0121774729341,30,0.00710966577753,30,0.0139181334525,30,0.0119886752218,30,0.0107866544276,30,0.0100182630122,30,0.0124023519456,30,0.00735863856971,30,0.00632296595722,30,0.00022534513846,2023-11-03
2023-11-03,300,-0.443126355432,0,0,0.0173149928451,30,0.0308031402528,30,0.0351408496499,30,0.0286702252924,30,0.0170490797609,30,0.0232958588749,30,0.0103927338496,30,0.00307953357697,30,0.00617200322449,30,-0.00545848207548,30,-0.0227734749205,2023-11-06
2023-11-06,300,0.0370732281031,0,17,0.000566842150874,30,0.000566899776459,30,-0.000135787326144,30,-0.00261826114729,30,-0.000271066033747,30,-0.00160513515584,30,-0.00371665554121,30,-0.00809272751212,30,-0.00331130833365,30,0.00277110538445,30,0.00220426323358,2023-11-07
2023-11-07,300,-0.0591844498988,0,2,-0.00244825286791,30,0.00153512554243,30,-0.000654131174088,30,-0.00408188905567,30,0.000851605320349,30,-0.00301487836987,30,-0.000932141148951,30,-0.00307127437554,30,-0.00447089085355,30,-0.00224238424562,30,0.000205868622288,2023-11-08
2023-11-08,300,0.115461844174,0,0,0.00423929886892,30,0.00238158693537,30,0.0049564242363,30,-0.00226631760597,30,0.00390806980431,30,0.0023721694015,30,0.00102318520658,30,0.00151123607066,30,0.00293589243665,30,0.00249439082108,30,-0.00174490804784,2023-11-09
2023-11-09,300,0.128314681322,0,2,-0.00700396113098,30,-0.00823504570872,30,-0.0080349445343,30,-0.00395385827869,30,-0.00812437292188,30,-0.0055643520318,30,-0.00397767219692,30,-0.00531866541132,30,-0.00634849257767,30,-0.00203764648177,30,0.00496631464921,2023-11-10
2023-11-10,300,0.0552384146312,0,0,-0.000347208988387,30,-0.00123227236327,30,-0.00256357202306,30,-0.000433647626778,30,0.00283640623093,30,0.00542636122555,30,0.00256885495037,30,-0.00217780075036,30,4.33166824223e-05,30,-0.000873549783137,30,-0.00052634079475,2023-11-13
2023-11-13,300,0.0302207143769,0,9,0.0025615314953,30,0.00278183026239,30,0.000452518463135,30,0.00473180832341,30,0.00173248455394,30,0.00109276967123,30,-0.000807712494861,30,0.000899690377992,30,0.00395207805559,30,0.00132382311858,30,-0.00123770837672,2023-11-14
2023-11-14,300,0.0532726651545,0,3,0.00789283681661,30,0.00149587390479,30,0.00757070770487,30,0.0104438066483,30,0.00644848356023,30,0.00807896070182,30,0.00557161774486,30,0.00647217826918,30,0.00743070663884,30,0.00497351866215,30,-0.00291931815445,2023-11-15
2023-11-15,300,0.109459689052,0,8,-0.00666379509494,30,-0.0138394730166,30,-0.0132982572541,30,-0.0140871088952,30,-0.0104877352715,30,-0.013586207293,30,-0.0127751389518,30,-0.00677499966696,30,-0.00786126498133,30,-0.00707029318437,30,-0.000406498089433,2023-11-16
2023-11-16,300,-0.0589307517976,0,0,-0.000641959893983,30,0.00458054523915,30,0.00201212358661,30,0.00124832987785,30,0.00140591862146,30,-0.00257770414464,30,-0.0013090451248,30,-0.000321513420204,30,-0.000306651985738,30,-0.00199661660008,30,-0.0013546567061,2023-11-17
2023-11-17,300,0.125143016054,0,11,0.000175279375981,30,0.00245602522045,30,0.00245161051862,30,-0.000394477450754,30,0.0015362262493,30,-0.000399400800234,30,0.00168879434932,30,0.00418630661443,30,0.00481416797265,30,0.00479845423251,30,0.00462317485653,2023-11-20
2023-11-20,300,0.246544055934,0,5,-0.00281640491448,30,-0.00719236535951,30,-0.00159774220083,30,-0.00358436908573,30,-0.00116796896327,30,-0.00182728166692,30,-1.01506711871e-05,30,-0.000139582160045,30,0.00565395550802,30,0.00385676627047,30,0.00667317118496,2023-11-21
2023-11-21,300,0.218770000777,0,0,-0.00914148334414,30,-0.0162747018039,30,-0.0175595954061,30,-0.0132440011948,30,-0.0156235834584,30,-0.012383164838,30,-0.00865879282355,30,-0.00916631054133,30,-0.00783360376954,30,-0.00866929255426,30,0.000472190789878,2023-11-22
2023-11-22,300,-0.0152533208724,0,0,0.00664992723614,30,0.00839963555336,30,0.00713857216761,30,0.00531730847433,30,0.00632896227762,30,0.00710006151348,30,0.00759877962992,30,0.0073076505214,30,0.00369430379942,30,0.00279739289545,30,-0.00385253434069,2023-11-23
2023-11-23,300,0.245034178184,0,13,-0.010448650457,30,-0.00704225711524,30,-0.0108327092603,30,-0.0125467218459,30,-0.00822038855404,30,-0.00829917378724,30,-0.0086309555918,30,-0.0050926762633,30,-0.00391273712739,30,-0.00343098840676,30,0.0070176620502,2023-11-24
2023-11-24,300,-0.0772048937752,0,0,0.00104984838981,30,-0.000797388958745,30,-0.0116435727105,30,-0.00888105202466,30,-0.00999219436198,30,-0.00862071942538,30,-0.00945868715644,30,-0.00436980323866,30,-0.00930757541209,30,-0.00543744768947,30,-0.00648729607929,2023-11-27
2023-11-27,300,-0.00586820864917,0,0,0.00359649863094,30,0.00558362621814,30,0.00443142838776,30,8.3877639554e-05,30,-0.000663483166136,30,0.0031284133438,30,-2.16265525523e-05,30,0.00515225343406,30,0.000149591767695,30,0.000558153784368,30,-0.00303834484657,2023-11-28
2023-11-28,300,0.031714810492,0,9,-0.010942501016,30,-0.0058655301109,30,-0.01220287662,30,-0.0056610959582,30,-0.00625442061573,30,-0.0100193303078,30,-0.0117342332378,30,-0.00900295935571,30,-0.0072553534992,30,-0.00948980078101,30,0.00145270023495,2023-11-29
2023-11-29,300,0.186540445051,0,0,0.000985272694379,30,-0.00633586244658,30,0.00127550167963,30,0.00172360939905,30,-0.00343623152003,30,-0.00246208510362,30,0.00243399944156,30,0.00177626614459,30,0.00621118955314,30,0.00545597681776,30,0.00447070412338,2023-11-30
2023-11-30,300,0.085367040739,0,12,-0.00292387604713,30,-0.00349713955075,30,-0.00347464880906,30,0.00526249827817,30,-0.00245154299773,30,-0.00251187081449,30,0.00379138579592,30,-0.00691325869411,30,-0.00206043710932,30,-0.00162031059153,30,0.0013035654556,2023-12-01
2023-12-01,300,0.0695507377331,0,8,-0.00954823102802,30,-0.0038338759914,30,-0.00418484816328,30,-0.00410922151059,30,-0.0118721621111,30,-0.0102302534506,30,-0.0103025138378,30,-0.00479878205806,30,-0.00523252086714,30,0.000249308359344,30,0.00979753938736,2023-12-04
2023-12-04,300,0.000671563390462,0,2,-0.0173484850675,30,-0.0135148623958,30,-0.0208813827485,30,-0.018747728318,30,-0.023108093068,30,-0.0219811499119,30,-0.0199983436614,30,-0.0180832128972,30,-0.0183787066489,30,-0.0156495738775,30,0.00169891119003,2023-12-05
2023-12-05,300,-0.298993819653,0,0,0.0125110922381,30,0.00585187692195,30,0.00481070065871,30,0.00523730320856,30,0.00341118173674,30,0.00345938606188,30,-0.000500051188283,30,-0.000998344039544,30,-0.00207597017288,30,-0.00603645853698,30,-0.0185475507751,2023-12-06
2023-12-06,300,0.156555382479,0,0,-0.00283611612394,30,-0.00540520157665,30,0.000118360920169,30,-0.00648448476568,30,-0.00345224747434,30,-0.00771047268063,30,-0.00411744136363,30,-0.00197423296049,30,-0.00166562595405,30,0.00221373839304,30,0.00504985451698,2023-12-07
2023-12-07,300,0.0422795277798,0,2,0.00876560434699,30,0.00417743111029,30,0.000101029872894,30,-0.00047118862858,30,0.00552142644301,30,0.00160178937949,30,-0.000309624272631,30,0.00575361447409,30,0.00360670895316,30,0.000279817992123,30,-0.00848578635487,2023-12-08
2023-12-08,300,0.116128871254,0,23,-0.000841108965687,30,0.01214291621,30,0.00384590425529,30,0.00500306487083,30,0.00829294882715,30,0.00432810001075,30,0.0102902268991,30,0.00690412102267,30,0.00766218313947,30,0.00755280256271,30,0.0083939115284,2023-12-11
2023-12-11,300,0.0514585762565,0,18,0.00470787286758,30,-0.00238507986069,30,0.00275717373006,30,0.000104389589978,30,0.000487552082632,30,-0.000279937201412,30,0.00209741387516,30,0.00685178441927,30,-0.00193848414347,30,0.00468509970233,30,-2.27731652558e-05,2023-12-12
2023-12-12,300,-0.101678438997,0,22,-0.0142360525206,30,-0.0177855882794,30,-0.0155945438892,30,-0.0130177540705,30,-0.0146791553125,30,-0.0122404713184,30,-0.0199630502611,30,-0.0176982786506,30,-0.0213911347091,30,-0.0158726610243,30,-0.00163660850376,2023-12-13
2023-12-13,300,0.00406269498249,0,0,-0.00483121490106,30,-0.00198570289649,30,-0.00473999977112,30,-0.00386253395118,30,-0.00515725230798,30,-0.0046734767966,30,-0.0046757478267,30,-0.00660316739231,30,-0.00306153902784,30,-0.00371577730402,30,0.00111543759704,2023-12-14
2023-12-14,300,0.0479584725649,0,0,-0.00929933600128,30,-0.00174402992707,30,0.00195104873274,30,-0.00350216426887,30,0.00092524883803,30,-0.00319795613177,30,-0.00168396637309,30,-0.00171810388565,30,-0.0022769710049,30,-0.00544449687004,30,0.00385483913124,2023-12-15
2023-12-15,300,0.288150544483,0,0,-0.0113126952201,30,-0.0116845471784,30,-0.00946010369807,30,-0.0133377034217,30,-0.0103042563424,30,-0.00963106565177,30,-0.01111632213,30,-0.00686590466648,30,-0.000910478818696,30,0.00123896205332,30,0.0125516572734,2023-12-18
2023-12-18,300,0.0449998961622,0,2,-0.00352283520624,30,0.000567990529817,30,0.000252662110142,30,0.00105424725916,30,0.00362720293924,30,0.00116343691479,30,0.00445384392515,30,0.00299245119095,30,-0.00125527579803,30,-0.00340705900453,30,0.00011577620171,2023-12-19
2023-12-19,300,0.178181652285,0,7,-0.0134501541033,30,-0.012932526879,30,-0.0206975415349,30,-0.0115409810096,30,-0.0135888792574,30,-0.0129755949602,30,-0.0114754997194,30,-0.0129990819842,30,-0.0102744502947,30,-0.00258964300156,30,0.0108605111018,2023-12-20
2023-12-20,300,-0.173450611629,0,0,0.0154661042616,30,0.0086318468675,30,0.0142448442057,30,0.0118482923135,30,0.0120800174773,30,0.0114094279706,30,0.00950186420232,30,0.00715834321454,30,0.00772247696295,30,0.0028895160649,30,-0.0125765881967,2023-12-21
2023-12-21,300,0.00377994745585,0,8,0.00758704729378,30,0.000448240840342,30,-0.00371472048573,30,0.00106434419286,30,0.00478617148474,30,0.00834097061306,30,-0.00312079396099,30,-0.00147013063543,30,0.000986576080322,30,0.0052806478925,30,-0.00230639940128,2023-12-22
2023-12-22,300,-0.129079599735,0,0,0.0149394609034,30,0.00224074511789,30,0.00686553912237,30,0.00640365900472,30,0.00116156740114,30,0.00740493740886,30,0.0010507205734,30,-0.00034611223964,30,0.00581028638408,30,0.0027042508591,30,-0.0122352100443,2023-12-25
2023-12-25,300,-0.0372214486115,0,11,-0.00192131602671,30,-0.00482420111075,30,-0.00882660504431,30,-0.0107658943161,30,-0.0104432739317,30,-0.0105508230627,30,-0.00651155505329,30,-0.0113452589139,30,-0.00720901507884,30,-0.00628686137497,30,-0.00436554534826,2023-12-26
2023-12-26,300,0.301559709395,0,4,-0.00485325278714,30,-0.00245089526288,30,0.00388479838148,30,-0.000159068906214,30,0.0055489083752,30,0.00387615174986,30,0.00505868019536,30,0.00750582199544,30,0.0075637162663,30,0.00654910784215,30,0.0114023606293,2023-12-27
2023-12-27,300,0.392940891006,0,9,0.0108109274879,30,0.0131139336154,30,0.0255949310958,30,0.0159086566418,30,0.0254989173263,30,0.024406241253,30,0.0339249446988,30,0.0408914238214,30,0.0429327487946,30,0.0377602912486,30,0.0269493637607,2023-12-28
2023-12-28,300,0.190847751811,0,9,0.000549672055058,30,-0.000995745300315,30,0.00138109130785,30,-0.00100953376386,30,0.005575674586,30,0.0049535157159,30,0.0110916635022,30,0.00428016576916,30,0.00990562606603,30,0.00379339256324,30,0.00324372050818,2023-12-29
2023-12-29,300,0.0695449656439,0,8,-0.0116229495034,30,-0.00653460202739,30,-0.00803311076015,30,-0.00784467626363,30,-0.0144108589739,30,-0.0166988708079,30,-0.0168232079595,30,-0.0108372168615,30,-0.00728515768424,30,0.000191720333532,30,0.0118146698369,2024-01-02
2024-01-02,300,-0.0173003536969,0,0,0.00824520364404,30,-0.00344349932857,30,-0.000719940639101,30,-0.00678934063762,30,-0.0052627841942,30,-0.00744584016502,30,-0.00710159726441,30,-0.00117542152293,30,-0.00155055325013,30,0.00450014462695,30,-0.00374505901709,2024-01-03
2024-01-03,300,-0.0940688870701,0,11,-0.00321394810453,30,-0.00652441568673,30,-0.0109257595614,30,-0.0107192015275,30,-0.0125522017479,30,-0.0122175216675,30,-0.0154770556837,30,-0.01525335107,30,-0.0105519257486,30,-0.00719829415902,30,-0.00398434605449,2024-01-04
2024-01-04,300,0.183015945017,0,4,-0.00552988052368,30,-0.0086069740355,30,-0.0115375202149,30,-0.0145837627351,30,-0.00976367387921,30,-0.0105049889535,30,-0.00890624336898,30,-0.00563678937033,30,-0.0042479080148,30,-0.000671116518788,30,0.00485876400489,2024-01-05
2024-01-05,300,0.131649393036,0,0,-0.00670181121677,30,-0.0174489319324,30,-0.0184626542032,30,-0.019906360656,30,-0.0173148419708,30,-0.0151087241247,30,-0.0191984511912,30,-0.0110779190436,30,-0.0146787660196,30,-0.0105053344741,30,-0.00380352325737,2024-01-08
2024-01-08,300,-0.0320308641664,0,0,0.00518968887627,30,0.00673682102934,30,0.00554027734324,30,0.00294058118016,30,-0.00101464590989,30,0.00534178828821,30,0.00275079603307,30,0.000511044287123,30,0.00229745311663,30,0.00414787745103,30,-0.00104181142524,2024-01-09
2024-01-09,300,-0.175023367777,0,4,0.00184868974611,30,0.00143714947626,30,0.00274447607808,30,-0.00162664055824,30,-0.00737645011395,30,-0.00654761213809,30,-0.00788074173033,30,-0.00709282746539,30,-0.00590203423053,30,-0.00660473713651,30,-0.00845342688262,2024-01-10
2024-01-10,300,-0.425019811463,0,0,0.0121245738119,30,0.012688016519,30,0.0159202385694,30,0.016271661967,30,0.0136290071532,30,0.00445982022211,30,0.00217814650387,30,0.000430891901487,30,-0.00348697905429,30,-0.00342787895352,30,-0.0155524527654,2024-01-11
2024-01-11,300,0.345955486874,0,7,-0.00876988936216,30,-0.0101645346731,30,-0.00467909593135,30,-0.00587896909565,30,-0.00670949416235,30,-0.00626615900546,30,-0.00874872598797,30,0.002705023624,30,0.00412186980247,30,0.00488658156246,30,0.0136564709246,2024-01-12
2024-01-12,300,0.177414132492,0,0,-0.00753103103489,30,-0.0019187052967,30,-0.00699673686177,30,0.000429771345807,30,-0.00272841658443,30,-0.00439894990996,30,0.00362937455066,30,0.000875663768966,30,0.00224962038919,30,0.00123975670431,30,0.00877078773919,2024-01-15
2024-01-15,300,0.0350592853446,0,2,0.0039173704572,30,0.00228238711134,30,0.00190276699141,30,0.00555994687602,30,0.0114663597196,30,0.00443876395002,30,0.00434603076428,30,0.00425070524216,30,0.00505751790479,30,0.00510955043137,30,0.00119217997417,2024-01-16
2024-01-16,300,-0.128874489996,0,31,-0.012113285251,30,-0.022189496085,30,-0.0208842754364,30,-0.0229209344834,30,-0.0233495477587,30,-0.0243667084724,30,-0.024595361203,30,-0.0230905134231,30,-0.0245140958577,30,-0.0218506753445,30,-0.00973739009351,2024-01-17
2024-01-17,300,-0.570613621988,0,0,0.0435837544501,30,0.0230114869773,30,0.0157116055489,30,0.0149606270716,30,0.00901746377349,30,0.0067580700852,30,0.00534364394844,30,0.00202268362045,30,-0.00062831438845,30,0.000247963267611,30,-0.0433357911825,2024-01-18
2024-01-18,300,0.205814279655,0,14,-0.0200684126467,30,-0.00679790368304,30,-0.000807291246019,30,-0.00558677501976,30,-0.000677084899507,30,-0.00506992544979,30,-0.00292114820331,30,-0.00369744305499,30,-0.00262928218581,30,-0.00168174505234,30,0.0183866675943,2024-01-19
2024-01-19,300,-0.161390169802,0,2,-0.0138742541894,30,-0.0226014144719,30,-0.0234662499279,30,-0.0219905301929,30,-0.0240488573909,30,-0.0297511313111,30,-0.0325677506626,30,-0.0276964828372,30,-0.0273104738444,30,-0.0211095176637,30,-0.00723526347429,2024-01-22
2024-01-22,300,-0.0517113289787,0,0,0.0115502038971,30,0.0112296482548,30,0.00443254318088,30,0.0121399676427,30,0.0112792635337,30,0.0102174459025,30,0.00644974503666,30,0.00700802402571,30,0.00950892549008,30,0.00516823725775,30,-0.00638196663931,2024-01-23
2024-01-23,300,0.116842644567,0,0,0.0102787697688,30,0.00749584240839,30,0.0160493813455,30,0.0169888362288,30,0.0147167304531,30,0.0153480349109,30,0.0186061058193,30,0.0119934836403,30,0.0147137697786,30,0.0212380364537,30,0.0109592666849,2024-01-24
2024-01-24,300,-0.319282723183,0,29,0.0359477773309,30,0.0343429334462,30,0.0295454673469,30,0.0301085598767,30,0.0280400533229,30,0.0173677932471,30,0.0135814426467,30,0.0183531660587,30,0.0128623405471,30,0.0147405741736,30,-0.0212072031572,2024-01-25
2024-01-25,300,0.0681366716794,0,43,0.00634553050622,30,-0.0116442637518,30,-0.0108949663118,30,-0.0064932089299,30,-0.00624525360763,30,-0.00649962807074,30,-0.00451502390206,30,-0.00879069790244,30,-0.0095048090443,30,0.00769640412182,30,0.00135087361559,2024-01-26
2024-01-26,300,-0.41666042585,0,4,0.00704471673816,30,-0.00258950004354,30,-0.00365428929217,30,-0.00853647571057,30,-0.0170667599887,30,-0.0138181466609,30,-0.0346828848124,30,-0.0197927318513,30,-0.026060461998,30,-0.0172767974436,30,-0.0243215141818,2024-01-29
2024-01-29,300,0.0782797103963,0,0,-0.0211518798023,30,-0.0188996866345,30,-0.0247364938259,30,-0.0240497011691,30,-0.0210281796753,30,-0.0237674228847,30,-0.023575162515,30,-0.0176816824824,30,-0.0171285066754,30,-0.0154020627961,30,0.00574981700629,2024-01-30
2024-01-30,300,0.255859675365,0,0,-0.0234510768205,30,-0.0240106582642,30,-0.0217896513641,30,-0.0234053526074,30,-0.0141051216051,30,-0.0128928935155,30,-0.0193617027253,30,-0.0106231570244,30,-0.01373905316,30,-0.00326115498319,30,0.0201899218373,2024-01-31
2024-01-31,300,0.153791194989,0,0,-0.00245535583235,30,0.00506743602455,30,0.00184178550262,30,0.00130347011145,30,-0.000360574311344,30,0.000759649265092,30,0.00345408520661,30,0.000889927148819,30,0.0047795814462,30,0.00396792870015,30,0.0064232845325,2024-02-01
2024-02-01,300,0.458454590981,0,2,-0.029626397416,30,-0.0277178213,30,-0.0293466337025,30,-0.0251660402864,30,-0.0208931155503,30,-0.0158859305084,30,-0.0122432606295,30,-0.00872542243451,30,-0.00218951911665,30,0.000449554121587,30,0.0300759515376,2024-02-02
2024-02-02,300,0.127564007132,0,0,0.00407220935449,30,-0.0182196963578,30,-0.00315360818058,30,-0.00843342579901,30,-0.0125595610589,30,-0.0171896796674,30,-0.0092912260443,30,-0.00551439123228,30,0.00164940359537,30,0.0151867289096,30,0.0111145195551,2024-02-05
2024-02-05,300,0.0683739088067,0,3,0.0225816573948,30,0.041070189327,30,0.0492765232921,30,0.0556956902146,30,0.0433128364384,30,0.0508655644953,30,0.0475576519966,30,0.0515866167843,30,0.0414001084864,30,0.0394019149244,30,0.0168202575296,2024-02-06
2024-02-06,300,-0.106582461471,0,20,0.0116700353101,30,0.00942410249263,30,0.0136583149433,30,0.0167736969888,30,0.0154150566086,30,0.0152976652607,30,0.00646316586062,30,0.00922769494355,30,0.00668326020241,30,0.00393386697397,30,-0.00773616833612,2024-02-07
2024-02-07,300,0.103385167446,0,22,-0.000803047441877,30,0.0052986224182,30,0.00998395122588,30,0.012388211675,30,0.0186388380826,30,0.0166657157242,30,0.0211116503924,30,0.020059607923,30,0.0156410001218,30,0.00110227067489,30,0.00190531811677,2024-02-08
2024-02-08,300,0.127267838307,0,16,0.00974303856492,30,0.00306288595311,30,0.0128829739988,30,0.0169798433781,30,0.00831332802773,30,0.023985683918,30,0.0231717210263,30,0.0163797028363,30,0.0143632944673,30,0.0127883218229,30,0.00304528325796,2024-02-19
2024-02-19,300,-0.146387241333,0,47,0.012094267644,30,0.00383291835897,30,0.00157150428277,30,0.00342329940759,30,0.000667740881909,30,0.0117496848106,30,-0.00331167178228,30,0.00424815993756,30,-0.0026405393146,30,0.00124002492521,30,-0.0108542427188,2024-02-20
2024-02-20,300,-0.00528698640448,0,4,0.0172562263906,30,0.0101041281596,30,0.00944710616022,30,0.0131216645241,30,0.00666938815266,30,0.0115100024268,30,0.0112795708701,30,0.0107141016051,30,0.0102524720132,30,0.0142418444157,30,-0.00301438197494,2024-02-21
2024-02-21,300,0.0170346424116,0,2,0.0164080858231,30,0.00786665081978,30,0.0106978714466,30,0.00987481698394,30,0.0137786921114,30,0.0112391589209,30,0.0152806900442,30,0.0131822964177,30,0.00741557264701,30,0.0123108029366,30,-0.00409728288651,2024-02-22
2024-02-22,300,-0.0329124752703,0,33,0.000602132058702,30,0.00621710205451,30,0.00690383138135,30,0.00443755602464,30,0.00505791511387,30,-0.000549664080609,30,0.00543328141794,30,0.00527238659561,30,0.00154507951811,30,-0.00157976744231,30,-0.00218189950101,2024-02-23
2024-02-23,300,-0.364305039962,0,4,0.00373751716688,30,-0.00254972977564,30,-0.000650691974442,30,0.00154451921117,30,-0.0092091364786,30,-0.00806508678943,30,-0.0114809311926,30,-0.0128485243767,30,-0.0152194919065,30,-0.01305738464,30,-0.0167949018069,2024-02-26
2024-02-26,300,-0.511907295134,0,0,0.0371747016907,30,0.0348114408553,30,0.0240592136979,30,0.0185308493674,30,0.0158063881099,30,0.00674010533839,30,0.00845488533378,30,0.00650201225653,30,0.00665301270783,30,0.00258573680185,30,-0.0345889648888,2024-02-27
2024-02-27,300,0.352991535478,0,91,-0.0163569208235,30,-0.0148224933073,30,-0.0202912800014,30,-0.025814563036,30,-0.027247691527,30,-0.0269205328077,30,-0.0162459276617,30,-0.0108500020579,30,-0.00718736462295,30,-0.000750543666072,30,0.0156063771574,2024-02-28
2024-02-28,300,-0.186984549141,0,0,0.0141459163278,30,0.0325720980763,30,0.0354418605566,30,0.035176102072,30,0.0272180996835,30,0.0280740838498,30,0.0237282793969,30,0.0250099059194,30,0.0160064343363,30,0.0100551964715,30,-0.00409071985632,2024-02-29
2024-02-29,300,-0.0278753385817,0,95,-0.00142422318459,30,0.00305534806103,30,0.0148263312876,30,0.0115591045469,30,0.00653102388605,30,0.0182362981141,30,0.0110232653096,30,0.00874482002109,30,0.00527796754614,30,0.000154600536916,30,0.0015788237215,2024-03-01
2024-03-01,300,0.000880253618195,0,11,-0.00534783583134,30,0.00923389196396,30,0.00580782489851,30,0.00971901603043,30,0.00259489216842,30,-0.0059045352973,30,0.00234473939054,30,-0.0019293804653,30,-0.00438077840954,30,0.00781886931509,30,0.0131667051464,2024-03-04
2024-03-04,300,0.203685199261,0,7,0.00291489553638,30,-0.00290584168397,30,-0.000388660031604,30,-0.00251730484888,30,-0.00404585013166,30,-0.00691610760987,30,0.00227186083794,30,0.0042147715576,30,0.00740601029247,30,0.0135143399239,30,0.0105994443875,2024-03-05
2024-03-05,300,0.38021766249,0,11,-0.011792331934,30,-0.0113574406132,30,-0.00180504121818,30,-0.00492824893445,30,0.00196631159633,30,-0.0019438485615,30,0.00482718925923,30,0.00605083303526,30,0.000627772009466,30,0.00525470962748,30,0.0170470415615,2024-03-06
2024-03-06,300,0.528512380166,0,0,-0.0273010227829,30,-0.0198786817491,30,-0.0254651848227,30,-0.0121813258156,30,-0.01292009186,30,-0.00972435902804,30,-0.00119168753736,30,-0.000770028447732,30,0.000166020792676,30,0.00450630765408,30,0.031807330437,2024-03-07
2024-03-07,300,-0.122665220716,0,0,0.0117022134364,30,0.0148822925985,30,0.0196914374828,30,0.0110529325902,30,0.00661320285872,30,0.00217394437641,30,0.00184053578414,30,0.0064980587922,30,-0.000271852797596,30,0.00466657290235,30,-0.00703564053401,2024-03-08
2024-03-08,300,0.0852404318356,0,12,0.00994842033833,30,0.0118515212089,30,0.0115460138768,30,0.00950737763196,30,0.00174577638973,30,0.0189431644976,30,0.021525323391,30,0.0290497206151,30,0.0149723943323,30,0.00128802657127,30,-0.00866039376706,2024-03-11
2024-03-11,300,-0.548513772644,0,40,0.0177797302604,30,0.0159752909094,30,0.021077491343,30,0.0134326759726,30,0.0074623702094,30,0.00851352792233,30,-0.00646235747263,30,-0.0142253283411,30,-0.0215943660587,30,-0.0159865748137,30,-0.0337663050741,2024-03-12
2024-03-12,300,0.186115639596,0,7,-0.00468496466056,30,-0.0119817955419,30,-0.00634343037382,30,-0.0106258634478,30,0.00148583052214,30,-0.0052619157359,30,-0.00761646637693,30,-0.00152598426212,30,-0.00297241006047,30,-0.00521976966411,30,-0.000534805003554,2024-03-13
2024-03-13,300,0.027790321442,0,0,0.000601943349466,30,-0.00702936435118,30,0.000384310871596,30,-0.00488208513707,30,-0.00737613020465,30,-0.00545418076217,30,-0.00733961677179,30,-0.004516760353,30,-0.00317364931107,30,-0.00319145130925,30,-0.00379339465871,2024-03-14
2024-03-14,300,0.150882492632,0,0,0.00324564776383,30,-0.000741688418202,30,0.00486280303448,30,0.000497766362969,30,0.00231915502809,30,0.00193802511785,30,0.00402226066217,30,0.00800503138453,30,0.00361193623394,30,0.00644830660895,30,0.00320265884511,2024-03-15
2024-03-15,300,-0.244957745644,0,39,0.0155200995505,30,0.0198973920196,30,0.0198730695993,30,0.0153090115637,30,0.0155313909054,30,0.015634842217,30,0.00775414099917,30,0.0106336036697,30,0.00328428740613,30,0.003554264782,30,-0.0119658347685,2024-03-18
2024-03-18,300,0.0739512338766,0,15,-0.0106819216162,30,-0.00777214160189,30,-0.00494028348476,30,-0.00684738950804,30,-0.00767587218434,30,-0.00831483583897,30,-0.00648910598829,30,-0.00770894484594,30,-0.011171082966,30,-0.00543470401317,30,0.00524721760303,2024-03-19
2024-03-19,299,0.17546667722,1,0,-0.00418705726042,30,-0.00241227541119,30,-0.000959924829658,30,0.00762300705537,30,0.00118219060823,30,0.00167344207875,30,0.00520414533094,30,0.0022643445991,30,0.00361663708463,30,0.00100044952706,29,0.00518750678748,2024-03-20
2024-03-20,299,-0.074438016731,1,8,-0.00506949611008,30,0.00561438780278,30,-0.00281126890332,30,-0.00666711945087,30,-0.00440159859136,30,-0.00160024955403,30,-0.00426568975672,30,-0.00690019316971,30,-0.00387563696131,30,-0.0036172948312,29,0.00145220127888,2024-03-21
2024-03-21,299,0.0641728178636,1,0,-0.0114199994132,30,-0.0156098939478,30,-0.0170834306628,30,-0.0190870594233,30,-0.014742593281,30,-0.0167448241264,30,-0.0160205587745,30,-0.0118268830702,30,-0.00872030481696,30,-0.0124022299424,29,-0.000982230529189,2024-03-22
2024-03-22,299,-0.0577494165085,1,0,-0.0127225900069,30,0.000163521370268,30,-0.0108674662188,30,-0.0118636051193,30,-0.00883766170591,30,-0.00614218134433,30,-0.00890994258225,30,-0.00544493971393,30,-0.0095905540511,30,-0.00976073928177,29,0.00296185072511,2024-03-25
2024-03-25,299,-0.0019923314543,1,0,0.0055452445522,30,0.000527008378413,30,0.00359800062142,30,0.00530658755451,30,0.00500732660294,30,0.00301683344878,30,0.00137140159495,30,0.00657241325825,30,0.00298656825908,30,0.0040716547519,29,-0.0014735898003,2024-03-26
2024-03-26,299,0.129841317,1,21,-0.0078990701586,30,-0.0230773501098,30,-0.0213508941233,30,-0.0168417282403,30,-0.0194990262389,30,-0.0214889757335,30,-0.0207330305129,30,-0.0187438763678,30,-0.00960760284215,30,-0.00829805154353,29,-0.000398981384933,2024-03-27
2024-03-27,300,-0.244530449048,0,0,0.0151243889704,30,0.0215272568166,30,0.00848791003227,30,0.0122858863324,30,0.00109055440407,30,0.00553938932717,30,0.0112431645393,30,0.00641233939677,30,0.00354455108754,30,0.00178903143387,30,-0.0133353575366,2024-03-28
2024-03-28,300,0.0687312913756,0,5,0.00234508910216,30,-0.000685278559104,30,0.00363822770305,30,0.0188941136003,30,0.0108082015067,30,-0.000632854294963,30,0.00322317285463,30,0.00644077640027,30,0.00616849260405,30,0.00467162532732,30,0.00232653622515,2024-03-29
2024-03-29,300,0.095981830633,0,27,0.0154523216188,30,0.0121532622725,30,0.0096285585314,30,0.0171465668827,30,0.0233967062086,30,0.0284903589636,30,0.0182058252394,30,0.0172477122396,30,0.0175505504012,30,0.0151221910492,30,-0.000330130569637,2024-04-01
2024-04-01,300,0.111664565462,0,20,-0.00262029166333,30,-0.0111134191975,30,-0.00252907467075,30,-0.00775472307578,30,-0.00689796032384,30,-0.00176843209192,30,-0.00421437202021,30,-0.00573970656842,30,-0.00562841678038,30,-0.00322646694258,30,-0.000606175279245,2024-04-02
2024-04-02,300,-0.00884818089653,0,0,-0.00323904748075,30,-0.00292774639092,30,-0.00943620037287,30,-0.000437007343862,30,-0.00893847551197,30,-0.0039129992947,30,-0.00648902077228,30,-0.00261304178275,30,-0.00654973369092,30,-0.00408986816183,30,-0.00085082068108,2024-04-03
2024-04-03,300,-0.0136910425328,0,0,-0.00869468413293,30,-0.00955685414374,30,-0.00497837876901,30,-0.0149758439511,30,-0.014041936025,30,-0.0110933920369,30,-0.0200396757573,30,-0.0132239898667,30,-0.0122297350317,30,-0.0047270078212,30,0.00396767631173,2024-04-08
2024-04-08,300,0.154233167554,0,0,-0.0023553033825,30,-0.00152619485743,30,0.016104368493,30,0.00577286491171,30,0.00529453950003,30,0.00196114787832,30,0.00554868578911,30,0.011645029299,30,0.00512490281835,30,-0.000344651925843,30,0.00201065145666,2024-04-09
2024-04-09,300,0.387116473487,0,7,-0.0182030182332,30,-0.0212799552828,30,-0.0137957278639,30,-0.0155211426318,30,-0.0132437841967,30,-0.00905802845955,30,-0.00457285623997,30,-0.00740729551762,30,-0.00154379406013,30,-0.00300481915474,30,0.0151981990784,2024-04-10
2024-04-10,300,0.0142959050123,0,0,-0.00134590861853,30,0.00305326189846,30,0.00862340722233,30,0.000449683255283,30,-0.00340536842123,30,-0.00197509722784,30,-0.00311737856828,30,-0.00248937215656,30,0.000768512487411,30,0.0029239198193,30,0.00426982843783,2024-04-11
2024-04-11,300,-0.0544460592809,0,0,-0.00924549903721,30,-0.00946587137878,30,-0.0108654024079,30,-0.00640126457438,30,0.00366962561384,30,-0.0101123908535,30,-0.0111318128183,30,-0.0120721580461,30,-0.00893538352102,30,-0.00960264448076,30,-0.000357145443559,2024-04-12
2024-04-12,300,0.263583846885,0,0,0.00733829522505,30,0.0106268506497,30,0.0156167112291,30,0.0149629516527,30,0.0144771914929,30,0.0264099929482,30,0.0210747215897,30,0.0272346101701,30,0.0239074006677,30,0.0196073018014,30,0.0122690065764,2024-04-15
2024-04-15,300,-0.173111109706,0,15,-0.0146384434775,30,-0.00975885149091,30,-0.0167879518121,30,-0.0156486202031,30,-0.0154528580606,30,-0.0207053311169,30,-0.0210757926106,30,-0.0217570587993,30,-0.0222522225231,30,-0.0172814838588,30,-0.00264304038137,2024-04-16
2024-04-16,300,0.0126512516806,0,0,0.0165485758334,30,0.0271566975862,30,0.0174728631973,30,0.0236422363669,30,0.0238798260689,30,0.0213231053203,30,0.0219548884779,30,0.0207707881927,30,0.0229585003108,30,0.017268050462,30,0.000719474628568,2024-04-17
2024-04-17,300,0.0666013142107,0,54,0.00276478123851,30,0.000891568255611,30,-0.00216232938692,30,-0.00465197768062,30,-0.0029302239418,30,-0.000697888957802,30,0.000710717809852,30,0.00301515450701,30,-0.00233794446103,30,0.0029389699921,30,0.00017418875359,2024-04-18
2024-04-18,300,0.34922879399,0,0,-0.0169193930924,30,-0.0170790851116,30,-0.0152394790202,30,-0.0106785930693,30,-0.0153230484575,30,-0.00889556203038,30,-0.000648486602586,30,-0.000810654950328,30,-0.00252409977838,30,-0.000401427358156,30,0.0165179657342,2024-04-19
2024-04-19,300,0.124929665729,0,0,-0.00428231572732,30,-0.0126340491697,30,0.000243661794229,30,-0.00867156777531,30,-0.00183446402662,30,-0.00518713984638,30,-0.00152233045083,30,0.00328872608952,30,-0.000840936088935,30,0.000349007052137,30,0.00463132277946,2024-04-22
2024-04-22,300,-0.135331669091,0,2,-0.00489241490141,30,-0.00140293838922,30,-0.00416768202558,30,-0.00125280220527,30,-0.0154239954427,30,-0.0177125819027,30,-0.0183961968869,30,-0.0155002530664,30,-0.0139735164121,30,-0.0035163720604,30,0.001376042841,2024-04-23
2024-04-23,300,-0.00183028729965,0,0,0.00697450246662,30,0.00719170970842,30,0.00805440731347,30,0.00280563626438,30,0.00846131052822,30,0.00220639514737,30,0.00470360694453,30,0.00270580057986,30,0.00360668892972,30,0.00277618365362,30,-0.004198318813,2024-04-24
2024-04-24,300,0.205603095911,0,23,-0.00272885360755,30,-0.00446533970535,30,-0.000334523123456,30,0.00145122408867,30,-0.00263828434981,30,0.00368158821948,30,0.00402379222214,30,0.00298905768432,30,0.00241167354397,30,0.00785986613482,30,0.0105887197424,2024-04-25
2024-04-25,300,0.0997556001243,0,11,0.00359798478894,30,0.0172051358968,30,0.0183947253972,30,0.0134190795943,30,0.023448612541,30,0.0250645987689,30,0.0196000244468,30,0.0246828030795,30,0.0187665689737,30,0.0197425130755,30,0.0161445282865,2024-04-26
2024-04-26,300,-0.248165612345,0,24,0.0149083351716,30,0.0237425100058,30,0.0320376865566,30,0.015772992745,30,0.0248796753585,30,0.0286783277988,30,0.0203495249152,30,0.0124804759398,30,-0.000283086294075,30,0.000990585540421,30,-0.0139177496312,2024-04-29
2024-04-29,300,0.25985403082,0,6,-0.0116048352793,30,-0.0110716996714,30,-0.0121062397957,30,-0.00783655233681,30,-0.00882440246642,30,-0.00890095066279,30,-0.00659723300487,30,-0.00481566367671,30,-0.00299975881353,30,0.00801825337112,30,0.0196230886504,2024-04-30
2024-04-30,300,0.0196118954955,0,0,0.0133182965219,30,0.0127290645614,30,0.0136000895873,30,0.0127788586542,30,0.0214320532978,30,0.0115083856508,30,0.0215545855463,30,0.021016350016,30,0.0168976858258,30,0.00592433195561,30,-0.00739396456629,2024-05-06
2024-05-06,300,-0.0365122664273,0,4,0.00126177864149,30,0.00192617974244,30,0.00619085412472,30,-0.00441865902394,30,5.09838246217e-05,30,0.00134251709096,30,0.00819181837142,30,0.00332843069918,30,0.00135240156669,30,-0.00185041828081,30,-0.0031121969223,2024-05-07
2024-05-07,300,0.230060943416,0,7,-0.011809585616,30,-0.0165338721126,30,-0.0115506527945,30,-0.00950505491346,30,-0.00926435366273,30,-0.0100027602166,30,-0.0128587028012,30,-0.00954136066139,30,-0.00431214785203,30,-0.00396771030501,30,0.00784187531099,2024-05-08
2024-05-08,300,-0.0648510148458,0,0,0.0121873952448,30,0.0138930873945,30,0.0104392170906,30,0.0207051970065,30,0.0189436655492,30,0.0194627568126,30,0.00874549150467,30,0.010360090062,30,0.0131237609312,30,0.00504387402907,30,-0.00714352121577,2024-05-09
2024-05-09,300,0.145980607363,0,4,-0.00199396023527,30,0.000309654074954,30,-0.00112100446131,30,-0.0019016583683,30,-0.00276478729211,30,0.00311180739664,30,0.00545014161617,30,-0.00253835925832,30,0.00593926524743,30,0.0027202963829,30,0.00471425661817,2024-05-10
2024-05-10,300,-0.172934430296,0,8,0.00437466101721,30,0.00893199257553,30,0.0058553298004,30,0.00675269355997,30,-0.00380871887319,30,-0.00691880565137,30,-0.00366448960267,30,-0.00522067351267,30,0.00323466258124,30,0.000858443963807,30,-0.0035162170534,2024-05-13
2024-05-13,300,0.0653485457456,0,0,-0.0032654562965,30,0.00415687775239,30,0.00329459714703,30,-0.000976576353423,30,-0.00273602199741,30,0.000509146833792,30,-0.00542919430882,30,0.00577186932787,30,0.00174428219907,30,0.0010696311947,30,0.0043350874912,2024-05-14
2024-05-14,300,0.21886449471,0,4,-0.0234519448131,30,-0.0114290630445,30,-0.0110069848597,30,-0.00287964544259,30,-0.0101431412622,30,-0.011700228788,30,-0.0113826850429,30,-0.0108660161495,30,-0.007513361983,30,-0.00423247832805,30,0.0192194664851,2024-05-15
2024-05-15,300,-0.0833612690965,0,0,0.00519113149494,30,0.00918843131512,30,-6.09775379417e-05,30,0.00144422252197,30,0.00136210722849,30,0.00105076434556,30,0.00335051026195,30,4.32272754551e-05,30,-0.000309089809889,30,-0.00207899999805,30,-0.00727013149299,2024-05-16
2024-05-16,300,0.00237380520842,0,0,0.0246129799634,30,0.0067650298588,30,0.00948667153716,30,0.00642330432311,30,0.00932089518756,30,0.0116306561977,30,0.0068263313733,30,0.00272208056413,30,0.0112793250009,30,0.0102246580645,30,-0.0143883218989,2024-05-17
2024-05-17,300,-0.012439494134,0,62,0.00107115111314,30,0.00366437830962,30,0.00502889743075,30,0.00458477530628,30,0.0150613924488,30,0.00463850889355,30,0.0047541516833,30,0.00641602883115,30,0.00316859292798,30,0.0035789210815,30,0.00250776996836,2024-05-20
2024-05-20,300,0.205030089849,0,2,-0.00592467002571,30,-0.0117280883715,30,-0.00668499059975,30,-0.0105661768466,30,-0.00730268564075,30,-0.00403957348317,30,-0.00229848618619,30,-0.00523123331368,30,-0.00414824904874,30,0.000578351842705,30,0.00650302186841,2024-05-21
2024-05-21,300,0.00527722310553,0,6,0.00554650835693,30,-0.000226126110647,30,0.00703352689743,30,0.00526454625651,30,0.00713869929314,30,0.0162599980831,30,0.00967732444406,30,0.00370251340792,30,0.000177222493221,30,0.00739141507074,30,0.00184490671381,2024-05-22
2024-05-22,300,0.372330933669,0,5,-0.0233730729669,30,-0.0199343506247,30,-0.0222752392292,30,-0.0160416699946,30,-0.0135840233415,30,-0.0141054885462,30,-0.0102982027456,30,-0.0131972786039,30,-0.0126037197188,30,-0.00876512285322,30,0.0146079501137,2024-05-23
2024-05-23,300,0.269207815897,0,0,-0.0175467636436,30,-0.0177743397653,30,-0.0158080235124,30,-0.0122825363651,30,-0.00646553048864,30,-0.0131428102031,30,-0.00781412702054,30,-0.0086871823296,30,-0.0100289406255,30,-0.00292424764484,30,0.0146225159988,2024-05-24
2024-05-24,300,0.0568404409163,0,0,0.0123168546706,30,0.00600495515391,30,0.00235834508203,30,0.00641040597111,30,0.0115420399234,30,0.0146402455866,30,0.00563565082848,30,0.0139398891479,30,0.0091848988086,30,0.0112348776311,30,-0.00108197703958,2024-05-27
2024-05-27,300,0.0735111882243,0,14,-0.00324634322897,30,-0.00926904287189,30,-0.00982377305627,30,-0.00822199787945,30,-0.0117947738618,30,-0.0102028567344,30,-0.0145575962961,30,-0.00822510477155,30,-0.00373408407904,30,-0.00149079563562,30,0.00175554759335,2024-05-28
2024-05-28,300,-0.141595461235,0,0,0.00487727113068,30,0.0095136705786,30,0.0033935487736,30,0.00813648104668,30,0.000419431918999,30,0.00171589455567,30,0.000715561734978,30,8.46266775625e-05,30,-0.000254474085523,30,-0.0034803848248,30,-0.00835765595548,2024-05-29
2024-05-29,300,0.0956147817032,0,0,-0.0109813613817,30,-0.0101155443117,30,-0.00448788423091,30,-0.00325738196261,30,0.00464658532292,30,0.0033764699474,30,0.00269169406965,30,-0.00345137505792,30,-0.00243645114824,30,-0.00568330287933,30,0.00529805850238,2024-05-30
2024-05-30,300,0.00464779517902,0,0,-0.00118169782218,30,-0.00197076005861,30,-0.00355687947012,30,-0.0054851709865,30,-0.0017235239502,30,-0.00275985407643,30,-0.00710876192898,30,-0.004315094091,30,-0.00319280219264,30,-0.00214452552609,30,-0.000962827703916,2024-05-31
2024-05-31,300,0.0307432373122,0,2,-0.0022973974701,30,-0.00248705549166,30,0.00425495719537,30,0.00277360668406,30,-4.87407050969e-05,30,-0.0026447752025,30,-0.00365457730368,30,0.00594871817157,30,-0.00227568345144,30,-0.000628018402494,30,0.00166937906761,2024-06-03
2024-06-03,300,-0.0501377195608,0,3,0.00548038305715,30,0.0151503961533,30,0.00950917974114,30,0.0084495684132,30,0.00982462987304,30,0.00557479262352,30,0.0125144366175,30,0.00348313641734,30,0.00890072342008,30,0.00543609261513,30,-4.42904420197e-05,2024-06-04
2024-06-04,300,0.161154354374,0,8,-0.00953183975071,30,-0.00920922774822,30,-0.00264173536561,30,-0.00433710636571,30,-0.00728979287669,30,-0.00618281355128,30,-0.00412315316498,30,-0.00260103540495,30,-0.00184597179759,30,-0.00223758816719,30,0.00729425158352,2024-06-05
2024-06-05,300,0.071219012242,0,0,-0.00562558369711,30,-0.00421861791983,30,-0.0050121229142,30,-0.00666043162346,30,-0.00372407236136,30,-0.00724037503824,30,-0.00154942867812,30,-0.00551145290956,30,-0.00228199153207,30,-0.00532892160118,30,0.000296662095934,2024-06-06
2024-06-06,300,0.139665087531,0,0,-0.00372005696408,30,-0.00270540919155,30,-0.00722958426923,30,-0.0051841638051,30,-0.00628164410591,30,-0.0047003487125,30,-0.00486022047698,30,7.02043398633e-05,30,0.00179715151899,30,0.00466680526733,30,0.00838686223142,2024-06-07
2024-06-07,300,0.253438338364,0,9,-0.0163129456341,30,-0.0099718850106,30,-0.00567403435707,30,0.00319397845306,30,-0.0078722378239,30,0.00611380720511,30,-0.00132073357236,30,0.00899951439351,30,-0.000863067281898,30,-0.00237961206585,30,0.0139333335683,2024-06-11
2024-06-11,300,0.078517902381,0,3,-0.00312760472298,30,0.0070731183514,30,-0.000652980816085,30,-0.00118969881441,30,0.00125080347061,30,0.0043120207265,30,0.00539040379226,30,0.00450218701735,30,0.000979514908977,30,0.000454002612969,30,0.00358160733595,2024-06-12
2024-06-12,300,0.0706935205575,0,2,-0.00867301411927,30,-0.00431545590982,30,-0.00345609989017,30,-0.00711685605347,30,0.00155032868497,30,0.00269257416949,30,-0.000965547573287,30,-0.00905959773809,30,-0.00648114876822,30,-0.00292958808132,30,0.00574342603795,2024-06-13
2024-06-13,300,0.147749483909,0,4,0.00507079949602,30,-0.00733733782545,30,0.000394761562347,30,0.00935602560639,30,0.00446884240955,30,0.000623774540145,30,0.0032140375115,30,0.00299147563055,30,0.00660968432203,30,0.00951695814729,30,0.00444615865126,2024-06-14
2024-06-14,300,0.00373416199653,0,17,0.00101409549825,30,-0.00157502887305,30,0.00637715449557,30,-0.00189776415937,30,-0.00577365560457,30,0.00365326204337,30,-0.003690070007,30,-0.00406534457579,30,-0.0026825547684,30,-0.00314071564935,30,-0.0041548111476,2024-06-17
2024-06-17,300,0.100976787183,0,3,0.00158408284187,30,0.00451399292797,30,0.00285670557059,30,0.00154561595991,30,-0.00209045200609,30,0.00577689986676,30,0.00744302291423,30,0.00478963833302,30,0.00409407028928,30,0.00491165509447,30,0.0033275722526,2024-06-18
2024-06-18,300,-0.0587376444918,0,8,-0.00510913738981,30,-0.00674160895869,30,-0.00685681309551,30,-0.0062500257045,30,-0.0049835126847,30,-0.00970327854156,30,-0.0145709849894,30,-0.0128008807078,30,-0.0074800751172,30,-0.00394188147038,30,0.00116725591943,2024-06-19
2024-06-19,300,-0.201555221428,0,3,0.00151982507668,30,-0.00802115630358,30,-0.0150077445433,30,-0.0157819036394,30,-0.0113083403558,30,-0.00544362654909,30,-0.0112539054826,30,-0.0159874074161,30,-0.0166751947254,30,-0.0127191646025,30,-0.0142389896791,2024-06-20
2024-06-20,300,0.103458613797,0,2,-0.00522554526106,30,0.00325792236254,30,-0.00241384515539,30,-0.000519601511769,30,-0.00263403053395,30,0.00442199129611,30,0.000272482633591,30,0.000596904777922,30,0.000539720058441,30,-0.000299668317894,30,0.00492587694316,2024-06-21
2024-06-21,300,0.325416293585,0,11,-0.0229127798229,30,-0.0190461203456,30,-0.0189015623182,30,-0.0106305899099,30,-0.0143300453201,30,-0.012444213964,30,-0.0106275659055,30,-0.0064523499459,30,-0.00763953942806,30,-0.00235855975188,30,0.0205542200711,2024-06-24
2024-06-24,300,-0.0478229777163,0,0,-0.00352509808727,30,-0.00817954167724,30,-0.00670599518344,30,-0.0104440553114,30,-0.0102256936952,30,-0.0183656755835,30,-0.00376268825494,30,-0.00679797912017,30,-0.00854973588139,30,-0.00515539664775,30,-0.00163029856049,2024-06-25
2024-06-25,300,0.1289199338,0,0,0.00402553891763,30,0.0114627564326,30,0.00715885544196,30,0.0188496187329,30,0.0133822578937,30,0.0119940238073,30,0.014421065338,30,0.0178164020181,30,0.0110411010683,30,0.00960907898843,30,0.0055835400708,2024-06-26
2024-06-26,300,0.475032540564,0,12,-0.0163554195315,30,-0.0217636842281,30,-0.0239414032549,30,-0.0153170051053,30,-0.015801846981,30,-0.00751232495531,30,-0.00855395384133,30,-0.00846336875111,30,-0.00867829564959,30,0.00582407321781,30,0.0221794927493,2024-06-27
2024-06-27,300,-0.146075420866,0,0,0.00959246512502,30,0.0116527518257,30,0.00134742062073,30,0.00473714293912,30,-0.000957155250944,30,-0.000156879425049,30,0.00147209363058,30,-0.000450692576123,30,0.00547069497406,30,-0.00544219417498,30,-0.0150346593,2024-06-28
2024-06-28,300,-0.158751041001,0,0,0.0143752591684,30,0.0100406054407,30,0.00869183149189,30,0.009167204611,30,0.00379565963522,30,-0.00270743179135,30,0.00909159146249,30,0.00871169939637,30,0.00350790424272,30,0.00459169549868,30,-0.00978356366977,2024-07-01
2024-07-01,300,0.107459346422,0,10,-0.0106659112498,30,-0.0109335957095,30,-0.00610099639744,30,-0.00677653169259,30,-0.00800720881671,30,-0.00822680164129,30,-0.00481327390298,30,-0.00456429505721,30,-0.0120218833908,30,-0.00261549744755,30,0.00805041380227,2024-07-02
2024-07-02,300,0.042381296137,0,0,-0.0059357942082,30,-0.00358290481381,30,-0.00763170514256,30,-0.00518508953974,30,-0.00152402126696,30,0.000317686790368,30,-0.00646161055192,30,-0.00329153938219,30,-0.00497306371108,30,-0.000638143217657,30,0.00529765099054,2024-07-03
2024-07-03,300,0.221835105306,0,0,-0.0139264566824,30,-0.0164609830827,30,-0.0124065419659,30,-0.0121455052868,30,-0.0104629360139,30,-0.00511132087559,30,-0.00731231970713,30,-0.008769528009,30,-0.00505337724462,30,-0.00726721482351,30,0.00665924185887,2024-07-04
2024-07-04,300,-0.060128659354,0,0,-0.00231851730496,30,-0.00167246663477,30,0.00608364725485,30,0.0039611835964,30,0.00802014302462,30,0.00108315749094,30,0.00321906595491,30,0.00278503098525,30,-0.00106649601366,30,-0.00837225094438,30,-0.00605373363942,2024-07-05
2024-07-05,300,0.150688194919,0,3,-0.0161141678691,30,-0.0133499503136,30,-0.0131750488654,30,-0.0168015826494,30,-0.016529193148,30,-0.0120405498892,30,-0.0155482050031,30,-0.00933335628361,30,-0.00756291951984,30,-0.00549863791093,30,0.0106155299582,2024-07-08
2024-07-08,300,-0.0464412342818,0,0,0.0123705845326,30,0.0110908066854,30,0.0249527283013,30,0.0183418095112,30,0.0149345202371,30,0.0127718960866,30,0.0133850360289,30,0.00957241468132,30,0.0114863729104,30,0.00963613018394,30,-0.00273445434868,2024-07-09
2024-07-09,300,0.00343206047341,0,19,0.00190334324725,30,0.00393457431346,30,-0.0046454728581,30,-0.00576518988237,30,0.00192478694953,30,-0.00504403701052,30,-0.00104820530396,30,-0.00623145513237,30,-0.00595158524811,30,0.00279856915586,30,0.000895225908607,2024-07-10
2024-07-10,300,-0.114619065356,0,2,0.0129820546135,30,0.0199111383408,30,0.025552790612,30,0.0347849205136,30,0.0193635709584,30,0.0122789107263,30,0.0209943186492,30,0.0117720998824,30,0.0160438939929,30,0.0121181625873,30,-0.000863892026246,2024-07-11
2024-07-11,300,0.211712706742,0,9,-0.00250175804831,30,-0.004646549467,30,-0.00412091193721,30,-0.000583475804888,30,0.000857460487168,30,-0.00746068358421,30,-0.00631426367909,30,-0.0062391879037,30,0.00293651013635,30,0.0153709435835,30,0.0178727016319,2024-07-12
2024-07-12,300,0.0557436266959,0,5,-0.000665362691507,30,0.000165996942087,30,-0.000708959472831,30,-0.00547509174794,30,-0.000557086837944,30,-0.006018624641,30,-0.000254472106462,30,-0.00376245379448,30,0.00869535841048,30,0.00325060682371,30,0.00391596951522,2024-07-15
2024-07-15,300,-0.00717705156891,0,5,0.0154854515567,30,0.0121693070978,30,0.0146260401234,30,0.00723728118464,30,0.0101539930329,30,0.00889436434954,30,0.0117113692686,30,0.0102718649432,30,0.00497689424083,30,0.00386121263728,30,-0.0116242389195,2024-07-16
2024-07-16,300,0.152627950791,0,15,-0.00367959728464,30,0.00034118295298,30,-0.000710666179657,30,-0.00410596327856,30,-0.00157563888934,30,0.00400532688946,30,0.00497925467789,30,-0.00178008282091,30,0.00329203414731,30,0.00751637015492,30,0.0111959674396,2024-07-17
2024-07-17,300,0.0141497499672,0,0,0.0054720682092,30,0.00790808163583,30,0.00273862085305,30,0.00718798255548,30,0.0084423981607,30,0.00267812004313,30,0.00139517779462,30,0.00086684623966,30,0.00580718135461,30,0.0102114165202,30,0.00473934831098,2024-07-18
2024-07-18,299,0.0224778025447,1,19,0.00266336998902,30,0.00979108829051,30,0.00167159433477,30,0.012484760955,30,0.0147434119135,30,0.0125313382596,30,0.00480648688972,30,0.00289711751975,30,0.00765983248129,30,0.00545647228137,29,0.00279310229234,2024-07-19
2024-07-19,299,-0.0179701882588,1,10,-0.00560209946707,30,-0.00661500077695,30,-0.00264600524679,30,-0.00179084739648,30,-0.00314249587245,30,-0.00341796083376,30,-0.00768634863198,30,-0.00726316357031,30,-0.00539637217298,30,-0.00449632154778,29,0.00110577791929,2024-07-22
2024-07-22,299,0.213771728478,1,0,-0.0304060671479,30,-0.0218897517771,30,-0.0300977174193,30,-0.0285640060902,30,-0.0254458580166,30,-0.0304699633271,30,-0.0205578282475,30,-0.0262085720897,30,-0.0218438599259,30,-0.0123037761077,29,0.0181022910401,2024-07-23
2024-07-23,299,0.0848160529257,1,0,0.00141396722756,30,-0.0146639449522,30,-0.00993582978845,30,-0.0105389021337,30,-0.00663389777765,30,-0.0120897470042,30,-0.00787309370935,30,-0.00755641469732,30,-0.00720127020031,30,-0.00235097575933,29,-0.00376494298689,2024-07-24
2024-07-24,299,0.34102181883,1,2,-0.0142507236451,30,-0.0131457783282,30,-0.00864192657173,30,0.000824449467473,30,0.00310856103897,30,-0.00431163888425,30,0.0127615192905,30,0.00329710636288,30,0.00514404755086,30,0.00172791804653,29,0.0159786416916,2024-07-25
2024-07-25,299,-0.211547323479,1,3,0.0105042560026,30,0.0113966818899,30,0.00611127633601,30,0.00741062359884,30,0.0127811133862,30,0.0144754908979,30,0.00550003070384,30,0.00688176369295,30,-0.000509971403517,30,-0.00416924199089,29,-0.0146734979935,2024-07-26
2024-07-26,299,0.242117842582,1,5,-0.00743142375723,30,-0.00859466008842,30,-0.010072841309,30,-0.00872934423387,30,-0.0109030343592,30,-0.0106963813305,30,-0.013086469844,30,-0.0117366509512,30,0.0034601748921,30,0.0117070535198,29,0.019138477277,2024-07-29
2024-07-29,299,0.182737435309,1,6,-0.0115894554183,30,-0.0054049314931,30,-0.00373600726016,30,-0.00542274536565,30,-0.00572269968688,30,-0.00253883400001,30,-0.000891739153303,30,0.000292795884889,30,-0.00260694813915,30,-0.00312070385553,29,0.00846875156276,2024-07-30
2024-07-30,299,-0.214549860581,1,8,0.0288445055485,30,0.0327979400754,30,0.0275839921087,30,0.0332621224225,30,0.0428393371403,30,0.0231182537973,30,0.0407389178872,30,0.0214013252407,30,0.0167824551463,30,0.00992784183472,29,-0.0189166637138,2024-07-31
2024-07-31,299,0.403155123662,1,13,-0.0101906815544,30,-0.0149745428935,30,-0.00991730857641,30,-0.0134315509349,30,-0.00762534141541,30,-0.00917753018439,30,-0.00299691548571,30,-0.000525383162312,30,-0.00103544595186,30,0.00659028021619,29,0.0167809617706,2024-08-01
2024-08-01,299,0.244379888815,1,0,-0.0135164679959,30,-0.0113365929574,30,-0.0148145994172,30,-0.0124647738412,30,-0.0151002006605,30,-0.0104775391519,30,-0.00913859438151,30,-0.00602837186307,30,-0.00591256422922,30,-0.00317259482108,29,0.0103438731749,2024-08-02
2024-08-02,300,0.152844090317,0,0,-0.0194047372788,30,-0.0191213656217,30,-0.0165968704969,30,-0.0186115633696,30,-0.0146371759474,30,-0.0178049337119,30,-0.0124310078099,30,-0.0166823286563,30,-0.00798860564828,30,-0.00950260926038,30,0.00990212801844,2024-08-05
2024-08-05,300,-0.268446430854,0,0,0.00893775839359,30,0.0139440083876,30,0.0104025062174,30,0.0118857445195,30,0.0107233906165,30,0.0104783000425,30,0.0080090938136,30,0.00477992510423,30,0.000863409019075,30,-0.00519250845537,30,-0.014130266849,2024-08-06
2024-08-06,300,0.1678499982,0,8,0.00162224576343,30,-0.00641210656613,30,-0.00452721305192,30,-0.00247077550739,30,-0.000975362432655,30,-0.000163720047567,30,0.00140713260043,30,-0.00128451781347,30,0.00211150059476,30,0.00169042346533,30,6.81777019054e-05,2024-08-07
2024-08-07,300,0.166824245409,0,0,0.00276710977778,30,-0.00327481026761,30,-0.00764023838565,30,-0.00386155839078,30,0.000463513541035,30,-0.000826183939353,30,0.00108164350968,30,-0.000529454147909,30,0.000998465227894,30,0.00218659033999,30,-0.00058051943779,2024-08-08
2024-08-08,300,0.0720419233993,0,2,-0.00390665512532,30,-0.00584556674585,30,-0.00482214707881,30,-0.00857591256499,30,-0.00643199682236,30,-0.00731311039999,30,-0.00766576919705,30,-0.00757768750191,30,-0.00373256602325,30,-0.00403799023479,30,-0.000131335109472,2024-08-09
2024-08-09,300,-0.0500738944048,0,0,-0.00121561880223,30,0.000904065382201,30,-0.00306791462936,30,-0.00481481757015,30,-0.0074628056027,30,0.000532348931301,30,-0.00217098393477,30,0.0011849522125,30,-0.00391020765528,30,-0.00555437384173,30,-0.0043387550395,2024-08-12
2024-08-12,300,-0.0181618279831,0,0,0.00463795056567,30,0.00181870860979,30,0.00430132541806,30,0.00103591487277,30,0.00206118030474,30,0.00313497590832,30,0.00320719275624,30,0.00276745553128,30,0.00124899146613,30,0.00506155472249,30,0.000423604156822,2024-08-13
2024-08-13,300,-0.00685332649167,0,20,-0.0101053658873,30,-0.00752260861918,30,-0.00711819529533,30,-0.0132972477004,30,-0.00587105331942,30,-0.00934974197298,30,-0.0199695471674,30,-0.011498789303,30,-0.00875143241137,30,-0.00624651135877,30,0.00385885452852,2024-08-14
2024-08-14,300,0.192847460189,0,0,0.00588701572269,30,0.00341206998564,30,0.00668552331626,30,0.00805273279548,30,0.0140910027549,30,0.00677002081648,30,0.0116836605594,30,0.00952857360244,30,0.0103139225394,30,0.0112818479538,30,0.0053948322311,2024-08-15
2024-08-15,300,-0.0510908944516,0,4,0.00121948320884,30,-0.00434528198093,30,-0.000404433405492,30,-0.00258384551853,30,-0.00154757895507,30,-0.00209871330298,30,-0.00659550447017,30,-0.00158741080668,30,-0.000210092461202,30,-0.0051609040238,30,-0.00638038723264,2024-08-16
2024-08-16,300,0.0341584046046,0,5,0.00484929885715,30,-0.00104552903213,30,0.00130374031141,30,0.000680847966578,30,0.00350809306838,30,0.00565569382161,30,-0.00214942498133,30,-0.00190207362175,30,0.00200335774571,30,0.00509228091687,30,0.000242982059717,2024-08-19
2024-08-19,300,-0.125730875569,0,10,-0.00390161876567,30,-0.00835447944701,30,-0.0141809023917,30,-0.00932249054313,30,-0.0141900284216,30,-0.0120577812195,30,-0.015996562317,30,-0.0130475861952,30,-0.0127288522199,30,-0.01001775451,30,-0.00611613574438,2024-08-20
2024-08-20,300,-0.0155722531065,0,0,-0.00767130451277,30,-0.000310500472551,30,-0.00421850103885,30,-0.0047787069343,30,-0.00668344693258,30,-0.000823744165245,30,-0.00629652151838,30,-0.00666178250685,30,-0.00501736812294,30,-0.00616219034418,30,0.00150911416858,2024-08-21
2024-08-21,299,-0.139648253704,1,2,-0.000564565241802,30,-0.00550153059885,30,-0.00888667535037,30,-0.0071857413277,30,-0.00803038105369,30,-0.01298760809,30,-0.00943519268185,30,-0.0116570452228,30,-0.00676494650543,30,-0.00861754268408,29,-0.00805297744228,2024-08-22
2024-08-22,299,0.181388904109,1,4,-0.00568043766543,30,0.0065049030818,30,0.00492151174694,30,0.000806460797321,30,-0.00286537013017,30,-0.0004416644515,30,-0.00116493506357,30,0.00681927800179,30,0.00989101920277,30,0.00418085278943,29,0.00986129045486,2024-08-23
2024-08-23,299,0.108788036569,1,2,-0.0034167051781,30,0.00335507793352,30,-0.00471522193402,30,-0.0032998980023,30,-0.00094947218895,30,0.00354486703873,30,0.000999047304504,30,0.00575696630403,30,-0.00290091033094,30,0.00589544000104,29,0.00931214517914,2024-08-26
2024-08-26,299,-0.0490228988947,1,8,-0.00490284757689,30,-0.00530555844307,30,-0.00797710381448,30,-0.00282050576061,30,-0.00885116867721,30,-0.0143972141668,30,-0.0199652947485,30,-0.0107055064291,30,-0.00979133602232,30,-0.00340905692428,29,0.0014937906526,2024-08-27
2024-08-27,299,0.052265886492,1,4,-0.007145001553,30,0.00137955346145,30,-0.00607608770952,30,0.000241214031121,30,-0.00597553653643,30,0.000502443290316,30,-0.00010716716497,30,0.00428386731073,30,-0.000713805377018,30,-0.00865387544036,29,-0.00150887388736,2024-08-28
2024-08-28,299,-0.37369547856,1,2,0.00596968922764,30,0.0128988819197,30,0.0130032021552,30,0.0102803213522,30,0.00562882004306,30,0.00416193623096,30,-0.000826046860311,30,-0.00260064215399,30,-0.00358505244367,30,-0.0205965358764,29,-0.026566225104,2024-08-29
2024-08-29,299,-0.23597907113,1,0,0.0150202894583,30,0.021899510175,30,0.0168036036193,30,0.0248036142439,30,0.0210070684552,30,0.0181203167886,30,0.0175454039127,30,0.00735647277907,30,-0.00593267893419,30,0.0116424029693,29,-0.00337788648903,2024-08-30
2024-08-30,299,0.356847721078,1,5,-0.0311147756875,30,-0.0234623961151,30,-0.030353737995,30,-0.0254742130637,30,-0.0190686043352,30,-0.0227357503027,30,-0.0185733772814,30,-0.0153813520446,30,-0.00640805764124,30,-0.00320317200385,29,0.0279116036836,2024-09-02
2024-09-02,297,0.136022342195,3,0,-0.0112971859053,30,0.00031179189682,30,0.00976686645299,30,0.005869012326,29,0.00985575094819,30,0.0100195547566,30,0.00980706233531,29,0.00682792486623,30,0.00643515773118,30,0.00532520422712,29,0.0166223901324,2024-09-03
2024-09-03,297,-0.218518215695,3,4,-0.00181404151954,30,-0.000767109799199,30,-0.00330190057866,30,-0.00566664664075,29,-0.00614357599989,30,-0.00726019125432,30,-0.00511687574908,29,-0.00790124107152,30,-0.0147278010845,30,-0.00671237288043,29,-0.00489833136089,2024-09-04
2024-09-04,297,0.0348771561788,3,0,-0.00220843940042,30,0.00418901443481,30,0.00584213342518,30,0.00635758368298,29,0.00500836968422,30,0.000827298557851,30,0.005523476284,29,0.00396648654714,30,0.00301694264635,30,0.00650158617646,29,0.00871002557687,2024-09-05
2024-09-05,296,-0.0659365727593,4,4,-0.0093492269516,30,-0.0100139556453,30,-0.00922449678183,29,-0.0122731802985,30,-0.008325249888,29,-0.0152380168438,30,-0.00830724835396,30,-0.0134873306379,29,-0.0129801612347,30,-0.0115772839636,29,-0.00222805701196,2024-09-06
2024-09-06,296,-0.0214800415886,4,0,-0.0141225121915,30,-0.00701938290149,30,-0.0082123959437,29,-0.014609050937,30,-0.0101346904412,29,-0.00902956537902,30,-0.0104938009754,30,-0.0114658512175,29,-0.0112840179354,30,-0.0116078564897,29,0.00251465570182,2024-09-09
2024-09-09,296,-0.142317990104,4,0,0.00618289131671,30,0.00310274958611,30,0.00427284324542,29,-0.000420624011895,30,0.00263541727327,29,-0.000143422686961,30,-0.00207008118741,30,-0.00294289505109,29,-0.00217151851393,30,-0.00125033897348,29,-0.00743323029019,2024-09-10
2024-09-10,296,0.0254020841806,4,0,-0.00463229417801,30,-0.00229124817997,30,0.000457942485809,29,-0.00639148941264,30,-0.00123181834351,29,9.40601021284e-05,30,0.00869329925627,30,-0.000840918743052,29,-0.00560441799462,30,0.00042926648166,29,0.00506156065967,2024-09-11
2024-09-11,296,0.14065625926,4,4,-0.00649737101048,30,-0.00526543473825,30,-0.00504778604954,29,-0.00809982791543,30,-0.00623964425176,29,-0.000617325305939,30,-0.00637780409306,30,-0.00602485379204,29,0.000996623421088,30,-0.00392755353823,29,0.00256981747225,2024-09-12
2024-09-12,296,-0.0910084602946,4,0,-0.000453466171166,30,-0.00281403865665,30,-0.0101395538077,29,-0.00544830551371,30,-0.010338592343,29,-0.0105461357161,30,-0.00926753040403,30,-0.00478037493303,29,-0.00539128575474,30,-0.00563913397491,29,-0.00518566780374,2024-09-13
2024-09-13,296,0.0477658543086,4,0,-0.00159349839669,30,-0.00254505476914,30,0.00760211003944,29,0.000789016485214,30,0.00138041481841,29,0.00236699194647,30,0.00180368428119,30,0.00425871694461,29,0.00780583824962,30,0.000865627953317,29,0.00245912635,2024-09-18
2024-09-18,296,0.0623378218906,4,10,0.0118882954121,30,0.00875261612236,30,0.0104245813563,29,0.0158420279622,30,0.0129030430689,29,0.0112886214629,30,0.010180006735,30,0.0124149238691,29,0.0140716871247,30,0.0119982156903,29,0.000109920278192,2024-09-19
2024-09-19,298,-0.0140197246154,2,5,0.0059520304203,30,0.000881493091583,30,-0.0052814502269,30,-0.00206763739698,30,0.00412100972608,29,-0.000484549993416,30,-0.00242450623773,30,-0.00505848927423,30,0.0017913102638,30,0.00258047203533,29,-0.00337155838497,2024-09-20
2024-09-20,298,0.0148727787339,2,10,-0.00110774242785,30,-0.00149227981456,30,0.00294283241965,30,0.00575648341328,30,0.00862182211131,29,0.00413503637537,30,0.00317462487146,30,-0.000972886860836,30,-0.00405897106975,30,0.00484130717814,29,0.00594904960599,2024-09-23
2024-09-23,298,0.0808487019864,2,3,0.0365757606924,30,0.0421517156065,30,0.0435465201735,30,0.0377552099526,30,0.0376776903868,29,0.0452165603638,30,0.0452334098518,30,0.0473192408681,30,0.0446879006922,30,0.0375219509006,29,0.000946190208197,2024-09-24
2024-09-24,298,-0.116277160258,2,67,0.0188868548721,30,0.0170357115567,30,0.0168329589069,30,0.00740224914625,30,0.00967231485993,29,0.0157237779349,30,0.0112204747275,30,0.0102751655504,30,0.0131635386497,30,0.0123459575698,29,-0.00654089730233,2024-09-25
2024-09-25,298,0.00917913044149,2,0,0.0314588695765,30,0.0487454868853,30,0.0431317798793,30,0.0460775457323,30,0.0452222339809,29,0.0379618555307,30,0.0509653612971,30,0.0448949560523,30,0.0431122221053,30,0.0344639532268,29,0.00300508365035,2024-09-26
2024-09-26,298,-0.0732777848541,2,117,0.0382770858705,30,0.0266795158386,30,0.0630196034908,30,0.0675089135766,30,0.0784469991922,29,0.0566355064511,30,0.0693558678031,30,0.0599045678973,30,0.0320587009192,30,0.0385061204433,29,0.00022903457284,2024-09-27
2024-09-27,298,-0.516441232203,2,44,0.0955322906375,30,0.120286494493,30,0.102827757597,30,0.10892304033,30,0.120410293341,29,0.106129363179,30,0.104924708605,30,0.0776787996292,30,0.0724049061537,30,0.0526344142854,29,-0.0428978763521,2024-09-30
2024-09-30,298,-0.680045516357,2,99,0.078372053802,30,0.111501760781,30,0.0973454639316,30,0.150405019522,30,0.101658836007,29,0.0390833243728,30,0.0409876778722,30,0.0289999581873,30,0.018347652629,30,0.00544438464567,29,-0.0729276691563,2024-10-08
2024-10-08,298,0.179083136773,2,77,-0.0499341487885,30,-0.0307177603245,30,-0.0923254340887,30,-0.102965690196,30,-0.0914875939488,29,-0.0906965732574,30,-0.0857242271304,30,-0.0756291970611,30,-0.0700153484941,30,-0.0499148108065,29,1.93379819393e-05,2024-10-09
2024-10-09,298,0.61641658239,2,2,-0.0563096366823,30,-0.014063491486,30,-0.00611020531505,30,-0.00848989095539,30,-0.00416562473401,29,0.0209136810154,30,0.033020298928,30,0.0242576859891,30,0.0301705077291,30,0.0322983041406,29,0.0886079408228,2024-10-10
2024-10-10,300,0.095781034841,0,6,-0.0283271651715,30,-0.0386324375868,30,-0.0368225574493,30,-0.0270730387419,30,-0.0341647639871,30,-0.0277577918023,30,-0.0288928914815,30,-0.0368307568133,30,-0.0276736486703,30,-0.0255647692829,30,0.00276239588857,2024-10-11
2024-10-11,300,0.0231232383069,0,6,0.0193370003253,30,0.018051398918,30,0.0240910481662,30,0.0155809046701,30,0.0177659969777,30,0.0182758867741,30,0.0202628783882,30,0.020693352446,30,0.0162581820041,30,0.0204797685146,30,0.00114276818931,2024-10-14
2024-10-14,300,0.104593746389,0,10,-0.0273655224591,30,-0.0226980410516,30,-0.0294676162302,30,-0.0279590059072,30,-0.0282794069499,30,-0.0267526414245,30,-0.0264208000153,30,-0.0235480479896,30,-0.0271087381989,30,-0.0219251178205,30,0.00544040463865,2024-10-15
2024-10-15,300,0.424217379805,0,0,-0.0118101360276,30,-0.0251460261643,30,-0.0142570100725,30,-0.00924563407898,30,-0.0142636355013,30,-0.00123528239783,30,-0.00316367158666,30,-0.00339779863134,30,-5.86787864449e-05,30,0.00817868672311,30,0.0199888227507,2024-10-16
2024-10-16,300,-0.0718632908343,0,3,-0.0135060986504,30,-0.00962254777551,30,-0.00398975796998,30,-0.0105175795034,30,-0.00900214724243,30,-0.00941857881844,30,-0.0114394007251,30,-0.00955876521766,30,-0.0107892453671,30,-0.0148400189355,30,-0.00133392028511,2024-10-17
2024-10-17,300,-0.639578704797,0,0,0.071502186358,30,0.079338312149,30,0.0407570675015,30,0.041366007179,30,0.0383127145469,30,0.0249205064029,30,0.0294168610126,30,0.0164979118854,30,0.0191619955003,30,0.00982942990959,30,-0.0616727564484,2024-10-18
2024-10-18,300,-0.255979960648,0,3,0.0175416432321,30,0.00640202779323,30,0.00973249040544,30,0.0184239447117,30,0.0142746884376,30,0.00676283845678,30,-0.00176394183654,30,0.00754296779633,30,-0.00102321908344,30,-0.0047763842158,30,-0.0223180274479,2024-10-21
2024-10-21,300,0.0665928196081,0,2,0.00507789244875,30,0.0140096163377,30,0.0049603623338,30,-0.000795020663645,30,0.00662242155522,30,0.00700757326558,30,0.00971050653607,30,0.0105180954561,30,0.0107184648514,30,0.0087643424049,30,0.00368644995615,2024-10-22
2024-10-22,300,-0.138474572194,0,15,0.0119797028601,30,0.0170215759426,30,0.0156395491213,30,0.00591703457758,30,-0.000413646310335,30,-0.00150767562445,30,-0.00202064518817,30,-0.000625177228358,30,0.00591277657077,30,0.00391346216202,30,-0.0080662406981,2024-10-23
2024-10-23,300,0.310831485425,0,7,-0.0167754851282,30,-0.0254483390599,30,-0.0156222442165,30,-0.0127382716164,30,-0.0106958886608,30,-0.00783179607242,30,-0.00646495819092,30,-0.00961399916559,30,-0.00849670544267,30,-0.00480498652905,30,0.0119704985991,2024-10-24
2024-10-24,300,-0.0180428871909,0,0,0.00183542969171,30,0.0036745944526,30,0.0190828386694,30,0.0293107051402,30,0.02433604002,30,0.0208162534982,30,0.0116252247244,30,0.00939265452325,30,0.00556277437136,30,-0.00234317569993,30,-0.00417860539164,2024-10-25
2024-10-25,300,-0.0469701249345,0,10,0.0119001306593,30,0.00262426142581,30,-0.00240719108842,30,0.0129043497145,30,0.00846497993916,30,0.00724939303473,30,0.00505779171363,30,0.00777286896482,30,0.00196402263828,30,-0.00118621985894,30,-0.0130863505183,2024-10-28
2024-10-28,300,0.295268139242,0,38,-0.0170254986733,30,-0.0186075363308,30,-0.0186114292592,30,-0.0150638027117,30,-0.0218037888408,30,-0.0127214072272,30,-0.0100549440831,30,-0.0121342455968,30,-0.00542911468074,30,-0.0061034061946,30,0.0109220924787,2024-10-29
2024-10-29,300,0.110752377893,0,0,-0.0126511808485,30,-0.0120550729334,30,-0.00620067724958,30,-0.00475813727826,30,-0.0117371501401,30,-0.00817914959043,30,-0.00166901748162,30,-0.00969820655882,30,-0.00485152006149,30,-0.00810519047081,30,0.00454599037766,2024-10-30
2024-10-30,300,-0.235136964601,0,0,0.00294923386537,30,0.0173448324203,30,0.0138662317768,30,0.00465440144762,30,0.0047758994624,30,0.0137321176007,30,-0.00581370806322,30,-0.0047884741798,30,-0.00493065919727,30,-0.00577542604879,30,-0.00872465991415,2024-10-31
2024-10-31,300,0.519266132927,0,3,-0.0275431517512,30,-0.0250429995358,30,-0.011937004514,30,-0.00471704406664,30,-0.00430831313133,30,0.000349471956724,30,0.000408476596931,30,0.00562388496473,30,0.00932508148253,30,0.0128750680014,30,0.0404182197526,2024-11-01
2024-11-01,300,0.281143407019,0,4,0.00508446712047,30,0.0120341377333,30,0.0120291328058,30,0.0117955384776,30,0.0125878015533,30,0.0118292011321,30,0.00991380400956,30,0.0202780868858,30,0.0225220639259,30,0.0182727295905,30,0.0131882624701,2024-11-04
2024-11-04,300,-0.14349465175,0,42,0.0196766145527,30,0.0357723161578,30,0.0376249216497,30,0.0266554672271,30,0.0346073955297,30,0.025192046538,30,0.026596814394,30,0.0268323142081,30,0.0200811158866,30,0.0179472509772,30,-0.00172936357558,2024-11-05
2024-11-05,300,-0.0390732342091,0,52,0.0062524122186,30,-0.0011822283268,30,-0.00218013720587,30,-0.00539697613567,30,-0.00364402541891,30,0.0101269977167,30,0.00157650315668,30,0.00186606845818,30,0.00197009253316,30,-0.00572734279558,30,-0.0119797550142,2024-11-06
2024-11-06,300,-0.089369669593,0,2,0.028541026637,30,0.0269493218511,30,0.0275845862925,30,0.0272791739553,30,0.0334477052093,30,0.0331626869738,30,0.0232174694538,30,0.0286252629012,30,0.0213638301939,30,0.0201399922371,30,-0.00840103439987,2024-11-07
2024-11-07,300,0.0210320666763,0,82,-0.00611095828936,30,-0.0119534675032,30,-0.00921164732426,30,-0.00607461947948,30,-0.00711031351238,30,-0.00241704378277,30,-0.00578182144091,30,-0.0110793272033,30,-0.00183364353143,30,0.00604262342677,30,0.0121535817161,2024-11-08
2024-11-08,300,-0.380847670155,0,5,0.0384085997939,30,0.0370960496366,30,0.0225628502667,30,0.0251072347164,30,0.013580949977,30,0.00629835715517,30,-0.00241816043854,30,0.00685747247189,30,-0.00694049196318,30,-0.00662940554321,30,-0.0450380053371,2024-11-11
2024-11-11,300,0.0441068902749,0,32,-0.00179183087312,30,-0.0119122127071,30,-0.00741691375151,30,-0.00429674563929,30,-0.0153169333935,30,-0.0196515005082,30,-0.0109994513914,30,-0.0099259596318,30,-0.00932421721518,30,-0.00901556015015,30,-0.00722372927703,2024-11-12
2024-11-12,300,0.208762146921,0,0,0.0110917193815,30,0.000818330037873,30,0.00593980960548,30,0.00330823450349,30,0.0034167508129,30,0.00564196100459,30,0.00272822170518,30,0.00609161844477,30,0.00767025956884,30,0.0119845233858,30,0.000892804004252,2024-11-13
2024-11-13,300,0.365274060602,0,4,-0.0370507836342,30,-0.0297841671854,30,-0.025919565931,30,-0.0251814704388,30,-0.0188015773892,30,-0.0186156965792,30,-0.0178134161979,30,-0.0174147728831,30,-0.0115793449804,30,-0.0108039341867,30,0.0262468494475,2024-11-14
2024-11-14,300,0.490529207057,0,0,-0.0372168011963,30,-0.0314624495804,30,-0.0269332900643,30,-0.0202014725655,30,-0.0189551133662,30,-0.013846588321,30,-0.0107636488974,30,-0.00545181846246,30,-0.00448238058016,30,-0.00428561586887,30,0.0329311853275,2024-11-15
2024-11-15,300,0.362803948498,0,0,-0.0216320119798,30,-0.0172086898237,30,-0.0154522163793,30,-0.0198872461915,30,-0.0107913697138,30,-0.0108851231635,30,-0.00231178011745,30,0.00715827941895,30,-0.000948023807723,30,0.014026099816,30,0.0356581117958,2024-11-18
2024-11-18,300,-0.359691567994,0,0,0.0239296890795,30,0.0247895587236,30,0.0155832050368,30,0.0139020541683,30,0.00326522579417,30,0.00802595820278,30,0.00555480504408,30,0.00425398536026,30,0.00460258731619,30,0.00215410580859,30,-0.0217755832709,2024-11-19
2024-11-19,300,-0.0296354694364,0,19,0.0046858987771,30,0.00420803437009,30,0.00728640146554,30,0.00181116664317,30,0.00622303690761,30,0.00463282084092,30,0.00217984127812,30,0.0040827752091,30,0.00153641100042,30,-0.000279883533949,30,-0.00496578231105,2024-11-20
2024-11-20,300,-0.0189645668329,0,3,0.0101842442527,30,-0.000448882579803,30,0.00122618081514,30,-0.000374339026166,30,0.000528063392267,30,3.27110283251e-05,30,-0.00236143660732,30,-0.00172205769923,30,-0.0025485297665,30,-0.000265081733232,30,-0.010449325986,2024-11-21
2024-11-21,300,0.215381538421,0,5,-0.0307535659522,30,-0.0288318302482,30,-0.0364951044321,30,-0.0429763458669,30,-0.0361319445074,30,-0.0370629914105,30,-0.0315526090562,30,-0.0289045982063,30,-0.0299783926457,30,-0.0236356519163,30,0.00711791403592,2024-11-22
2024-11-22,300,0.0892402134988,0,0,0.00301138754003,30,-0.00656919460744,30,-0.00600380124524,30,-0.00425615720451,30,0.00189886684529,30,-0.00128357612994,30,-0.00666124420241,30,-0.00717911310494,30,-0.000322655832861,30,-0.0013328671921,30,-0.00434425473213,2024-11-25
2024-11-25,300,0.314699503117,0,5,-0.0164159275591,30,-0.00959908403456,30,-0.00900440383703,30,-0.00480008730665,30,-0.00624796329066,30,-0.00202408432961,30,-0.00480883894488,30,0.00275532202795,30,0.00215602526441,30,0.0040859025903,30,0.0205018301494,2024-11-26
2024-11-26,300,-0.0747812753475,0,0,0.0202812664211,30,0.0220981612802,30,0.0230401568115,30,0.0209661237895,30,0.0234007127583,30,0.0224156454206,30,0.0171889029443,30,0.0169034730643,30,0.0176299214363,30,0.0144356088713,30,-0.0058456575498,2024-11-27
2024-11-27,300,-0.0212005506417,0,63,-0.00356700224802,30,-0.00912541989237,30,-0.0103413620964,30,-0.0107122696936,30,-0.00861995015293,30,-0.00632360158488,30,-0.0106516098604,30,-0.0110940216109,30,-0.00850358046591,30,-0.00722420215607,30,-0.00365719990805,2024-11-28
2024-11-28,300,-0.327299802588,0,0,0.0193302836269,30,0.0236836262047,30,0.0179651379585,30,0.0137010617182,30,0.0110903261229,30,0.0149731319398,30,0.0101452507079,30,0.00743780145422,30,0.00526400422677,30,0.00570858130231,30,-0.0136217023246,2024-11-29
2024-11-29,300,-0.12554040211,0,0,0.00899043492973,30,0.0110778706148,30,0.0133005920798,30,0.0120817264542,30,0.0138216353953,30,0.0103077534586,30,0.00785932503641,30,0.00919988565147,30,0.00452120881528,30,0.00410503754392,30,-0.00488539738581,2024-12-02
2024-12-02,300,0.147500859778,0,11,0.00160531594884,30,0.000566776609048,30,-0.000529072654899,30,-0.00553046260029,30,-0.00513681955636,30,-0.00236037769355,30,-0.00516339717433,30,-0.000322208798025,30,0.00265939626843,30,0.0107653615996,30,0.00916004565079,2024-12-03
2024-12-03,300,-0.276693409823,0,25,0.00412672571838,30,0.000198374196771,30,-0.00999649520963,30,-0.0136566860601,30,-0.00537098851055,30,-0.012798961252,30,-0.013965992257,30,-0.00590820703655,30,-0.0112157305703,30,-0.0109216887504,30,-0.0150484144688,2024-12-04
2024-12-04,300,-0.0217972691305,0,2,-0.00268668937497,30,0.00477942405269,30,-0.00103241798934,30,-0.00247704586945,30,0.00153872172814,30,-0.00401350250468,30,-0.000458927941509,30,0.000305906927679,30,-0.00368249625899,30,-0.00338621344417,30,-0.000699524069205,2024-12-05
2024-12-05,300,-0.0415173732582,0,2,0.0105466106907,30,0.0103640854359,30,0.0123610692099,30,0.0126383164898,30,0.017461841926,30,0.0148047348484,30,0.0127999242395,30,0.0138247665018,30,0.0135510824621,30,0.00751356687397,30,-0.00303304381669,2024-12-06
2024-12-06,300,0.188679932924,0,3,-0.00254370179027,30,-0.00810356903821,30,8.85307817953e-05,30,-0.00234060874209,30,-0.00575055275112,30,-0.00234743952751,30,4.03940684919e-05,30,-0.0047087627463,30,0.00270433421247,30,0.000859234714881,30,0.00340293650515,2024-12-09
2024-12-09,300,0.298272696315,0,0,-0.00315749645233,30,0.0077645201236,30,-3.94066191802e-05,30,0.00423977756873,30,0.00618564896286,30,0.00264454679564,30,0.00790884904563,30,0.00862545985729,30,0.00641700811684,30,0.00908160768449,30,0.0122391041368,2024-12-10
2024-12-10,300,0.279876240847,0,0,0.00101439759601,30,-0.003464973066,30,-0.000125332677271,30,-0.00156545639038,30,0.00216868915595,30,0.00278505892493,30,0.001767581678,30,0.00373169383965,30,0.00567794637755,30,0.00866944156587,30,0.00765504396986,2024-12-11
2024-12-11,300,0.162407219749,0,7,0.00771918473765,30,0.00945254601538,30,0.0109364446253,30,0.00480402307585,30,0.00722139095888,30,0.00849803909659,30,0.00545682292432,30,0.00635123252869,30,0.0133498525247,30,0.0124507164583,30,0.00473153172061,2024-12-12
2024-12-12,300,0.0473058405299,0,22,-0.0187822785228,30,-0.0217044036835,30,-0.0211194716394,30,-0.027373271063,30,-0.0184833984822,30,-0.0241106245667,30,-0.0191339049488,30,-0.0212012697011,30,-0.0220272149891,30,-0.0198807753623,30,-0.0010984968394,2024-12-13
2024-12-13,300,0.434801314239,0,0,-0.0226655844599,30,-0.022102702409,30,-0.0134915215895,30,-0.0101946052164,30,-0.0101518174633,30,-0.00975975766778,30,-0.00998254586011,30,-0.004012608435,30,-0.0010322193848,30,0.00729061570019,30,0.0299562001601,2024-12-16
2024-12-16,300,0.103956459787,0,2,0.00105747778434,30,-0.004237330053,30,-0.00491133937612,30,0.00172843341716,30,-0.00113666255493,30,-0.00323700695299,30,-0.00335415988229,30,-0.00160033104476,30,-0.000442524760729,30,0.00234427046962,30,0.00128679268528,2024-12-17
2024-12-17,300,0.15557690987,0,0,0.00281729293056,30,0.00890443101525,30,0.00660805916414,30,0.0018352647312,30,0.00172376830596,30,0.00704747252166,30,0.00359164085239,30,0.00498785171658,30,0.00533295888454,30,0.00807146448642,30,0.00525417155586,2024-12-18
2024-12-18,300,-0.154032002148,0,0,0.0153122739866,30,0.0143580315635,30,0.00472232885659,30,-0.00170843605883,30,-0.00253419275396,30,-0.00721408519894,30,-0.0046939891763,30,-0.00535476207733,30,-0.00236558704637,30,0.000740957271773,30,-0.0145713167149,2024-12-19
2024-12-19,300,-0.143383186544,0,15,-0.00391116319224,30,-0.00316994381137,30,0.00299688382074,30,0.00847043190151,30,-0.00434853648767,30,-0.00141269166488,30,-0.00732002872974,30,-0.00162146682851,30,-0.00994749646634,30,-0.00609963946044,30,-0.0021884762682,2024-12-20
2024-12-20,299,0.569794681353,1,0,-0.0162898246199,30,-0.0183793827891,30,-0.01627879031,30,-0.0101304734126,30,-0.00517834443599,30,-0.00238256249577,30,0.00073630415136,30,0.0148228267208,30,0.00930011831224,30,0.00839486997575,29,0.0246846945956,2024-12-23
2024-12-23,299,0.061476803525,1,0,0.00986239127815,30,0.0128755290061,30,0.0150903323665,30,0.00938053894788,30,0.0143502391875,30,0.0131025295705,30,0.0123876137659,30,0.0125718219206,30,0.0112700639293,30,0.0141437770799,29,0.00428138580173,2024-12-24
2024-12-24,299,0.0611062350854,1,16,-0.00562610616907,30,-0.00231625232846,30,-0.00100462243427,30,0.00255024037324,30,-0.00267982087098,30,0.00126668810844,30,-0.00106608273927,30,0.000686365354341,30,-0.00113976397552,30,-0.0052850227803,29,0.000341083388776,2024-12-25
2024-12-25,299,0.0127647911919,1,4,-0.000528774631675,30,0.00234659900889,30,-0.00166777765844,30,0.000725740217604,30,0.00825451035053,30,0.00436706561595,30,-0.00243625650182,30,-9.65555518633e-05,30,0.00128409662284,30,-0.00451166275889,29,-0.00398288812721,2024-12-26
2024-12-26,299,0.452552142722,1,5,-0.0170176755637,30,-0.0124972974882,30,-0.00623644003645,30,0.0016764739994,30,0.000703096389771,30,0.00472371373326,30,-5.65111622564e-05,30,0.00375670590438,30,0.00406569847837,30,0.00535380234942,29,0.0223714779131,2024-12-27
2024-12-27,299,0.0680614299185,1,3,0.0026444257237,30,0.00395170832053,30,0.00174384517595,30,0.00120606226847,30,0.00168583390769,30,0.00370494322851,30,0.00360595970415,30,0.00175021286123,30,0.00243516173214,30,0.0057880487293,29,0.0031436230056,2024-12-30
2024-12-30,299,0.26829728167,1,5,-0.0257174298167,30,-0.0228873081505,30,-0.0267538558692,30,-0.0191165674478,30,-0.0238041505218,30,-0.0242276694626,30,-0.00937607698143,30,-0.0175580698997,30,-0.011301596649,30,-0.00945368502289,29,0.0162637447938,2024-12-31
2024-12-31,299,0.049195758703,1,0,-0.030956229195,30,-0.0318153873086,30,-0.0273296777159,30,-0.0301509667188,30,-0.0284597743303,30,-0.0378328561783,30,-0.027071621269,30,-0.0293801613152,30,-0.0275208465755,30,-0.0269359704107,29,0.00402025878429,2025-01-02
2025-01-02,299,0.379760925413,1,0,-0.0227684788406,30,-0.0220537204295,30,-0.0158246234059,30,-0.0182735454291,30,-0.0139566557482,30,-0.0149627132341,30,-0.0106720188633,30,-0.0029826045502,30,-0.00744578847662,30,-0.00492085469887,29,0.0178476241417,2025-01-03
2025-01-03,299,0.196065984495,1,0,0.00126323895529,30,-0.0058535435237,30,-0.000854645157233,30,-0.00572626804933,30,0.00110771262553,30,-0.00251633138396,30,0.00216609030031,30,-0.00085200072499,30,0.00296472106129,30,0.00538854580373,29,0.00412530684844,2025-01-06
2025-01-06,299,-0.156606336717,1,3,0.0105439405888,30,0.00323702092282,30,0.0100851077586,30,0.017985643819,30,0.010733935982,30,0.00967486482114,30,0.0142306424677,30,0.0075108311139,30,-0.000505673873704,30,-0.00518496287987,29,-0.0157289034687,2025-01-07
2025-01-07,300,0.235406314582,0,28,-0.00654854578897,30,-0.00638559646904,30,-0.00496481079608,30,-0.00725818285719,30,0.000122570985695,30,-0.00277883023955,30,0.00422161817551,30,-0.00391138996929,30,0.00584240350872,30,0.00275467243046,30,0.00930321821943,2025-01-08
2025-01-08,300,-0.0736827602148,0,0,0.00624486990273,30,-0.000430691230576,30,-0.00155014195479,30,-0.00511464290321,30,-0.00289176101796,30,-0.00503713684157,30,-0.00360800419003,30,-0.00456238584593,30,-0.00717142643407,30,-0.00579982204363,30,-0.0120446919464,2025-01-09
2025-01-09,299,0.0471979294693,1,2,-0.0113105298951,30,-0.0145778115839,30,-0.0168327149004,30,-0.0157734267414,30,-0.0154265286401,30,-0.0167690776289,30,-0.0140064675361,30,-0.0167976841331,30,-0.0146349249408,30,-0.0146613428369,29,-0.00335081294179,2025-01-10
2025-01-10,299,0.203895886437,1,0,-0.010272459127,30,-0.00829287152737,30,-0.00120227143634,30,0.00075964134885,30,0.00542590208352,30,0.00157470896374,30,0.00410911254585,30,0.00127369363327,30,-5.66442795389e-05,30,2.24976702157e-05,29,0.0102949567972,2025-01-13
2025-01-13,299,-0.273654640517,1,6,0.0249864161015,30,0.0405443497002,30,0.0349475517869,30,0.0332287400961,30,0.0301518198103,30,0.0379926748574,30,0.0284943692386,30,0.017479589209,30,0.0198315996677,30,0.0213403161615,29,-0.00364609993994,2025-01-14
2025-01-14,299,0.243291560756,1,44,-0.0063765225932,30,-0.0136106526479,30,-0.0105594312772,30,-0.00857119169086,30,-0.00866896100342,30,-0.00388030800968,30,-0.00630804290995,30,-0.00277173914947,30,-0.00483206892386,30,0.000193133440916,29,0.00656965603412,2025-01-15
2025-01-15,299,0.0771967787015,1,0,-0.00525935692713,30,0.00413926457986,30,0.00548951420933,30,0.00777321262285,30,0.00851512514055,30,0.00482442369685,30,0.0033108771313,30,0.00689895730466,30,0.00498594436795,30,0.0011869011214,29,0.00644625804853,2025-01-16
2025-01-16,299,0.115264201215,1,5,0.00125786662102,30,0.00682977633551,30,0.0101247411221,30,-0.000849010539241,30,0.00380317377858,30,0.00323998136446,30,0.0053118863143,30,0.00184426701162,30,0.00333147845231,30,0.00520658073947,29,0.00394871411845,2025-01-17
2025-01-17,300,-0.123452984805,0,4,0.000950068235397,30,0.00987904705107,30,0.000413227069657,30,-0.00117146573029,30,0.00308196735568,30,0.00353515939787,30,0.00163982913364,30,-0.00719393696636,30,0.00513556785882,30,-0.00580318784341,30,-0.00675325607881,2025-01-20
2025-01-20,300,-0.266823888359,0,0,0.0146706979722,30,0.00918185524642,30,0.00228613219224,30,-0.00552824744955,30,-0.00261917710304,30,-0.00609557237476,30,-0.00628626532853,30,-0.00466432375833,30,-0.00707458471879,30,-0.00177101092413,30,-0.0164417088963,2025-01-21
2025-01-21,300,-0.121989409655,0,0,0.00356814661063,30,-0.00420618848875,30,-0.00177408859599,30,-0.00540192937478,30,-0.00995395611972,30,-0.00530115747824,30,-0.0124167362228,30,-0.0110348677263,30,-0.00890487246215,30,-0.00714873475954,30,-0.0107168813702,2025-01-22
2025-01-22,300,0.31332946882,0,3,-0.00506029324606,30,-0.00790848769248,30,0.00100152892992,30,-0.00139100744855,30,-0.00197657151148,30,4.2078892875e-05,30,0.00349132413976,30,0.00693198433146,30,0.00559184746817,30,0.0147915221751,30,0.0198518154211,2025-01-23
2025-01-23,300,0.0293894894128,0,0,0.0046877800487,30,0.00852333940566,30,0.0176780000329,30,0.0081401085481,30,0.0159950796515,30,0.00871763471514,30,0.00876811984926,30,0.0100064137951,30,0.00469004129991,30,0.00549621181563,30,0.000808431766927,2025-01-24
2025-01-24,300,0.299821372459,0,8,-0.010195588693,30,-0.0111306430772,30,-0.0119636235759,30,-0.00772013049573,30,-0.0078391013667,30,-0.00588342966512,30,0.00109888717998,30,0.00276036257856,30,0.00422408757731,30,0.00968283601105,30,0.0198784247041,2025-01-27
2025-01-27,300,0.181961335258,0,0,-0.0123190265149,30,-0.00284209055826,30,-0.0253512915224,30,0.00181184813846,30,0.0102887209505,30,-0.00250918860547,30,0.00247064838186,30,-0.0014487921726,30,0.000679610180669,30,-0.00441561127082,30,0.00790341524407,2025-02-05
2025-02-05,298,-0.324195547276,2,6,0.0140105681494,30,0.0263038389385,30,0.024412304163,30,0.0201532915235,30,0.023474091664,29,0.00801699515432,30,0.00750782666728,30,0.00468395138159,30,0.00435924949124,30,0.00335339852609,29,-0.0106571696233,2025-02-06
2025-02-06,298,-0.23493389467,1,34,0.0132668036968,30,0.0229954086244,30,0.0166662149131,30,0.0181477703154,30,0.0181198492646,29,0.00973390135914,30,0.0119747621939,30,0.00820006150752,30,0.0103767793626,30,0.0043762573041,29,-0.00889054639265,2025-02-07
2025-02-07,298,0.00832617020543,1,5,0.00523041468114,30,-0.00109253521077,30,-0.000466328870971,30,-0.000576432561502,30,0.00187571707647,29,0.0086588524282,30,0.00259808101691,30,0.00231469469145,30,0.000582790351473,30,0.00324999471195,29,-0.00198041996919,2025-02-10
2025-02-10,299,0.147386189464,0,0,-0.00745456619188,30,-0.00893462076783,30,-0.00608037924394,30,-0.00798236299306,30,-0.00653967447579,30,-0.00484664831311,30,-0.00291861291043,30,-0.00546602392569,30,-0.00191771390382,30,-0.000997524824925,29,0.00645704136696,2025-02-11
2025-02-11,299,-0.0973281279768,0,6,0.0150778079405,30,0.00628916034475,30,0.0128570301458,30,0.0120444176719,30,0.0150765581056,30,0.00524071464315,30,0.00671697873622,30,0.00280072097667,30,0.00685174064711,30,0.00330434786156,29,-0.011773460079,2025-02-12
2025-02-12,299,0.170572063547,0,38,-0.00541295204312,30,-0.00413776421919,30,-0.0126027083024,30,-0.00717395544052,30,-0.00871424097568,30,-0.00552614312619,30,-0.00861022435129,30,-0.00413594627753,30,-0.00143324735109,30,-0.00063619739376,29,0.00477675464936,2025-02-13
2025-02-13,299,0.1326857171,0,0,0.0011040866375,30,0.00312065472826,30,0.0167316012084,30,0.00524929957464,30,0.010847219266,30,0.00774285802618,30,0.0108012799174,30,0.00761845521629,30,0.00684797344729,30,0.00310322130099,29,0.00199913466349,2025-02-14
2025-02-14,299,-0.130914412958,0,11,0.00521558523178,30,0.00504984660074,30,0.00429505715147,30,0.0135875558481,30,0.00206789164804,30,0.0047776917927,30,0.00460993265733,30,-0.00407674117014,30,-0.000747833633795,30,-0.00281672016717,29,-0.00803230539896,2025-02-17
2025-02-17,299,-0.0589177716659,0,9,-0.00418917322531,30,-0.0104699535295,30,-0.0180397368968,30,-0.0116504449397,30,-0.0131306769326,30,-0.0103711867705,30,-0.014328956604,30,-0.00994251016527,30,-0.0112903518602,30,-0.0159011259675,29,-0.0117119527422,2025-02-18
2025-02-18,299,-0.147293402542,0,0,0.0100880898535,30,0.0177196692675,30,0.00343071017414,30,0.0191671121866,30,0.00746489968151,30,0.00952347926795,30,0.00325451698154,30,0.0070158042945,30,0.00190708041191,30,-0.000235150597291,29,-0.0103232404508,2025-02-19
2025-02-19,299,-0.0121314885696,0,14,0.00278117647395,30,-0.00151979725342,30,0.000156005218741,30,-0.00466403178871,30,-0.000892482174095,30,0.00494699086994,30,-0.00191141362302,30,-0.0041311820969,30,-0.00512630539015,30,-0.00306432833895,29,-0.0058455048129,2025-02-20
2025-02-20,299,-0.218253014756,0,0,0.00759691186249,30,0.0300306472927,30,0.016489552334,30,0.0222959350795,30,0.0173006784171,30,0.00380772561766,30,0.00161994888913,30,0.00450707087293,30,0.000756663095672,30,-0.000873910961673,29,-0.00847082282417,2025-02-21
2025-02-21,298,0.0719213514044,1,12,0.00163862504996,30,-0.00671275658533,30,-0.00753504829481,30,-0.000357522570994,30,0.00432997941971,29,0.00599883403629,30,0.00391793064773,30,0.00665699644014,30,-0.00369944563136,30,0.00131345004775,29,-0.000325175002217,2025-02-24
2025-02-24,298,-0.050405943139,1,0,-0.00798922218382,30,-0.00752814626321,30,-0.0115359388292,30,-0.00954116787761,30,-0.00652983272448,29,-0.0120443049818,30,-0.00639438442886,30,-0.0137495975941,30,-0.00959943328053,30,-0.0103183817118,29,-0.00232915952802,2025-02-25
2025-02-25,298,0.0093287759238,1,0,0.0161418300122,30,0.00536781735718,30,0.0136721190065,30,0.0120351295918,30,0.0107447234914,29,0.0123400846496,30,0.0117401918396,30,0.00678331078961,30,0.0110201993957,30,0.00725282449275,29,-0.00888900551945,2025-02-26
2025-02-26,298,0.176965761697,1,13,0.000945436942857,30,0.00117661163677,30,-0.0064806798473,30,-0.00232856860384,30,-0.00904332380742,29,0.000274296588032,30,0.00606772722676,30,0.0070535200648,30,0.0036100030411,30,0.0048172948882,29,0.00387185794534,2025-02-27
2025-02-27,298,-0.00659305876688,1,12,-0.0142255919054,30,-0.0149073358625,30,-0.0168294962496,30,-0.0350714735687,30,-0.0290770344436,29,-0.0250714216381,30,-0.0261051561683,30,-0.0211843047291,30,-0.0109947659075,30,-0.010134213604,29,0.00409137830138,2025-02-28
2025-02-28,298,0.135596882632,1,0,-0.0138685861602,30,-0.00586837949231,30,0.00464413780719,30,0.00973328761756,30,0.00886834878474,29,0.00287189683877,30,0.00703857745975,30,-0.000941697740927,30,0.00452701468021,30,0.00134110043291,29,0.0152096865932,2025-03-03
2025-03-03,298,-0.0503276660633,1,2,-0.000822788453661,30,0.00543607072905,30,0.000380778306862,30,0.00673089036718,30,0.000622352643404,29,-3.25759247062e-05,30,0.00684568891302,30,0.00272179255262,30,0.00161350367125,30,-0.0028494822327,29,-0.00202669377904,2025-03-04
2025-03-04,298,0.0858907223823,1,8,0.00321754207835,30,0.00115286116488,30,0.00766317266971,30,-0.00171384809073,30,-0.00360052962787,29,0.00178800825961,30,-0.00333874020725,30,0.00624912977219,30,0.00369403767399,30,0.0062512489967,29,0.00303370691836,2025-03-05
2025-03-05,298,-0.115814422399,1,5,0.0118968868628,30,0.0166782122105,30,0.0135212820023,30,0.0137312905863,30,0.0164096020162,29,0.0181015655398,30,0.0149644436315,30,0.0105778696015,30,0.00615642080083,30,0.00267853611149,29,-0.00921835075133,2025-03-06
2025-03-06,298,0.226912362884,1,11,0.00220511760563,30,-0.0106457490474,30,-0.0117341261357,30,-0.00475675053895,30,-0.00336679304019,29,-0.00239765248261,30,-0.00254612159915,30,-0.00194197695237,30,0.00248313345946,30,-0.000954864372034,29,-0.00315998197766,2025-03-07
2025-03-07,298,-0.0217699484836,1,3,-0.00212359032594,30,0.000896280980669,30,-0.00490263523534,30,-0.00150335230865,30,-0.000494771986268,29,0.0031286876183,30,-0.000637819350231,30,-0.00456651858985,30,-0.00118741788901,30,-0.00277583976276,29,-0.000652249436826,2025-03-10
2025-03-10,299,0.137602922347,0,0,0.00436742324382,30,0.00908312574029,30,0.00143829383887,30,0.00309505849145,30,-0.00399725651368,30,0.00169215200003,30,0.00507472176105,30,0.0041493573226,30,0.00817140098661,30,0.00375224393792,29,-0.000615179305896,2025-03-11
2025-03-11,299,-0.127180932102,0,118,-0.0037067651283,30,0.000142647826578,30,0.00280382833444,30,-0.00151818001177,30,-0.00865172129124,30,-0.000370124966139,30,-0.00672911014408,30,-0.00757908215746,30,-0.00503358850256,30,-0.00530013535172,29,-0.00159337022342,2025-03-12
2025-03-12,299,0.250142871327,0,0,-0.00570590095595,30,-0.0113547826186,30,-0.00573492841795,30,-0.012909851037,30,-0.0057972073555,30,-0.00541941914707,30,-0.00326265883632,30,-0.00355076394044,30,0.00395280122757,30,0.00645325100049,29,0.0121591519564,2025-03-13
2025-03-13,299,0.178998829428,0,5,0.00967208109796,30,0.0164305828512,30,0.0161600578576,30,0.0260662976652,30,0.0240961834788,30,0.0186608247459,30,0.0159993898124,30,0.0254742521793,30,0.0199164822698,30,0.0191122256219,29,0.00944014452398,2025-03-14
2025-03-14,298,0.0297671623855,1,12,-0.000802707683761,30,-0.00181370775681,30,0.0024576226715,30,-0.00359646882862,30,-0.00116032769438,29,-0.00125724473037,30,0.000439914059825,30,-0.00228593149222,30,-0.000311336916639,30,0.000307740847347,29,0.00111044853111,2025-03-17
2025-03-17,298,-0.0973182040748,1,0,0.000418108713347,30,0.0108327809721,30,0.0023065188434,30,0.00198515644297,30,0.00579037936404,29,-0.000717093527783,30,3.0074517781e-05,30,0.00244627194479,30,-0.00104313890915,30,-0.0015864885645,29,-0.00200459727785,2025-03-18
2025-03-18,297,0.27521306526,2,0,-0.0154845695943,30,-0.0036808073055,30,-0.00237883324735,30,-0.00824822019786,29,-0.00852996483445,30,-0.00401388993487,30,0.000150320862303,29,-0.000585601723287,30,0.00213009328581,30,0.00486293109134,29,0.0203475006856,2025-03-19
2025-03-19,297,0.208787123903,2,9,-0.0058345454745,30,-0.0045352736488,30,-0.0147026516497,30,-0.00654464354739,29,-0.0100826658309,30,-0.00790713075548,30,-0.00602756487206,29,-0.00499816145748,30,-0.00180471141357,30,0.00359594402835,29,0.00943048950285,2025-03-20
2025-03-20,297,0.415002663599,2,2,-0.0210449043661,30,-0.0144714852795,30,-0.0166390482336,30,-0.0162031762302,29,-0.0148092508316,30,-0.0115923425183,30,-0.0114668384194,29,-0.00915243849158,30,-0.00310420780443,30,-0.00376265216619,29,0.0172822521999,2025-03-21
2025-03-21,297,0.0907631009469,2,0,-0.00245415559039,30,0.00318820076063,30,0.00312170176767,30,0.00542785366997,29,0.00201364560053,30,0.00172729685437,30,0.00492642447352,29,0.00152143638115,30,0.00598835526034,30,0.00310434959829,29,0.00555850518867,2025-03-24
2025-03-24,297,0.33233941288,2,3,-0.00611407961696,30,-0.00313973822631,30,-0.00541029358283,30,-0.00839706510305,29,0.00241978373379,30,0.00240981788374,30,0.00175115570892,29,0.00609328551218,30,0.00683096656576,30,0.00863089412451,29,0.0147449737415,2025-03-25
2025-03-25,297,-0.0194580330873,2,14,-0.000990696717054,30,-0.00427137408406,30,-0.00193363428116,30,-0.000788474921137,29,-0.00423457240686,30,0.00122548139188,30,0.00191210256889,29,-0.00416196184233,30,0.00168802938424,30,-0.00669413385913,29,-0.00570343714207,2025-03-26
2025-03-26,297,0.13602927536,2,3,0.00115231471136,30,-0.00791732687503,30,0.000368342793081,30,0.000136815273436,29,0.00605588546023,30,0.00577963003889,30,-1.62371270562e-05,29,-0.00290354085155,30,0.00288568343967,30,0.00407236628234,29,0.00292005157098,2025-03-27
2025-03-27,298,-0.0192600261102,1,5,-0.00642892112955,30,-0.00593462772667,30,0.000469406455522,30,-0.00855199061334,30,-0.00729756709188,29,-0.000896340585314,30,-0.00496563920751,30,-0.00684196362272,30,-0.00730444397777,30,-0.0053705801256,29,0.00105834100395,2025-03-28
2025-03-28,298,-0.0699298511285,1,0,-0.00555127672851,30,-0.0026572723873,30,-0.0103197656572,30,-0.0123320417479,30,-0.00460500549525,29,-0.0126516222954,30,-0.0174200423062,30,-0.00697846990079,30,-0.0147882523015,30,-0.00186672084965,29,0.00368455587886,2025-03-31
2025-03-31,299,0.26435165968,0,0,-0.00462208781391,30,-0.00101449294016,30,4.01059769501e-05,30,0.0079932929948,30,0.00691384263337,30,0.00804259162396,30,0.00557380309328,30,0.00374574656598,30,0.0119528556243,30,0.00974279455841,29,0.0143648823723,2025-04-01
2025-04-01,299,0.233578343019,0,5,-0.00333301816136,30,-0.00606464361772,30,-0.00307354121469,30,-0.00155978207476,30,-0.00127734348644,30,-0.00399354100227,30,0.00292801461183,30,0.00164131924976,30,7.74343789089e-05,30,0.00237143645063,29,0.00570445461199,2025-04-02
2025-04-02,299,0.134889911945,0,3,-0.0180797949433,30,-0.00810602121055,30,-0.0107557913288,30,-0.00464831991121,30,-0.00711326207966,30,-0.000130397078465,30,-0.00660851178691,30,-0.00654849410057,30,-0.00328409066424,30,0.00370329618454,29,0.0217830911279,2025-04-03
2025-04-03,299,-0.4153708454,0,8,-0.0446003042161,30,-0.0434664487839,30,-0.0714357048273,30,-0.066306784749,30,-0.088895611465,30,-0.0852084085345,30,-0.0893778428435,30,-0.0890340805054,30,-0.093820810318,30,-0.0815020948648,29,-0.0369017906487,2025-04-07
2025-04-07,299,0.141718073367,0,6,-0.0106558641419,30,0.01974760741,30,0.0232731737196,30,0.00888640712947,30,0.00554653815925,30,0.0218218583614,30,0.0276249982417,30,0.0207636859268,30,0.0206436775625,30,0.0202379710972,29,0.0308938352391,2025-04-08
2025-04-08,299,-0.0744277532659,0,53,0.0160227436572,30,0.0165296625346,30,0.0159011781216,30,0.0164131224155,30,0.0205789450556,30,0.00905736256391,30,0.00866626854986,30,0.00797730311751,30,0.0177192501724,30,0.0167032759637,29,0.000680532306433,2025-04-09
2025-04-09,299,0.069863558243,0,71,0.00792070385069,30,0.00710827903822,30,0.0155107853934,30,0.019384438172,30,0.0209307726473,30,0.0195958185941,30,0.013586143963,30,0.0193456951529,30,0.0170139670372,30,0.00885717850178,29,0.000936474651098,2025-04-10
2025-04-10,299,0.224228514225,0,8,-0.00636997632682,30,-0.00329238781705,30,-0.0012364864815,30,0.000823557376862,30,0.00741544971243,30,0.00538476090878,30,0.00195090170018,30,0.00587966619059,30,0.0122646586969,30,0.00585356680676,29,0.0122235431336,2025-04-11
2025-04-11,299,0.0512112850285,0,9,0.000143134588143,30,0.000393996626372,30,0.00302105746232,30,0.00932610221207,30,0.00133797130547,30,0.000757257163059,30,0.00494277477264,30,0.00745014566928,30,0.00206460361369,30,0.00593007635325,29,0.00578694176511,2025-04-14
2025-04-14,299,0.0881137442467,0,0,0.00353668932803,30,-0.00264724693261,30,-0.00357890129089,30,-0.00837937369943,30,-0.00448910193518,30,-0.00267360010184,30,-0.00542496843264,30,-0.006847969722,30,-0.000208671888686,30,0.00479051563889,29,0.00125382631086,2025-04-15
2025-04-15,299,-0.124709103322,0,16,0.00882512517273,30,0.00286245136522,30,0.00441898498684,30,-0.000470834958833,30,-4.03940684919e-05,30,-0.000504652678501,30,-0.00206235446967,30,-0.00334750209004,30,0.0050004045479,30,0.0028189481236,29,-0.00600617704913,2025-04-16
2025-04-16,299,0.00802314373019,0,76,-0.00165318651125,30,-0.000496677530464,30,-0.00419202866033,30,0.00107860960998,30,-0.00175348715857,30,-0.0014625628246,30,-0.00181924505159,30,0.00290467147715,30,-0.0023098171223,30,-0.0015766476281,29,7.65388831496e-05,2025-04-17
2025-04-17,299,0.151458073259,0,26,-0.00529054598883,30,-0.00331380753778,30,0.0021760344971,30,-0.00237113633193,30,0.000637739896774,30,0.00341584277339,30,0.00318388338201,30,0.00220088753849,30,2.00211998163e-05,30,-0.000304102897644,29,0.00498644309118,2025-04-18
2025-04-18,299,-0.20558641822,0,8,0.00825779046863,30,0.0120940646157,30,0.00478757824749,30,0.00460476474836,30,0.0114286188036,30,0.00739545049146,30,0.00610243482515,30,0.000480520713609,30,0.00206767115742,30,-0.00209146528505,29,-0.0103492557537,2025-04-21
2025-04-21,299,0.333926844186,0,11,-0.00548342475668,30,-0.0104513131082,30,-0.00533940410241,30,0.00805614609271,30,-0.00119891169015,30,-0.00417739572003,30,-0.00282373419032,30,0.00117618439253,30,0.00216319947504,30,0.00597013672814,29,0.0114535614848,2025-04-22
2025-04-22,299,-0.0774817010651,0,2,0.00658371439204,30,-0.00209290790372,30,0.00346052856185,30,0.00077412527753,30,0.0082152960822,30,-0.000443243974587,30,-0.000921366619878,30,-0.00324916443788,30,-0.00322492723353,30,-0.00425898842514,29,-0.0108427028172,2025-04-23
2025-04-23,299,0.348928206302,0,2,-0.0070862332359,30,-0.00756691303104,30,-0.0113832615316,30,-0.00279887509532,30,-0.00398516235873,30,-0.00224050274119,30,-0.0037570358254,30,-0.000987913226709,30,0.00352242193185,30,0.00745583605021,29,0.0145420692861,2025-04-24
2025-04-24,299,0.147853869045,0,2,-0.00157533481251,30,0.000223775699851,30,-0.00187727017328,30,0.00397446751595,30,0.00250534620136,30,0.00134667952079,30,0.00274457735941,30,0.0046794237569,30,0.00352407689206,30,0.0018990553217,29,0.00347439013422,2025-04-25
2025-04-25,299,0.157776555461,0,10,-0.00207572779618,30,-0.00409813132137,30,-0.0069058756344,30,-0.00586036266759,30,-0.0080359717831,30,-0.00580796180293,30,-0.00878727063537,30,-0.00267726182938,30,0.000201312694116,30,0.0016874280991,29,0.00376315589529,2025-04-28
2025-04-28,299,0.0681663913293,0,0,-5.58932624699e-05,30,-0.00474131898955,30,-0.00540750427172,30,-0.00216978183016,30,-0.00242778263055,30,-0.00315506663173,30,0.000748080026824,30,0.000207871198654,30,-0.00214431481436,30,-0.0042912485078,29,-0.00423535524533,2025-04-29
2025-04-29,299,-0.247113835817,0,5,0.00639542937279,30,0.00635699834675,30,0.0049854577519,30,0.00765184964985,30,-0.00249271583743,30,0.00118927960284,30,0.00186223187484,30,-0.000777041888796,30,-0.00366928381845,30,-0.0125674540177,29,-0.0189628833905,2025-04-30
2025-04-30,299,-0.253832835458,0,2,0.019281797111,30,0.0206932295114,30,0.0192632861435,30,0.0104892710224,30,0.0149669805542,30,0.013253506273,30,0.014637301676,30,0.0116519173607,30,0.010977617465,30,0.00367082608864,29,-0.0156109710224,2025-05-06
2025-05-06,299,0.300692178587,0,36,0.00248053460382,30,-0.00162791809998,30,0.00276293559,30,0.0040922104381,30,0.00449403934181,30,0.00424037594348,30,0.00292872590944,30,0.00438828859478,30,0.0105566680431,30,0.0126997400075,29,0.0102192054037,2025-05-07
2025-05-07,299,0.100035875725,0,19,-0.00298247532919,30,-0.00316506624222,30,0.0175332725048,30,0.00397868361324,30,0.00748707866296,30,0.00463297963142,30,0.00601369747892,30,-0.000524506962392,30,0.00250012683682,30,0.00292136124335,29,0.00590383657254,2025-05-08
2025-05-08,299,0.221018861306,0,9,-0.00839851703495,30,-0.0116257611662,30,-0.00856597069651,30,-0.00644789915532,30,-0.00159648852423,30,-0.00466775102541,30,-0.00572237791494,30,-0.00166488485411,30,-0.0033746897243,30,0.0011853678152,29,0.00958388485014,2025-05-09
2025-05-09,299,0.180551942319,0,4,0.00237221131101,30,0.00975565705448,30,0.0093776024878,30,0.0216555800289,30,0.0101071000099,30,0.0135091822594,30,0.0155068319291,30,0.0194570254534,30,0.013260576874,30,0.0121603095904,29,0.00978809827939,2025-05-12
2025-05-12,299,0.196844349154,0,30,0.00293690967374,30,0.000266263872618,30,0.00165907735936,30,-0.00390849495307,30,-0.00393732171506,30,0.00166228215676,30,0.00616651587188,30,0.00352476234548,30,0.00390906538814,30,0.00424300413579,29,0.00130609446205,2025-05-13
2025-05-13,299,0.29061781537,0,4,0.000942166661844,30,0.00177540979348,30,0.0139577491209,30,0.00202754349448,30,0.00352203845978,30,0.00998157821596,30,0.00979424919933,30,0.0103457057849,30,0.0125910881907,30,0.0193784851581,29,0.0184363184962,2025-05-14
2025-05-14,299,-0.0741972219385,0,22,-0.00948667526245,30,-0.00662608165294,30,-0.0108428755775,30,-0.00726757850498,30,-0.0149091202766,30,-0.0148522276431,30,-0.0164059046656,30,-0.0163131356239,30,-0.0107612414286,30,-0.00670911325142,29,0.00277756201103,2025-05-15
2025-05-15,299,-0.186062448578,0,0,-0.00214411807247,30,0.00348607311025,30,3.28461319441e-05,30,-0.00149881641846,30,-0.00357657670975,30,-0.00245026941411,30,-0.00598131027073,30,-0.00607448816299,30,-0.00705911125988,30,-0.00387484859675,29,-0.00173073052429,2025-05-16
2025-05-16,299,0.239449121626,0,9,-0.00732614193112,30,-0.00674486951903,30,-0.00365340919234,30,-0.000852326571476,30,-0.000908088695724,30,0.00118039851077,30,-0.00175457005389,30,0.000685920298565,30,-0.0013741592411,30,0.00157260685228,29,0.00889874878339,2025-05-19
2025-05-19,299,-0.0341862770222,0,7,0.00816582795233,30,0.00378550891764,30,0.00571412453428,30,0.00456909742206,30,0.00199401169084,30,0.00346634397283,30,0.00602751178667,30,0.0024343628902,30,0.0065977354534,30,0.00380612444133,29,-0.004359703511,2025-05-20
2025-05-20,299,0.0892805976123,0,6,0.000359857076546,30,-0.000373226415832,30,0.00828164443374,30,0.00878906436265,30,0.00633970322087,30,0.000601269828621,30,0.0043241083622,30,0.00208170618862,30,0.00256678462029,30,0.00612126337364,29,0.0057614062971,2025-05-21
2025-05-21,299,0.124913764359,0,5,-0.00431733112782,30,-0.00799935497344,30,-0.000710246968083,30,-0.00292257266119,30,-0.00154833996203,30,-0.00325677008368,30,0.00366943469271,30,-0.0040367981419,30,-0.00268167653121,30,-0.00025601015659,29,0.00406132097123,2025-05-22
2025-05-22,299,0.242513335685,0,11,-0.0105266533792,30,-0.00879876781255,30,-0.0124854883179,30,-0.0102119250223,30,-0.00920938234776,30,-0.00637195119634,30,-0.00741935987025,30,-0.0082782888785,30,-0.00208353600465,30,-0.00712833320722,29,0.00339832017198,2025-05-23
2025-05-23,297,-0.056185983586,2,0,-0.00502887973562,30,-0.0025946914684,30,0.000820191693492,30,0.0026043469552,29,-0.00198896136135,30,-0.00313617987558,30,-0.00389056582935,29,-0.00158729159739,30,-0.00290351500735,30,-0.00209449487738,29,0.00293438485824,2025-05-26
2025-05-26,297,0.28130746422,2,9,-0.0100638167933,30,-0.00873585697263,30,-0.00469493446872,30,-0.00864201411605,29,-0.00689972843975,30,-0.00535208405927,30,-0.00482637900859,29,-0.00269653601572,30,-0.00191255810205,30,0.00168370793108,29,0.0117475247243,2025-05-27
2025-05-27,297,0.130143840715,2,2,0.00177355809137,30,-0.00484773702919,30,-0.00245623197407,30,-0.00251904432662,29,-0.00330555834807,30,0.000358708697604,30,-0.00226430851035,29,0.000394390022848,30,-0.000551849603653,30,0.00138212891761,29,-0.00039142917376,2025-05-28
2025-05-28,297,0.0701407388472,2,0,0.00386756658554,30,0.0068993428722,30,0.0142559725791,30,0.0157733224332,29,0.0113095240667,30,0.0130507331342,30,0.0136032802984,29,0.00648927502334,30,0.00849529914558,30,0.00674227392301,29,0.00287470733747,2025-05-29
2025-05-29,297,0.33691863538,2,15,-0.00860075559467,30,-0.0068730590865,30,-0.0106564164162,30,-0.0058234683238,29,-0.00674790749326,30,-0.00497041130438,30,-0.00379686104134,29,-0.00102435157169,30,-0.00118982989807,30,0.00130038009956,29,0.00990113569424,2025-05-30
2025-05-30,297,-0.0165819506365,2,2,0.00196200213395,30,0.00117367703933,30,0.00493617262691,30,0.00292006437667,29,0.00239020586014,30,-0.00279568438418,30,0.00344163784757,29,0.00615779776126,30,0.00294879288413,30,0.00147111050319,29,-0.000490891630761,2025-06-03
2025-06-03,297,-0.0220288835492,2,13,0.00550891365856,30,0.00500620016828,30,0.00243473262526,30,0.00908690690994,29,0.00960285030305,30,0.00865479931235,30,0.0121699739248,29,0.00435735378414,30,0.0020642359741,30,0.0051469122991,29,-0.000362001359463,2025-06-04
2025-06-04,297,-0.093472155493,2,8,0.00546914758161,30,0.0032931228634,30,0.00320041971281,30,0.0145766464993,29,0.000996724818833,30,-0.00115133926738,30,0.00217168079689,29,-0.00289141340181,30,0.00423057097942,30,-0.00208150735125,29,-0.00755065493286,2025-06-05
2025-06-05,297,0.334254434231,2,0,-0.00428497977555,30,-0.00232549710199,30,-0.00371920852922,30,-0.0048525580205,29,-0.0037938694004,30,0.00208082189783,30,0.00364559469745,29,0.0063569904305,30,0.00358970556408,30,0.00403253361583,29,0.00831751339138,2025-06-06
2025-06-06,297,0.110854966,2,4,0.00899446569383,30,0.00140370533336,30,0.00433063926175,30,0.00277118850499,29,0.0118347806856,30,0.0154052060097,30,0.00375511101447,29,0.00971505604684,30,0.00453847041354,30,0.00272715301253,29,-0.0062673126813,2025-06-09
2025-06-09,297,0.112578817377,2,10,-0.0103507339954,30,-0.0101334257051,30,-0.00712227635086,30,-0.00522815575823,29,-0.00896877422929,30,-0.00443364586681,30,-0.00885733403265,29,-0.00819234270602,30,-0.00681151542813,30,-0.00409411964938,29,0.00625661434606,2025-06-10
2025-06-10,299,0.0414896554327,0,0,-0.000429451465607,30,0.00521357450634,30,0.00800145883113,30,0.00917514320463,30,0.0133831882849,30,0.00675789918751,30,0.00574905658141,30,0.0118810636923,30,0.00586243486032,30,0.00275703123771,29,0.00318648270331,2025-06-11
2025-06-11,299,-0.179817002393,0,0,0.000138358271215,30,0.00203393702395,30,0.00141659774818,30,0.0102982325479,30,-0.000638222671114,30,0.00469233375043,30,7.85926968092e-05,30,-0.00382794532925,30,-0.00498800491914,30,-0.00270695309155,29,-0.00284531136276,2025-06-12
2025-06-12,299,0.0910217511892,0,4,-0.00604715943336,30,-0.00318820285611,30,-0.00956859346479,30,-0.0108570316806,30,-0.00765428552404,30,-0.010596700944,30,-0.00311042461544,30,-0.00345633435063,30,-0.00283181271516,30,-0.00474857678637,29,0.001298582647,2025-06-13
2025-06-13,299,0.165075296238,0,3,-0.00145424203947,30,-0.00232244329527,30,-0.000264696282102,30,0.00285693397745,30,-0.00246902904473,30,0.00291333394125,30,0.00328809232451,30,0.00294490461238,30,0.00163803296164,30,0.00323157059029,29,0.00468581262976,2025-06-16
2025-06-16,299,0.0563896999003,0,16,0.00128353433684,30,-0.00444535817951,30,0.00217700796202,30,-0.00170323252678,30,0.00024551153183,30,0.00176573393401,30,0.00109731953125,30,-0.000353372102836,30,0.00257431855425,30,0.000951458641794,29,-0.000332075695042,2025-06-17
2025-06-17,299,0.0476037190411,0,15,-0.00227248878218,30,0.00209102034569,30,0.00100620393641,30,0.000696438539308,30,0.00664058933035,30,0.00104393367656,30,0.00251619028859,30,-0.00466805277392,30,0.00217462191358,30,-2.85835103568e-05,29,0.00224390527183,2025-06-18
2025-06-18,299,-0.0770423882631,0,6,-0.00268286676146,30,-0.00792541075498,30,-0.00671577034518,30,-0.0164280664176,30,-0.0119349677116,30,-0.0117165287957,30,-0.0114881657064,30,-0.0119370259345,30,-0.0107028977945,30,-0.00728544499725,29,-0.00460257823579,2025-06-19
2025-06-19,299,0.159987340088,0,0,-0.00445328373462,30,-0.00438754959032,30,-0.00388032593764,30,-0.00151242210995,30,0.00188887317199,30,-0.000108887754322,30,0.00269217882305,30,0.000710908556357,30,0.00035697419662,30,0.00174662168138,29,0.006199905416,2025-06-20
2025-06-20,299,0.150021476545,0,8,-0.0019594153855,30,-0.00162235100288,30,0.00464083952829,30,-0.00168618164025,30,0.00992602668703,30,0.00794540438801,30,0.00245646643452,30,0.00513883633539,30,0.00988348945975,30,0.00140852143522,29,0.00336793682072,2025-06-23
2025-06-23,299,-0.22738465748,0,2,0.0202404931188,30,0.0190990548581,30,0.0100535470992,30,0.013148653321,30,0.0122482739389,30,0.0132264038548,30,0.0157502386719,30,0.00526704778895,30,0.00791254453361,30,0.0036313245073,29,-0.0166091686115,2025-06-24
2025-06-24,299,-0.0909177355156,0,21,0.0129554467276,30,0.0205540526658,30,0.0161018166691,30,0.0115084666759,30,0.0148401064798,30,0.0134069938213,30,0.0119329039007,30,0.0114908711985,30,0.0144935688004,30,0.00843239203095,29,-0.00452305469662,2025-06-25
2025-06-25,299,0.172391472784,0,29,-0.00229830946773,30,-0.0061682164669,30,-0.00787099357694,30,-0.00447394838557,30,-0.00645884871483,30,-0.00119538500439,30,-0.00430897064507,30,-7.15454443707e-05,30,0.0011569877388,30,-0.00146232591942,29,0.000835983548313,2025-06-26
2025-06-26,299,0.264990983886,0,0,-0.0169915277511,30,-0.00274040689692,30,-0.0013934969902,30,-0.00224839849398,30,0.00787536706775,30,-0.000232462087297,30,0.00564666790888,30,0.0020584941376,30,0.00237942347303,30,-0.00122576334979,29,0.0157657644013,2025-06-27
2025-06-27,299,-0.125034458575,0,0,0.0104657867923,30,0.00900263153017,30,0.0127489408478,30,0.00820439495146,30,0.00749057717621,30,0.00418049888685,30,0.00337887811475,30,0.0038675009273,30,0.00329157710075,30,0.00246693356894,29,-0.0079988532234,2025-06-30
2025-06-30,300,0.132361078716,0,6,-0.00288515095599,30,0.000975390255917,30,-0.0033175945282,30,-0.00285490741953,30,0.00187236862257,30,0.00596748990938,30,0.00216519436799,30,0.000471643608762,30,0.00261348485947,30,0.00186448497698,30,0.00474963593297,2025-07-01
2025-07-01,300,0.129683876128,0,3,-0.00307504530065,30,-0.00583615107462,30,-0.00314466748387,30,0.00615388574079,30,-0.001393961953,30,0.00939083937556,30,-0.00119041011203,30,0.00236087641679,30,0.00540690636262,30,0.00253563118167,30,0.00561067648232,2025-07-02
2025-07-02,300,0.000490747149398,0,15,0.00141624209937,30,0.0024915416725,30,0.00547940749675,30,0.00866972375661,30,0.0168654508889,30,0.0137407602742,30,0.00463191885501,30,0.00689823227003,30,0.000356592732714,30,0.00053495366592,30,-0.000881288433447,2025-07-03
2025-07-03,300,0.138498446112,0,3,0.00550107751042,30,-0.00313069811091,30,-9.29315865505e-05,30,-0.00451408606023,30,-0.000297538441373,30,-0.000273251527688,30,0.00219739670865,30,0.00182776257861,30,0.000814775645267,30,0.00249545183033,30,-0.00300562568009,2025-07-04
2025-07-04,300,0.101926083827,0,0,0.000198598703719,30,-0.00396801438183,30,-0.00790569186211,30,-0.00561471795663,30,-0.00283748516813,30,-0.00470892200246,30,-0.00103706121445,30,-0.00317270169035,30,-0.000990837812424,30,0.0012404381996,30,0.00104183949588,2025-07-07
2025-07-07,300,0.0664211152174,0,5,0.00573330326006,30,0.0230472888798,30,0.00923765078187,30,0.0122559564188,30,0.014642143622,30,0.0147633831948,30,0.00950811151415,30,0.00695204315707,30,0.0116150239483,30,0.00533808069304,30,-0.000395222567022,2025-07-08
2025-07-08,300,0.0331263708539,0,15,-0.00169772701338,30,-0.00090966821881,30,-0.0045468150638,30,-0.00494071049616,30,-0.00746002001688,30,-0.00162701809313,30,-0.00165326392744,30,-0.00351395015605,30,-0.00218430557288,30,-0.00217163562775,30,-0.000473908614367,2025-07-09
2025-07-09,300,0.0489034442503,0,0,0.0071830926463,30,0.00153635942843,30,0.00784678291529,30,0.00129253661726,30,0.000415080779931,30,0.00715242605656,30,0.00359083409421,30,0.0082607967779,30,0.00601052027196,30,0.00325975427404,30,-0.00392333837226,2025-07-10
2025-07-10,300,-0.0897571536218,0,6,0.000462649273686,30,0.00300194625743,30,0.00146318867337,30,0.00471852626652,30,0.00965393614024,30,0.0106881121174,30,-0.00448491191491,30,0.00308107538149,30,0.00116393365897,30,-0.00201228656806,30,-0.00247493584175,2025-07-11
2025-07-11,300,0.292538301836,0,3,-0.00607894267887,30,-0.00471058487892,30,0.0044107218273,30,-0.00417436147109,30,-0.00120510859415,30,0.0054100593552,30,0.00485507259145,30,0.00744557380676,30,0.00239532976411,30,0.00575054297224,30,0.0118294856511,2025-07-14
2025-07-14,300,0.0262756544802,0,0,0.0222807303071,30,0.00689584203064,30,-0.0115646636114,30,-0.0038865825627,30,0.000302016735077,30,-0.00410302262753,30,-0.00203760061413,30,0.00130431656726,30,-0.00528727751225,30,-0.00634594354779,30,-0.0286266738549,2025-07-15
2025-07-15,300,0.227880838468,0,8,-0.00833783112466,30,-0.000779273104854,30,-0.00163594679907,30,-0.00166153116152,30,-0.00448784837499,30,-6.57856435282e-05,30,-0.000507589196786,30,-0.00143053138163,30,-0.000720912241377,30,0.00206714263186,30,0.0104049737565,2025-07-16
2025-07-16,300,-0.105885333749,0,5,0.0122069455683,30,0.0107896905392,30,0.0170414987952,30,0.0111576020718,30,0.00584307126701,30,0.0058455048129,30,0.0131894964725,30,0.00557157211006,30,0.00714740948752,30,0.000704775273334,30,-0.011502170295,2025-07-17
2025-07-17,300,0.162662977758,0,14,0.00289774942212,30,0.0036274571903,30,0.00585973868147,30,0.00808792747557,30,0.00672341603786,30,0.00407939963043,30,0.00780895166099,30,0.00585216283798,30,0.00791817903519,30,0.00582843413576,30,0.00293068471365,2025-07-18
2025-07-18,300,0.0519600754803,0,11,0.0116595448926,30,0.00515652308241,30,0.010746489279,30,0.0108997011557,30,0.0131303612143,30,0.0108181117103,30,0.0102384127676,30,0.00938562955707,30,0.00915734749287,30,0.0140867652372,30,0.00242722034454,2025-07-21
2025-07-21,300,-0.252228541005,0,23,0.0276788771152,30,0.0176579859108,30,0.0119222458452,30,0.0116312326863,30,0.0133523065597,30,0.0171130094677,30,0.00891942810267,30,0.00463871937245,30,-0.00287160277367,30,0.0052141030319,30,-0.0224647740833,2025-07-22
2025-07-22,300,0.206645021638,0,26,0.00107434194069,30,-0.00617415132001,30,-0.00990608334541,30,-0.00407653441653,30,-0.00409703468904,30,0.00120656087529,30,-0.000886958849151,30,-0.00371916685253,30,0.000836535298731,30,0.00209804577753,30,0.00102370383684,2025-07-23
2025-07-23,300,0.031388113567,0,3,0.0117395715788,30,0.0168318115175,30,0.00933162216097,30,0.00854025315493,30,0.0172573011369,30,0.00991415418684,30,0.00965413823724,30,0.011028601788,30,0.0134916463867,30,0.00976768694818,30,-0.00197188463062,2025-07-24
2025-07-24,300,-0.0168517601692,0,32,-0.00305092730559,30,-0.00441336631775,30,-0.00485367560759,30,0.000533811224159,30,-0.00332570075989,30,-0.0108051616699,30,-0.002539253328,30,-0.00441756052896,30,-0.00200972962193,30,-0.00529346289113,30,-0.00224253558554,2025-07-25
2025-07-25,300,0.00851258159163,0,4,0.00129879510496,30,0.0132233444601,30,-0.00816097296774,30,-0.00312923779711,30,-0.00173464417458,30,0.00312231387943,30,-0.000746001780499,30,0.00132252578624,30,-0.000632613897324,30,-0.00625395774841,30,-0.00755275285337,2025-07-28
2025-07-28,300,-0.248343066927,0,8,0.0280011277646,30,0.0158057305962,30,0.00685974536464,30,0.00718506379053,30,0.00208833417855,30,-0.0020125687588,30,-0.0012601892231,30,-0.000779672467615,30,0.00123727519531,30,-0.00285298633389,30,-0.0308541140985,2025-07-29
2025-07-29,300,0.42429055772,0,20,-0.00360879697837,30,-0.013760747388,30,-0.00510495295748,30,0.000514652347192,30,-0.00149226782378,30,-0.00633028149605,30,0.00417555961758,30,0.00746044702828,30,0.00685319909826,30,0.00775368418545,30,0.0113624811638,2025-07-30
2025-07-30,300,0.109135483343,0,0,-0.0176892466843,30,-0.0205935798585,30,-0.0207691788673,30,-0.0214256867766,30,-0.0146990502253,30,-0.0224073138088,30,-0.0191633068025,30,-0.0181582067162,30,-0.0196927562356,30,-0.0167629141361,30,0.000926332548261,2025-07-31
2025-07-31,300,0.26076385067,0,0,-0.0171003695577,30,-0.0116159338504,30,-0.00186226563528,30,-0.00145208241884,30,0.000803830218501,30,-0.00142930343281,30,-0.00131049950141,30,-0.00288689136505,30,0.00104453368112,30,0.00253237294964,30,0.0196327425074,2025-08-01
2025-08-01,299,0.120060115822,1,0,0.00401443243027,30,-0.00304590072483,30,0.00110131106339,30,0.00305149750784,30,0.00272642169148,30,0.00522954249755,30,0.00397244701162,30,0.00432316865772,30,0.00504225911573,30,0.0039889649488,29,-2.54674814641e-05,2025-08-04
2025-08-04,299,0.168828166971,1,19,0.00389953842387,30,0.0062223575078,30,0.00520011782646,30,0.00842429604381,30,0.0130257820711,30,0.00565712666139,30,0.009292665869,30,0.00932255573571,30,0.00894009042531,30,0.00936141889542,29,0.00546188047156,2025-08-05
2025-08-05,299,0.138081090244,1,24,0.00164039328229,30,-0.00329970521852,30,0.000949291395955,30,0.00575493974611,30,0.0096542024985,30,0.00521604996175,30,0.00369737157598,30,0.00541236810386,30,0.00461155595258,30,0.00830578617752,29,0.00666539289523,2025-08-06
2025-08-06,299,0.0612013742772,1,9,0.00207136478275,30,-0.00117069680709,30,0.000287481147097,30,0.00406104931608,30,-0.00193015334662,30,-0.00442976970226,30,-0.00233057141304,30,0.000418162351707,30,9.55661162152e-05,30,-0.000659802870359,29,-0.00273116765311,2025-08-07
2025-08-07,299,-0.208274260465,1,8,0.00286089768633,30,0.000560377025977,30,0.00442878389731,30,-0.000723924254999,30,-0.00386057491414,30,-0.00462074670941,30,-0.00419243564829,30,-0.00479541625828,30,-0.00473423209041,30,-0.00268459925428,29,-0.00554549694061,2025-08-08
2025-08-08,299,0.0182073440627,1,3,0.00551353674382,30,0.0133350314572,30,-0.000569278025068,30,0.00337216653861,30,0.00378781557083,30,0.0101370476186,30,0.0148870684206,30,0.00498909736052,30,0.00353937735781,30,-0.000109715707367,29,-0.00562325245119,2025-08-11
2025-08-11,299,0.125443882085,1,9,0.00250862236135,30,0.00321977143176,30,0.00728772487491,30,9.381572454e-05,30,0.00232196459547,30,0.0034189382568,30,0.00346160726622,30,0.00179486477282,30,0.00385681004263,30,0.00286949286237,29,0.000360870501027,2025-08-12
2025-08-12,297,-0.232702583983,3,4,0.0296205561608,30,0.0107042491436,30,0.00191009044647,30,0.00614037597552,29,0.00322959036566,30,0.00266868481413,30,0.00839532073587,29,0.00475505786017,30,-0.00153214531019,30,-0.00315217929892,29,-0.0327727354597,2025-08-13
2025-08-13,297,0.259047284884,2,6,-0.012735712342,30,-0.00541536230594,30,-0.0125779649243,30,-0.0112680550665,29,0.000885993242264,30,-0.00644144834951,30,-0.00326782674529,29,-0.0031331917271,30,-0.00343978800811,30,-0.00348732387647,29,0.00924838846549,2025-08-14
2025-08-14,297,-0.186642377527,2,0,0.00750698847696,30,0.0152046242729,30,0.0170869734138,30,0.0188779253513,29,0.013250734657,30,0.0120178917423,30,0.0121011612937,29,0.0153631586581,30,0.00165188312531,30,-0.00248467503116,29,-0.00999166350812,2025-08-15
2025-08-15,297,-0.208514269315,2,10,0.0166121162474,30,0.0177024677396,30,0.00996464304626,30,0.0100250262767,29,0.00781214656308,30,0.0102451704443,30,0.0184732079506,29,0.00570905813947,30,0.00145135715138,30,0.00154250452761,29,-0.0150696117198,2025-08-18
2025-08-18,298,0.0394210179062,1,3,0.00829349365085,30,-0.00235327682458,30,-0.000131301087094,30,0.000750484061427,30,-0.00949844811112,29,-0.00497251749039,30,-0.00728756980971,30,-0.00320321531035,30,-0.00496493559331,30,0.00292026577517,29,-0.00537322787568,2025-08-19
2025-08-19,299,0.0834225307251,0,5,0.00367773580365,30,0.0157875884324,30,0.00914684124291,30,0.0124767581001,30,0.0138036925346,30,0.0152771687135,30,0.0174964610487,30,0.0164975784719,30,0.0127286370844,30,0.00667099514976,29,0.00299325934611,2025-08-20
2025-08-20,299,0.14131920351,0,62,0.00404181471094,30,0.0080538848415,30,-0.00326214823872,30,0.00580563535914,30,-0.00772713404149,30,0.00208029150963,30,0.00265089864843,30,0.0075959903188,30,0.00879730191082,30,0.00804464984685,29,0.00400283513591,2025-08-21
2025-08-21,299,0.139165193349,0,3,0.0260081980377,30,0.0141207361594,30,0.0104893110693,30,0.006461950019,30,0.0187526419759,30,0.0320155657828,30,0.0226220693439,30,0.0216665789485,30,0.0240712594241,30,0.0125307440758,29,-0.013477453962,2025-08-22
2025-08-22,299,-0.0390069878931,0,40,0.0278745088726,30,0.0170333608985,30,0.022822201252,30,0.0192236788571,30,0.0203634146601,30,0.0201177000999,30,0.0195108130574,30,0.0199763439596,30,0.012117030099,30,0.0117935026065,29,-0.0160810062662,2025-08-25
2025-08-25,299,0.0506617198207,0,34,-0.00245737237856,30,-0.00456071319059,30,-0.00581273622811,30,-0.00426041474566,30,0.0025000711903,30,0.00281284260564,30,-0.00282917614095,30,0.0032659212593,30,-0.000432674103649,30,0.00400662608445,29,0.006463998463,2025-08-26
2025-08-26,299,-0.00497499204564,0,6,-0.0169832650572,30,-0.0153954727575,30,-0.00526671018451,30,-0.0132861575112,30,-0.017373861745,30,-0.0186870787293,30,-0.024343226105,30,-0.0231734924018,30,-0.01563706249,30,-0.0161059685051,29,0.000877296552062,2025-08-27
2025-08-27,299,-0.460469939706,0,0,0.0605322532356,30,0.0165886543691,30,0.021344806999,30,0.0146564207971,30,0.00375488796271,30,0.0143766505644,30,0.00959626678377,30,0.00317460508086,30,0.000770501268562,30,-0.000736312591471,29,-0.061268565827,2025-08-28
2025-08-28,299,0.0273225812877,0,32,-0.00311229820363,30,7.36455112929e-05,30,-0.00148780143354,30,0.0157743617892,30,0.00816538743675,30,0.0100057777017,30,0.010468470864,30,0.00925621576607,30,-0.00367252435535,30,-0.00171168916859,29,0.00140060903504,2025-08-29
2025-08-29,298,-0.324008845182,1,3,0.0164774544537,30,0.0223996080458,30,0.0160171724856,30,0.0102679906413,30,0.0065176836215,29,0.0046532494016,30,-0.0029836257454,30,-0.00289920181967,30,-0.00578417954966,30,-0.00522581255063,29,-0.0217032670043,2025-09-01
2025-09-01,298,0.364864572291,1,9,-0.0163668580353,30,-0.0275331996381,30,-0.0191073361784,30,-0.01020860672,30,-0.0200491417199,29,-0.0106647312641,30,-0.0117886224762,30,-0.00174632272683,30,0.0043836873956,30,0.00994540099055,29,0.0263122590259,2025-09-02
2025-09-02,298,-0.0439986223747,1,9,-0.0124416947365,30,-0.00223924708553,30,-0.0107827782631,30,-0.00588826928288,30,-0.00506908306852,29,-0.0107309715822,30,-0.0123956184834,30,-0.0132885659114,30,-0.0128093026578,30,-0.0110788242891,29,0.00136287044734,2025-09-03
2025-09-03,298,0.446670429633,1,0,-0.0375648587942,30,-0.0423326008022,30,-0.0264320150018,30,-0.0167267844081,30,-0.0147828478366,29,-0.00814253930002,30,-0.00625569047406,30,-0.0015359321842,30,-0.00224624876864,30,-0.00107183947694,29,0.0364930193173,2025-09-04
2025-09-04,298,0.127765790077,1,4,0.00686199450865,30,0.0221465155482,30,0.0220694877207,30,0.0240910165012,30,0.0294430926442,29,0.0143011175096,30,0.0270087495446,30,0.0270384121686,30,0.0203713215888,30,0.0150727154687,29,0.00821072096005,2025-09-05
2025-09-05,298,0.00831768711504,1,24,0.011623352766,30,0.00686323642731,30,-0.00681058177724,30,0.0109227476642,30,0.0155060496181,29,0.0119515461847,30,0.0143566550687,30,0.0112602170557,30,0.00967233162373,30,-0.00243729958311,29,-0.0140606523491,2025-09-08
2025-09-08,298,0.332651196668,1,10,-0.00493520917371,30,-0.0162993110716,30,-0.00553746614605,30,-0.0129364468157,30,-0.020029027015,29,-0.00767702050507,30,-0.00757374754176,30,0.00583080668002,30,-0.00118101236876,30,0.00496417097747,29,0.00989938015118,2025-09-09
2025-09-09,299,-0.108231175591,0,3,0.00492037134245,30,0.00914934277534,30,-0.00131481688004,30,-0.00291206431575,30,-0.00713316397741,30,-0.00580782303587,30,-0.00571108283475,30,-0.00547780608758,30,-0.00434200745076,30,-0.00305834109895,29,-0.0079787124414,2025-09-10
2025-09-10,299,-0.329034021179,0,3,0.053970836103,30,0.0310588479042,30,0.017085140571,30,0.0167798064649,30,0.0202222112566,30,0.011165080592,30,0.0137638589367,30,0.0115845482796,30,0.00551447086036,30,0.00483149476349,29,-0.0491393413395,2025-09-11
2025-09-11,299,0.00298885650585,0,61,-0.00456097535789,30,-0.000873988843523,30,-0.0101292748004,30,-0.00406333990395,30,0.0038418630138,30,-0.0100856181234,30,-0.00611190218478,30,-0.00817062240094,30,-0.00324793858454,30,-0.00548037560657,29,-0.000919400248677,2025-09-12
2025-09-12,299,-0.119637219012,0,0,-0.00487360777333,30,0.00593031058088,30,0.0271788816899,30,0.00519911246374,30,-0.00352704524994,30,0.00185653567314,30,-0.00379313039593,30,-0.00396695919335,30,-0.00339035992511,30,-0.003454802325,29,0.00141880544834,2025-09-15
2025-09-15,299,-0.131290288261,0,2,0.00542956404388,30,0.00182753801346,30,-0.00247018737718,30,0.0109497187659,30,-0.00108254351653,30,-0.00340063171461,30,-0.00313811097294,30,-0.00461930036545,30,-0.00551522755995,30,-0.00335044483654,29,-0.00878000888042,2025-09-16
2025-09-16,299,-0.0934630462176,0,2,0.00918072462082,30,0.00735077867284,30,0.00702379550785,30,0.00915523525327,30,0.00983047485352,30,0.00465034227818,30,0.00959128700197,30,0.0033463796135,30,-0.00135783350561,30,-0.000451466126833,29,-0.00963219074765,2025-09-17
2025-09-17,299,0.0534402995456,0,11,-0.013837355189,30,-0.00931405182928,30,-0.0143126230687,30,-0.00723589072004,30,-0.0130764842033,30,-0.0109388213605,30,-0.0153389815241,30,-0.0144072733819,30,-0.0154603421688,30,-0.0133252842352,29,0.000512070953846,2025-09-18
2025-09-18,299,0.10252080942,0,0,-0.00612209225073,30,-0.00361953186803,30,0.0129523081705,30,-0.000768901896663,30,0.00148391723633,30,0.00271222786978,30,0.00269724731334,30,0.00496945995837,30,0.00116260850336,30,0.000434026645962,29,0.0065561188967,2025-09-19
2025-09-19,299,0.231834578008,0,9,-0.00994932837784,30,-0.00280028581619,30,-0.00328837824054,30,0.0103410920128,30,0.00963108707219,30,0.00936384405941,30,-0.00207238388248,30,0.00273536448367,30,-0.00135155720636,30,-0.00270371604711,29,0.00724561233073,2025-09-22
2025-09-22,299,0.273123297679,0,12,-0.00496945763007,30,-0.00867229513824,30,-0.00474523287266,30,-0.000724738813005,30,-0.0092052994296,30,-0.00886029005051,30,-0.00538128428161,30,0.00498464284465,30,0.0015169759281,30,0.0035973212216,29,0.00856677885167,2025-09-23
2025-09-23,299,-0.115713904769,0,5,0.0227067284286,30,0.0104201752692,30,0.00938379950821,30,0.0134532731026,30,0.00912121497095,30,0.0111038601026,30,0.0157807264477,30,0.0100168008357,30,0.00365060963668,30,0.00391582166776,29,-0.0187909067608,2025-09-24
2025-09-24,299,-0.293968788439,0,14,0.0146888000891,30,0.0169521570206,30,0.0130009772256,30,0.00480921054259,30,0.0042169787921,30,-0.000269226235105,30,-0.000681787729263,30,-0.00268234219402,30,-0.00638287281618,30,-0.00597375631332,29,-0.0206625564024,2025-09-25
2025-09-25,299,0.38222304078,0,4,-0.0211938358843,30,-0.0156406350434,30,-0.00748062739149,30,-0.0104305325076,30,-0.00513878883794,30,0.00211269850843,30,0.000191328916117,30,0.00350242247805,30,0.0014266729122,30,0.00185031525325,29,0.0230441511376,2025-09-26
2025-09-26,299,-0.00335311878604,0,0,0.00607041921467,30,0.0190755352378,30,0.0181003119797,30,0.0125072719529,30,0.0207441877574,30,0.00939638260752,30,0.0139559367672,30,0.0128450831398,30,0.00568108353764,30,0.0116470986977,29,0.00557667948306,2025-09-29
2025-09-29,299,-0.303795634539,0,14,0.00524338474497,30,0.0203458238393,30,0.013885114342,30,0.0104418937117,30,0.0160655919462,30,0.00872912630439,30,0.00416754884645,30,0.00497604627162,30,-0.0041714925319,30,-0.00682358909398,29,-0.012066973839,2025-09-30
2025-09-30,299,-0.159271750244,0,6,0.0203889086843,30,0.0192293394357,30,0.0286307409406,30,0.0275783743709,30,0.0192227624357,30,0.0237340796739,30,0.0126327397302,30,0.00882293749601,30,0.0112132811919,30,0.00813584495336,29,-0.0122530637309,2025-10-09
2025-10-09,299,-0.188305382571,0,44,0.00320295500569,30,-0.00267464318313,30,-0.00467230472714,30,-0.00988580193371,30,-0.0256068222225,30,-0.0171371791512,30,-0.0255012102425,30,-0.0312052387744,30,-0.0187089182436,30,0.000129761363496,29,-0.00307319364219,2025-10-10
2025-10-10,299,-0.00284057144083,0,2,-0.00158201262821,30,0.00508850207552,30,-0.00577183766291,30,-0.000771828519646,30,-0.0136680500582,30,-0.0061505753547,30,0.00191647803877,30,-0.00246903509833,30,-0.0086427545175,30,-0.00397029193118,29,-0.00238827930298,2025-10-13
2025-10-13,299,0.301278249735,0,8,-0.0290029533207,30,-0.0097602205351,30,-0.0184680707753,30,-0.0117401145399,30,-0.0032120028045,30,-0.0062762578018,30,-0.00889499019831,30,-0.0035547434818,30,0.0089953718707,30,0.00611859746277,29,0.0351215507835,2025-10-14
2025-10-14,299,-0.0352952796138,0,9,0.00359012885019,30,0.0145050166175,30,0.0171701516956,30,0.017869470641,30,0.0164449717849,30,0.0101970573887,30,0.0109063861892,30,0.0119381630793,30,0.00647829193622,30,0.00713324965909,29,0.0035431208089,2025-10-15
2025-10-15,299,0.129081829377,0,11,-0.000491237617098,30,-0.00338240666315,30,-0.00573589606211,30,-0.00243688421324,30,0.00742740835994,30,-0.00481517706066,30,-0.00297619495541,30,0.000514668237884,30,0.00166581268422,30,0.00296612246893,29,0.00345736008603,2025-10-16
2025-10-16,299,0.0672140284319,0,4,-0.0185082443058,30,-0.0181004200131,30,-0.0371971018612,30,-0.0299394670874,30,-0.0270647276193,30,-0.0221515689045,30,-0.0254472736269,30,-0.0185996945947,30,-0.0162514150143,30,-0.0148793971166,29,0.00362884718925,2025-10-17
2025-10-17,299,-0.106778089781,0,0,0.00910733919591,30,0.0040877442807,30,0.000680470489897,30,0.0138994874433,30,0.00256660371087,30,0.00471513252705,30,0.000850139069371,30,0.000183939933777,30,0.00106961326674,30,5.39915308764e-05,29,-0.00905334766503,2025-10-20
2025-10-20,299,-0.0529812696568,0,7,0.00166676240042,30,0.0134683549404,30,0.0191358048469,30,0.0218413490802,30,0.0138040306047,30,0.00567251862958,30,0.00840761233121,30,0.00617974810302,30,0.00684303464368,30,0.00431960402057,29,0.00265284162015,2025-10-21
2025-10-21,299,0.181776594136,0,4,-0.00547269172966,30,-0.0086459601298,30,-0.00458761444315,30,-0.00823631323874,30,-0.00705470051616,30,-0.00641576061025,30,0.00058225390967,30,-0.0036973436363,30,-0.00164790754206,30,0.00109330948908,29,0.00656600121874,2025-10-22
2025-10-22,299,0.071452317085,0,0,0.00291068758816,30,0.00241539487615,30,-0.00114672782365,30,0.00243187160231,30,0.00459487829357,30,0.0055719492957,30,0.00523763103411,30,0.00853187404573,30,0.00425923475996,30,0.00341900042258,29,0.000508312834427,2025-10-23
2025-10-23,299,-0.17109538533,0,20,0.00221715960652,30,0.0111777661368,30,0.016026340425,30,0.006598750595,30,-0.000701483106241,30,0.0178268868476,30,0.0162822976708,30,0.00385005073622,30,-0.00267856707796,30,-0.00310104270466,29,-0.00531820231117,2025-10-24
2025-10-24,299,-0.302978941198,0,9,0.0256998501718,30,0.0179703701288,30,0.0141797820106,30,0.0134240305051,30,0.0091706039384,30,0.00512270536274,30,0.00891357287765,30,0.00851042475551,30,0.00405108742416,30,0.00347895245068,29,-0.0222208977211,2025-10-27
2025-10-27,299,0.0509497881348,0,6,0.0046090981923,30,-0.0108900722116,30,-0.00206587905996,30,-0.011295302771,30,-0.00848377961665,30,-0.00309753417969,30,-0.00528176408261,30,-0.00465103378519,30,-0.00644588656723,30,-0.00223756046034,29,-0.00684665865265,2025-10-28
2025-10-28,299,-0.205386198708,0,0,0.0204731021076,30,0.0158832594752,30,0.0242160167545,30,0.0287588965148,30,0.022893410176,30,0.00670971255749,30,0.0137895187363,30,0.010548857972,30,0.00514614582062,30,-0.000721203861758,29,-0.0211943059694,2025-10-29
2025-10-29,299,0.14651276537,0,30,0.00175104732625,30,-0.00318185100332,30,-0.00773889012635,30,-0.0106174824759,30,-0.0068121869117,30,-0.0114896511659,30,-0.0116150574759,30,0.000894039869308,30,-0.00285333395004,30,0.00264863716438,29,0.000897589838132,2025-10-30
2025-10-30,299,0.256976152658,0,2,-0.0223352666944,30,-0.0305183846503,30,-0.00251701683737,30,-0.014982432127,30,0.00142957572825,30,-0.0136494915932,30,-0.00101256370544,30,-0.00690039992332,30,-0.00330846710131,30,-0.00131176458672,29,0.0210235021077,2025-10-31
2025-10-31,299,0.0442458935734,0,2,0.0101530766115,30,0.0150601025671,30,-0.00480421585962,30,0.00363870058209,30,0.000389126944356,30,0.00456033134833,30,0.00167371227872,30,9.71317276708e-05,30,0.00582594657317,30,0.00589687237516,29,-0.0042562042363,2025-11-03
2025-11-03,299,0.129774655969,0,13,-0.0106053091586,30,-0.00896087288857,30,-0.0160336364061,30,-0.0104944445193,30,-0.0121589144692,30,-0.00608763098717,30,-0.00665479898453,30,-0.00677196960896,30,-0.00492557883263,30,-0.00602191872895,29,0.00458339042962,2025-11-04
2025-11-04,299,0.0516027183517,0,3,0.00325631094165,30,0.00197420525365,30,0.00226846733131,30,0.00671265926212,30,0.00456701731309,30,-0.00096806883812,30,-0.00203173747286,30,0.00481989374384,30,-0.000577849161346,30,-0.000366780266631,29,-0.00362309120828,2025-11-05
2025-11-05,299,-0.391100744762,0,7,0.0225670300424,30,0.0292518921196,30,0.0213752277195,30,0.0136913675815,30,0.00787724833935,30,0.00690817832947,30,0.00855666212738,30,0.00344833941199,30,0.00324056157842,30,0.00252601411194,29,-0.0200410159305,2025-11-06
2025-11-06,299,0.25080323132,0,8,-0.00119183852803,30,-0.0119680706412,30,-0.00249799294397,30,0.00800810288638,30,-0.00150320527609,30,0.000845640897751,30,-0.00294005475007,30,0.00500074634328,30,0.00127552950289,30,0.00253624748439,29,0.00372808601242,2025-11-07
2025-11-07,299,0.198051640146,0,3,0.00684528751299,30,-0.000443963217549,30,0.0049780071713,30,-7.60893017286e-05,30,0.00943869166076,30,0.0149673782289,30,0.0144980987534,30,0.0114504154772,30,0.0119577664882,30,0.0111826164648,29,0.00433732895181,2025-11-10
2025-11-10,299,0.056663305908,0,16,-0.00903539452702,30,-0.00590670714155,30,-0.00357532105409,30,-0.0133625268936,30,-0.00887766480446,30,-0.0122145852074,30,-0.00911448802799,30,-0.00813326798379,30,-0.00967146549374,30,0.000705638842192,29,0.00974103336921,2025-11-11
2025-11-11,299,0.00471596469648,0,5,-0.00675351405516,30,-0.00764958839864,30,-0.00750821037218,30,-0.00590488733724,30,-0.00642052898183,30,-0.00947521533817,30,-0.00255563459359,30,-0.00493809767067,30,-0.0047546941787,30,-0.00261578266509,29,0.00413773139007,2025-11-12
2025-11-12,299,-0.31212298472,0,0,0.0100896572694,30,0.0202874112874,30,0.0241069290787,30,0.0125578902662,30,0.0126592619345,30,0.00815905909985,30,0.00432634167373,30,0.00193677947391,30,0.00257431063801,30,-0.00176263262983,29,-0.0118522898993,2025-11-13
2025-11-13,299,0.382129409923,0,11,-0.0209575537592,30,-0.0198625456542,30,-0.0207851454616,30,-0.0153732793406,30,-0.0194684676826,30,-0.00907374825329,30,-0.0112915281206,30,-0.00901805981994,30,-0.00464397668839,30,-0.00356301758438,29,0.0173945361748,2025-11-14
2025-11-14,299,-0.0352021674061,0,0,-0.00225100922398,30,-0.00440282840282,30,-0.0028181374073,30,-0.00327624077909,30,-0.00478177657351,30,-0.00809035729617,30,-0.00466583389789,30,-0.00968250818551,30,-0.00971930008382,30,-0.00506408046931,29,-0.00281307124533,2025-11-17
2025-11-17,299,0.163972912329,0,2,-0.0161336623132,30,-0.0118035497144,30,-0.0116091845557,30,-0.0108776651323,30,-0.00590503402054,30,-0.00567379174754,30,-0.00295289349742,30,-0.00528562488034,30,-0.0051995953545,30,-0.00532232690603,29,0.0108113354072,2025-11-18
2025-11-18,299,0.113207526004,0,0,-0.00580602884293,30,-0.0020577153191,30,0.0065562329255,30,-0.00264830002561,30,0.0077724554576,30,0.00654093828052,30,0.00339869852178,30,0.000723493110854,30,0.00402829656377,30,-0.00242469436489,29,0.00338133447804,2025-11-19
2025-11-19,297,0.22097593502,2,2,-0.016882263124,30,-0.00225535640493,30,-0.00854026712477,30,-0.00909040309489,29,-0.00775135541335,30,-0.0013263503788,30,-0.00745075941086,29,-0.00335543346591,30,9.86019804259e-05,30,-0.000179948474397,29,0.0167023146496,2025-11-20
2025-11-20,297,0.317019868809,2,0,-0.039276663214,30,-0.0429860167205,30,-0.0272027291358,30,-0.0233785659075,29,-0.0208499040455,30,-0.0157797615975,30,-0.0169794950634,29,-0.0174338612705,30,-0.0172709710896,30,-0.0178456045687,29,0.0214310586452,2025-11-21
2025-11-21,297,-0.00601703789152,2,0,-0.00102414691355,30,-0.00340407085605,30,0.0032270909287,30,0.0063448403962,29,0.00365331978537,30,0.00769636034966,30,-0.00419048825279,29,0.000170278552105,30,0.0015631337883,30,0.000834915146697,29,0.00185906206025,2025-11-24
2025-11-24,297,-0.0114175614495,2,11,0.00141758320387,30,0.00942182168365,30,0.0122118033469,30,0.0123113850132,29,0.0173372048885,30,0.00324370060116,30,0.00083669507876,29,0.00758747057989,30,0.00408831238747,30,0.00479941722006,29,0.00338183401618,2025-11-25
2025-11-25,297,0.0885422870257,2,8,-0.00090716878185,30,-0.0051643550396,30,0.00305886869319,30,0.00405212724581,29,0.00352647691034,30,0.00438267784193,30,0.00207553454675,29,-0.00302852201276,30,-0.00215845112689,30,-0.00187432358507,29,-0.00096715480322,2025-11-26
2025-11-26,297,0.0568516993089,2,0,0.000141827258631,30,-0.0017310262192,30,-0.00205157790333,30,0.00235763285309,29,0.000330644834321,30,0.00178269739263,30,0.00171084655449,29,0.00273481407203,30,-0.00392347155139,30,-0.00152483477723,29,-0.00166666203586,2025-11-27
2025-11-27,297,0.133599436229,2,4,-0.00376636395231,30,0.00496442336589,30,0.00434463797137,30,0.00510762259364,29,0.00470680184662,30,0.00422953581437,30,0.00675519369543,29,0.00357880792581,30,0.00367963709868,30,0.00234472146258,29,0.00611108541489,2025-11-28
2025-11-28,297,-0.0218963160119,2,24,0.00782680511475,30,0.0101993242279,30,0.0151561023667,30,0.0133522134274,29,0.0146019477397,30,0.00735662179068,30,0.0124857202172,29,0.0125697450712,30,0.0104711158201,30,0.00474429968745,29,-0.0030825054273,2025-12-01
2025-12-01,297,0.0977195241362,2,32,-0.00595732126385,30,-0.0139686865732,30,-0.00952365994453,30,0.00284662540071,29,-0.0110957957804,30,-0.00588405923918,30,-0.00613047741354,29,-0.00209929537959,30,-0.00812819041312,30,-0.00330984173343,29,0.00264747953042,2025-12-02
2025-12-02,297,-0.0285249782365,2,6,-0.0021348297596,30,-0.00371298193932,30,-0.000991239096038,30,-0.00787625834346,29,-0.000479489564896,30,-0.00410154648125,30,-0.00985312461853,29,-0.00499833235517,30,-0.00328227272257,30,-0.00177217763849,29,0.000362652121112,2025-12-03
2025-12-03,297,-0.059136053372,2,2,0.00440714973956,30,-0.00221531186253,30,0.0046511432156,30,0.0010722813895,29,-0.00255498290062,30,-0.0002188742219,30,-0.000199350819457,29,-0.00280187930912,30,-0.00188533659093,30,-0.00242681964301,29,-0.00683396938257,2025-12-04
2025-12-04,297,-0.0864823441755,2,6,0.00715716462582,30,0.00489542679861,30,0.00799922924489,30,0.0116674099118,29,0.012400181964,30,0.0120968008414,30,0.0112843308598,29,0.000645563995931,30,0.00143035058863,30,0.00255253608339,29,-0.00460462854244,2025-12-05
2025-12-05,297,-0.0808540384647,2,20,-0.00159047846682,30,0.00147656991612,30,0.00443668942899,30,0.00994282960892,29,0.00413476442918,30,0.0128687601537,30,0.0149495378137,29,-0.00146792933811,30,-0.00349716143683,30,-0.00315913464874,29,-0.00156865618192,2025-12-08
2025-12-08,297,-0.0432224772822,2,2,-0.00779370078817,30,-0.00139403541107,30,-0.00390100479126,30,-0.00760143389925,29,-0.0123865762725,30,-0.0121302064508,30,-0.00957375112921,29,-0.0082524754107,30,-0.0099770212546,30,-0.00817541405559,29,-0.000381713267416,2025-12-09
2025-12-09,297,0.163395162313,2,0,-0.0120684644207,30,0.00440603913739,30,0.00289210886694,30,0.00564348883927,29,0.00330953788944,30,0.00506714778021,30,0.00503320712596,29,0.00547807617113,30,0.00148724915925,30,0.00327752181329,29,0.015345986234,2025-12-10
2025-12-10,297,0.307677491249,2,7,-0.0104573946446,30,-0.013478406705,30,-0.0171751659364,30,-0.0116931591183,29,-0.0110572064295,30,-0.00998712610453,30,-0.00906941201538,29,-0.00986699853092,30,-0.00491392426193,30,0.000458941387478,29,0.0109163360321,2025-12-11
2025-12-11,297,0.048062758349,2,7,-0.00183108646888,30,0.00346595258452,30,0.0144298989326,30,0.00779029214755,29,0.00938345398754,30,0.0103758173063,30,0.0109678916633,29,0.0100934384391,30,0.00212421617471,30,0.00162709166761,29,0.0034581781365,2025-12-12
2025-12-12,297,0.32545752244,2,21,-0.0062765260227,30,-0.012724513188,30,-0.0111801009625,30,-0.0119264926761,29,-0.00209241500124,30,-0.00446051964536,30,-0.00369057781063,29,-0.00262353615835,30,0.00250495271757,30,0.00625800481066,29,0.0125345308334,2025-12-15
2025-12-15,297,0.264763374898,2,0,-0.0139059918001,30,-0.0124123198912,30,-0.0136926071718,30,-0.0146444607526,29,-0.013163773343,30,-0.00976277980953,30,-0.00574075337499,29,-0.00831939000636,30,-0.00335652031936,30,-0.0011713237036,29,0.0127346680965,2025-12-16
2025-12-16,297,-0.2669743475,2,0,0.0202569607645,30,0.025118958205,30,0.0262680221349,30,0.0183824580163,29,0.0147368852049,30,0.0162968952209,30,0.0135775310919,29,0.0101233208552,30,0.00719076581299,30,0.00476040504873,29,-0.0154965557158,2025-12-17
2025-12-17,297,0.461502873491,2,10,-0.0192812439054,30,-0.00957263074815,30,-0.00868601631373,30,-0.00563689973205,29,-0.0059526306577,30,-0.000672847032547,30,-0.00234287767671,29,0.000261940556811,30,0.00780293345451,30,0.013519866392,29,0.0328011102974,2025-12-18
2025-12-18,296,0.266655499774,3,3,-0.00239011039957,30,-0.00202983012423,30,0.0053283283487,29,0.00246858992614,30,0.00846466142684,29,0.00991320423782,30,0.0104097407311,30,0.0052723553963,29,0.00582562107593,30,0.00603020796552,29,0.0084203183651,2025-12-19
2025-12-19,296,-0.152003109601,3,8,0.00945746898651,30,0.0109684206545,30,0.0110347541049,29,0.00880412105471,30,0.00502756936476,29,0.00482919625938,30,0.0109753785655,30,0.00495378114283,29,-0.00159047043417,30,-0.00180539593566,29,-0.0112628649222,2025-12-22
2025-12-22,298,-0.0949151835432,1,3,0.00250965356827,30,0.00237852544524,30,-0.0017726282822,30,0.000674460316077,30,-0.00079361529788,29,-0.00404583616182,30,-0.00584952440113,30,-0.00297225709073,30,-0.0028812608216,30,-0.00244886102155,29,-0.00495851458982,2025-12-23
2025-12-23,298,-0.0614068405386,1,0,0.0050978185609,30,0.01045311708,30,0.00469810189679,30,0.00388401956297,30,0.00848374515772,29,0.00610336847603,30,0.00395001191646,30,0.000290328258416,30,0.00220923614688,30,0.00290706451051,29,-0.00219075405039,2025-12-24
2025-12-24,298,-0.0314153707439,1,9,0.0048869648017,30,0.00337020959705,30,0.00541326822713,30,0.00415715761483,30,0.00500686187297,29,0.000942452752497,30,0.00110427534673,30,0.00248725805432,30,0.00257299933583,30,0.00184538855683,29,-0.00304157624487,2025-12-25
2025-12-25,298,-0.142394159067,1,0,0.0186801012605,30,0.00785056781024,30,0.00713522452861,30,-0.000980814336799,30,0.00486810645089,29,0.00222943234257,30,-0.00272541632876,30,0.00521021289751,30,-0.00249532656744,30,-0.0018937732093,29,-0.0205738744698,2025-12-26
2025-12-26,298,0.152395897175,1,3,-0.00729775242507,30,-0.00954352039844,30,-0.00257926783524,30,-0.00161333277356,30,-0.000596128636971,29,-0.00349122891203,30,-0.00275136041455,30,-0.00390080013312,30,-0.00342411012389,30,0.00162979855668,29,0.00892755098175,2025-12-29
