f0,f1,f2,f3,f4,f5,f6,f7,f8,f9,f10,f11,score,canonical,expression,round_id,train_rankic,worst_rankic,worst_quarter,quarterly_rankic,rankic_2016Q1,rankic_2016Q2,rankic_2016Q3,rankic_2016Q4,rankic_2017Q1,rankic_2017Q2,rankic_2017Q3,rankic_2017Q4,rankic_2018Q1,rankic_2018Q2,rankic_2018Q3,rankic_2018Q4,rankic_2019Q1,rankic_2019Q2,rankic_2019Q3,rankic_2019Q4,rankic_2020Q1,rankic_2020Q2,rankic_2020Q3,rankic_2020Q4,pareto_nondominated,schema_version
0.8862274567791213,4.529762299217599,0.9723651541812914,0.9978075601374571,0.0021924398625429555,0.0,-0.006582572120089391,0.00279083916967517,-0.0016927521337232864,0.8496857055640069,0.3551058456085921,0.12195121951219512,-0.0431553667090554,"Div(Sub($close,$open),$open)",($close - $open) / $open,0,-0.0431553667090554,-0.09546599079664518,2016Q2,"{""2016Q1"":0.0012289226423500893,""2016Q2"":-0.09546599079664518,""2016Q3"":-0.085256934309958,""2016Q4"":-0.07702625095187941,""2017Q1"":-0.06286075168589961,""2017Q2"":0.0017050805738948183,""2017Q3"":-0.06515179905814732,""2017Q4"":-0.039038634060467335,""2018Q1"":-0.03513759460733572,""2018Q2"":-0.03944126264773339,""2018Q3"":-0.05890308581197825,""2018Q4"":0.0013017384963466563,""2019Q1"":-0.017782538842789616,""2019Q2"":-0.08170874276526212,""2019Q3"":-0.031632725747599656,""2019Q4"":-0.043549605549016934,""2020Q1"":-0.008970547117140314,""2020Q2"":-0.04109581890083092,""2020Q3"":-0.04445185166409111,""2020Q4"":-0.031167316441125067}",0.0012289226423500893,-0.09546599079664518,-0.085256934309958,-0.07702625095187941,-0.06286075168589961,0.0017050805738948183,-0.06515179905814732,-0.039038634060467335,-0.03513759460733572,-0.03944126264773339,-0.05890308581197825,0.0013017384963466563,-0.017782538842789616,-0.08170874276526212,-0.031632725747599656,-0.043549605549016934,-0.008970547117140314,-0.04109581890083092,-0.04445185166409111,-0.031167316441125067,False,ac7d60ba5aaa5382
1.6842687468544082,4.590280988146125,1.0946189515657834,0.9978075601374571,0.0021924398625429555,0.0,0.5009622223361002,0.40259276168295377,0.33319777205418827,0.6015474815441526,0.24612252936562282,0.0,-0.03405543231446936,"Div(Sub($high,$low),$open)",($high - $low) / $open,0,-0.03405543231446936,-0.10155327981728873,2016Q3,"{""2016Q1"":-0.03660901196894085,""2016Q2"":-0.08569675593875214,""2016Q3"":-0.10155327981728873,""2016Q4"":-0.08123713418044434,""2017Q1"":-0.060265062304039246,""2017Q2"":-0.02877081107939977,""2017Q3"":-0.03905571042187226,""2017Q4"":0.013607996474239959,""2018Q1"":-0.022341806729731486,""2018Q2"":-0.007785720177161058,""2018Q3"":-0.025229339809714764,""2018Q4"":-0.022240985487011138,""2019Q1"":-0.012336624715135129,""2019Q2"":-0.03221767441839215,""2019Q3"":-0.025890357628491727,""2019Q4"":-0.028819104219644297,""2020Q1"":-0.026571858138661628,""2020Q2"":-0.004198812673356692,""2020Q3"":-0.04154423066057545,""2020Q4"":-0.005027900986798962}",-0.03660901196894085,-0.08569675593875214,-0.10155327981728873,-0.08123713418044434,-0.060265062304039246,-0.02877081107939977,-0.03905571042187226,0.013607996474239959,-0.022341806729731486,-0.007785720177161058,-0.025229339809714764,-0.022240985487011138,-0.012336624715135129,-0.03221767441839215,-0.025890357628491727,-0.028819104219644297,-0.026571858138661628,-0.004198812673356692,-0.04154423066057545,-0.005027900986798962,False,ac7d60ba5aaa5382
0.07542575011965112,-0.28586216435145595,1.4776969692725115,0.9978075601374571,0.0021924398625429555,0.0,-0.021082870020213872,-0.0011976912247397527,-6.2811732733618e-05,0.8319122466197105,0.3197892325084105,0.04878048780487805,-0.03390264407431981,"Div(Sub($close,$open),Add(1e-12,Sub($high,$low)))",($close - $open) / ($high - $low + 1e-12),0,-0.03390264407431981,-0.07885308152490172,2016Q2,"{""2016Q1"":0.03532094635932116,""2016Q2"":-0.07885308152490172,""2016Q3"":-0.06941502489155292,""2016Q4"":-0.058101757929907794,""2017Q1"":-0.052066270681216206,""2017Q2"":0.0092402348173141,""2017Q3"":-0.05474731081403428,""2017Q4"":-0.027335420045010873,""2018Q1"":-0.02275547967123357,""2018Q2"":-0.03312548674389801,""2018Q3"":-0.05669907810104985,""2018Q4"":0.00535511354996701,""2019Q1"":-0.019530211988249745,""2019Q2"":-0.06968321895856372,""2019Q3"":-0.030411037038308077,""2019Q4"":-0.04800745462790963,""2020Q1"":0.006831477703839221,""2020Q2"":-0.03820044357287785,""2020Q3"":-0.03698618485747715,""2020Q4"":-0.029301840914360805}",0.03532094635932116,-0.07885308152490172,-0.06941502489155292,-0.058101757929907794,-0.052066270681216206,0.0092402348173141,-0.05474731081403428,-0.027335420045010873,-0.02275547967123357,-0.03312548674389801,-0.05669907810104985,0.00535511354996701,-0.019530211988249745,-0.06968321895856372,-0.030411037038308077,-0.04800745462790963,0.006831477703839221,-0.03820044357287785,-0.03698618485747715,-0.029301840914360805,False,ac7d60ba5aaa5382
1.9309193738255155,6.285566301574498,1.0906912805603466,0.9978075601374571,0.0021924398625429555,0.0,0.19388905126881764,0.16610577471471252,0.1328105887367924,0.7189839424199433,0.19478523008668017,0.024390243902439025,-0.0012213498758425491,"Div(Sub($high,Greater($close,$open)),$open)","($high - Greater($open, $close)) / $open",0,-0.0012213498758425491,-0.04152617944961925,2016Q3,"{""2016Q1"":0.004620595062238545,""2016Q2"":-0.036692293991606804,""2016Q3"":-0.04152617944961925,""2016Q4"":-0.03952514245773494,""2017Q1"":-0.0063698996096882895,""2017Q2"":-0.0012089356804124945,""2017Q3"":0.0026431414794576462,""2017Q4"":0.010761709958236415,""2018Q1"":0.012269153771611682,""2018Q2"":0.020533416263368163,""2018Q3"":0.02145018320476199,""2018Q4"":0.027171279073580693,""2019Q1"":0.007539157081183807,""2019Q2"":-0.015063532966946463,""2019Q3"":0.006920538878214317,""2019Q4"":0.005045838531721237,""2020Q1"":0.010520669211575762,""2020Q2"":0.003259174809851049,""2020Q3"":-0.028194998716535247,""2020Q4"":0.016358737781891196}",0.004620595062238545,-0.036692293991606804,-0.04152617944961925,-0.03952514245773494,-0.0063698996096882895,-0.0012089356804124945,0.0026431414794576462,0.010761709958236415,0.012269153771611682,0.020533416263368163,0.02145018320476199,0.027171279073580693,0.007539157081183807,-0.015063532966946463,0.006920538878214317,0.005045838531721237,0.010520669211575762,0.003259174809851049,-0.028194998716535247,0.016358737781891196,False,ac7d60ba5aaa5382
0.5588403884499534,-0.004257638405664495,1.4437513171143777,0.9978075601374571,0.0021924398625429555,0.0,-0.011208025505878353,0.012234913216288156,0.01810533538212502,0.7189839429419966,0.09204743089184204,0.024390243902439025,0.018213013886476722,"Div(Sub($high,Greater($close,$open)),Add(1e-12,Sub($high,$low)))","($high - Greater($open, $close)) / ($high - $low + 1e-12)",0,0.018213013886476722,-0.00961653871288675,2020Q3,"{""2016Q1"":0.018282313371221666,""2016Q2"":0.005986124147341466,""2016Q3"":0.007443189183337013,""2016Q4"":0.005970801719921564,""2017Q1"":0.031657312779913446,""2017Q2"":0.01628748949880194,""2017Q3"":0.02828664279825581,""2017Q4"":0.005899721221358414,""2018Q1"":0.03208809015697652,""2018Q2"":0.02545096174935308,""2018Q3"":0.036979148712671286,""2018Q4"":0.03629959662997057,""2019Q1"":0.022594721199107267,""2019Q2"":0.0014540771858197567,""2019Q3"":0.01970567211633059,""2019Q4"":0.017605278226756692,""2020Q1"":0.03873402055257504,""2020Q2"":0.0029240872329681254,""2020Q3"":-0.00961653871288675,""2020Q4"":0.02291600845791013}",0.018282313371221666,0.005986124147341466,0.007443189183337013,0.005970801719921564,0.031657312779913446,0.01628748949880194,0.02828664279825581,0.005899721221358414,0.03208809015697652,0.02545096174935308,0.036979148712671286,0.03629959662997057,0.022594721199107267,0.0014540771858197567,0.01970567211633059,0.017605278226756692,0.03873402055257504,0.0029240872329681254,-0.00961653871288675,0.02291600845791013,False,ac7d60ba5aaa5382
1.8939640662754675,6.783496263723005,1.088988605056337,0.9978075601374571,0.0021924398625429555,0.0,0.17388710747176317,0.1748451002631043,0.14964801648118373,0.7008210865379496,0.10958018209768089,0.024390243902439025,-0.04215655097833332,"Div(Sub(Less($close,$open),$low),$open)","(Less($open, $close) - $low) / $open",0,-0.04215655097833332,-0.07620367686856509,2018Q3,"{""2016Q1"":-0.03377510133861633,""2016Q2"":-0.042050674562215666,""2016Q3"":-0.038406763887605555,""2016Q4"":-0.05737200173250621,""2017Q1"":-0.0261538737094744,""2017Q2"":-0.03677198185247551,""2017Q3"":-0.05709134405272721,""2017Q4"":-0.04005877842211937,""2018Q1"":-0.050387465962479255,""2018Q2"":-0.053696233349058015,""2018Q3"":-0.07620367686856509,""2018Q4"":-0.05625075401686074,""2019Q1"":-0.01963717995793672,""2019Q2"":-0.04929444035144439,""2019Q3"":-0.03941826413593659,""2019Q4"":-0.013726048320804334,""2020Q1"":-0.04430535932411998,""2020Q2"":-0.008473119027575996,""2020Q3"":-0.06095950319100357,""2020Q4"":-0.03283729721460414}",-0.03377510133861633,-0.042050674562215666,-0.038406763887605555,-0.05737200173250621,-0.0261538737094744,-0.03677198185247551,-0.05709134405272721,-0.04005877842211937,-0.050387465962479255,-0.053696233349058015,-0.07620367686856509,-0.05625075401686074,-0.01963717995793672,-0.04929444035144439,-0.03941826413593659,-0.013726048320804334,-0.04430535932411998,-0.008473119027575996,-0.06095950319100357,-0.03283729721460414,False,ac7d60ba5aaa5382
0.7156797950031467,0.4955976545654649,1.3732150140803696,0.9978075601374571,0.0021924398625429555,0.0,0.0015304532575152773,0.01769941304195888,0.01521065520131822,0.7008210841985281,0.10866164192047108,0.024390243902439025,-0.020515103095803983,"Div(Sub(Less($close,$open),$low),Add(1e-12,Sub($high,$low)))","(Less($open, $close) - $low) / ($high - $low + 1e-12)",0,-0.020515103095803983,-0.07269481054185022,2018Q3,"{""2016Q1"":-0.004817842778491022,""2016Q2"":0.008114903586050574,""2016Q3"":0.02076129776040248,""2016Q4"":-0.009408146470335086,""2017Q1"":0.013146295366959255,""2017Q2"":-0.018492191085210188,""2017Q3"":-0.02999436477152059,""2017Q4"":-0.044094512391530484,""2018Q1"":-0.029315611111523584,""2018Q2"":-0.048410497236836346,""2018Q3"":-0.07269481054185022,""2018Q4"":-0.039308404386212505,""2019Q1"":-0.012815896063464853,""2019Q2"":-0.02455160073642299,""2019Q3"":-0.02168073063501583,""2019Q4"":-0.003982509077518803,""2020Q1"":-0.01754481249616877,""2020Q2"":-0.003943704554272573,""2020Q3"":-0.03944492468191955,""2020Q4"":-0.028011848701033043}",-0.004817842778491022,0.008114903586050574,0.02076129776040248,-0.009408146470335086,0.013146295366959255,-0.018492191085210188,-0.02999436477152059,-0.044094512391530484,-0.029315611111523584,-0.048410497236836346,-0.07269481054185022,-0.039308404386212505,-0.012815896063464853,-0.02455160073642299,-0.02168073063501583,-0.003982509077518803,-0.01754481249616877,-0.003943704554272573,-0.03944492468191955,-0.028011848701033043,False,ac7d60ba5aaa5382
0.8382405646637257,4.927476449752068,0.9988316226406275,0.9978075601374571,0.0021924398625429555,0.0,-0.036130313039464054,0.0019252331938091958,0.0085480382282655,0.8496857032322089,0.30879376912265033,0.04878048780487805,-0.05810727436705126,"Div(Sub(Sub(Mul($close,2),$high),$low),$open)",(2 * $close - $high - $low) / $open,0,-0.05810727436705126,-0.09996784626498523,2018Q3,"{""2016Q1"":-0.03642104692260684,""2016Q2"":-0.0894026713245344,""2016Q3"":-0.06618083871062144,""2016Q4"":-0.07893645439552431,""2017Q1"":-0.0695572019407167,""2017Q2"":-0.022621091653985827,""2017Q3"":-0.0848293651237446,""2017Q4"":-0.054819164840949175,""2018Q1"":-0.057661101692193927,""2018Q2"":-0.06934454589911979,""2018Q3"":-0.09996784626498523,""2018Q4"":-0.040868860394107774,""2019Q1"":-0.030180670200352425,""2019Q2"":-0.08757312115980397,""2019Q3"":-0.047225892550567,""2019Q4"":-0.03828539510061636,""2020Q1"":-0.04231093281093143,""2020Q2"":-0.040331124195088046,""2020Q3"":-0.052952543113587325,""2020Q4"":-0.046016083794562776}",-0.03642104692260684,-0.0894026713245344,-0.06618083871062144,-0.07893645439552431,-0.0695572019407167,-0.022621091653985827,-0.0848293651237446,-0.054819164840949175,-0.057661101692193927,-0.06934454589911979,-0.09996784626498523,-0.040868860394107774,-0.030180670200352425,-0.08757312115980397,-0.047225892550567,-0.03828539510061636,-0.04231093281093143,-0.040331124195088046,-0.052952543113587325,-0.046016083794562776,False,ac7d60ba5aaa5382
0.1803221808233703,0.23098466924160524,1.408649630546629,0.9978075601374571,0.0021924398625429555,0.0,-0.016442507372986925,0.007691886931143546,0.009692373155686789,0.8024885633523159,0.27453845465172344,0.04878048780487805,-0.04825968946516043,"Div(Sub(Sub(Mul($close,2),$high),$low),Add(1e-12,Sub($high,$low)))",(2 * $close - $high - $low) / ($high - $low + 1e-12),0,-0.04825968946516043,-0.10495201671098162,2018Q3,"{""2016Q1"":0.00953946206263807,""2016Q2"":-0.07259905944036685,""2016Q3"":-0.051675937851069366,""2016Q4"":-0.061408549722408674,""2017Q1"":-0.05456223104303982,""2017Q2"":-0.0059771167760269035,""2017Q3"":-0.07320775991644453,""2017Q4"":-0.0472270218201796,""2018Q1"":-0.0437016024231574,""2018Q2"":-0.061736494118966895,""2018Q3"":-0.10495201671098162,""2018Q4"":-0.038050173604475414,""2019Q1"":-0.03430860866939414,""2019Q2"":-0.07597661672503127,""2019Q3"":-0.04457994388324054,""2019Q4"":-0.048327535173836075,""2020Q1"":-0.019915324689835617,""2020Q2"":-0.03457385348071884,""2020Q3"":-0.047269492562678324,""2020Q4"":-0.04594727588013946}",0.00953946206263807,-0.07259905944036685,-0.051675937851069366,-0.061408549722408674,-0.05456223104303982,-0.0059771167760269035,-0.07320775991644453,-0.0472270218201796,-0.0437016024231574,-0.061736494118966895,-0.10495201671098162,-0.038050173604475414,-0.03430860866939414,-0.07597661672503127,-0.04457994388324054,-0.048327535173836075,-0.019915324689835617,-0.03457385348071884,-0.047269492562678324,-0.04594727588013946,False,ac7d60ba5aaa5382
-0.5272747136131843,3.8185655142665484,0.9984975380765077,0.9973676975945017,0.0026323024054982816,0.0,0.4438588728769589,-0.0015859294446301769,-0.005201782445233436,0.8742301117526101,0.40943893559912725,0.12195121951219512,0.0373771751972369,"Div(Ref($open,1),$close)","Ref($open, 1) / $close",0,0.0373771751972369,-0.01887346887366319,2018Q4,"{""2016Q1"":0.022871672383055614,""2016Q2"":0.08639710335978702,""2016Q3"":0.1018028382147114,""2016Q4"":0.054254937566760336,""2017Q1"":0.06227474957735492,""2017Q2"":0.012150307799197029,""2017Q3"":0.06403213126146852,""2017Q4"":0.047007864612643085,""2018Q1"":0.03616722178896317,""2018Q2"":0.01643867402553238,""2018Q3"":0.03748335082240693,""2018Q4"":-0.01887346887366319,""2019Q1"":0.00995091897086599,""2019Q2"":0.04166117154879446,""2019Q3"":0.01574613479871382,""2019Q4"":0.047999706932810866,""2020Q1"":0.009679615195310005,""2020Q2"":0.0575670676943336,""2020Q3"":0.01114953675120221,""2020Q4"":0.026995942009518}",0.022871672383055614,0.08639710335978702,0.1018028382147114,0.054254937566760336,0.06227474957735492,0.012150307799197029,0.06403213126146852,0.047007864612643085,0.03616722178896317,0.01643867402553238,0.03748335082240693,-0.01887346887366319,0.00995091897086599,0.04166117154879446,0.01574613479871382,0.047999706932810866,0.009679615195310005,0.0575670676943336,0.01114953675120221,0.026995942009518,False,ac7d60ba5aaa5382
0.21757393472331296,4.168429500816908,0.9992708317846977,0.9973676975945017,0.0026323024054982816,0.0,0.246241647219978,0.010347896689505445,0.02155692274310519,0.795132500281045,0.35493712844870895,0.14634146341463414,0.027073086422392152,"Div(Ref($high,1),$close)","Ref($high, 1) / $close",0,0.027073086422392152,-0.021597121634752945,2018Q4,"{""2016Q1"":0.008020102666275218,""2016Q2"":0.0699101372001842,""2016Q3"":0.0588975413074585,""2016Q4"":0.03331647735270725,""2017Q1"":0.0452782001943701,""2017Q2"":-0.008429881380410774,""2017Q3"":0.05791596218385901,""2017Q4"":0.04482938598183272,""2018Q1"":0.03247086922842215,""2018Q2"":0.01604482665112493,""2018Q3"":0.038759351872137235,""2018Q4"":-0.021597121634752945,""2019Q1"":0.012757121797744667,""2019Q2"":0.03505542285951218,""2019Q3"":-0.0018254480665114983,""2019Q4"":0.03504617701661416,""2020Q1"":0.008455899680055832,""2020Q2"":0.04843028964724256,""2020Q3"":0.006793348718640127,""2020Q4"":0.01849969392925288}",0.008020102666275218,0.0699101372001842,0.0588975413074585,0.03331647735270725,0.0452782001943701,-0.008429881380410774,0.05791596218385901,0.04482938598183272,0.03247086922842215,0.01604482665112493,0.038759351872137235,-0.021597121634752945,0.012757121797744667,0.03505542285951218,-0.0018254480665114983,0.03504617701661416,0.008455899680055832,0.04843028964724256,0.006793348718640127,0.01849969392925288,False,ac7d60ba5aaa5382
-1.1344716867056976,4.568766405023328,1.003903735776253,0.9973676975945017,0.0026323024054982816,0.0,0.3905838109231712,0.07610905633351073,0.06043674744177206,0.8742301110418161,0.41583784372727833,0.14634146341463414,0.04610131960175362,"Div(Ref($low,1),$close)","Ref($low, 1) / $close",0,0.04610131960175362,-0.015527959601275777,2018Q4,"{""2016Q1"":0.02228812329042939,""2016Q2"":0.09780433960938849,""2016Q3"":0.1303956844325401,""2016Q4"":0.0865783780423283,""2017Q1"":0.07809836662969355,""2017Q2"":0.006247878209375882,""2017Q3"":0.07335763253651867,""2017Q4"":0.046316902971591786,""2018Q1"":0.03857012453173408,""2018Q2"":0.017032563470038193,""2018Q3"":0.05068750051183742,""2018Q4"":-0.015527959601275777,""2019Q1"":0.008859387810037962,""2019Q2"":0.07522510374365536,""2019Q3"":0.03060556861458737,""2019Q4"":0.05043798666401805,""2020Q1"":0.017085060715988008,""2020Q2"":0.04057364312795893,""2020Q3"":0.03292150864916423,""2020Q4"":0.024952345329073027}",0.02228812329042939,0.09780433960938849,0.1303956844325401,0.0865783780423283,0.07809836662969355,0.006247878209375882,0.07335763253651867,0.046316902971591786,0.03857012453173408,0.017032563470038193,0.05068750051183742,-0.015527959601275777,0.008859387810037962,0.07522510374365536,0.03060556861458737,0.05043798666401805,0.017085060715988008,0.04057364312795893,0.03292150864916423,0.024952345329073027,False,ac7d60ba5aaa5382
1.0338731227047966,7.4864435006270424,1.2252929776766985,0.9973676975945017,0.0026323024054982816,0.0,-0.28957856042354907,-0.009406791620503596,-7.507786986794588e-05,0.6505183731004146,0.13371415616171822,0.0,0.021321931738114138,"Div(Ref($volume,1),Add($volume,1e-12))","Ref($volume, 1) / ($volume + 1e-12)",0,0.021321931738114138,-0.0030297564649060626,2019Q3,"{""2016Q1"":0.05418011511321842,""2016Q2"":0.05546190119401308,""2016Q3"":0.03189772682747427,""2016Q4"":0.025520192610093046,""2017Q1"":0.03828432415210156,""2017Q2"":0.008809881626436231,""2017Q3"":0.02999925313133884,""2017Q4"":0.0017443123029376197,""2018Q1"":0.016944505793669174,""2018Q2"":0.019271595453292732,""2018Q3"":0.02824807832857126,""2018Q4"":0.025318013900438727,""2019Q1"":0.000804485338357708,""2019Q2"":-0.002921452037545426,""2019Q3"":-0.0030297564649060626,""2019Q4"":0.02867865179497893,""2020Q1"":0.014965820907171575,""2020Q2"":0.02743656664025478,""2020Q3"":0.00820501915387166,""2020Q4"":0.01720516551590411}",0.05418011511321842,0.05546190119401308,0.03189772682747427,0.025520192610093046,0.03828432415210156,0.008809881626436231,0.02999925313133884,0.0017443123029376197,0.016944505793669174,0.019271595453292732,0.02824807832857126,0.025318013900438727,0.000804485338357708,-0.002921452037545426,-0.0030297564649060626,0.02867865179497893,0.014965820907171575,0.02743656664025478,0.00820501915387166,0.01720516551590411,False,ac7d60ba5aaa5382
-0.2731027172663059,4.306330637272114,1.0224170859120374,0.9963848797250859,0.003615120274914089,0.0,0.7917999774995835,-0.007802026763733949,-0.0063258905699326426,0.8645903009415806,0.42076659976718633,0.17073170731707318,0.04455986648480978,"Div(Ref($close,5),$close)","Ref($close, 5) / $close",0,0.04455986648480978,-0.002419232120153542,2020Q1,"{""2016Q1"":0.041452709878437535,""2016Q2"":0.09385590954122018,""2016Q3"":0.10463560148220902,""2016Q4"":0.06096473485990093,""2017Q1"":0.07234640629355252,""2017Q2"":0.033216836610068405,""2017Q3"":0.06316637252878587,""2017Q4"":0.023502099800995817,""2018Q1"":0.06713260528752246,""2018Q2"":0.035055930499341005,""2018Q3"":0.03420751450782553,""2018Q4"":0.001773345011517334,""2019Q1"":0.03575743006909972,""2019Q2"":0.06605794136930819,""2019Q3"":0.012757533064071154,""2019Q4"":0.042497172277071234,""2020Q1"":-0.002419232120153542,""2020Q2"":0.03546846777388964,""2020Q3"":0.06231919151660272,""2020Q4"":-3.965874583261218e-05}",0.041452709878437535,0.09385590954122018,0.10463560148220902,0.06096473485990093,0.07234640629355252,0.033216836610068405,0.06316637252878587,0.023502099800995817,0.06713260528752246,0.035055930499341005,0.03420751450782553,0.001773345011517334,0.03575743006909972,0.06605794136930819,0.012757533064071154,0.042497172277071234,-0.002419232120153542,0.03546846777388964,0.06231919151660272,-3.965874583261218e-05,False,ac7d60ba5aaa5382
-0.4777066922553953,4.66413666523879,0.9866153410930436,0.9978075601374571,0.0021924398625429555,0.0,0.6674119043834078,-0.009779979796324494,-0.0062062360923953105,0.9224402637419337,0.4694924726330894,0.24390243902439024,0.038446017602588846,"Div(Mean($close,5),$close)","Mean($close, 5) / $close",0,0.038446017602588846,-0.00492291205117849,2018Q4,"{""2016Q1"":0.010736684439775919,""2016Q2"":0.09069088097955537,""2016Q3"":0.10180959363266279,""2016Q4"":0.06077564630097121,""2017Q1"":0.06510218428032538,""2017Q2"":0.010936387489532469,""2017Q3"":0.05879887347602532,""2017Q4"":0.021180526729769996,""2018Q1"":0.039389289814456684,""2018Q2"":0.01961893703687651,""2018Q3"":0.04877411855897089,""2018Q4"":-0.00492291205117849,""2019Q1"":0.011502656987396631,""2019Q2"":0.05224101637488448,""2019Q3"":0.012888612085648484,""2019Q4"":0.05727552320167999,""2020Q1"":-8.330708719569677e-05,""2020Q2"":0.046903254138181916,""2020Q3"":0.03242830847912857,""2020Q4"":0.025331767130037344}",0.010736684439775919,0.09069088097955537,0.10180959363266279,0.06077564630097121,0.06510218428032538,0.010936387489532469,0.05879887347602532,0.021180526729769996,0.039389289814456684,0.01961893703687651,0.04877411855897089,-0.00492291205117849,0.011502656987396631,0.05224101637488448,0.012888612085648484,0.05727552320167999,-8.330708719569677e-05,0.046903254138181916,0.03242830847912857,0.025331767130037344,False,ac7d60ba5aaa5382
1.944358214432837,7.330522855252129,1.0845852632146533,0.9975738831615119,0.0024261168384879725,0.0,0.8240851792168521,0.28488014725037375,0.25734179404876006,0.5916949583962382,0.17272456958496932,0.0,-0.017018921508588206,"Div(Std($close,5),$close)","Std($close, 5) / $close",0,-0.017018921508588206,-0.05627119916780557,2016Q3,"{""2016Q1"":-0.03593226829692889,""2016Q2"":-0.04563270968260946,""2016Q3"":-0.05627119916780557,""2016Q4"":-0.04563060841152206,""2017Q1"":-0.037730433488182245,""2017Q2"":-0.021073985990543376,""2017Q3"":-0.00325883880216384,""2017Q4"":0.022372741892463268,""2018Q1"":-0.0011311715634413015,""2018Q2"":-0.012242014614337337,""2018Q3"":-0.000907627859100871,""2018Q4"":-0.018789272332167026,""2019Q1"":0.007192383856841263,""2019Q2"":-0.03457519133070284,""2019Q3"":-0.026008218175825996,""2019Q4"":-0.010445569371660999,""2020Q1"":-0.01105283957154664,""2020Q2"":0.0016178043920528466,""2020Q3"":-0.0252097467610002,""2020Q4"":0.01877599542206128}",-0.03593226829692889,-0.04563270968260946,-0.05627119916780557,-0.04563060841152206,-0.037730433488182245,-0.021073985990543376,-0.00325883880216384,0.022372741892463268,-0.0011311715634413015,-0.012242014614337337,-0.000907627859100871,-0.018789272332167026,0.007192383856841263,-0.03457519133070284,-0.026008218175825996,-0.010445569371660999,-0.01105283957154664,0.0016178043920528466,-0.0252097467610002,0.01877599542206128,False,ac7d60ba5aaa5382
0.2617700402033052,5.199876796881697,0.9986889658215378,0.9975738831615119,0.0024261168384879725,0.0,0.8004588123202222,-0.008228154044596188,-0.005893600038764518,0.8893412912520425,0.4107158007901011,0.1951219512195122,-0.03184882030197364,"Div(Slope($close,5),$close)","Slope($close, 5) / $close",0,-0.03184882030197364,-0.07506182237347574,2016Q2,"{""2016Q1"":-0.008629148626387615,""2016Q2"":-0.07506182237347574,""2016Q3"":-0.07415121088580344,""2016Q4"":-0.051385644811096504,""2017Q1"":-0.055798809882250125,""2017Q2"":-0.021718784051431288,""2017Q3"":-0.046294661959246065,""2017Q4"":-0.0034607854707783526,""2018Q1"":-0.03901029390863737,""2018Q2"":-0.016345700868801945,""2018Q3"":-0.03802539228967795,""2018Q4"":-0.001865049567415823,""2019Q1"":-0.020138864063008702,""2019Q2"":-0.03991115389625019,""2019Q3"":-0.007975479634493346,""2019Q4"":-0.04508295283424844,""2020Q1"":-0.0011354421902829224,""2020Q2"":-0.029582244255525397,""2020Q3"":-0.03574536587993928,""2020Q4"":-0.020171242384419273}",-0.008629148626387615,-0.07506182237347574,-0.07415121088580344,-0.051385644811096504,-0.055798809882250125,-0.021718784051431288,-0.046294661959246065,-0.0034607854707783526,-0.03901029390863737,-0.016345700868801945,-0.03802539228967795,-0.001865049567415823,-0.020138864063008702,-0.03991115389625019,-0.007975479634493346,-0.04508295283424844,-0.0011354421902829224,-0.029582244255525397,-0.03574536587993928,-0.020171242384419273,False,ac7d60ba5aaa5382
-0.23385297623995874,-0.8918610386931234,1.6779942625876512,0.9984054982817867,0.0015945017182130584,0.0,0.3753890889565373,-0.009177828332363061,0.0028507052446186906,0.3617494859344378,0.05747294314889516,0.0,-0.011656086593103748,"Rsquare($close,5)","Rsquare($close, 5)",0,-0.011656086593103748,-0.0759301830106739,2016Q1,"{""2016Q1"":-0.0759301830106739,""2016Q2"":-0.03149906232848482,""2016Q3"":0.005266900266277378,""2016Q4"":-0.012079826670224772,""2017Q1"":-0.024761309263980184,""2017Q2"":-0.025939053984381823,""2017Q3"":-0.0008938656793542523,""2017Q4"":0.003544529150395507,""2018Q1"":-0.018313467869723755,""2018Q2"":-0.013968361044067578,""2018Q3"":-0.002881297644723377,""2018Q4"":0.001940556181380125,""2019Q1"":-0.010396691604922195,""2019Q2"":-0.012385791464793072,""2019Q3"":0.00895877198223607,""2019Q4"":0.0024095320448453976,""2020Q1"":-0.014081476753956624,""2020Q2"":-0.011527674154940158,""2020Q3"":-0.007076897294258023,""2020Q4"":0.0007805836623850577}",-0.0759301830106739,-0.03149906232848482,0.005266900266277378,-0.012079826670224772,-0.024761309263980184,-0.025939053984381823,-0.0008938656793542523,0.003544529150395507,-0.018313467869723755,-0.013968361044067578,-0.002881297644723377,0.001940556181380125,-0.010396691604922195,-0.012385791464793072,0.00895877198223607,0.0024095320448453976,-0.014081476753956624,-0.011527674154940158,-0.007076897294258023,0.0007805836623850577,False,ac7d60ba5aaa5382
0.0014135912765029107,3.3708670340210705,1.0105844761599598,0.9975738831615119,0.0024261168384879725,0.0,0.1728465729646225,-0.008143019558105436,-0.0061629050834318844,0.7371178924689556,0.2004178140691542,0.04878048780487805,-0.019675279966448456,"Div(Resi($close,5),$close)","Resi($close, 5) / $close",0,-0.019675279966448456,-0.0578043720520745,2016Q2,"{""2016Q1"":-0.0037986605829239523,""2016Q2"":-0.0578043720520745,""2016Q3"":-0.056967548431582915,""2016Q4"":-0.031067252983162725,""2017Q1"":-0.03238535421629375,""2017Q2"":0.025905298538346576,""2017Q3"":-0.0317381781085479,""2017Q4"":-0.03882147439457973,""2018Q1"":-0.01180844906774911,""2018Q2"":-0.011925915804557886,""2018Q3"":-0.030143486657333317,""2018Q4"":0.02565229864778004,""2019Q1"":0.013753270555187422,""2019Q2"":-0.042250820686388614,""2019Q3"":-0.02559920558071307,""2019Q4"":-0.0265473814640432,""2020Q1"":-0.002764890190510994,""2020Q2"":-0.038702589259356095,""2020Q3"":0.0065871061690428055,""2020Q4"":-0.01869383141597944}",-0.0037986605829239523,-0.0578043720520745,-0.056967548431582915,-0.031067252983162725,-0.03238535421629375,0.025905298538346576,-0.0317381781085479,-0.03882147439457973,-0.01180844906774911,-0.011925915804557886,-0.030143486657333317,0.02565229864778004,0.013753270555187422,-0.042250820686388614,-0.02559920558071307,-0.0265473814640432,-0.002764890190510994,-0.038702589259356095,0.0065871061690428055,-0.01869383141597944,False,ac7d60ba5aaa5382
2.078071940984086,9.616214505977453,1.0839807862454793,0.9978075601374571,0.0021924398625429555,0.0,0.7362431803374816,0.1482132912751877,0.15321264174380636,0.7767547985849829,0.32501028767766904,0.024390243902439025,0.01637384462632587,"Div(Max($high,5),$close)","Max($high, 5) / $close",0,0.01637384462632587,-0.017583869860446733,2020Q1,"{""2016Q1"":0.004190524078052578,""2016Q2"":0.02006206420953069,""2016Q3"":0.0029260475293284814,""2016Q4"":-0.008791035388673301,""2017Q1"":0.03434423346760916,""2017Q2"":0.00573128907393835,""2017Q3"":0.042087732588151384,""2017Q4"":0.03190671012514487,""2018Q1"":0.04260548822423257,""2018Q2"":0.026922320211177565,""2018Q3"":0.03892715397490888,""2018Q4"":-0.012388555368623103,""2019Q1"":0.02146059016831712,""2019Q2"":0.01650846832044526,""2019Q3"":-0.007139181139873585,""2019Q4"":0.028657971374777203,""2020Q1"":-0.017583869860446733,""2020Q2"":0.035267272023991034,""2020Q3"":0.0018630885559521495,""2020Q4"":0.020331089030467122}",0.004190524078052578,0.02006206420953069,0.0029260475293284814,-0.008791035388673301,0.03434423346760916,0.00573128907393835,0.042087732588151384,0.03190671012514487,0.04260548822423257,0.026922320211177565,0.03892715397490888,-0.012388555368623103,0.02146059016831712,0.01650846832044526,-0.007139181139873585,0.028657971374777203,-0.017583869860446733,0.035267272023991034,0.0018630885559521495,0.020331089030467122,False,ac7d60ba5aaa5382
-1.9103466528357589,5.4888323420169165,1.0470397977716506,0.9978075601374571,0.0021924398625429555,0.0,0.7850312365696815,0.22212160867133054,0.17852489126736912,0.8562564709103863,0.4137036628298453,0.12195121951219512,0.04608539252062621,"Div(Min($low,5),$close)","Min($low, 5) / $close",0,0.04608539252062621,0.007804465652105025,2019Q1,"{""2016Q1"":0.033544618295520336,""2016Q2"":0.078353419149624,""2016Q3"":0.13386120490797254,""2016Q4"":0.09606066104044723,""2017Q1"":0.06468183662691275,""2017Q2"":0.034607303736460156,""2017Q3"":0.07031943699944543,""2017Q4"":0.021445584669992152,""2018Q1"":0.04259366667828263,""2018Q2"":0.023914929989696996,""2018Q3"":0.054108204307408696,""2018Q4"":0.012367149546245048,""2019Q1"":0.007804465652105025,""2019Q2"":0.06698750402591866,""2019Q3"":0.024852590944937542,""2019Q4"":0.042854041426761066,""2020Q1"":0.01309342816080233,""2020Q2"":0.02318768616545331,""2020Q3"":0.050182735183715965,""2020Q4"":0.015627089685331476}",0.033544618295520336,0.078353419149624,0.13386120490797254,0.09606066104044723,0.06468183662691275,0.034607303736460156,0.07031943699944543,0.021445584669992152,0.04259366667828263,0.023914929989696996,0.054108204307408696,0.012367149546245048,0.007804465652105025,0.06698750402591866,0.024852590944937542,0.042854041426761066,0.01309342816080233,0.02318768616545331,0.050182735183715965,0.015627089685331476,False,ac7d60ba5aaa5382
0.9573716944141606,8.322918324816529,0.9207539214108937,0.9978075601374571,0.0021924398625429555,0.0,0.5858890138720976,-0.008511969105466206,0.006674298302987089,0.9006284310234838,0.42546128654605975,0.17073170731707318,0.03588097675912336,"Div(Quantile($close,5,0.8),$close)","Quantile($close, 5, 0.8) / $close",0,0.03588097675912336,-0.010263221078055851,2018Q4,"{""2016Q1"":0.019225100773712395,""2016Q2"":0.0800593140911325,""2016Q3"":0.07838238945222761,""2016Q4"":0.04650773939221954,""2017Q1"":0.068780974652986,""2017Q2"":0.008440486103406194,""2017Q3"":0.059923324496408664,""2017Q4"":0.026099550410221037,""2018Q1"":0.0418654902629224,""2018Q2"":0.02141286828821656,""2018Q3"":0.0576941875779329,""2018Q4"":-0.010263221078055851,""2019Q1"":0.015387720510658013,""2019Q2"":0.04176839576901277,""2019Q3"":8.96219850963362e-05,""2019Q4"":0.05331787689788204,""2020Q1"":0.002665591735918487,""2020Q2"":0.0467896880821894,""2020Q3"":0.02692110050415494,""2020Q4"":0.02759773772969573}",0.019225100773712395,0.0800593140911325,0.07838238945222761,0.04650773939221954,0.068780974652986,0.008440486103406194,0.059923324496408664,0.026099550410221037,0.0418654902629224,0.02141286828821656,0.0576941875779329,-0.010263221078055851,0.015387720510658013,0.04176839576901277,8.96219850963362e-05,0.05331787689788204,0.002665591735918487,0.0467896880821894,0.02692110050415494,0.02759773772969573,False,ac7d60ba5aaa5382
-1.7414244833033503,6.506994041778156,0.8905174107293664,0.9978075601374571,0.0021924398625429555,0.0,0.6687709295527884,0.04699656952051471,0.032989769817194085,0.9224402642349012,0.45544783918957715,0.1951219512195122,0.03730288562658996,"Div(Quantile($close,5,0.2),$close)","Quantile($close, 5, 0.2) / $close",0,0.03730288562658996,-0.014284957716266181,2018Q4,"{""2016Q1"":-0.006058455646400278,""2016Q2"":0.08876421882946194,""2016Q3"":0.11031760498466815,""2016Q4"":0.06728251489846304,""2017Q1"":0.06185798385876158,""2017Q2"":0.0062157287569220366,""2017Q3"":0.058396481092535736,""2017Q4"":0.018842047755159172,""2018Q1"":0.024539427036473556,""2018Q2"":0.01744235239342978,""2018Q3"":0.04483872904163365,""2018Q4"":-0.014284957716266181,""2019Q1"":0.005848593911822505,""2019Q2"":0.06168864163229583,""2019Q3"":0.029761176078614924,""2019Q4"":0.05413317780695252,""2020Q1"":0.0008250866593013589,""2020Q2"":0.04520466278170127,""2020Q3"":0.03564922324552968,""2020Q4"":0.024226539637448394}",-0.006058455646400278,0.08876421882946194,0.11031760498466815,0.06728251489846304,0.06185798385876158,0.0062157287569220366,0.058396481092535736,0.018842047755159172,0.024539427036473556,0.01744235239342978,0.04483872904163365,-0.014284957716266181,0.005848593911822505,0.06168864163229583,0.029761176078614924,0.05413317780695252,0.0008250866593013589,0.04520466278170127,0.03564922324552968,0.024226539637448394,False,ac7d60ba5aaa5382
0.04676321558227033,0.4996375877691185,1.421631004278986,0.9978075601374571,0.0021924398625429555,0.0,0.4779568754189993,-0.018221909613056267,-0.005795703614177286,0.8437972561969765,0.42554163634661446,0.04878048780487805,-0.03487314960337338,"Rank($close,5)","Rank($close, 5)",0,-0.03487314960337338,-0.07842847583868211,2016Q3,"{""2016Q1"":-0.0067707206490780205,""2016Q2"":-0.07611053333097728,""2016Q3"":-0.07842847583868211,""2016Q4"":-0.04808616094174983,""2017Q1"":-0.05919073630200861,""2017Q2"":-0.005443080035845033,""2017Q3"":-0.05464665470901393,""2017Q4"":-0.01798461001847951,""2018Q1"":-0.01979027184681125,""2018Q2"":-0.02245248353557541,""2018Q3"":-0.06438910935456389,""2018Q4"":-0.0011550419081610916,""2019Q1"":-0.004843383541676396,""2019Q2"":-0.0513877221436366,""2019Q3"":-0.013135990270419548,""2019Q4"":-0.05220745938272215,""2020Q1"":-0.0019149248202383602,""2020Q2"":-0.05229884090458875,""2020Q3"":-0.03438653817351925,""2020Q4"":-0.024743656107561372}",-0.0067707206490780205,-0.07611053333097728,-0.07842847583868211,-0.04808616094174983,-0.05919073630200861,-0.005443080035845033,-0.05464665470901393,-0.01798461001847951,-0.01979027184681125,-0.02245248353557541,-0.06438910935456389,-0.0011550419081610916,-0.004843383541676396,-0.0513877221436366,-0.013135990270419548,-0.05220745938272215,-0.0019149248202383602,-0.05229884090458875,-0.03438653817351925,-0.024743656107561372,False,ac7d60ba5aaa5382
0.11636776456640589,0.039103129226901456,1.425956102852147,0.9978075601374571,0.0021924398625429555,0.0,0.6021504763102896,-0.021729900655775822,0.004399777237186155,0.8437972627757263,0.44586361134140057,0.17073170731707318,-0.03529197491970449,"Div(Sub($close,Min($low,5)),Add(1e-12,Sub(Max($high,5),Min($low,5))))","($close - Min($low, 5)) / (Max($high, 5) - Min($low, 5) + 1e-12)",0,-0.03529197491970449,-0.08032528527058402,2016Q3,"{""2016Q1"":-0.001660294010624918,""2016Q2"":-0.05707931744245352,""2016Q3"":-0.08032528527058402,""2016Q4"":-0.05256733452175822,""2017Q1"":-0.06286900829084417,""2017Q2"":-0.019579404682626426,""2017Q3"":-0.06771175894403207,""2017Q4"":-0.024842923012977344,""2018Q1"":-0.047632249476247036,""2018Q2"":-0.029469929210977235,""2018Q3"":-0.060753241408947944,""2018Q4"":0.004221677760051806,""2019Q1"":-0.020544437556220107,""2019Q2"":-0.04665303169903307,""2019Q3"":-0.010699889909770933,""2019Q4"":-0.046345982085896874,""2020Q1"":0.013387171231624726,""2020Q2"":-0.03125881382749945,""2020Q3"":-0.03573195710845727,""2020Q4"":-0.019165973093316958}",-0.001660294010624918,-0.05707931744245352,-0.08032528527058402,-0.05256733452175822,-0.06286900829084417,-0.019579404682626426,-0.06771175894403207,-0.024842923012977344,-0.047632249476247036,-0.029469929210977235,-0.060753241408947944,0.004221677760051806,-0.020544437556220107,-0.04665303169903307,-0.010699889909770933,-0.046345982085896874,0.013387171231624726,-0.03125881382749945,-0.03573195710845727,-0.019165973093316958,False,ac7d60ba5aaa5382
0.13101158898878096,-0.27667619151712347,1.5026963795686612,0.9989415807560137,0.0010584192439862543,0.0,0.5807083294547037,-0.021637044273247925,-0.003253463897609385,0.8544074861282961,0.3484237467757841,0.024390243902439025,-0.021998216433819173,"Div(IdxMax($high,5),5)","IdxMax($high, 5) / 5",0,-0.021998216433819173,-0.048032584946088835,2016Q2,"{""2016Q1"":-0.0443169659988348,""2016Q2"":-0.048032584946088835,""2016Q3"":-0.036563477338273115,""2016Q4"":-0.034101896724162896,""2017Q1"":-0.0478984511695238,""2017Q2"":-0.025815039629487464,""2017Q3"":-0.018729077487243784,""2017Q4"":-0.002540848008283324,""2018Q1"":-0.0419037554001836,""2018Q2"":-0.011091260046277574,""2018Q3"":-0.017025841125578808,""2018Q4"":0.008485704527464104,""2019Q1"":-0.02439121519777362,""2019Q2"":-0.025761129650676652,""2019Q3"":-0.0029817667510683857,""2019Q4"":-0.020175000843105365,""2020Q1"":-0.005155736089675222,""2020Q2"":-0.025850421909136292,""2020Q3"":-0.020248413024807396,""2020Q4"":0.003268025640884979}",-0.0443169659988348,-0.048032584946088835,-0.036563477338273115,-0.034101896724162896,-0.0478984511695238,-0.025815039629487464,-0.018729077487243784,-0.002540848008283324,-0.0419037554001836,-0.011091260046277574,-0.017025841125578808,0.008485704527464104,-0.02439121519777362,-0.025761129650676652,-0.0029817667510683857,-0.020175000843105365,-0.005155736089675222,-0.025850421909136292,-0.020248413024807396,0.003268025640884979,False,ac7d60ba5aaa5382
0.1533989170271875,0.6466667496807081,1.3139101509610536,0.9989415807560137,0.0010584192439862543,0.0,0.5677422764303252,-0.013014141787896843,-0.0006490088470336733,0.8233902217924723,0.27763028860839056,0.024390243902439025,0.01917068504844609,"Div(IdxMin($low,5),5)","IdxMin($low, 5) / 5",0,0.01917068504844609,-0.01027372084986589,2020Q4,"{""2016Q1"":-0.002291524537836599,""2016Q2"":0.022133671463135843,""2016Q3"":0.03612558038996476,""2016Q4"":0.03170061579334336,""2017Q1"":0.03984207397053989,""2017Q2"":0.024972739452120682,""2017Q3"":0.04325832295512391,""2017Q4"":0.01685038559507212,""2018Q1"":0.023652907300776967,""2018Q2"":0.01044893802557858,""2018Q3"":0.025272003499401303,""2018Q4"":0.0032996922758521904,""2019Q1"":0.01626010810972764,""2019Q2"":0.03344312729319856,""2019Q3"":0.009129197665379231,""2019Q4"":0.019980511638813904,""2020Q1"":-0.003190984734789783,""2020Q2"":0.0019358281606427616,""2020Q3"":0.034510190592757874,""2020Q4"":-0.01027372084986589}",-0.002291524537836599,0.022133671463135843,0.03612558038996476,0.03170061579334336,0.03984207397053989,0.024972739452120682,0.04325832295512391,0.01685038559507212,0.023652907300776967,0.01044893802557858,0.025272003499401303,0.0032996922758521904,0.01626010810972764,0.03344312729319856,0.009129197665379231,0.019980511638813904,-0.003190984734789783,0.0019358281606427616,0.034510190592757874,-0.01027372084986589,False,ac7d60ba5aaa5382
-0.0224755032792856,0.0858344053924184,1.4282714658250917,0.9989415807560137,0.0010584192439862543,0.0,0.6560421327264635,-0.022713817494403765,-0.006728258227579374,0.8544074925706852,0.36885165178227003,0.12195121951219512,-0.02543371890750132,"Div(Sub(IdxMax($high,5),IdxMin($low,5)),5)","(IdxMax($high, 5) - IdxMin($low, 5)) / 5",0,-0.02543371890750132,-0.05084646912928956,2017Q1,"{""2016Q1"":-0.02704595508165936,""2016Q2"":-0.05055813467289205,""2016Q3"":-0.04686279620294483,""2016Q4"":-0.036228954891550126,""2017Q1"":-0.05084646912928956,""2017Q2"":-0.02912727800106918,""2017Q3"":-0.033021412797328585,""2017Q4"":-0.011995078413560428,""2018Q1"":-0.04189119266414768,""2018Q2"":-0.008136763800275486,""2018Q3"":-0.025028207451996427,""2018Q4"":0.0009385819697754278,""2019Q1"":-0.024715908506389744,""2019Q2"":-0.03642438410039572,""2019Q3"":-0.009662740347506051,""2019Q4"":-0.02555592302974141,""2020Q1"":-0.0043012125655893,""2020Q2"":-0.022603158565208798,""2020Q3"":-0.030335066974031655,""2020Q4"":0.007507057660912883}",-0.02704595508165936,-0.05055813467289205,-0.04686279620294483,-0.036228954891550126,-0.05084646912928956,-0.02912727800106918,-0.033021412797328585,-0.011995078413560428,-0.04189119266414768,-0.008136763800275486,-0.025028207451996427,0.0009385819697754278,-0.024715908506389744,-0.03642438410039572,-0.009662740347506051,-0.02555592302974141,-0.0043012125655893,-0.022603158565208798,-0.030335066974031655,0.007507057660912883,False,ac7d60ba5aaa5382
-0.6788207692669714,-0.1883836777555344,1.4709324391744951,0.9984054982817867,0.0015945017182130584,0.0,0.662087026450107,0.08776187217316736,0.04989375529522177,0.6292277216864536,0.15640695648616965,0.0,-0.01694843943834748,"Corr($close,Log(Add($volume,1)),5)","Corr($close, Log($volume+1), 5)",0,-0.01694843943834748,-0.03750947963898623,2016Q2,"{""2016Q1"":0.0009975706004219148,""2016Q2"":-0.03750947963898623,""2016Q3"":-0.03742162081619054,""2016Q4"":-0.02027027438222077,""2017Q1"":-0.02958512038591561,""2017Q2"":-0.021484309609100263,""2017Q3"":-0.02716861393758738,""2017Q4"":-0.02889990473482069,""2018Q1"":-0.024909886548119337,""2018Q2"":-0.009280631498924049,""2018Q3"":-0.010340637533291421,""2018Q4"":0.025411945776291456,""2019Q1"":-0.02700126378178369,""2019Q2"":-0.03472808128303444,""2019Q3"":-0.01190896566025939,""2019Q4"":-0.014739536609902681,""2020Q1"":-0.009823407349526999,""2020Q2"":-0.023867400841576503,""2020Q3"":0.000817138268252847,""2020Q4"":0.003038196198872635}",0.0009975706004219148,-0.03750947963898623,-0.03742162081619054,-0.02027027438222077,-0.02958512038591561,-0.021484309609100263,-0.02716861393758738,-0.02889990473482069,-0.024909886548119337,-0.009280631498924049,-0.010340637533291421,0.025411945776291456,-0.02700126378178369,-0.03472808128303444,-0.01190896566025939,-0.014739536609902681,-0.009823407349526999,-0.023867400841576503,0.000817138268252847,0.003038196198872635,False,ac7d60ba5aaa5382
-0.5722624912029703,-0.282747403501167,1.5296817683990995,0.998233676975945,0.0017663230240549828,0.0,0.753653121507221,0.034134179373701994,-8.418054691482956e-05,0.6292277227485572,0.2194833532032119,0.0,-0.03287925631622599,"Corr(Div($close,Ref($close,1)),Log(Add(1,Div($volume,Ref($volume,1)))),5)","Corr($close/Ref($close,1), Log($volume/Ref($volume,1)+1), 5)",0,-0.03287925631622599,-0.06817466636851588,2016Q3,"{""2016Q1"":-0.0011727588133587643,""2016Q2"":-0.042624949152813105,""2016Q3"":-0.06817466636851588,""2016Q4"":-0.04141646580094074,""2017Q1"":-0.05915136537757875,""2017Q2"":-0.049215228802823176,""2017Q3"":-0.04944277046159844,""2017Q4"":-0.038380378516944744,""2018Q1"":-0.049710420238121805,""2018Q2"":-0.03267670107927662,""2018Q3"":-0.02446718153138752,""2018Q4"":-0.004058866945165269,""2019Q1"":-0.0424559990195822,""2019Q2"":-0.036629576218956045,""2019Q3"":-0.02369528511408425,""2019Q4"":-0.02960238202590892,""2020Q1"":-0.001398967322153608,""2020Q2"":-0.03332526020454133,""2020Q3"":-0.028170267913121837,""2020Q4"":0.0019212180120686498}",-0.0011727588133587643,-0.042624949152813105,-0.06817466636851588,-0.04141646580094074,-0.05915136537757875,-0.049215228802823176,-0.04944277046159844,-0.038380378516944744,-0.049710420238121805,-0.03267670107927662,-0.02446718153138752,-0.004058866945165269,-0.0424559990195822,-0.036629576218956045,-0.02369528511408425,-0.02960238202590892,-0.001398967322153608,-0.03332526020454133,-0.028170267913121837,0.0019212180120686498,False,ac7d60ba5aaa5382
0.11446093829522082,-0.09668357883958172,1.3099638649323146,1.0,0.0,0.0,0.7863290835708387,0.01005383763012083,0.03423349433967718,0.9645894592125521,0.3349119821109081,0.12195121951219512,-0.033496310408267074,"Mean(Gt($close,Ref($close,1)),5)","Mean($close>Ref($close,1), 5)",0,-0.033496310408267074,-0.06280820400106105,2016Q3,"{""2016Q1"":-0.03462098743218073,""2016Q2"":-0.05448927219077419,""2016Q3"":-0.06280820400106105,""2016Q4"":-0.05615890703932544,""2017Q1"":-0.05176587444217841,""2017Q2"":-0.019713920153473643,""2017Q3"":-0.05345952693426936,""2017Q4"":-0.018738420022130966,""2018Q1"":-0.030781355035764953,""2018Q2"":-0.009935214574534926,""2018Q3"":-0.02979220958842421,""2018Q4"":-0.003202254738757494,""2019Q1"":-0.03932940709982055,""2019Q2"":-0.05040300250196187,""2019Q3"":-0.006231536339777057,""2019Q4"":-0.028727308516311563,""2020Q1"":-0.017957009413748334,""2020Q2"":-0.04166908156358524,""2020Q3"":-0.049768613936240186,""2020Q4"":-0.006570896921408554}",-0.03462098743218073,-0.05448927219077419,-0.06280820400106105,-0.05615890703932544,-0.05176587444217841,-0.019713920153473643,-0.05345952693426936,-0.018738420022130966,-0.030781355035764953,-0.009935214574534926,-0.02979220958842421,-0.003202254738757494,-0.03932940709982055,-0.05040300250196187,-0.006231536339777057,-0.028727308516311563,-0.017957009413748334,-0.04166908156358524,-0.049768613936240186,-0.006570896921408554,False,ac7d60ba5aaa5382
-0.09304300563088493,-0.07169529795730886,1.316776567050887,1.0,0.0,0.0,0.7795211057573251,-0.024323017397551227,0.008058468986752162,0.9637575775169709,0.32911462967424515,0.12195121951219512,0.03582554353204202,"Mean(Lt($close,Ref($close,1)),5)","Mean($close<Ref($close,1), 5)",0,0.03582554353204202,-0.002590279212537892,2018Q4,"{""2016Q1"":0.04780615713110556,""2016Q2"":0.07000709623478132,""2016Q3"":0.056850215894207884,""2016Q4"":0.03598052854504734,""2017Q1"":0.043525573325975724,""2017Q2"":0.01844812480535109,""2017Q3"":0.06001696491992035,""2017Q4"":0.023478726038560556,""2018Q1"":0.04056450752290083,""2018Q2"":0.021338887762690086,""2018Q3"":0.03172756233266409,""2018Q4"":-0.002590279212537892,""2019Q1"":0.0424754714671639,""2019Q2"":0.05452367306861012,""2019Q3"":0.01147611630940571,""2019Q4"":0.030476403043163208,""2020Q1"":0.023184616458431173,""2020Q2"":0.049451650852710284,""2020Q3"":0.04686273414339177,""2020Q4"":0.007703598928310048}",0.04780615713110556,0.07000709623478132,0.056850215894207884,0.03598052854504734,0.043525573325975724,0.01844812480535109,0.06001696491992035,0.023478726038560556,0.04056450752290083,0.021338887762690086,0.03172756233266409,-0.002590279212537892,0.0424754714671639,0.05452367306861012,0.01147611630940571,0.030476403043163208,0.023184616458431173,0.049451650852710284,0.04686273414339177,0.007703598928310048,False,ac7d60ba5aaa5382
0.12167389785951542,-0.07253640251619671,1.3438203052571502,1.0,0.0,0.0,0.7776367300364118,-0.025248857113601742,0.012675136432024019,0.9645894621170168,0.34363272018505975,0.12195121951219512,-0.035853707251762824,"Sub(Mean(Gt($close,Ref($close,1)),5),Mean(Lt($close,Ref($close,1)),5))","Mean($close>Ref($close,1), 5)-Mean($close<Ref($close,1), 5)",0,-0.035853707251762824,-0.06742021462236333,2016Q2,"{""2016Q1"":-0.04258870893675885,""2016Q2"":-0.06742021462236333,""2016Q3"":-0.062495153676722724,""2016Q4"":-0.04753380817907806,""2017Q1"":-0.0483235856890847,""2017Q2"":-0.019089735225904556,""2017Q3"":-0.05850673634924956,""2017Q4"":-0.021828293661946333,""2018Q1"":-0.037416510804358386,""2018Q2"":-0.015756227990405842,""2018Q3"":-0.03162577602578207,""2018Q4"":-0.0003467640204403145,""2019Q1"":-0.042144287435612736,""2019Q2"":-0.0539386679386442,""2019Q3"":-0.009579751467325945,""2019Q4"":-0.03039366327774061,""2020Q1"":-0.02091640166483625,""2020Q2"":-0.04678218742181084,""2020Q3"":-0.04960262671208858,""2020Q4"":-0.007062905640030115}",-0.04258870893675885,-0.06742021462236333,-0.062495153676722724,-0.04753380817907806,-0.0483235856890847,-0.019089735225904556,-0.05850673634924956,-0.021828293661946333,-0.037416510804358386,-0.015756227990405842,-0.03162577602578207,-0.0003467640204403145,-0.042144287435612736,-0.0539386679386442,-0.009579751467325945,-0.03039366327774061,-0.02091640166483625,-0.04678218742181084,-0.04960262671208858,-0.007062905640030115,False,ac7d60ba5aaa5382
0.04242956477001305,0.0840468442078187,1.3760438600390217,0.9987079037800686,0.0012920962199312715,0.0,0.7517502090317087,-0.02012357793050588,-0.011881204149684544,0.9966254796594441,0.42732588942120087,0.21951219512195122,-0.03655492367407121,"Div(Sum(Greater(0,Sub($close,Ref($close,1))),5),Add(1e-12,Sum(Abs(Sub($close,Ref($close,1))),5)))","Sum(Greater($close-Ref($close,1),0), 5)/(Sum(Abs($close-Ref($close,1)), 5)+1e-12)",0,-0.03655492367407121,-0.0868659347105491,2016Q3,"{""2016Q1"":-0.02408391637061053,""2016Q2"":-0.07291467317757995,""2016Q3"":-0.0868659347105491,""2016Q4"":-0.049986393854308996,""2017Q1"":-0.06132306594651441,""2017Q2"":-0.037852062469197555,""2017Q3"":-0.05811372323302996,""2017Q4"":-0.02247245417868993,""2018Q1"":-0.043587686189755497,""2018Q2"":-0.017196832681883836,""2018Q3"":-0.036033500583897815,""2018Q4"":0.012813163442845941,""2019Q1"":-0.043263477031589226,""2019Q2"":-0.057233674331233525,""2019Q3"":-0.0051423753316891755,""2019Q4"":-0.032559078338481755,""2020Q1"":-0.0035690639877665317,""2020Q2"":-0.03585106335216558,""2020Q3"":-0.0576365476903502,""2020Q4"":0.009003704673759605}",-0.02408391637061053,-0.07291467317757995,-0.0868659347105491,-0.049986393854308996,-0.06132306594651441,-0.037852062469197555,-0.05811372323302996,-0.02247245417868993,-0.043587686189755497,-0.017196832681883836,-0.036033500583897815,0.012813163442845941,-0.043263477031589226,-0.057233674331233525,-0.0051423753316891755,-0.032559078338481755,-0.0035690639877665317,-0.03585106335216558,-0.0576365476903502,0.009003704673759605,False,ac7d60ba5aaa5382
-0.0425888081996156,0.0838851721810434,1.376074603267092,0.9987079037800686,0.0012920962199312715,0.0,0.7516281215207191,-0.02016415101556418,-0.012021329432611763,0.9966252188227583,0.42732631615499966,0.21951219512195122,0.03651837198873195,"Div(Sum(Greater(0,Sub(Ref($close,1),$close)),5),Add(1e-12,Sum(Abs(Sub($close,Ref($close,1))),5)))","Sum(Greater(Ref($close,1)-$close,0), 5)/(Sum(Abs($close-Ref($close,1)), 5)+1e-12)",0,0.03651837198873195,-0.01309411055489058,2018Q4,"{""2016Q1"":0.02408640259004203,""2016Q2"":0.0729319477816672,""2016Q3"":0.08686650158505636,""2016Q4"":0.049986327016586965,""2017Q1"":0.061068099733234044,""2017Q2"":0.03756168691574525,""2017Q3"":0.05811332949638073,""2017Q4"":0.02247376338459158,""2018Q1"":0.04358919316897957,""2018Q2"":0.017196555553972318,""2018Q3"":0.03603404121709355,""2018Q4"":-0.01309411055489058,""2019Q1"":0.043264957788139505,""2019Q2"":0.057233876579394605,""2019Q3"":0.005195604554741048,""2019Q4"":0.032557206243166374,""2020Q1"":0.0035673763970742577,""2020Q2"":0.035850348422250135,""2020Q3"":0.057638980368893665,""2020Q4"":-0.0090033814076989}",0.02408640259004203,0.0729319477816672,0.08686650158505636,0.049986327016586965,0.061068099733234044,0.03756168691574525,0.05811332949638073,0.02247376338459158,0.04358919316897957,0.017196555553972318,0.03603404121709355,-0.01309411055489058,0.043264957788139505,0.057233876579394605,0.005195604554741048,0.032557206243166374,0.0035673763970742577,0.035850348422250135,0.057638980368893665,-0.0090033814076989,False,ac7d60ba5aaa5382
0.04254676694765517,0.08389934822015688,1.3760618650296577,0.9987079037800686,0.0012920962199312715,0.0,0.7517448108262778,-0.020133333122687485,-0.011950787515518252,0.9966254796464252,0.4273422611384229,0.21951219512195122,-0.036550764707304235,"Div(Sub(Sum(Greater(0,Sub($close,Ref($close,1))),5),Sum(Greater(0,Sub(Ref($close,1),$close)),5)),Add(1e-12,Sum(Abs(Sub($close,Ref($close,1))),5)))","(Sum(Greater($close-Ref($close,1),0), 5)-Sum(Greater(Ref($close,1)-$close,0), 5))/(Sum(Abs($close-Ref($close,1)), 5)+1e-12)",0,-0.036550764707304235,-0.08686706119047612,2016Q3,"{""2016Q1"":-0.0240837746275928,""2016Q2"":-0.07292654185518631,""2016Q3"":-0.08686706119047612,""2016Q4"":-0.04998562204000679,""2017Q1"":-0.061266351143537436,""2017Q2"":-0.037785482475491156,""2017Q3"":-0.058114311269586494,""2017Q4"":-0.022472445634175057,""2018Q1"":-0.043587579111908296,""2018Q2"":-0.017196104984423997,""2018Q3"":-0.03603341768264905,""2018Q4"":0.012823871853558756,""2019Q1"":-0.04326498531218149,""2019Q2"":-0.057233329643021386,""2019Q3"":-0.005176156310493441,""2019Q4"":-0.03255782222412586,""2020Q1"":-0.0035696807969084867,""2020Q2"":-0.035850077596509475,""2020Q3"":-0.05763805594293217,""2020Q4"":0.00900475230360265}",-0.0240837746275928,-0.07292654185518631,-0.08686706119047612,-0.04998562204000679,-0.061266351143537436,-0.037785482475491156,-0.058114311269586494,-0.022472445634175057,-0.043587579111908296,-0.017196104984423997,-0.03603341768264905,0.012823871853558756,-0.04326498531218149,-0.057233329643021386,-0.005176156310493441,-0.03255782222412586,-0.0035696807969084867,-0.035850077596509475,-0.05763805594293217,0.00900475230360265,False,ac7d60ba5aaa5382
1.4050394845895948,14.389309780536541,1.192587581785603,0.9978075601374571,0.0021924398625429555,0.0,0.32672299422148227,-0.0738030612227676,-0.0005113367774406754,0.6505183732108635,0.20978491585912443,0.0,0.025866803679567823,"Div(Mean($volume,5),Add($volume,1e-12))","Mean($volume, 5)/($volume+1e-12)",0,0.025866803679567823,-0.0018026388451199056,2019Q1,"{""2016Q1"":0.039203876442057514,""2016Q2"":0.07447109514542778,""2016Q3"":0.050682511025990556,""2016Q4"":0.02498144920952264,""2017Q1"":0.05291318712759398,""2017Q2"":0.009265445306618955,""2017Q3"":0.009620651174195707,""2017Q4"":0.001768798574766591,""2018Q1"":0.027221749326115884,""2018Q2"":0.0277530326937394,""2018Q3"":0.021097237618709803,""2018Q4"":0.027815208919765487,""2019Q1"":-0.0018026388451199056,""2019Q2"":0.007133826931438808,""2019Q3"":0.004134326552695494,""2019Q4"":0.046014065311441706,""2020Q1"":0.018222522611094957,""2020Q2"":0.036240171659815135,""2020Q3"":0.014579623109970012,""2020Q4"":0.027579773282097063}",0.039203876442057514,0.07447109514542778,0.050682511025990556,0.02498144920952264,0.05291318712759398,0.009265445306618955,0.009620651174195707,0.001768798574766591,0.027221749326115884,0.0277530326937394,0.021097237618709803,0.027815208919765487,-0.0018026388451199056,0.007133826931438808,0.004134326552695494,0.046014065311441706,0.018222522611094957,0.036240171659815135,0.014579623109970012,0.027579773282097063,False,ac7d60ba5aaa5382
2.8606602641796344,22.333930285010553,0.9843716872423203,0.9975738831615119,0.0024261168384879725,0.0,0.6020164447558419,0.019474234088803666,0.014565546071120154,0.6343428824698223,0.0975783472243976,0.0,-0.001711351354013416,"Div(Std($volume,5),Add($volume,1e-12))","Std($volume, 5)/($volume+1e-12)",0,-0.001711351354013416,-0.01520417148498519,2018Q2,"{""2016Q1"":-0.0020437346340493228,""2016Q2"":-0.007406397622822279,""2016Q3"":0.005589541670741912,""2016Q4"":-0.0043351253366477865,""2017Q1"":-0.008752847655538545,""2017Q2"":-0.011259129665917043,""2017Q3"":-0.005625016032396807,""2017Q4"":-0.006796461511441627,""2018Q1"":-0.006645142582152004,""2018Q2"":-0.01520417148498519,""2018Q3"":0.0032059827961541413,""2018Q4"":0.0168479231649891,""2019Q1"":-0.003121366100708115,""2019Q2"":0.0001401504092902366,""2019Q3"":-0.004093976339780937,""2019Q4"":0.011648071877304997,""2020Q1"":0.0033981852751330285,""2020Q2"":-0.0014428963893945053,""2020Q3"":0.0005376416998511553,""2020Q4"":0.00048512444636710026}",-0.0020437346340493228,-0.007406397622822279,0.005589541670741912,-0.0043351253366477865,-0.008752847655538545,-0.011259129665917043,-0.005625016032396807,-0.006796461511441627,-0.006645142582152004,-0.01520417148498519,0.0032059827961541413,0.0168479231649891,-0.003121366100708115,0.0001401504092902366,-0.004093976339780937,0.011648071877304997,0.0033981852751330285,-0.0014428963893945053,0.0005376416998511553,0.00048512444636710026,False,ac7d60ba5aaa5382
0.48165994840673576,0.10729004491616068,1.335014022739001,0.998233676975945,0.0017663230240549828,0.0,0.6655997241286878,-0.006120904494121117,0.00403476256479,0.3520637752824716,0.0868376445729475,0.0,-0.008690691721629194,"Div(Std(Mul($volume,Abs(Sub(Div($close,Ref($close,1)),1))),5),Add(1e-12,Mean(Mul($volume,Abs(Sub(Div($close,Ref($close,1)),1))),5)))","Std(Abs($close/Ref($close,1)-1)*$volume, 5)/(Mean(Abs($close/Ref($close,1)-1)*$volume, 5)+1e-12)",0,-0.008690691721629194,-0.02150526713592532,2016Q2,"{""2016Q1"":-0.017734849921749413,""2016Q2"":-0.02150526713592532,""2016Q3"":-0.008352752699120676,""2016Q4"":0.001360887270474511,""2017Q1"":-0.019525511192679475,""2017Q2"":-0.014832310209976728,""2017Q3"":-0.01497905698085641,""2017Q4"":-0.0010568156214206372,""2018Q1"":-0.009193380901040821,""2018Q2"":-0.012737894235349463,""2018Q3"":-0.004695009771842386,""2018Q4"":-0.0007037363604171178,""2019Q1"":0.007696785608312153,""2019Q2"":-0.00035007768105442446,""2019Q3"":-0.005955003845902925,""2019Q4"":-0.01576372760961,""2020Q1"":-0.008975681101786539,""2020Q2"":-0.019718615210925133,""2020Q3"":-0.007551461693489582,""2020Q4"":0.00133166542881554}",-0.017734849921749413,-0.02150526713592532,-0.008352752699120676,0.001360887270474511,-0.019525511192679475,-0.014832310209976728,-0.01497905698085641,-0.0010568156214206372,-0.009193380901040821,-0.012737894235349463,-0.004695009771842386,-0.0007037363604171178,0.007696785608312153,-0.00035007768105442446,-0.005955003845902925,-0.01576372760961,-0.008975681101786539,-0.019718615210925133,-0.007551461693489582,0.00133166542881554,False,ac7d60ba5aaa5382
-0.10841053552836276,0.5537248357675248,1.1875673077239233,0.9987079037800686,0.0012920962199312715,0.0,0.4372521899886703,-0.3304283551578424,-0.007439235096974244,0.9966623545016422,0.24150259129168092,0.04878048780487805,-0.036411959963274086,"Div(Sum(Greater(0,Sub($volume,Ref($volume,1))),5),Add(1e-12,Sum(Abs(Sub($volume,Ref($volume,1))),5)))","Sum(Greater($volume-Ref($volume,1),0), 5)/(Sum(Abs($volume-Ref($volume,1)), 5)+1e-12)",0,-0.036411959963274086,-0.08255321493951494,2016Q2,"{""2016Q1"":-0.046074553266455286,""2016Q2"":-0.08255321493951494,""2016Q3"":-0.07180487100010052,""2016Q4"":-0.032637204794199584,""2017Q1"":-0.06666180467702187,""2017Q2"":-0.028908976525452986,""2017Q3"":-0.025812730149359343,""2017Q4"":-0.01473451908332808,""2018Q1"":-0.06413428904032273,""2018Q2"":-0.035969164496479446,""2018Q3"":-0.012844845120843367,""2018Q4"":-0.017738757665435454,""2019Q1"":-0.030959697011004293,""2019Q2"":-0.05598080691627694,""2019Q3"":0.006680646958013624,""2019Q4"":-0.03104805217921907,""2020Q1"":-0.03904149714830818,""2020Q2"":-0.04151161580719989,""2020Q3"":-0.03647652851344826,""2020Q4"":-0.0030320580216135658}",-0.046074553266455286,-0.08255321493951494,-0.07180487100010052,-0.032637204794199584,-0.06666180467702187,-0.028908976525452986,-0.025812730149359343,-0.01473451908332808,-0.06413428904032273,-0.035969164496479446,-0.012844845120843367,-0.017738757665435454,-0.030959697011004293,-0.05598080691627694,0.006680646958013624,-0.03104805217921907,-0.03904149714830818,-0.04151161580719989,-0.03647652851344826,-0.0030320580216135658,False,ac7d60ba5aaa5382
0.10841053528429831,0.5537248370645474,1.1875673027775875,0.9987079037800686,0.0012920962199312715,0.0,0.4372521896554555,-0.3304283552826855,-0.007439235461246388,0.9966623545351622,0.24150259142279434,0.04878048780487805,0.03641198006039916,"Div(Sum(Greater(0,Sub(Ref($volume,1),$volume)),5),Add(1e-12,Sum(Abs(Sub($volume,Ref($volume,1))),5)))","Sum(Greater(Ref($volume,1)-$volume,0), 5)/(Sum(Abs($volume-Ref($volume,1)), 5)+1e-12)",0,0.03641198006039916,-0.006680646958013624,2019Q3,"{""2016Q1"":0.04607482214457617,""2016Q2"":0.08255321493951494,""2016Q3"":0.07180487100010052,""2016Q4"":0.03263722935939281,""2017Q1"":0.06666180467702187,""2017Q2"":0.028908976525452986,""2017Q3"":0.025812730149359343,""2017Q4"":0.01473451908332808,""2018Q1"":0.06413428904032273,""2018Q2"":0.035969164496479446,""2018Q3"":0.012844860261826912,""2018Q4"":0.017738757665435454,""2019Q1"":0.030959697011004293,""2019Q2"":0.05598080691627694,""2019Q3"":-0.006680646958013624,""2019Q4"":0.03104805217921907,""2020Q1"":0.03904149714830818,""2020Q2"":0.04151161580719989,""2020Q3"":0.03647652851344826,""2020Q4"":0.003032163734724348}",0.04607482214457617,0.08255321493951494,0.07180487100010052,0.03263722935939281,0.06666180467702187,0.028908976525452986,0.025812730149359343,0.01473451908332808,0.06413428904032273,0.035969164496479446,0.012844860261826912,0.017738757665435454,0.030959697011004293,0.05598080691627694,-0.006680646958013624,0.03104805217921907,0.03904149714830818,0.04151161580719989,0.03647652851344826,0.003032163734724348,False,ac7d60ba5aaa5382
-0.10841053479373339,0.5537248346965533,1.1875673043303365,0.9987079037800686,0.0012920962199312715,0.0,0.43725218982032765,-0.33042835541091126,-0.007439235638956307,0.9966623545351659,0.24150259131051394,0.04878048780487805,-0.03641201515754527,"Div(Sub(Sum(Greater(0,Sub($volume,Ref($volume,1))),5),Sum(Greater(0,Sub(Ref($volume,1),$volume)),5)),Add(1e-12,Sum(Abs(Sub($volume,Ref($volume,1))),5)))","(Sum(Greater($volume-Ref($volume,1),0), 5)-Sum(Greater(Ref($volume,1)-$volume,0), 5))/(Sum(Abs($volume-Ref($volume,1)), 5)+1e-12)",0,-0.03641201515754527,-0.08255321493951494,2016Q2,"{""2016Q1"":-0.04607482214457617,""2016Q2"":-0.08255321493951494,""2016Q3"":-0.07180487100010052,""2016Q4"":-0.03263722935939281,""2017Q1"":-0.06666180467702187,""2017Q2"":-0.02890946606256946,""2017Q3"":-0.025812730149359343,""2017Q4"":-0.01473451908332808,""2018Q1"":-0.06413428904032273,""2018Q2"":-0.035969164496479446,""2018Q3"":-0.012844860261826912,""2018Q4"":-0.017738757665435454,""2019Q1"":-0.030959697011004293,""2019Q2"":-0.05598080691627694,""2019Q3"":0.006680646958013624,""2019Q4"":-0.03104805217921907,""2020Q1"":-0.0390417265604232,""2020Q2"":-0.04151161580719989,""2020Q3"":-0.03647652851344826,""2020Q4"":-0.003032163734724348}",-0.04607482214457617,-0.08255321493951494,-0.07180487100010052,-0.03263722935939281,-0.06666180467702187,-0.02890946606256946,-0.025812730149359343,-0.01473451908332808,-0.06413428904032273,-0.035969164496479446,-0.012844860261826912,-0.017738757665435454,-0.030959697011004293,-0.05598080691627694,0.006680646958013624,-0.03104805217921907,-0.0390417265604232,-0.04151161580719989,-0.03647652851344826,-0.003032163734724348,False,ac7d60ba5aaa5382
2.4900889660165313,24.227709395699048,0.7607276357791023,0.9973676975945017,0.0026323024054982816,0.0,0.11011462798725614,0.05469738213108942,0.05848153203068154,0.6015878636940494,0.22383763803110307,0.0,-0.02335586023207829,"Mul(Div($volume,Add(1e-12,Mean($volume,5))),Div(Sub(Ref($close,1),$low),Add(1e-12,Ref($close,1))))","($volume / (Mean($volume, 5) + 1e-12)) * ((Ref($close, 1) - $low) / (Ref($close, 1) + 1e-12))",1,-0.02335586023207829,-0.06112642522166044,2018Q4,"{""2016Q1"":-0.053153002490273396,""2016Q2"":-0.03491041339115542,""2016Q3"":-0.0134409336877375,""2016Q4"":-0.024593535744549755,""2017Q1"":-0.02797187002874848,""2017Q2"":-0.046208204369198924,""2017Q3"":-0.008837849758596729,""2017Q4"":-0.005084409947738852,""2018Q1"":-0.04402466501523729,""2018Q2"":-0.03490859298608145,""2018Q3"":-0.017372184666968785,""2018Q4"":-0.06112642522166044,""2019Q1"":-0.027645730000538264,""2019Q2"":0.0026305353725999355,""2019Q3"":-0.01414208764943313,""2019Q4"":0.012895063327832619,""2020Q1"":-0.04113193087226012,""2020Q2"":0.008189536530189098,""2020Q3"":-0.02176585437412705,""2020Q4"":-0.019109059133944308}",-0.053153002490273396,-0.03491041339115542,-0.0134409336877375,-0.024593535744549755,-0.02797187002874848,-0.046208204369198924,-0.008837849758596729,-0.005084409947738852,-0.04402466501523729,-0.03490859298608145,-0.017372184666968785,-0.06112642522166044,-0.027645730000538264,0.0026305353725999355,-0.01414208764943313,0.012895063327832619,-0.04113193087226012,0.008189536530189098,-0.02176585437412705,-0.019109059133944308,False,ac7d60ba5aaa5382
-1.622808078864769,9.686369664147424,0.936085196273481,0.9973676975945017,0.0026323024054982816,0.0,0.18730946031284756,0.13657373788784183,0.11693999948219028,0.6314049652539852,0.23978456629503533,0.0,0.018497545846267324,"Div(Ref($low,1),$open)","Ref($low, 1) / $open",1,0.018497545846267324,-0.023014978323377996,2018Q4,"{""2016Q1"":0.011003522632697452,""2016Q2"":0.051520207325751084,""2016Q3"":0.07871892793996385,""2016Q4"":0.03282005679841649,""2017Q1"":0.05058844014921398,""2017Q2"":0.02476235468659258,""2017Q3"":0.04669618699399795,""2017Q4"":0.034809868873230725,""2018Q1"":0.023061081876946297,""2018Q2"":-0.019177150595052022,""2018Q3"":0.0039430253625414285,""2018Q4"":-0.023014978323377996,""2019Q1"":0.0011912158819245827,""2019Q2"":0.014274408793537505,""2019Q3"":-0.005308717830008088,""2019Q4"":0.02055075286729213,""2020Q1"":0.01505447825329984,""2020Q2"":0.016894380918004215,""2020Q3"":0.0027499005104436145,""2020Q4"":-0.01495480597072822}",0.011003522632697452,0.051520207325751084,0.07871892793996385,0.03282005679841649,0.05058844014921398,0.02476235468659258,0.04669618699399795,0.034809868873230725,0.023061081876946297,-0.019177150595052022,0.0039430253625414285,-0.023014978323377996,0.0011912158819245827,0.014274408793537505,-0.005308717830008088,0.02055075286729213,0.01505447825329984,0.016894380918004215,0.0027499005104436145,-0.01495480597072822,False,ac7d60ba5aaa5382
-2.3742675109406997,18.342837687083325,1.0239451149088972,0.9975738831615119,0.0024261168384879725,0.0,0.49916429136065055,0.024133120550583396,0.01853495256093211,0.5593606537638415,0.26789334589360825,0.0,0.027093815514838675,"Div(Sub(Ref(Min($low,5),1),$close),Add(1e-12,Std($close,5)))","(Ref(Min($low, 5), 1) - $close) / (Std($close, 5) + 1e-12)",1,0.027093815514838675,-0.004424088277564808,2019Q3,"{""2016Q1"":-0.00023331165791242074,""2016Q2"":0.018484200348783602,""2016Q3"":0.052154289915781527,""2016Q4"":0.03341446531678586,""2017Q1"":0.023330594471851717,""2017Q2"":0.029729259173137575,""2017Q3"":0.06355689614677908,""2017Q4"":0.020545247771029992,""2018Q1"":0.023916288535591086,""2018Q2"":0.0032365427710447574,""2018Q3"":0.04429299092252464,""2018Q4"":0.001752896063189769,""2019Q1"":0.02638175660180267,""2019Q2"":0.053529897452066946,""2019Q3"":-0.004424088277564808,""2019Q4"":0.03722070375064574,""2020Q1"":0.01299545546363409,""2020Q2"":0.03115765796031854,""2020Q3"":0.05124380814722639,""2020Q4"":0.01243536812412862}",-0.00023331165791242074,0.018484200348783602,0.052154289915781527,0.03341446531678586,0.023330594471851717,0.029729259173137575,0.06355689614677908,0.020545247771029992,0.023916288535591086,0.0032365427710447574,0.04429299092252464,0.001752896063189769,0.02638175660180267,0.053529897452066946,-0.004424088277564808,0.03722070375064574,0.01299545546363409,0.03115765796031854,0.05124380814722639,0.01243536812412862,False,ac7d60ba5aaa5382
-1.4355182665339512,3.9737036290490577,1.073687682607944,0.997594501718213,0.0024054982817869417,0.0,0.785501036079851,0.22476703760080863,0.13656771512448132,0.9297029494798624,0.42809165822420453,0.14285714285714285,0.041277844730570626,"Div(Ref(Min($low,5),1),$close)","Ref(Min($low, 5), 1) / $close",2,0.041277844730570626,-0.003972307353860413,2018Q4,"{""2016Q1"":0.021890294660910248,""2016Q2"":0.07867586968023298,""2016Q3"":0.122305657238941,""2016Q4"":0.08032722515867227,""2017Q1"":0.05784137794541639,""2017Q2"":0.03273924986808216,""2017Q3"":0.07513514148089633,""2017Q4"":0.01597255706113075,""2018Q1"":0.029303343798677446,""2018Q2"":0.008644715838360068,""2018Q3"":0.033322920690832786,""2018Q4"":-0.003972307353860413,""2019Q1"":0.013058733960237545,""2019Q2"":0.07378827675672031,""2019Q3"":0.022335140879872206,""2019Q4"":0.04080166205549834,""2020Q1"":0.015378828518376818,""2020Q2"":0.02627179662368218,""2020Q3"":0.05733988232694447,""2020Q4"":0.012810974995896956}",0.021890294660910248,0.07867586968023298,0.122305657238941,0.08032722515867227,0.05784137794541639,0.03273924986808216,0.07513514148089633,0.01597255706113075,0.029303343798677446,0.008644715838360068,0.033322920690832786,-0.003972307353860413,0.013058733960237545,0.07378827675672031,0.022335140879872206,0.04080166205549834,0.015378828518376818,0.02627179662368218,0.05733988232694447,0.012810974995896956,False,ac7d60ba5aaa5382
0.26483909018947926,18.151129771051917,1.1548476003129442,0.9973676975945017,0.0026323024054982816,0.0,0.34036114167838666,0.00402837633951289,-0.00013904857391074918,0.8340570866941406,0.39916910982708886,0.09523809523809523,0.02858509296575954,"Div(Sub(Ref($low,1),$close),Add(1e-12,Mean(Sub($high,$low),5)))","(Ref($low, 1) - $close) / (Mean($high - $low, 5) + 1e-12)",2,0.02858509296575954,-0.03154094532891508,2018Q4,"{""2016Q1"":-0.017565217502922663,""2016Q2"":0.07513352470244229,""2016Q3"":0.09179362288760906,""2016Q4"":0.04885565785249416,""2017Q1"":0.055489673016510324,""2017Q2"":-0.01700714864138572,""2017Q3"":0.05590592052537278,""2017Q4"":0.031944782015980173,""2018Q1"":0.020492322946105715,""2018Q2"":0.011049179165899654,""2018Q3"":0.03662788641716745,""2018Q4"":-0.03154094532891508,""2019Q1"":0.009333417536597992,""2019Q2"":0.05207170936485273,""2019Q3"":0.01596575325151538,""2019Q4"":0.04110929761838834,""2020Q1"":-0.004793614307985411,""2020Q2"":0.04321060721500771,""2020Q3"":0.023836219845057655,""2020Q4"":0.02108821683126302}",-0.017565217502922663,0.07513352470244229,0.09179362288760906,0.04885565785249416,0.055489673016510324,-0.01700714864138572,0.05590592052537278,0.031944782015980173,0.020492322946105715,0.011049179165899654,0.03662788641716745,-0.03154094532891508,0.009333417536597992,0.05207170936485273,0.01596575325151538,0.04110929761838834,-0.004793614307985411,0.04321060721500771,0.023836219845057655,0.02108821683126302,False,ac7d60ba5aaa5382
-0.13742618159786082,58.585054061881785,0.8655124092000588,0.9973676975945017,0.0026323024054982816,0.0,0.22548354928556705,0.025981148080209883,-0.004058888097000405,0.6705999907600957,0.33380741055712343,0.0,0.03163209167254679,"Div(Sub(Ref($low,1),$close),Add(1e-12,Sub(Ref($high,1),Ref($low,1))))","(Ref($low, 1) - $close) / (Ref($high, 1) - Ref($low, 1) + 1e-12)",2,0.03163209167254679,-0.028999141488620594,2018Q4,"{""2016Q1"":-0.01113842210182929,""2016Q2"":0.07300990024496089,""2016Q3"":0.0886850617007875,""2016Q4"":0.05389903196537673,""2017Q1"":0.05442107833915269,""2017Q2"":-0.01011718297602141,""2017Q3"":0.06783710604753257,""2017Q4"":0.03469041768945143,""2018Q1"":0.02265852986075979,""2018Q2"":0.015438097217907914,""2018Q3"":0.048064590770617054,""2018Q4"":-0.028999141488620594,""2019Q1"":0.01190030053912556,""2019Q2"":0.05765945725378649,""2019Q3"":0.016336425045398582,""2019Q4"":0.04090497852180782,""2020Q1"":-0.002309082540596382,""2020Q2"":0.04337821389534484,""2020Q3"":0.021995292923837943,""2020Q4"":0.0255257454072501}",-0.01113842210182929,0.07300990024496089,0.0886850617007875,0.05389903196537673,0.05442107833915269,-0.01011718297602141,0.06783710604753257,0.03469041768945143,0.02265852986075979,0.015438097217907914,0.048064590770617054,-0.028999141488620594,0.01190030053912556,0.05765945725378649,0.016336425045398582,0.04090497852180782,-0.002309082540596382,0.04337821389534484,0.021995292923837943,0.0255257454072501,False,ac7d60ba5aaa5382
-1.5114547411036372,5.122397784377708,1.1090419048987028,0.9973676975945017,0.0026323024054982816,0.0,0.2679591104058604,-0.0832995402577707,-0.002068207522174832,0.8850811903832987,0.2512668976757513,0.023809523809523808,0.02585052128122182,"Mul(Div(Ref($low,1),$close),Sub(1,Div($volume,Add(1e-12,Mean($volume,5)))))","(Ref($low, 1) / $close) * (1 - $volume / (Mean($volume, 5) + 1e-12))",3,0.02585052128122182,-0.0019163797520989302,2019Q1,"{""2016Q1"":0.038768787259759824,""2016Q2"":0.074693495785523,""2016Q3"":0.0509274314018317,""2016Q4"":0.02454117256808526,""2017Q1"":0.052791879038676395,""2017Q2"":0.009316295621267946,""2017Q3"":0.009417454102920013,""2017Q4"":0.0019566939893254135,""2018Q1"":0.026580053642513164,""2018Q2"":0.02710447851640376,""2018Q3"":0.021068463459076463,""2018Q4"":0.02827921384390223,""2019Q1"":-0.0019163797520989302,""2019Q2"":0.007169481564804107,""2019Q3"":0.004563601560671087,""2019Q4"":0.04620219942517226,""2020Q1"":0.01762605340395769,""2020Q2"":0.03706125962873076,""2020Q3"":0.014501747381834618,""2020Q4"":0.027859607259214426}",0.038768787259759824,0.074693495785523,0.0509274314018317,0.02454117256808526,0.052791879038676395,0.009316295621267946,0.009417454102920013,0.0019566939893254135,0.026580053642513164,0.02710447851640376,0.021068463459076463,0.02827921384390223,-0.0019163797520989302,0.007169481564804107,0.004563601560671087,0.04620219942517226,0.01762605340395769,0.03706125962873076,0.014501747381834618,0.027859607259214426,False,ac7d60ba5aaa5382
4.285087401975992,21.93640356826934,0.542147807052306,0.9975532646048109,0.0024467353951890033,0.0,0.996686053979412,0.9968243039402359,0.9984019386283398,0.09467503018925463,0.03397956667594987,0.0,0.0059241439154057675,"Add(Div(Min(Ref($low,1),2),$close),Mean(Less($close,Ref($close,1)),5))","Min(Ref($low,1),2)/$close + Mean(Less($close, Ref($close,1)),5)",3,0.0059241439154057675,-0.02844271536282139,2016Q4,"{""2016Q1"":0.0012578504126920455,""2016Q2"":0.010749663569680884,""2016Q3"":-0.006143456187019888,""2016Q4"":-0.02844271536282139,""2017Q1"":-0.0030731898115281308,""2017Q2"":0.009748068494982064,""2017Q3"":0.0014881410577357941,""2017Q4"":0.02800421854158183,""2018Q1"":0.009888296893469619,""2018Q2"":0.017319772231300882,""2018Q3"":-0.01898443524519186,""2018Q4"":-0.008701193056732849,""2019Q1"":0.017993647163842007,""2019Q2"":0.007792488273144867,""2019Q3"":0.009456864969787019,""2019Q4"":0.001404872922240458,""2020Q1"":0.01380351643434454,""2020Q2"":0.04555631840917454,""2020Q3"":0.0005276492515246436,""2020Q4"":0.013321827070540235}",0.0012578504126920455,0.010749663569680884,-0.006143456187019888,-0.02844271536282139,-0.0030731898115281308,0.009748068494982064,0.0014881410577357941,0.02800421854158183,0.009888296893469619,0.017319772231300882,-0.01898443524519186,-0.008701193056732849,0.017993647163842007,0.007792488273144867,0.009456864969787019,0.001404872922240458,0.01380351643434454,0.04555631840917454,0.0005276492515246436,0.013321827070540235,False,ac7d60ba5aaa5382
1.3045259215990141,13.271403742050516,1.1962621787740608,0.9973676975945017,0.0026323024054982816,0.0,0.33496173567524484,-0.07415717534029115,5.493953902629979e-05,0.9891285154561789,0.2521776475314203,0.023809523809523808,0.027942404915934683,"Mul(Div(Mean($volume,5),Add($volume,1e-12)),Div(Ref($low,1),$close))","(Ref($low, 1) / $close) * (Mean($volume, 5) / ($volume + 1e-12))",3,0.027942404915934683,-0.001923471842990747,2019Q1,"{""2016Q1"":0.035226393428270615,""2016Q2"":0.07621889566293863,""2016Q3"":0.0545673110231342,""2016Q4"":0.027559468240895422,""2017Q1"":0.05565033599459129,""2017Q2"":0.00990858895403802,""2017Q3"":0.014035057539041787,""2017Q4"":0.005695335504275299,""2018Q1"":0.029334177766058366,""2018Q2"":0.029240300416108297,""2018Q3"":0.02361068296437459,""2018Q4"":0.027282219063980394,""2019Q1"":-0.001923471842990747,""2019Q2"":0.011879355754518086,""2019Q3"":0.007202511040686743,""2019Q4"":0.048796580877099656,""2020Q1"":0.01994845911697802,""2020Q2"":0.03791811365978717,""2020Q3"":0.017673206777312763,""2020Q4"":0.02987547449404738}",0.035226393428270615,0.07621889566293863,0.0545673110231342,0.027559468240895422,0.05565033599459129,0.00990858895403802,0.014035057539041787,0.005695335504275299,0.029334177766058366,0.029240300416108297,0.02361068296437459,0.027282219063980394,-0.001923471842990747,0.011879355754518086,0.007202511040686743,0.048796580877099656,0.01994845911697802,0.03791811365978717,0.017673206777312763,0.02987547449404738,False,ac7d60ba5aaa5382
-0.6726456135748812,2.630329730285007,1.0591266368668706,0.9973676975945017,0.0026323024054982816,0.0,-0.06468784439645853,-0.009090471994463176,-0.0028441439802052186,0.7382131597390946,0.34248620865859397,0.047619047619047616,0.023681909318689458,"Div(Mul(Log(Add(1,Div($volume,Add(1e-12,Ref($volume,1))))),Sub(Ref($close,1),$close)),Add(1e-12,Std($close,5)))","Log(1 + $volume / (Ref($volume, 1) + 1e-12)) * (Ref($close, 1) - $close) / (Std($close, 5) + 1e-12)",4,0.023681909318689458,-0.028634283374194186,2016Q1,"{""2016Q1"":-0.028634283374194186,""2016Q2"":0.05811063580980477,""2016Q3"":0.06168697069786992,""2016Q4"":0.038011636318400925,""2017Q1"":0.03818033002549292,""2017Q2"":-0.02482747497039271,""2017Q3"":0.04059813322004739,""2017Q4"":0.018011953702181026,""2018Q1"":0.006340035944273035,""2018Q2"":0.0195379160347151,""2018Q3"":0.04995174146260681,""2018Q4"":-0.010760607526257928,""2019Q1"":0.003345545188024651,""2019Q2"":0.06606547728459719,""2019Q3"":0.017579580656788465,""2019Q4"":0.04417465104054048,""2020Q1"":0.008753857042640723,""2020Q2"":0.03319767691212433,""2020Q3"":0.011503765835991895,""2020Q4"":0.01572552616013337}",-0.028634283374194186,0.05811063580980477,0.06168697069786992,0.038011636318400925,0.03818033002549292,-0.02482747497039271,0.04059813322004739,0.018011953702181026,0.006340035944273035,0.0195379160347151,0.04995174146260681,-0.010760607526257928,0.003345545188024651,0.06606547728459719,0.017579580656788465,0.04417465104054048,0.008753857042640723,0.03319767691212433,0.011503765835991895,0.01572552616013337,False,ac7d60ba5aaa5382
-1.0954853883804643,3.488264695337595,1.1138451331029025,0.9978006872852234,0.002199312714776632,0.0,0.9367559853875087,0.6697164765745688,0.11233717464661472,0.6645009401072494,0.298005720660072,0.0,0.03597982983236171,"Div(Ref(Quantile($low,20,0.2),1),$close)","Ref(Quantile($low, 20, 0.2), 1) / $close",4,0.03597982983236171,-0.008022567395827952,2018Q4,"{""2016Q1"":0.06682618120389505,""2016Q2"":0.07234793530768448,""2016Q3"":0.09784711318954904,""2016Q4"":0.06129526727042857,""2017Q1"":0.04876731488853717,""2017Q2"":0.015645581027177162,""2017Q3"":0.05509938269132691,""2017Q4"":0.001924077389740229,""2018Q1"":0.016411015515992434,""2018Q2"":0.0044011967972457655,""2018Q3"":0.0394592833945216,""2018Q4"":-0.008022567395827952,""2019Q1"":0.027303689064503128,""2019Q2"":0.06053193447920074,""2019Q3"":0.03705266382966079,""2019Q4"":0.020542990052535442,""2020Q1"":0.01827029667140486,""2020Q2"":0.013646516883361375,""2020Q3"":0.055018715177777004,""2020Q4"":0.005054617145250159}",0.06682618120389505,0.07234793530768448,0.09784711318954904,0.06129526727042857,0.04876731488853717,0.015645581027177162,0.05509938269132691,0.001924077389740229,0.016411015515992434,0.0044011967972457655,0.0394592833945216,-0.008022567395827952,0.027303689064503128,0.06053193447920074,0.03705266382966079,0.020542990052535442,0.01827029667140486,0.013646516883361375,0.055018715177777004,0.005054617145250159,False,ac7d60ba5aaa5382
-0.4754341076953233,1.6956013797973672,1.2848922722660883,0.9978075601374571,0.0021924398625429555,0.0,0.8202411487169587,0.41029672863306915,-0.012893150043492384,0.6751265606190409,0.3768375801543859,0.0,0.021712458889552918,"Div(Sub(Quantile($close,20,0.9),$close),Add(1e-12,Sub(Quantile($close,20,0.9),Quantile($close,20,0.1))))","(Quantile($close, 20, 0.9) - $close) / (Quantile($close, 20, 0.9) - Quantile($close, 20, 0.1) + 0.000000000001)",4,0.021712458889552918,-0.0240640470815935,2018Q4,"{""2016Q1"":0.043293177560792456,""2016Q2"":0.06521054235515734,""2016Q3"":0.08169902116326529,""2016Q4"":0.0341654920531368,""2017Q1"":0.04344466457696493,""2017Q2"":0.004315721043124195,""2017Q3"":0.050167448840921884,""2017Q4"":-0.003891067006054454,""2018Q1"":0.0027033434511047516,""2018Q2"":-0.011104309938108153,""2018Q3"":0.018307527435516096,""2018Q4"":-0.0240640470815935,""2019Q1"":0.017856018955392353,""2019Q2"":0.03340341182119842,""2019Q3"":0.014091551573113675,""2019Q4"":0.012794354238313871,""2020Q1"":0.0016405892613022663,""2020Q2"":0.02126377269157114,""2020Q3"":0.02477400965087341,""2020Q4"":-0.0034516435398863794}",0.043293177560792456,0.06521054235515734,0.08169902116326529,0.0341654920531368,0.04344466457696493,0.004315721043124195,0.050167448840921884,-0.003891067006054454,0.0027033434511047516,-0.011104309938108153,0.018307527435516096,-0.0240640470815935,0.017856018955392353,0.03340341182119842,0.014091551573113675,0.012794354238313871,0.0016405892613022663,0.02126377269157114,0.02477400965087341,-0.0034516435398863794,False,ac7d60ba5aaa5382
-0.28001235776147976,-0.677408729889371,1.5547048410397737,0.9998144329896906,0.00018556701030927834,0.0,0.9595161766918563,0.8194431507635493,0.39865420287040043,0.5206929086223164,0.13050412106228323,0.0,0.02534911488755449,"Sub(0,Max(Sub(Div($high,Ref($close,1)),1),20))","0 - Max($high / Ref($close, 1) - 1, 20)",5,0.02534911488755449,-0.013670053004793953,2020Q2,"{""2016Q1"":0.019219371251759553,""2016Q2"":0.05147109291728592,""2016Q3"":0.07703395379682268,""2016Q4"":0.055326535524758,""2017Q1"":0.04123576176376852,""2017Q2"":0.01708808666120215,""2017Q3"":0.03215587921840693,""2017Q4"":0.0015793778241097885,""2018Q1"":0.009908082687327761,""2018Q2"":0.006972614289610828,""2018Q3"":0.031259873870106133,""2018Q4"":0.00792424242903758,""2019Q1"":0.0006472658863564854,""2019Q2"":0.05127971902737771,""2019Q3"":0.03805065265759937,""2019Q4"":0.001952142545085462,""2020Q1"":0.017990968307907487,""2020Q2"":-0.013670053004793953,""2020Q3"":0.048218168024288695,""2020Q4"":0.000912568620965049}",0.019219371251759553,0.05147109291728592,0.07703395379682268,0.055326535524758,0.04123576176376852,0.01708808666120215,0.03215587921840693,0.0015793778241097885,0.009908082687327761,0.006972614289610828,0.031259873870106133,0.00792424242903758,0.0006472658863564854,0.05127971902737771,0.03805065265759937,0.001952142545085462,0.017990968307907487,-0.013670053004793953,0.048218168024288695,0.000912568620965049,False,ac7d60ba5aaa5382
2.185989474065635,173.4435405600748,0.1511155741060215,0.9973676975945017,0.0026323024054982816,0.0,0.06155010332745526,0.018677039596323646,0.002248675848066659,0.19167173193180825,0.07755051972859295,0.0,0.010976282521791421,"Mul(Div(Ref($close,1),$close),Div(Sub(Ref($low,1),$low),Add(1e-12,Sub($close,$low))))","(Ref($low,1)-$low)/($close-$low+1e-12)*(Ref($close,1)/$close)",5,0.010976282521791421,-0.027024809260581255,2018Q4,"{""2016Q1"":-0.02006607990427332,""2016Q2"":0.012804222260915868,""2016Q3"":0.06493326360766992,""2016Q4"":0.028117888645621942,""2017Q1"":0.015255386676708277,""2017Q2"":-0.02260368252043299,""2017Q3"":0.03142964196430064,""2017Q4"":0.033814037791997736,""2018Q1"":0.019647668207227915,""2018Q2"":-0.00652280085514442,""2018Q3"":0.013299934502194001,""2018Q4"":-0.027024809260581255,""2019Q1"":-0.019894669962242637,""2019Q2"":0.022509711618766377,""2019Q3"":0.0009459517006108268,""2019Q4"":0.026697036983685637,""2020Q1"":0.0012100624779405548,""2020Q2"":0.03654471139684477,""2020Q3"":0.00671434451975736,""2020Q4"":-0.004519573453705524}",-0.02006607990427332,0.012804222260915868,0.06493326360766992,0.028117888645621942,0.015255386676708277,-0.02260368252043299,0.03142964196430064,0.033814037791997736,0.019647668207227915,-0.00652280085514442,0.013299934502194001,-0.027024809260581255,-0.019894669962242637,0.022509711618766377,0.0009459517006108268,0.026697036983685637,0.0012100624779405548,0.03654471139684477,0.00671434451975736,-0.004519573453705524,False,ac7d60ba5aaa5382
-0.012426817339283107,0.09297125005507359,1.4413675266298633,0.9978006872852234,0.002199312714776632,0.0,0.8596590553732015,0.5410730317012321,0.013330083120008173,0.638168834334798,0.33317963259789574,0.0,0.020206349626280592,"Div(Sub(Ref(Min($low,20),1),$close),Add(1e-12,Sub(Max($high,20),Min($low,20))))","(Ref(Min($low, 20), 1) - $close) / (Max($high, 20) - Min($low, 20) + 1e-12)",5,0.020206349626280592,-0.02867215419670793,2018Q4,"{""2016Q1"":0.0380149265070243,""2016Q2"":0.06209838456982464,""2016Q3"":0.0702796849915745,""2016Q4"":0.03615518725066077,""2017Q1"":0.039708330532685424,""2017Q2"":-0.0013582261641585625,""2017Q3"":0.055974583577311235,""2017Q4"":-0.0025657426024652792,""2018Q1"":0.003625982747872215,""2018Q2"":-0.010509618151211457,""2018Q3"":0.014114343880138894,""2018Q4"":-0.02867215419670793,""2019Q1"":0.03195032337869021,""2019Q2"":0.03271301976600233,""2019Q3"":0.01930417827036734,""2019Q4"":0.01089620585829236,""2020Q1"":-0.0011502984778134647,""2020Q2"":0.008061025805602024,""2020Q3"":0.01969693716368851,""2020Q4"":-0.001438606200448937}",0.0380149265070243,0.06209838456982464,0.0702796849915745,0.03615518725066077,0.039708330532685424,-0.0013582261641585625,0.055974583577311235,-0.0025657426024652792,0.003625982747872215,-0.010509618151211457,0.014114343880138894,-0.02867215419670793,0.03195032337869021,0.03271301976600233,0.01930417827036734,0.01089620585829236,-0.0011502984778134647,0.008061025805602024,0.01969693716368851,-0.001438606200448937,False,ac7d60ba5aaa5382
1.6384530370641206,9.046547126420673,1.1365217706022375,0.9973676975945017,0.0026323024054982816,0.0,-0.2855757799229547,-0.011114897161699163,-0.001370175216274243,0.8974318733628991,0.14106672947706536,0.023809523809523808,-0.018270732539693656,"Mul(Div(Ref($low,1),$close),Log(Add(1,Div($volume,Add(1e-12,Ref($volume,1))))))","(Ref($low, 1) / $close) * Log(1 + $volume / (Ref($volume, 1) + 1e-12))",6,-0.018270732539693656,-0.0559113826483643,2016Q1,"{""2016Q1"":-0.0559113826483643,""2016Q2"":-0.05118794991265509,""2016Q3"":-0.025901955310197823,""2016Q4"":-0.02175508316906803,""2017Q1"":-0.03480467397600554,""2017Q2"":-0.006623120100226433,""2017Q3"":-0.02496814196865071,""2017Q4"":0.0023882594435648626,""2018Q1"":-0.014773936096627032,""2018Q2"":-0.017220615720319264,""2018Q3"":-0.0246963946670413,""2018Q4"":-0.02488601319576187,""2019Q1"":0.00020791298752254723,""2019Q2"":0.008591021033188628,""2019Q3"":0.004977645944054548,""2019Q4"":-0.025968666537692753,""2020Q1"":-0.01086924064167927,""2020Q2"":-0.026347043697770516,""2020Q3"":-0.0028062934866578885,""2020Q4"":-0.014149825851191384}",-0.0559113826483643,-0.05118794991265509,-0.025901955310197823,-0.02175508316906803,-0.03480467397600554,-0.006623120100226433,-0.02496814196865071,0.0023882594435648626,-0.014773936096627032,-0.017220615720319264,-0.0246963946670413,-0.02488601319576187,0.00020791298752254723,0.008591021033188628,0.004977645944054548,-0.025968666537692753,-0.01086924064167927,-0.026347043697770516,-0.0028062934866578885,-0.014149825851191384,False,ac7d60ba5aaa5382
0.12686837191098266,0.25981047928157,1.4080958771319323,0.9973676975945017,0.0026323024054982816,0.0,-0.031082816271790097,0.009144907919676619,0.010138665426875162,0.9910765605365959,0.27452533823212527,0.07142857142857142,-0.045576516448070016,"Mul(Div(Ref($low,1),$close),Div(Sub($close,$low),Add(1e-12,Sub($high,$low))))","(Ref($low, 1) / $close) * (($close - $low) / ($high - $low + 1e-12))",6,-0.045576516448070016,-0.10541815325647216,2018Q3,"{""2016Q1"":0.009644858245910732,""2016Q2"":-0.06835827627196067,""2016Q3"":-0.04630317973042406,""2016Q4"":-0.058244230339163636,""2017Q1"":-0.05121609384574409,""2017Q2"":-0.005488581357945747,""2017Q3"":-0.07060404754616827,""2017Q4"":-0.04706234101100769,""2018Q1"":-0.0381601053451556,""2018Q2"":-0.05913214121268378,""2018Q3"":-0.10541815325647216,""2018Q4"":-0.035486769545948364,""2019Q1"":-0.03442358554791131,""2019Q2"":-0.06792139926010661,""2019Q3"":-0.042805790164440034,""2019Q4"":-0.04757351401141182,""2020Q1"":-0.007292707848567923,""2020Q2"":-0.0335077659170708,""2020Q3"":-0.04659201228170015,""2020Q4"":-0.046405985088890225}",0.009644858245910732,-0.06835827627196067,-0.04630317973042406,-0.058244230339163636,-0.05121609384574409,-0.005488581357945747,-0.07060404754616827,-0.04706234101100769,-0.0381601053451556,-0.05913214121268378,-0.10541815325647216,-0.035486769545948364,-0.03442358554791131,-0.06792139926010661,-0.042805790164440034,-0.04757351401141182,-0.007292707848567923,-0.0335077659170708,-0.04659201228170015,-0.046405985088890225,False,ac7d60ba5aaa5382
-2.0798321303388128,6.6339974591578015,1.0039695726233846,0.9973676975945017,0.0026323024054982816,0.0,0.5407788260542443,0.20799643787793698,0.16799382141663785,0.8663005797971528,0.38301080207570815,0.09523809523809523,0.03720853233478636,"Mul(Div(Ref($low,1),$close),If(Ge($close,Ref($close,1)),1,Div($close,Ref($close,1))))","Ref($low, 1) / $close * If(Ge($close, Ref($close, 1)), 1, $close / Ref($close, 1))",6,0.03720853233478636,-0.016516415992262723,2018Q4,"{""2016Q1"":0.0071087552010838835,""2016Q2"":0.08481498980255457,""2016Q3"":0.1273447792997194,""2016Q4"":0.07656171202650912,""2017Q1"":0.07696354685057186,""2017Q2"":0.016971094748363166,""2017Q3"":0.0651264409328283,""2017Q4"":0.025040271988839968,""2018Q1"":0.02663944201016335,""2018Q2"":-0.008348584459938886,""2018Q3"":0.022910404275705384,""2018Q4"":-0.016516415992262723,""2019Q1"":0.016851109490115253,""2019Q2"":0.054230956911183084,""2019Q3"":0.029213926356874826,""2019Q4"":0.03941491419269556,""2020Q1"":0.0174951636643058,""2020Q2"":0.0287940426266239,""2020Q3"":0.030983247097879495,""2020Q4"":0.013360928850617872}",0.0071087552010838835,0.08481498980255457,0.1273447792997194,0.07656171202650912,0.07696354685057186,0.016971094748363166,0.0651264409328283,0.025040271988839968,0.02663944201016335,-0.008348584459938886,0.022910404275705384,-0.016516415992262723,0.016851109490115253,0.054230956911183084,0.029213926356874826,0.03941491419269556,0.0174951636643058,0.0287940426266239,0.030983247097879495,0.013360928850617872,False,ac7d60ba5aaa5382
0.40144437143112843,2.26077703491491,1.2484499386769228,0.9973676975945017,0.0026323024054982816,0.0,-0.005424353501112544,0.0024031249643348017,0.005535365754034397,0.934074593621877,0.31177751443444074,0.07142857142857142,-0.04711027636995093,"Mul(Div(Sub(Sub($close,$low),Sub($high,$close)),Add(1e-12,Sub($high,$low))),Log(Add(1,Div($volume,Add(1e-12,Ref($volume,1))))))","(($close - $low) - ($high - $close)) / ($high - $low + 1e-12) * Log(1 + $volume / (Ref($volume, 1) + 1e-12))",7,-0.04711027636995093,-0.09698012213191379,2018Q3,"{""2016Q1"":0.004543628652568995,""2016Q2"":-0.07431365691289166,""2016Q3"":-0.056353227210026766,""2016Q4"":-0.05766251902571885,""2017Q1"":-0.05459359779046836,""2017Q2"":-0.010605634960698062,""2017Q3"":-0.0687939025482578,""2017Q4"":-0.04398673438919333,""2018Q1"":-0.04702853203236431,""2018Q2"":-0.057482446687244025,""2018Q3"":-0.09698012213191379,""2018Q4"":-0.0238982625458399,""2019Q1"":-0.039364419500593426,""2019Q2"":-0.08932974615460493,""2019Q3"":-0.04700332741139651,""2019Q4"":-0.042570667350158145,""2020Q1"":-0.01567659997345184,""2020Q2"":-0.03508004915620656,""2020Q3"":-0.03686646000060942,""2020Q4"":-0.04164064475789717}",0.004543628652568995,-0.07431365691289166,-0.056353227210026766,-0.05766251902571885,-0.05459359779046836,-0.010605634960698062,-0.0687939025482578,-0.04398673438919333,-0.04702853203236431,-0.057482446687244025,-0.09698012213191379,-0.0238982625458399,-0.039364419500593426,-0.08932974615460493,-0.04700332741139651,-0.042570667350158145,-0.01567659997345184,-0.03508004915620656,-0.03686646000060942,-0.04164064475789717,False,ac7d60ba5aaa5382
-0.00319564973283631,0.7870441716256565,1.2502583915890464,0.999786941580756,0.00021305841924398625,0.0,0.9209105371336157,0.6647329491125975,-0.005045764316799796,0.15804946826291294,0.05985916348030179,0.0,0.004335928326585278,"Sub(0,Skew(Log(Div($close,Ref($close,1))),20))","0 - Skew(Log($close / Ref($close, 1)), 20)",7,0.004335928326585278,-0.024429316958955817,2018Q4,"{""2016Q1"":0.010436957974594398,""2016Q2"":0.01701120097504635,""2016Q3"":0.0407419304156946,""2016Q4"":0.009741418936578134,""2017Q1"":0.020129060976451847,""2017Q2"":0.00039205069803237546,""2017Q3"":0.025243737820784633,""2017Q4"":-0.003643596729527292,""2018Q1"":0.0240442662181483,""2018Q2"":0.0024736073817329756,""2018Q3"":-0.002287450790560452,""2018Q4"":-0.024429316958955817,""2019Q1"":-0.004794367387783796,""2019Q2"":0.012343300193246738,""2019Q3"":-0.02039317249863239,""2019Q4"":-0.010275355262338963,""2020Q1"":-0.008699481943191676,""2020Q2"":-0.003580564373770431,""2020Q3"":0.00817216035393782,""2020Q4"":-0.008532618028546582}",0.010436957974594398,0.01701120097504635,0.0407419304156946,0.009741418936578134,0.020129060976451847,0.00039205069803237546,0.025243737820784633,-0.003643596729527292,0.0240442662181483,0.0024736073817329756,-0.002287450790560452,-0.024429316958955817,-0.004794367387783796,0.012343300193246738,-0.02039317249863239,-0.010275355262338963,-0.008699481943191676,-0.003580564373770431,0.00817216035393782,-0.008532618028546582,False,ac7d60ba5aaa5382
-0.3406177648639839,12.688518573037625,1.1979174733066744,0.9973676975945017,0.0026323024054982816,0.0,0.3062589052777588,0.04539668504781824,0.011174738311627064,0.6438960101072625,0.28413787564226173,0.0,0.014547739880620601,"Mul(Div(Mean($volume,20),Add($volume,1e-12)),Div(Sub(Ref($low,1),$close),Add(1e-12,Std($close,20))))","(Ref($low, 1) - $close) / (Std($close, 20) + 1e-12) * (Mean($volume, 20) / ($volume + 1e-12))",7,0.014547739880620601,-0.0365447366670849,2017Q2,"{""2016Q1"":-0.027638923304708136,""2016Q2"":0.03761029196662595,""2016Q3"":0.06865760086238498,""2016Q4"":0.030618655665051717,""2017Q1"":0.026262732637004415,""2017Q2"":-0.0365447366670849,""2017Q3"":0.047768846177901614,""2017Q4"":0.0302202439512068,""2018Q1"":0.02501925055498129,""2018Q2"":0.010196246406607804,""2018Q3"":0.021067983728041775,""2018Q4"":-0.019726941749104547,""2019Q1"":-0.008664723640542105,""2019Q2"":0.03546479371858004,""2019Q3"":0.006518232756472057,""2019Q4"":0.023145422703095744,""2020Q1"":-0.02106333742984797,""2020Q2"":0.02368642065188412,""2020Q3"":0.0016811410441476239,""2020Q4"":0.00896539236729232}",-0.027638923304708136,0.03761029196662595,0.06865760086238498,0.030618655665051717,0.026262732637004415,-0.0365447366670849,0.047768846177901614,0.0302202439512068,0.02501925055498129,0.010196246406607804,0.021067983728041775,-0.019726941749104547,-0.008664723640542105,0.03546479371858004,0.006518232756472057,0.023145422703095744,-0.02106333742984797,0.02368642065188412,0.0016811410441476239,0.00896539236729232,False,ac7d60ba5aaa5382
-1.3627525850019218,3.667618416062537,1.1599188205713722,0.9973676975945017,0.0026323024054982816,0.0,0.6974933756905395,0.4912381585297555,0.2667910490758004,0.799482924792048,0.3278800665917111,0.047619047619047616,0.034204755311488935,"Div(Ref($low,1),Mul($close,Add(1,Div(Std($close,20),Mean($close,20)))))","Ref($low, 1) / ($close * (1 + Std($close, 20) / Mean($close, 20)))",8,0.034204755311488935,-0.02466700112361542,2018Q4,"{""2016Q1"":0.003205613176359719,""2016Q2"":0.06610975658293915,""2016Q3"":0.11055910221228465,""2016Q4"":0.08315027322725115,""2017Q1"":0.05392587886052057,""2017Q2"":0.027479665550646272,""2017Q3"":0.05358516066428899,""2017Q4"":0.021281727461670136,""2018Q1"":0.016926080106081542,""2018Q2"":-0.005502960177960534,""2018Q3"":0.04973969378798988,""2018Q4"":-0.02466700112361542,""2019Q1"":-0.0015003539315210184,""2019Q2"":0.07212256248815944,""2019Q3"":0.03665785508318309,""2019Q4"":0.02804312767063516,""2020Q1"":0.010591093115527899,""2020Q2"":0.012911500972899233,""2020Q3"":0.039441903141503525,""2020Q4"":0.01778065021177163}",0.003205613176359719,0.06610975658293915,0.11055910221228465,0.08315027322725115,0.05392587886052057,0.027479665550646272,0.05358516066428899,0.021281727461670136,0.016926080106081542,-0.005502960177960534,0.04973969378798988,-0.02466700112361542,-0.0015003539315210184,0.07212256248815944,0.03665785508318309,0.02804312767063516,0.010591093115527899,0.012911500972899233,0.039441903141503525,0.01778065021177163,False,ac7d60ba5aaa5382
3.714053538917169,0.0,0.9044168374303222,0.9998144329896906,0.00018556701030927834,0.0,0.9879636504033413,0.9391257246150068,0.7579038598086556,0.08182177549627023,0.024099555784981446,0.0,-0.005917735191262424,"Mean(Div(Abs(Sub(Div($close,Ref($close,1)),1)),Add(1e-12,Mul($close,$volume))),20)","Mean(Abs($close / Ref($close,1) - 1) / ($volume * $close + 1e-12), 20)",8,-0.005917735191262424,-0.036126992806106255,2019Q2,"{""2016Q1"":0.028180172087121376,""2016Q2"":-0.006303467203969722,""2016Q3"":0.019561345897028275,""2016Q4"":0.0008222239033882575,""2017Q1"":0.0011988245104411783,""2017Q2"":-0.013385959331029576,""2017Q3"":-0.0026476336085868406,""2017Q4"":-0.022958379023516447,""2018Q1"":0.004782292731121232,""2018Q2"":-0.025421064504362916,""2018Q3"":-0.0048495300354211525,""2018Q4"":0.011005787696272619,""2019Q1"":0.0021872842642645094,""2019Q2"":-0.036126992806106255,""2019Q3"":-0.015136610068982715,""2019Q4"":-0.02100561563333107,""2020Q1"":0.0016350840560892441,""2020Q2"":-0.03398055386825069,""2020Q3"":0.011774413444735015,""2020Q4"":-0.020022436444446824}",0.028180172087121376,-0.006303467203969722,0.019561345897028275,0.0008222239033882575,0.0011988245104411783,-0.013385959331029576,-0.0026476336085868406,-0.022958379023516447,0.004782292731121232,-0.025421064504362916,-0.0048495300354211525,0.011005787696272619,0.0021872842642645094,-0.036126992806106255,-0.015136610068982715,-0.02100561563333107,0.0016350840560892441,-0.03398055386825069,0.011774413444735015,-0.020022436444446824,False,ac7d60ba5aaa5382
-2.1097953914068737,15.135026966463208,0.9394984003647487,0.9973676975945017,0.0026323024054982816,0.0,0.4298033136931001,0.06961648151203909,0.05745821916577537,0.926603526718967,0.3982524749178606,0.09523809523809523,0.048222603817196306,"Mul(Add(1,Div(Count(Less($close,Ref($close,1)),5),5)),Div(Ref($low,1),$close))","Ref($low, 1) / $close * (1 + Count(Less($close, Ref($close, 1)), 5) / 5)",8,0.048222603817196306,-0.014144423956335082,2018Q4,"{""2016Q1"":0.0288392647757707,""2016Q2"":0.10250358275331066,""2016Q3"":0.1318744586528541,""2016Q4"":0.09025196614525997,""2017Q1"":0.07883359941848134,""2017Q2"":0.011506317992957036,""2017Q3"":0.07569117452384544,""2017Q4"":0.04745778376314721,""2018Q1"":0.04000620899508581,""2018Q2"":0.01885005511916015,""2018Q3"":0.052959496969009805,""2018Q4"":-0.014144423956335082,""2019Q1"":0.010874131761364356,""2019Q2"":0.07938528496546142,""2019Q3"":0.0314641215409363,""2019Q4"":0.05066387890410904,""2020Q1"":0.017127721845013592,""2020Q2"":0.04207858623926034,""2020Q3"":0.03390293216178782,""2020Q4"":0.024916925804892243}",0.0288392647757707,0.10250358275331066,0.1318744586528541,0.09025196614525997,0.07883359941848134,0.011506317992957036,0.07569117452384544,0.04745778376314721,0.04000620899508581,0.01885005511916015,0.052959496969009805,-0.014144423956335082,0.010874131761364356,0.07938528496546142,0.0314641215409363,0.05066387890410904,0.017127721845013592,0.04207858623926034,0.03390293216178782,0.024916925804892243,False,ac7d60ba5aaa5382
1.296081896313763,13.176055655978015,1.1969255097482985,0.9973676975945017,0.0026323024054982816,0.0,0.3345885797224511,-0.07446296555255882,-7.270317883866599e-05,0.9880833546435871,0.25190032652804145,0.023809523809523808,0.028758215332611435,"Mul(Div(Mean($volume,5),Add($volume,1e-12)),Mul(Add(1,Div(Count(Less($close,Ref($low,1)),5),5)),Div(Ref($low,1),$close)))","Ref($low, 1) / $close * (1 + Count(Less($close, Ref($low, 1)), 5) / 5) * (Mean($volume, 5) / ($volume + 1e-12))",9,0.028758215332611435,-0.0015643574192351112,2019Q1,"{""2016Q1"":0.037062728975505464,""2016Q2"":0.07919378689116224,""2016Q3"":0.05496029414283822,""2016Q4"":0.029344212402435225,""2017Q1"":0.05646740254950382,""2017Q2"":0.01157343323801932,""2017Q3"":0.015764514938829723,""2017Q4"":0.006467289225256084,""2018Q1"":0.030258761734050618,""2018Q2"":0.030111461835758618,""2018Q3"":0.024662003918059883,""2018Q4"":0.027299504629173424,""2019Q1"":-0.0015643574192351112,""2019Q2"":0.012959803535154298,""2019Q3"":0.007316932074480492,""2019Q4"":0.048676697384085574,""2020Q1"":0.019667662702539293,""2020Q2"":0.03799163127853516,""2020Q3"":0.0177019036046421,""2020Q4"":0.03008721703273791}",0.037062728975505464,0.07919378689116224,0.05496029414283822,0.029344212402435225,0.05646740254950382,0.01157343323801932,0.015764514938829723,0.006467289225256084,0.030258761734050618,0.030111461835758618,0.024662003918059883,0.027299504629173424,-0.0015643574192351112,0.012959803535154298,0.007316932074480492,0.048676697384085574,0.019667662702539293,0.03799163127853516,0.0177019036046421,0.03008721703273791,False,ac7d60ba5aaa5382
-2.1097953914068737,15.135026966463208,0.9394984003647487,0.9973676975945017,0.0026323024054982816,0.0,0.4298033136931001,0.06961648151203909,0.05745821916577537,0.926603526718967,0.3982524749178606,0.09523809523809523,0.048222603817196306,"Mul(Add(1,Div(Count(Less($close,Ref($low,1)),5),5)),Div(Ref($low,1),$close))","Ref($low, 1) / $close * (1 + Count(Less($close, Ref($low, 1)), 5) / 5)",9,0.048222603817196306,-0.014144423956335082,2018Q4,"{""2016Q1"":0.0288392647757707,""2016Q2"":0.10250358275331066,""2016Q3"":0.1318744586528541,""2016Q4"":0.09025196614525997,""2017Q1"":0.07883359941848134,""2017Q2"":0.011506317992957036,""2017Q3"":0.07569117452384544,""2017Q4"":0.04745778376314721,""2018Q1"":0.04000620899508581,""2018Q2"":0.01885005511916015,""2018Q3"":0.052959496969009805,""2018Q4"":-0.014144423956335082,""2019Q1"":0.010874131761364356,""2019Q2"":0.07938528496546142,""2019Q3"":0.0314641215409363,""2019Q4"":0.05066387890410904,""2020Q1"":0.017127721845013592,""2020Q2"":0.04207858623926034,""2020Q3"":0.03390293216178782,""2020Q4"":0.024916925804892243}",0.0288392647757707,0.10250358275331066,0.1318744586528541,0.09025196614525997,0.07883359941848134,0.011506317992957036,0.07569117452384544,0.04745778376314721,0.04000620899508581,0.01885005511916015,0.052959496969009805,-0.014144423956335082,0.010874131761364356,0.07938528496546142,0.0314641215409363,0.05066387890410904,0.017127721845013592,0.04207858623926034,0.03390293216178782,0.024916925804892243,False,ac7d60ba5aaa5382
-1.839529305229712,7.670384062525675,1.0353694015554313,0.997594501718213,0.0024054982817869417,0.0,0.7828541934013176,0.21019764232189714,0.13145910407958192,0.8959494212352987,0.41000296636568623,0.14285714285714285,0.04360356879387162,"Mul(Add(1,Div(Count(Less($low,Ref($low,1)),5),5)),Div(Ref(Min($low,5),1),$close))","Ref(Min($low, 5), 1) / $close * (1 + Count(Less($low, Ref($low, 1)), 5) / 5)",9,0.04360356879387162,-0.0026617177811439313,2018Q4,"{""2016Q1"":0.028484648375165945,""2016Q2"":0.08568665887783614,""2016Q3"":0.12304873122740881,""2016Q4"":0.08371700815090784,""2017Q1"":0.05809720381332895,""2017Q2"":0.037817217407733125,""2017Q3"":0.07691768411653407,""2017Q4"":0.018256037564698714,""2018Q1"":0.0318633738257792,""2018Q2"":0.010974752687343858,""2018Q3"":0.036135634408228666,""2018Q4"":-0.0026617177811439313,""2019Q1"":0.015428760738586478,""2019Q2"":0.07807959452726321,""2019Q3"":0.023097852440904267,""2019Q4"":0.04106588968014625,""2020Q1"":0.01567245771742951,""2020Q2"":0.027447375691615386,""2020Q3"":0.058608732356270586,""2020Q4"":0.012940359558245391}",0.028484648375165945,0.08568665887783614,0.12304873122740881,0.08371700815090784,0.05809720381332895,0.037817217407733125,0.07691768411653407,0.018256037564698714,0.0318633738257792,0.010974752687343858,0.036135634408228666,-0.0026617177811439313,0.015428760738586478,0.07807959452726321,0.023097852440904267,0.04106588968014625,0.01567245771742951,0.027447375691615386,0.058608732356270586,0.012940359558245391,False,ac7d60ba5aaa5382
1.296081896313763,13.176055655978015,1.1969255097482985,0.9973676975945017,0.0026323024054982816,0.0,0.3345885797224511,-0.07446296555255882,-7.270317883866599e-05,0.9880833546435871,0.25190032652804145,0.023809523809523808,0.028758215332611435,"Mul(Div(Mean($volume,5),Add($volume,1e-12)),Mul(Add(1,Div(Count(Less($close,Ref($close,1)),5),5)),Div(Ref($low,1),$close)))","Ref($low,1) / $close * (1 + Count(Less($close, Ref($close,1)),5) / 5) * (Mean($volume,5) / ($volume + 1e-12))",10,0.028758215332611435,-0.0015643574192351112,2019Q1,"{""2016Q1"":0.037062728975505464,""2016Q2"":0.07919378689116224,""2016Q3"":0.05496029414283822,""2016Q4"":0.029344212402435225,""2017Q1"":0.05646740254950382,""2017Q2"":0.01157343323801932,""2017Q3"":0.015764514938829723,""2017Q4"":0.006467289225256084,""2018Q1"":0.030258761734050618,""2018Q2"":0.030111461835758618,""2018Q3"":0.024662003918059883,""2018Q4"":0.027299504629173424,""2019Q1"":-0.0015643574192351112,""2019Q2"":0.012959803535154298,""2019Q3"":0.007316932074480492,""2019Q4"":0.048676697384085574,""2020Q1"":0.019667662702539293,""2020Q2"":0.03799163127853516,""2020Q3"":0.0177019036046421,""2020Q4"":0.03008721703273791}",0.037062728975505464,0.07919378689116224,0.05496029414283822,0.029344212402435225,0.05646740254950382,0.01157343323801932,0.015764514938829723,0.006467289225256084,0.030258761734050618,0.030111461835758618,0.024662003918059883,0.027299504629173424,-0.0015643574192351112,0.012959803535154298,0.007316932074480492,0.048676697384085574,0.019667662702539293,0.03799163127853516,0.0177019036046421,0.03008721703273791,False,ac7d60ba5aaa5382
-2.1143139151181254,14.712445764235358,0.9374473921110297,0.9973676975945017,0.0026323024054982816,0.0,0.45417847344064954,0.10370988826023983,0.05879812733126419,0.9208854057172433,0.3946552469997266,0.09523809523809523,0.04825938793251493,"Mul(Add(1,Div(Count(Less($close,Mean($close,20)),10),10)),Div(Ref($low,1),$close))","Ref($low, 1) / $close * (1 + Count(Less($close, Mean($close, 20)), 10) / 10)",10,0.04825938793251493,-0.013335412065789976,2018Q4,"{""2016Q1"":0.03123509586425514,""2016Q2"":0.10163742647925106,""2016Q3"":0.13195254374494125,""2016Q4"":0.09100034477469456,""2017Q1"":0.08196530815586153,""2017Q2"":0.007681251138971783,""2017Q3"":0.07450587347857539,""2017Q4"":0.048190416020845395,""2018Q1"":0.040087423877769805,""2018Q2"":0.021301726340434892,""2018Q3"":0.05282597353600317,""2018Q4"":-0.013335412065789976,""2019Q1"":0.009729648670838378,""2019Q2"":0.07718652060359393,""2019Q3"":0.031155973516461648,""2019Q4"":0.05037305556342826,""2020Q1"":0.017744233745717805,""2020Q2"":0.04196198535154013,""2020Q3"":0.033807576917578415,""2020Q4"":0.02501579505991771}",0.03123509586425514,0.10163742647925106,0.13195254374494125,0.09100034477469456,0.08196530815586153,0.007681251138971783,0.07450587347857539,0.048190416020845395,0.040087423877769805,0.021301726340434892,0.05282597353600317,-0.013335412065789976,0.009729648670838378,0.07718652060359393,0.031155973516461648,0.05037305556342826,0.017744233745717805,0.04196198535154013,0.033807576917578415,0.02501579505991771,False,ac7d60ba5aaa5382
-1.5460095876841418,4.253626791084464,1.1630221922996826,0.9978006872852234,0.002199312714776632,0.0,0.9308779521166265,0.7044488096471024,0.20778374816014342,0.6749919800387968,0.26761108476269063,0.0,0.0331446433208535,"Mul(Add(1,Div(Count(Less($close,Ref($close,1)),5),5)),Div(Ref(Min($low,20),1),$close))","Ref(Min($low, 20), 1) / $close * (1 + Count(Less($close, Ref($close, 1)), 5) / 5)",10,0.0331446433208535,-0.02249364742817748,2018Q4,"{""2016Q1"":0.05784890901639815,""2016Q2"":0.08123149045405721,""2016Q3"":0.09868998380618951,""2016Q4"":0.07333184831706732,""2017Q1"":0.05025637965667379,""2017Q2"":0.015243050459251988,""2017Q3"":0.057696117989955026,""2017Q4"":0.003546583441530104,""2018Q1"":0.00306424566499547,""2018Q2"":-0.01025868961057187,""2018Q3"":0.03631253328286295,""2018Q4"":-0.02249364742817748,""2019Q1"":0.013304075096814015,""2019Q2"":0.06300351258958639,""2019Q3"":0.039353947883034555,""2019Q4"":0.017061328984783533,""2020Q1"":0.009484089095105081,""2020Q2"":0.0022173121852189573,""2020Q3"":0.05310010852704439,""2020Q4"":0.008639738276440791}",0.05784890901639815,0.08123149045405721,0.09868998380618951,0.07333184831706732,0.05025637965667379,0.015243050459251988,0.057696117989955026,0.003546583441530104,0.00306424566499547,-0.01025868961057187,0.03631253328286295,-0.02249364742817748,0.013304075096814015,0.06300351258958639,0.039353947883034555,0.017061328984783533,0.009484089095105081,0.0022173121852189573,0.05310010852704439,0.008639738276440791,False,ac7d60ba5aaa5382
-2.1097953914068737,15.135026966463208,0.9394984003647487,0.9973676975945017,0.0026323024054982816,0.0,0.4298033136931001,0.06961648151203909,0.05745821916577537,0.926603526718967,0.3982524749178606,0.09523809523809523,0.048222603817196306,"Mul(Add(1,Div(Count(Less($open,Ref($low,1)),5),5)),Div(Ref($low,1),$close))","(Ref($low, 1) / $close) * (1 + Count(Less($open, Ref($low, 1)), 5) / 5)",11,0.048222603817196306,-0.014144423956335082,2018Q4,"{""2016Q1"":0.0288392647757707,""2016Q2"":0.10250358275331066,""2016Q3"":0.1318744586528541,""2016Q4"":0.09025196614525997,""2017Q1"":0.07883359941848134,""2017Q2"":0.011506317992957036,""2017Q3"":0.07569117452384544,""2017Q4"":0.04745778376314721,""2018Q1"":0.04000620899508581,""2018Q2"":0.01885005511916015,""2018Q3"":0.052959496969009805,""2018Q4"":-0.014144423956335082,""2019Q1"":0.010874131761364356,""2019Q2"":0.07938528496546142,""2019Q3"":0.0314641215409363,""2019Q4"":0.05066387890410904,""2020Q1"":0.017127721845013592,""2020Q2"":0.04207858623926034,""2020Q3"":0.03390293216178782,""2020Q4"":0.024916925804892243}",0.0288392647757707,0.10250358275331066,0.1318744586528541,0.09025196614525997,0.07883359941848134,0.011506317992957036,0.07569117452384544,0.04745778376314721,0.04000620899508581,0.01885005511916015,0.052959496969009805,-0.014144423956335082,0.010874131761364356,0.07938528496546142,0.0314641215409363,0.05066387890410904,0.017127721845013592,0.04207858623926034,0.03390293216178782,0.024916925804892243,False,ac7d60ba5aaa5382
-1.645416523527103,5.1081616718302305,1.1260225527631167,0.997594501718213,0.0024054982817869417,0.0,0.8670440774553204,0.4828197153895999,0.27908567324898254,0.8525570976602225,0.33853951900025775,0.047619047619047616,0.033842058135961285,"Div(Mul(Add(1,Div(Count(Less($close,Mean($close,20)),10),10)),Div(Ref(Min($low,5),1),$close)),Add(1,Div(Std($close,20),Mean($close,20))))","Ref(Min($low, 5), 1) / $close * (1 + Count(Less($close, Mean($close, 20)), 10) / 10) / (1 + Std($close, 20) / Mean($close, 20))",11,0.033842058135961285,-0.016352051059442044,2018Q4,"{""2016Q1"":0.010311336061029864,""2016Q2"":0.06092760517798584,""2016Q3"":0.10568551869736173,""2016Q4"":0.08268219280125681,""2017Q1"":0.04895895435855374,""2017Q2"":0.038955309832780234,""2017Q3"":0.05956663046135055,""2017Q4"":0.0028861915749397843,""2018Q1"":0.019437341443960334,""2018Q2"":-0.00425717594854019,""2018Q3"":0.040158753680303194,""2018Q4"":-0.016352051059442044,""2019Q1"":0.0013250983754690257,""2019Q2"":0.07492961767932953,""2019Q3"":0.029224771114608927,""2019Q4"":0.026530898556324792,""2020Q1"":0.012510332591681961,""2020Q2"":0.010516441803645658,""2020Q3"":0.052902862623580044,""2020Q4"":0.0072860355602307764}",0.010311336061029864,0.06092760517798584,0.10568551869736173,0.08268219280125681,0.04895895435855374,0.038955309832780234,0.05956663046135055,0.0028861915749397843,0.019437341443960334,-0.00425717594854019,0.040158753680303194,-0.016352051059442044,0.0013250983754690257,0.07492961767932953,0.029224771114608927,0.026530898556324792,0.012510332591681961,0.010516441803645658,0.052902862623580044,0.0072860355602307764,False,ac7d60ba5aaa5382
-1.2730781023546522,4.368926760462297,1.0992161147066444,0.9978006872852234,0.002199312714776632,0.0,0.934159795593489,0.6571851252442158,0.1107677080504615,0.6536998042277146,0.2905217377381582,0.0,0.038747097621395124,"Mul(Add(1,Div(Count(Less($close,Mean($close,20)),10),10)),Div(Ref(Quantile($low,20,0.2),1),$close))","Ref(Quantile($low, 20, 0.2), 1) / $close * (1 + Count(Less($close, Mean($close, 20)), 10) / 10)",11,0.038747097621395124,-0.0058586266293040035,2018Q4,"{""2016Q1"":0.0753874662397053,""2016Q2"":0.08095669896449324,""2016Q3"":0.0995321926379483,""2016Q4"":0.06604546580350307,""2017Q1"":0.05257936075569338,""2017Q2"":0.01851890623122958,""2017Q3"":0.058467978514721915,""2017Q4"":0.005932032544932473,""2018Q1"":0.01918440173199811,""2018Q2"":0.01051761584233848,""2018Q3"":0.04167831609834133,""2018Q4"":-0.0058586266293040035,""2019Q1"":0.02728222066427112,""2019Q2"":0.06100630202818009,""2019Q3"":0.03805964195649664,""2019Q4"":0.021071920305257084,""2020Q1"":0.019024314783820766,""2020Q2"":0.015067997974957304,""2020Q3"":0.05561585511552192,""2020Q4"":0.0048947486914570505}",0.0753874662397053,0.08095669896449324,0.0995321926379483,0.06604546580350307,0.05257936075569338,0.01851890623122958,0.058467978514721915,0.005932032544932473,0.01918440173199811,0.01051761584233848,0.04167831609834133,-0.0058586266293040035,0.02728222066427112,0.06100630202818009,0.03805964195649664,0.021071920305257084,0.019024314783820766,0.015067997974957304,0.05561585511552192,0.0048947486914570505,False,ac7d60ba5aaa5382
-1.6406016843607776,9.412931840741827,0.963137195415794,0.9973676975945017,0.0026323024054982816,0.0,0.5823899562389939,0.07384490299698232,0.044576125171057975,0.9106872992022305,0.44569033676508485,0.16666666666666666,0.04818063040204218,"Mul(Mul(Add(1,Div(Count(Less($close,Mean($close,20)),10),10)),Div(Ref($low,1),$close)),Sub(1,Slope(Log($close),5)))","Ref($low, 1) / $close * (1 + Count(Less($close, Mean($close, 20)), 10) / 10) * (1 - Slope(Log($close), 5))",12,0.04818063040204218,-0.008097886715397648,2018Q4,"{""2016Q1"":0.031372313657952004,""2016Q2"":0.10537336824779021,""2016Q3"":0.12880150655764347,""2016Q4"":0.08471712989988166,""2017Q1"":0.0843880396300618,""2017Q2"":0.015353344178120404,""2017Q3"":0.07421709831149974,""2017Q4"":0.037956201651333864,""2018Q1"":0.04372870871838399,""2018Q2"":0.01951562440766935,""2018Q3"":0.05452963365381007,""2018Q4"":-0.008097886715397648,""2019Q1"":0.014456952893257491,""2019Q2"":0.07131517785470308,""2019Q3"":0.022768305929955972,""2019Q4"":0.05486627113232923,""2020Q1"":0.01414513104942953,""2020Q2"":0.042660255441388246,""2020Q3"":0.03903563660438092,""2020Q4"":0.023588383222506094}",0.031372313657952004,0.10537336824779021,0.12880150655764347,0.08471712989988166,0.0843880396300618,0.015353344178120404,0.07421709831149974,0.037956201651333864,0.04372870871838399,0.01951562440766935,0.05452963365381007,-0.008097886715397648,0.014456952893257491,0.07131517785470308,0.022768305929955972,0.05486627113232923,0.01414513104942953,0.042660255441388246,0.03903563660438092,0.023588383222506094,False,ac7d60ba5aaa5382
-1.5505591708447475,8.521364484050087,0.9749848255263578,0.9973676975945017,0.0026323024054982816,0.0,0.403251249672218,0.07418151572434382,0.060478267392268276,0.9637461873443764,0.4147505684714351,0.14285714285714285,0.047848382507559295,"Mul(Add(1,Div(Count(Less($close,WMA($close,10)),5),5)),Div(Ref($low,1),$close))","Ref($low, 1) / $close * (1 + Count(Less($close, WMA($close, 10)), 5) / 5)",12,0.047848382507559295,-0.014272580053041845,2018Q4,"{""2016Q1"":0.02690293394461127,""2016Q2"":0.10127271062118721,""2016Q3"":0.13204132018171177,""2016Q4"":0.09059104986441797,""2017Q1"":0.0788543029038348,""2017Q2"":0.010632569578541537,""2017Q3"":0.07444968987639208,""2017Q4"":0.046925440989014806,""2018Q1"":0.040075016908210255,""2018Q2"":0.01860890134082194,""2018Q3"":0.05327804242686663,""2018Q4"":-0.014272580053041845,""2019Q1"":0.010774518022852253,""2019Q2"":0.07782028470207378,""2019Q3"":0.031189107937070804,""2019Q4"":0.05053359521060263,""2020Q1"":0.0169509294940187,""2020Q2"":0.04206235107228737,""2020Q3"":0.03363235298998582,""2020Q4"":0.025250939398170167}",0.02690293394461127,0.10127271062118721,0.13204132018171177,0.09059104986441797,0.0788543029038348,0.010632569578541537,0.07444968987639208,0.046925440989014806,0.040075016908210255,0.01860890134082194,0.05327804242686663,-0.014272580053041845,0.010774518022852253,0.07782028470207378,0.031189107937070804,0.05053359521060263,0.0169509294940187,0.04206235107228737,0.03363235298998582,0.025250939398170167,False,ac7d60ba5aaa5382
-1.1344716867056976,4.568766405023328,1.003903735776253,0.9973676975945017,0.0026323024054982816,0.0,0.3905838109231712,0.07610905633351073,0.06043674744177206,0.9966578688897407,0.42966689194543217,0.16666666666666666,0.04610131960175362,"Mul(Add(1,Div(Sum(If(Less($close,Ref($close,1)),$volume,0),10),Sum($volume,10))),Div(Ref($low,1),$close))","Ref($low, 1) / $close * (1 + Sum(If(Less($close, Ref($close, 1)), $volume, 0), 10) / Sum($volume, 10))",12,0.04610131960175362,-0.015527959601275777,2018Q4,"{""2016Q1"":0.02228812329042939,""2016Q2"":0.09780433960938849,""2016Q3"":0.1303956844325401,""2016Q4"":0.0865783780423283,""2017Q1"":0.07809836662969355,""2017Q2"":0.006247878209375882,""2017Q3"":0.07335763253651867,""2017Q4"":0.046316902971591786,""2018Q1"":0.03857012453173408,""2018Q2"":0.017032563470038193,""2018Q3"":0.05068750051183742,""2018Q4"":-0.015527959601275777,""2019Q1"":0.008859387810037962,""2019Q2"":0.07522510374365536,""2019Q3"":0.03060556861458737,""2019Q4"":0.05043798666401805,""2020Q1"":0.017085060715988008,""2020Q2"":0.04057364312795893,""2020Q3"":0.03292150864916423,""2020Q4"":0.024952345329073027}",0.02228812329042939,0.09780433960938849,0.1303956844325401,0.0865783780423283,0.07809836662969355,0.006247878209375882,0.07335763253651867,0.046316902971591786,0.03857012453173408,0.017032563470038193,0.05068750051183742,-0.015527959601275777,0.008859387810037962,0.07522510374365536,0.03060556861458737,0.05043798666401805,0.017085060715988008,0.04057364312795893,0.03292150864916423,0.024952345329073027,False,ac7d60ba5aaa5382
-1.91706565842191,11.817571090772418,0.9638270356296271,0.9973676975945017,0.0026323024054982816,0.0,0.5420074183977109,0.21866510557399593,0.05724824938380167,0.9032436650501358,0.41987788692007755,0.11904761904761904,0.051843232882046154,"Mul(Mul(Add(1,Div(Count(Less($close,WMA($close,20)),10),10)),Div(Ref($low,1),$close)),Sub(1,Slope(Log($close),10)))","Ref($low, 1) / $close * (1 + Count(Less($close, WMA($close, 20)), 10) / 10) * (1 - Slope(Log($close), 10))",13,0.051843232882046154,-0.009499884768427868,2018Q4,"{""2016Q1"":0.05141789539230745,""2016Q2"":0.10588851006222565,""2016Q3"":0.13880782769765193,""2016Q4"":0.0947364229859047,""2017Q1"":0.08552503998799384,""2017Q2"":0.019770174030486407,""2017Q3"":0.08293344489401586,""2017Q4"":0.04353207291261358,""2018Q1"":0.04143322761588927,""2018Q2"":0.02435867933624177,""2018Q3"":0.050160554031082674,""2018Q4"":-0.009499884768427868,""2019Q1"":0.014399651594487755,""2019Q2"":0.07825088988302542,""2019Q3"":0.030892671226904894,""2019Q4"":0.048006314387700345,""2020Q1"":0.023625290709846567,""2020Q2"":0.04227374412951927,""2020Q3"":0.042444208813905794,""2020Q4"":0.01839832234563926}",0.05141789539230745,0.10588851006222565,0.13880782769765193,0.0947364229859047,0.08552503998799384,0.019770174030486407,0.08293344489401586,0.04353207291261358,0.04143322761588927,0.02435867933624177,0.050160554031082674,-0.009499884768427868,0.014399651594487755,0.07825088988302542,0.030892671226904894,0.048006314387700345,0.023625290709846567,0.04227374412951927,0.042444208813905794,0.01839832234563926,False,ac7d60ba5aaa5382
-0.3982012593250959,4.637814382388952,1.0660364573038215,0.997594501718213,0.0024054982817869417,0.0,0.8617859833982096,0.42297627473047744,0.015483949390158049,0.8559974665817329,0.4116076250515093,0.19047619047619047,0.04302981538172448,"Mul(Div(Mean($close,20),$close),Mul(Add(1,Div(Count(Less($close,Mean($close,20)),10),10)),Div(Ref(Mean($low,5),1),$close)))","Ref(Mean($low, 5), 1) / $close * (1 + Count(Less($close, Mean($close, 20)), 10) / 10) * (Mean($close, 20) / $close)",13,0.04302981538172448,0.0012246421286958016,2018Q4,"{""2016Q1"":0.07023605420564376,""2016Q2"":0.09949054314248369,""2016Q3"":0.1129010129287662,""2016Q4"":0.06505510286789357,""2017Q1"":0.06073144858290193,""2017Q2"":0.01780639598951819,""2017Q3"":0.07201889081008266,""2017Q4"":0.00920422873716628,""2018Q1"":0.03336601418132542,""2018Q2"":0.022956851390118865,""2018Q3"":0.03398679358725025,""2018Q4"":0.0012246421286958016,""2019Q1"":0.028953268740076376,""2019Q2"":0.0527060936734023,""2019Q3"":0.030630230275051924,""2019Q4"":0.031084094729344987,""2020Q1"":0.012848188203177765,""2020Q2"":0.031304115537084565,""2020Q3"":0.052886260314327464,""2020Q4"":0.011920572721796148}",0.07023605420564376,0.09949054314248369,0.1129010129287662,0.06505510286789357,0.06073144858290193,0.01780639598951819,0.07201889081008266,0.00920422873716628,0.03336601418132542,0.022956851390118865,0.03398679358725025,0.0012246421286958016,0.028953268740076376,0.0527060936734023,0.030630230275051924,0.031084094729344987,0.012848188203177765,0.031304115537084565,0.052886260314327464,0.011920572721796148,False,ac7d60ba5aaa5382
-0.8421775237379049,5.99182607886637,1.1746326896877737,0.9973676975945017,0.0026323024054982816,0.0,0.8097287260313254,0.005702914657510302,-0.028543869236865416,0.5742878536067916,0.3018492996256804,0.0,0.029673450989010922,"Mul(Mul(Add(1,Div(Count(Less($close,Mean($close,20)),10),10)),Div(Ref($low,1),$close)),Sub(1,Slope(Log(Add($volume,1)),10)))","Ref($low, 1) / $close * (1 + Count(Less($close, Mean($close, 20)), 10) / 10) * (1 - Slope(Log($volume + 1), 10))",13,0.029673450989010922,-0.017734632259378536,2018Q4,"{""2016Q1"":0.05440072761980527,""2016Q2"":0.05187425500930816,""2016Q3"":0.07005445588465915,""2016Q4"":0.04677199579396438,""2017Q1"":0.0584111019923789,""2017Q2"":0.041584032986426475,""2017Q3"":0.034701658162062755,""2017Q4"":0.01661793669548758,""2018Q1"":0.016989594430921486,""2018Q2"":0.005908939460113122,""2018Q3"":0.022941971804222045,""2018Q4"":-0.017734632259378536,""2019Q1"":0.019416553474029367,""2019Q2"":0.053814890249330935,""2019Q3"":0.004550160207645245,""2019Q4"":0.04386027476026622,""2020Q1"":0.003066347874558905,""2020Q2"":0.044623580574104434,""2020Q3"":0.02141558603276773,""2020Q4"":-0.001488473858258597}",0.05440072761980527,0.05187425500930816,0.07005445588465915,0.04677199579396438,0.0584111019923789,0.041584032986426475,0.034701658162062755,0.01661793669548758,0.016989594430921486,0.005908939460113122,0.022941971804222045,-0.017734632259378536,0.019416553474029367,0.053814890249330935,0.004550160207645245,0.04386027476026622,0.003066347874558905,0.044623580574104434,0.02141558603276773,-0.001488473858258597,False,ac7d60ba5aaa5382
-1.917065613467095,11.81757087026115,0.9638270086062386,0.9973676975945017,0.0026323024054982816,0.0,0.542007418249431,0.21866510717972568,0.057248253510604696,0.903243666015448,0.4198778857833078,0.11904761904761904,0.0518431734552306,"Mul(If(Less($open,Ref($low,1)),1.5,1),Mul(Mul(Add(1,Div(Count(Less($close,WMA($close,20)),10),10)),Div(Ref($low,1),$close)),Sub(1,Slope(Log($close),10))))","Ref($low, 1) / $close * (1 + Count(Less($close, WMA($close, 20)), 10) / 10) * (1 - Slope(Log($close), 10)) * If(Less($open, Ref($low, 1)), 1.5, 1.0)",14,0.0518431734552306,-0.009499309543220813,2018Q4,"{""2016Q1"":0.05141727499128129,""2016Q2"":0.10588858341863851,""2016Q3"":0.13880784390915957,""2016Q4"":0.09473554234237012,""2017Q1"":0.08552447534277223,""2017Q2"":0.019770115048466,""2017Q3"":0.08293345336020082,""2017Q4"":0.04353223179118712,""2018Q1"":0.041433011079377545,""2018Q2"":0.02435853669178204,""2018Q3"":0.05015930465408776,""2018Q4"":-0.009499309543220813,""2019Q1"":0.014399651594487755,""2019Q2"":0.07825156739052898,""2019Q3"":0.03089222303638464,""2019Q4"":0.04800707605422699,""2020Q1"":0.02362624692071301,""2020Q2"":0.04227374412951927,""2020Q3"":0.042444208813905794,""2020Q4"":0.018398180586024614}",0.05141727499128129,0.10588858341863851,0.13880784390915957,0.09473554234237012,0.08552447534277223,0.019770115048466,0.08293345336020082,0.04353223179118712,0.041433011079377545,0.02435853669178204,0.05015930465408776,-0.009499309543220813,0.014399651594487755,0.07825156739052898,0.03089222303638464,0.04800707605422699,0.02362624692071301,0.04227374412951927,0.042444208813905794,0.018398180586024614,False,ac7d60ba5aaa5382
-1.91706565842191,11.817571090772418,0.9638270356296271,0.9973676975945017,0.0026323024054982816,0.0,0.5420074183977109,0.21866510557399593,0.05724824938380167,0.9032436650501358,0.41987788692007755,0.11904761904761904,0.051843232882046154,"Mul(Mul(Add(1,Div(Count(Less($close,WMA($low,20)),10),10)),Div(Ref($low,1),$close)),Sub(1,Slope(Log($close),10)))","Ref($low, 1) / $close * (1 + Count(Less($close, WMA($low, 20)), 10) / 10) * (1 - Slope(Log($close), 10))",14,0.051843232882046154,-0.009499884768427868,2018Q4,"{""2016Q1"":0.05141789539230745,""2016Q2"":0.10588851006222565,""2016Q3"":0.13880782769765193,""2016Q4"":0.0947364229859047,""2017Q1"":0.08552503998799384,""2017Q2"":0.019770174030486407,""2017Q3"":0.08293344489401586,""2017Q4"":0.04353207291261358,""2018Q1"":0.04143322761588927,""2018Q2"":0.02435867933624177,""2018Q3"":0.050160554031082674,""2018Q4"":-0.009499884768427868,""2019Q1"":0.014399651594487755,""2019Q2"":0.07825088988302542,""2019Q3"":0.030892671226904894,""2019Q4"":0.048006314387700345,""2020Q1"":0.023625290709846567,""2020Q2"":0.04227374412951927,""2020Q3"":0.042444208813905794,""2020Q4"":0.01839832234563926}",0.05141789539230745,0.10588851006222565,0.13880782769765193,0.0947364229859047,0.08552503998799384,0.019770174030486407,0.08293344489401586,0.04353207291261358,0.04143322761588927,0.02435867933624177,0.050160554031082674,-0.009499884768427868,0.014399651594487755,0.07825088988302542,0.030892671226904894,0.048006314387700345,0.023625290709846567,0.04227374412951927,0.042444208813905794,0.01839832234563926,False,ac7d60ba5aaa5382
0.5123502136168774,0.1093194118256386,1.3592718103520218,0.9973608247422681,0.0026391752577319587,0.0,0.9159024352000573,0.6659436958553068,-0.002716490835655176,0.30901448303893253,0.15185132483594307,0.0,0.020022127236358975,"Mul(Add(1,Div(Count(Less($close,WMA($close,20)),10),10)),Mul(Div(Ref($low,1),$close),Sub(1,Corr(Div($close,Ref($close,1)),Log(Add($volume,1)),20))))","Ref($low, 1) / $close * (1 - Corr($close / Ref($close, 1), Log(1 + $volume), 20)) * (1 + Count(Less($close, WMA($close, 20)), 10) / 10)",14,0.020022127236358975,-0.009409922565506922,2019Q4,"{""2016Q1"":0.030640327943009946,""2016Q2"":0.050852215101914,""2016Q3"":0.05766864126521895,""2016Q4"":0.012667650216887353,""2017Q1"":0.04178904499787167,""2017Q2"":0.012538137785007859,""2017Q3"":0.032828779508487914,""2017Q4"":0.017510526173475278,""2018Q1"":0.023398270479047387,""2018Q2"":0.02955382944144236,""2018Q3"":-0.008354424108653932,""2018Q4"":0.011477811809540895,""2019Q1"":0.021820475396447415,""2019Q2"":0.04844737131914523,""2019Q3"":0.0029473748296184044,""2019Q4"":-0.009409922565506922,""2020Q1"":-0.008473292522213158,""2020Q2"":0.012193625701725011,""2020Q3"":0.023320805946929337,""2020Q4"":-0.004843402369238631}",0.030640327943009946,0.050852215101914,0.05766864126521895,0.012667650216887353,0.04178904499787167,0.012538137785007859,0.032828779508487914,0.017510526173475278,0.023398270479047387,0.02955382944144236,-0.008354424108653932,0.011477811809540895,0.021820475396447415,0.04844737131914523,0.0029473748296184044,-0.009409922565506922,-0.008473292522213158,0.012193625701725011,0.023320805946929337,-0.004843402369238631,False,ac7d60ba5aaa5382
-1.91706565842191,11.817571090772418,0.9638270356296271,0.9973676975945017,0.0026323024054982816,0.0,0.5420074183977109,0.21866510557399593,0.05724824938380167,0.9032436650501358,0.41987788692007755,0.11904761904761904,0.051843232882046154,"Mul(Add(1,Div(Sum(If(Less($close,Ref($low,1)),$volume,0),10),Add(1e-12,Sum($volume,10)))),Mul(Mul(Add(1,Div(Count(Less($close,WMA($close,20)),10),10)),Div(Ref($low,1),$close)),Sub(1,Slope(Log($close),10))))","Ref($low, 1) / $close * (1 + Count(Less($close, WMA($close, 20)), 10) / 10) * (1 - Slope(Log($close), 10)) * (1 + Sum(If(Less($close, Ref($low, 1)), $volume, 0), 10) / (Sum($volume, 10) + 1e-12))",15,0.051843232882046154,-0.009499884768427868,2018Q4,"{""2016Q1"":0.05141789539230745,""2016Q2"":0.10588851006222565,""2016Q3"":0.13880782769765193,""2016Q4"":0.0947364229859047,""2017Q1"":0.08552503998799384,""2017Q2"":0.019770174030486407,""2017Q3"":0.08293344489401586,""2017Q4"":0.04353207291261358,""2018Q1"":0.04143322761588927,""2018Q2"":0.02435867933624177,""2018Q3"":0.050160554031082674,""2018Q4"":-0.009499884768427868,""2019Q1"":0.014399651594487755,""2019Q2"":0.07825088988302542,""2019Q3"":0.030892671226904894,""2019Q4"":0.048006314387700345,""2020Q1"":0.023625290709846567,""2020Q2"":0.04227374412951927,""2020Q3"":0.042444208813905794,""2020Q4"":0.01839832234563926}",0.05141789539230745,0.10588851006222565,0.13880782769765193,0.0947364229859047,0.08552503998799384,0.019770174030486407,0.08293344489401586,0.04353207291261358,0.04143322761588927,0.02435867933624177,0.050160554031082674,-0.009499884768427868,0.014399651594487755,0.07825088988302542,0.030892671226904894,0.048006314387700345,0.023625290709846567,0.04227374412951927,0.042444208813905794,0.01839832234563926,False,ac7d60ba5aaa5382
-0.5421884251797787,4.3282483208502605,1.0669288734279665,0.9973676975945017,0.0026323024054982816,0.0,0.80641705641276,0.49670031873144277,0.016494875651982488,0.7811464566106012,0.401215616381953,0.14285714285714285,0.043296678379792654,"Mul(Div(Mean($close,20),$close),Mul(Mul(Add(1,Div(Count(Less($close,WMA($close,20)),10),10)),Div(Ref($low,1),$close)),Sub(1,Slope(Log($close),10))))","Ref($low, 1) / $close * (1 + Count(Less($close, WMA($close, 20)), 10) / 10) * (1 - Slope(Log($close), 10)) * (Mean($close, 20) / $close)",15,0.043296678379792654,-0.004886975138603756,2018Q4,"{""2016Q1"":0.07604006033628206,""2016Q2"":0.0987645509534156,""2016Q3"":0.11554758226194341,""2016Q4"":0.06942235485889496,""2017Q1"":0.0630208486454915,""2017Q2"":0.0154168298115415,""2017Q3"":0.0737962965950708,""2017Q4"":0.01763710865763005,""2018Q1"":0.02788714744802446,""2018Q2"":0.022847057391941046,""2018Q3"":0.028441318135094665,""2018Q4"":-0.004886975138603756,""2019Q1"":0.026912462889332685,""2019Q2"":0.05530980555699631,""2019Q3"":0.03347868495879011,""2019Q4"":0.028546389991746284,""2020Q1"":0.017361704786957723,""2020Q2"":0.032298986472860725,""2020Q3"":0.049220569588814836,""2020Q4"":0.009962489105415584}",0.07604006033628206,0.0987645509534156,0.11554758226194341,0.06942235485889496,0.0630208486454915,0.0154168298115415,0.0737962965950708,0.01763710865763005,0.02788714744802446,0.022847057391941046,0.028441318135094665,-0.004886975138603756,0.026912462889332685,0.05530980555699631,0.03347868495879011,0.028546389991746284,0.017361704786957723,0.032298986472860725,0.049220569588814836,0.009962489105415584,False,ac7d60ba5aaa5382
0.13048292126936634,0.2459126153263634,1.3972088048845372,0.9973676975945017,0.0026323024054982816,0.0,-0.05077485823033203,0.00797381995541846,0.012540382418650872,0.9700876056937877,0.23058573387777676,0.07142857142857142,-0.04136838648786329,"Mul(Add(1,Div(Sub($close,$low),Add(1e-12,Sub($high,$low)))),Mul(Mul(Add(1,Div(Count(Less($close,WMA($close,20)),10),10)),Div(Ref($low,1),$close)),Sub(1,Slope(Log($close),10))))","Ref($low,1)/$close * (1 + Count(Less($close, WMA($close,20)),10)/10) * (1 - Slope(Log($close),10)) * (1 + ($close - $low) / ($high - $low + 1e-12))",15,-0.04136838648786329,-0.102866856953391,2018Q3,"{""2016Q1"":0.009088786071507144,""2016Q2"":-0.05823858730745337,""2016Q3"":-0.03429611282461196,""2016Q4"":-0.04723164462935295,""2017Q1"":-0.04221433994092419,""2017Q2"":-0.0005504539921335275,""2017Q3"":-0.062334098522005894,""2017Q4"":-0.044043082130940776,""2018Q1"":-0.0351536261566393,""2018Q2"":-0.06150771405670786,""2018Q3"":-0.102866856953391,""2018Q4"":-0.036186753096183695,""2019Q1"":-0.03056258735495028,""2019Q2"":-0.05837996838887374,""2019Q3"":-0.03980912769350378,""2019Q4"":-0.04485529736659514,""2020Q1"":-0.008041845698455197,""2020Q2"":-0.031266761932899956,""2020Q3"":-0.043325619229470806,""2020Q4"":-0.04744406370434344}",0.009088786071507144,-0.05823858730745337,-0.03429611282461196,-0.04723164462935295,-0.04221433994092419,-0.0005504539921335275,-0.062334098522005894,-0.044043082130940776,-0.0351536261566393,-0.06150771405670786,-0.102866856953391,-0.036186753096183695,-0.03056258735495028,-0.05837996838887374,-0.03980912769350378,-0.04485529736659514,-0.008041845698455197,-0.031266761932899956,-0.043325619229470806,-0.04744406370434344,False,ac7d60ba5aaa5382
1.4469019858561416,6.581213259782273,1.1911023370696017,0.9973676975945017,0.0026323024054982816,0.0,0.9105500388262059,0.5606073483749919,0.02635688009314802,0.5063084749380264,0.24885489430306804,0.0,0.023987788014836496,"Mul(Add(1,Div(Sub(Mean($volume,20),Mean($volume,5)),Add(1e-12,Mean($volume,20)))),Mul(Mul(Add(1,Div(Count(Less($close,WMA($close,20)),10),10)),Div(Ref($low,1),$close)),Sub(1,Div($close,Max($high,20)))))","(Ref($low, 1) / $close) * (1 + Count(Less($close, WMA($close, 20)), 10) / 10) * (1 - $close / Max($high, 20)) * (1 + (Mean($volume, 20) - Mean($volume, 5)) / (Mean($volume, 20) + 1e-12))",16,0.023987788014836496,-0.003408030326031274,2020Q4,"{""2016Q1"":0.07702634349579363,""2016Q2"":0.04439926487096549,""2016Q3"":0.044193789590803806,""2016Q4"":0.01929214993240454,""2017Q1"":0.04002691707862727,""2017Q2"":0.010902317438245178,""2017Q3"":0.04125984335250967,""2017Q4"":0.014688151855851818,""2018Q1"":0.03118081121819885,""2018Q2"":0.02285196410484661,""2018Q3"":0.001796966288426289,""2018Q4"":-0.0012211871263799288,""2019Q1"":0.03595191976356199,""2019Q2"":0.01923382877745556,""2019Q3"":0.005468128863085581,""2019Q4"":0.022899288890870506,""2020Q1"":-0.0014424001573200916,""2020Q2"":0.034594091313116734,""2020Q3"":0.02041864205831318,""2020Q4"":-0.003408030326031274}",0.07702634349579363,0.04439926487096549,0.044193789590803806,0.01929214993240454,0.04002691707862727,0.010902317438245178,0.04125984335250967,0.014688151855851818,0.03118081121819885,0.02285196410484661,0.001796966288426289,-0.0012211871263799288,0.03595191976356199,0.01923382877745556,0.005468128863085581,0.022899288890870506,-0.0014424001573200916,0.034594091313116734,0.02041864205831318,-0.003408030326031274,False,ac7d60ba5aaa5382
-1.8082355940604016,7.499143405118484,1.1019143184949034,0.9973676975945017,0.0026323024054982816,0.0,0.7428266868565896,0.5191893060330444,0.24032973443241482,0.7530013258798794,0.3281303938263128,0.047619047619047616,0.03774204361192166,"Div(Mul(Mul(Add(1,Div(Count(Less($close,WMA($close,20)),10),10)),Div(Ref($low,1),$close)),Sub(1,Slope(Log($low),10))),Add(1,Div(Std($close,20),Mean($close,20))))","Ref($low, 1) / $close * (1 + Count(Less($close, WMA($close, 20)), 10) / 10) * (1 - Slope(Log($low), 10)) / (1 + Std($close, 20) / Mean($close, 20))",16,0.03774204361192166,-0.025667860739684058,2018Q4,"{""2016Q1"":0.017700971420862317,""2016Q2"":0.07297416528624019,""2016Q3"":0.11269202171992654,""2016Q4"":0.08860749952780458,""2017Q1"":0.05856689259210042,""2017Q2"":0.031005345084235216,""2017Q3"":0.06015498203645175,""2017Q4"":0.02135081736850024,""2018Q1"":0.018375104227245715,""2018Q2"":-0.0015817535455303552,""2018Q3"":0.05077671357470351,""2018Q4"":-0.025667860739684058,""2019Q1"":0.0028878607625465384,""2019Q2"":0.07573334631390968,""2019Q3"":0.038959747930942965,""2019Q4"":0.02866035692667754,""2020Q1"":0.01707171231437839,""2020Q2"":0.016802127248283106,""2020Q3"":0.04415805522658717,""2020Q4"":0.013378819182418377}",0.017700971420862317,0.07297416528624019,0.11269202171992654,0.08860749952780458,0.05856689259210042,0.031005345084235216,0.06015498203645175,0.02135081736850024,0.018375104227245715,-0.0015817535455303552,0.05077671357470351,-0.025667860739684058,0.0028878607625465384,0.07573334631390968,0.038959747930942965,0.02866035692667754,0.01707171231437839,0.016802127248283106,0.04415805522658717,0.013378819182418377,False,ac7d60ba5aaa5382
1.229802295150635,9.168913542015728,1.0676620409591822,0.9973676975945017,0.0026323024054982816,0.0,0.7939856689535161,0.49013747625060994,0.014399641354064274,0.6981121846380294,0.35621459763067254,0.0,0.03220458204988523,"Mul(Div(Max($high,20),$close),Mul(Mul(Add(1,Div(Count(Less($close,WMA($close,20)),10),10)),Div(Ref($low,1),$close)),Sub(1,Slope(Log($close),10))))","Ref($low, 1) / $close * (1 + Count(Less($close, WMA($close, 20)), 10) / 10) * (1 - Slope(Log($close), 10)) * (Max($high, 20) / $close)",16,0.03220458204988523,-0.0007858212213474286,2018Q4,"{""2016Q1"":0.07274279050327993,""2016Q2"":0.07259873633173064,""2016Q3"":0.07749861880795532,""2016Q4"":0.04119438212392347,""2017Q1"":0.05781606871487224,""2017Q2"":0.007074269536245375,""2017Q3"":0.06531995043781362,""2017Q4"":0.02513423232597477,""2018Q1"":0.03599491903674802,""2018Q2"":0.022779363223559813,""2018Q3"":0.01636274546562695,""2018Q4"":-0.0007858212213474286,""2019Q1"":0.0272495578940656,""2019Q2"":0.028333058886954216,""2019Q3"":0.013771347187014777,""2019Q4"":0.028955330860482836,""2020Q1"":0.002055842618094992,""2020Q2"":0.030349465796909808,""2020Q3"":0.014654582400229845,""2020Q4"":0.0018954457778693067}",0.07274279050327993,0.07259873633173064,0.07749861880795532,0.04119438212392347,0.05781606871487224,0.007074269536245375,0.06531995043781362,0.02513423232597477,0.03599491903674802,0.022779363223559813,0.01636274546562695,-0.0007858212213474286,0.0272495578940656,0.028333058886954216,0.013771347187014777,0.028955330860482836,0.002055842618094992,0.030349465796909808,0.014654582400229845,0.0018954457778693067,False,ac7d60ba5aaa5382
-2.491137554549079,20.005557627370504,0.9318591482411228,0.9973676975945017,0.0026323024054982816,0.0,0.5520622881527749,0.21655764004591604,0.05444838117775537,0.8725800185890964,0.40565543317911384,0.11904761904761904,0.05196796814470608,"Mul(Add(1,Div(Count(Greater($volume,Mean($volume,20)),5),5)),Mul(Mul(Add(1,Div(Count(Less($close,WMA($close,20)),10),10)),Div(Ref($low,1),$close)),Sub(1,Slope(Log($close),10))))","Ref($low, 1) / $close * (1 + Count(Less($close, WMA($close, 20)), 10) / 10) * (1 - Slope(Log($close), 10)) * (1 + Count(Greater($volume, Mean($volume, 20)), 5) / 5)",17,0.05196796814470608,-0.00947320127562706,2018Q4,"{""2016Q1"":0.05166651691807295,""2016Q2"":0.1058997400238003,""2016Q3"":0.13877346902777193,""2016Q4"":0.09476135958561356,""2017Q1"":0.08551496682543742,""2017Q2"":0.019773528529505133,""2017Q3"":0.08288672130379314,""2017Q4"":0.04352614500990227,""2018Q1"":0.0413023372096972,""2018Q2"":0.023977448529793645,""2018Q3"":0.050160554031082674,""2018Q4"":-0.00947320127562706,""2019Q1"":0.015881712473222665,""2019Q2"":0.07958962966333209,""2019Q3"":0.030889113897322497,""2019Q4"":0.047943359091958106,""2020Q1"":0.023623168080974446,""2020Q2"":0.0422954502505622,""2020Q3"":0.042507065708214185,""2020Q4"":0.018437800717292237}",0.05166651691807295,0.1058997400238003,0.13877346902777193,0.09476135958561356,0.08551496682543742,0.019773528529505133,0.08288672130379314,0.04352614500990227,0.0413023372096972,0.023977448529793645,0.050160554031082674,-0.00947320127562706,0.015881712473222665,0.07958962966333209,0.030889113897322497,0.047943359091958106,0.023623168080974446,0.0422954502505622,0.042507065708214185,0.018437800717292237,False,ac7d60ba5aaa5382
-1.9371106133071607,9.704324413461421,1.0502231829823374,0.9973608247422681,0.0026391752577319587,0.0,0.6238317622404307,0.3506573758415027,0.18654859030937823,0.8735274792861091,0.3939430294849462,0.11904761904761904,0.05035153864928708,"Div(Mul(Mul(Add(1,Div(Count(Less($close,WMA($close,20)),10),10)),Div(Ref($low,1),$close)),Sub(1,Slope(Log($close),10))),Add(1,Std(Sub(Log($close),Log(Ref($close,1))),20)))","Ref($low, 1) / $close * (1 + Count(Less($close, WMA($close, 20)), 10) / 10) * (1 - Slope(Log($close), 10)) / (1 + Std(Log($close) - Log(Ref($close, 1)), 20))",17,0.05035153864928708,-0.001981196682203381,2018Q4,"{""2016Q1"":0.03683203185715283,""2016Q2"":0.09345706187629062,""2016Q3"":0.14165351744700064,""2016Q4"":0.10113605532142472,""2017Q1"":0.07835040897660096,""2017Q2"":0.02108639045565635,""2017Q3"":0.07651004838283801,""2017Q4"":0.03586328904269589,""2018Q1"":0.03853498953814961,""2018Q2"":0.016680981642790936,""2018Q3"":0.06073096374574722,""2018Q4"":-0.001981196682203381,""2019Q1"":0.01048218713617369,""2019Q2"":0.0824762296906924,""2019Q3"":0.037574369108719176,""2019Q4"":0.04148423873080491,""2020Q1"":0.02724947838877307,""2020Q2"":0.027277991219074687,""2020Q3"":0.04873370012218167,""2020Q4"":0.021183828906399093}",0.03683203185715283,0.09345706187629062,0.14165351744700064,0.10113605532142472,0.07835040897660096,0.02108639045565635,0.07651004838283801,0.03586328904269589,0.03853498953814961,0.016680981642790936,0.06073096374574722,-0.001981196682203381,0.01048218713617369,0.0824762296906924,0.037574369108719176,0.04148423873080491,0.02724947838877307,0.027277991219074687,0.04873370012218167,0.021183828906399093,False,ac7d60ba5aaa5382
0.018196148046569927,0.8059163944145012,1.2508505870572824,0.9973539518900344,0.002646048109965636,0.0,0.919859014614142,0.6644623024076192,-0.005061590353473632,0.1621405665616132,0.0665103028089615,0.0,0.005375595486391958,"Mul(Add(1,Div(Count(Less($close,WMA($close,20)),10),10)),Mul(Div(Ref($low,1),$close),Sub(1,Skew(Log(Div($close,Ref($close,1))),20))))","Ref($low, 1) / $close * (1 - Skew(Log($close / Ref($close, 1)), 20)) * (1 + Count(Less($close, WMA($close, 20)), 10) / 10)",17,0.005375595486391958,-0.024961976360509067,2018Q4,"{""2016Q1"":0.011241026021998507,""2016Q2"":0.020039663842022926,""2016Q3"":0.041927156840812295,""2016Q4"":0.0110036870462537,""2017Q1"":0.021495514446517438,""2017Q2"":0.0006296790311568076,""2017Q3"":0.026877568812946267,""2017Q4"":-0.0017063717951359117,""2018Q1"":0.024571626977721073,""2018Q2"":0.0027980421443614483,""2018Q3"":-0.0011518738824713391,""2018Q4"":-0.024961976360509067,""2019Q1"":-0.004860323585381449,""2019Q2"":0.015175088583578382,""2019Q3"":-0.01960450667476048,""2019Q4"":-0.009450465397153572,""2020Q1"":-0.007200975339576181,""2020Q2"":-0.0034261770159206067,""2020Q3"":0.009523672232325583,""2020Q4"":-0.008205474587193843}",0.011241026021998507,0.020039663842022926,0.041927156840812295,0.0110036870462537,0.021495514446517438,0.0006296790311568076,0.026877568812946267,-0.0017063717951359117,0.024571626977721073,0.0027980421443614483,-0.0011518738824713391,-0.024961976360509067,-0.004860323585381449,0.015175088583578382,-0.01960450667476048,-0.009450465397153572,-0.007200975339576181,-0.0034261770159206067,0.009523672232325583,-0.008205474587193843,False,ac7d60ba5aaa5382
0.5163324790425944,-0.0435357629144005,1.4100381657130119,0.9972508591065291,0.0027491408934707906,0.0,0.8448165184667802,0.4049190698913726,-0.018318056252841736,0.4794555675089965,0.1939263586695597,0.0,0.016945680411582596,"Mul(Mul(Mul(Add(1,Div(Count(Less($close,WMA($close,20)),10),10)),Div(Ref($low,1),$close)),Sub(1,Slope(Log($close),10))),Sub(1,Corr(Log(Div($close,Ref($close,1))),Log(Add($volume,1)),10)))","Ref($low, 1) / $close * (1 + Count(Less($close, WMA($close, 20)), 10) / 10) * (1 - Slope(Log($close), 10)) * (1 - Corr(Log($close / Ref($close, 1)), Log($volume + 1), 10))",18,0.016945680411582596,-0.010942530126865429,2020Q4,"{""2016Q1"":0.027960488739609362,""2016Q2"":0.044047695765706496,""2016Q3"":0.05765644037972046,""2016Q4"":0.025381426673281502,""2017Q1"":0.04332701856454102,""2017Q2"":0.02358853358971915,""2017Q3"":0.02626179312966542,""2017Q4"":0.01574335952528362,""2018Q1"":0.0036748138232551575,""2018Q2"":0.023081295534586207,""2018Q3"":0.002298109268688252,""2018Q4"":-0.006150176481080316,""2019Q1"":0.00925338701787667,""2019Q2"":0.023103857819216426,""2019Q3"":0.007134000898405472,""2019Q4"":0.0047205403157710235,""2020Q1"":-0.0073404100127252535,""2020Q2"":0.012228762783482552,""2020Q3"":0.010875901831032752,""2020Q4"":-0.010942530126865429}",0.027960488739609362,0.044047695765706496,0.05765644037972046,0.025381426673281502,0.04332701856454102,0.02358853358971915,0.02626179312966542,0.01574335952528362,0.0036748138232551575,0.023081295534586207,0.002298109268688252,-0.006150176481080316,0.00925338701787667,0.023103857819216426,0.007134000898405472,0.0047205403157710235,-0.0073404100127252535,0.012228762783482552,0.010875901831032752,-0.010942530126865429,False,ac7d60ba5aaa5382
-1.6226614301167046,9.04998331470573,0.9872152997820547,0.9973676975945017,0.0026323024054982816,0.0,0.607534390920204,0.28542246576807834,0.047726240927163016,0.8703987067694736,0.4235383697895295,0.14285714285714285,0.050817655796997034,"Mul(Add(1,Div(Sum(If(Less($close,Ref($close,1)),Sub(Div(Ref($close,1),$close),1),0),10),10)),Mul(Mul(Add(1,Div(Count(Less($close,WMA($close,20)),10),10)),Div(Ref($low,1),$close)),Sub(1,Slope(Log($close),10))))","Ref($low, 1) / $close * (1 + Count(Less($close, WMA($close, 20)), 10) / 10) * (1 - Slope(Log($close), 10)) * (1 + Sum(If(Less($close, Ref($close, 1)), Ref($close, 1) / $close - 1, 0), 10) / 10)",18,0.050817655796997034,-0.008238771509511885,2018Q4,"{""2016Q1"":0.06318677910301597,""2016Q2"":0.10831246609262443,""2016Q3"":0.1334068922624632,""2016Q4"":0.0887897990984913,""2017Q1"":0.08292887796251586,""2017Q2"":0.022666084842143955,""2017Q3"":0.08256918182344075,""2017Q4"":0.03903282954223921,""2018Q1"":0.037419975284572554,""2018Q2"":0.026839201036557247,""2018Q3"":0.04550517589432121,""2018Q4"":-0.008238771509511885,""2019Q1"":0.01387920681884601,""2019Q2"":0.07112864821169533,""2019Q3"":0.030938181071234108,""2019Q4"":0.04378988634970241,""2020Q1"":0.024903101892175265,""2020Q2"":0.040553645306259635,""2020Q3"":0.0434689329535838,""2020Q4"":0.016120976978969612}",0.06318677910301597,0.10831246609262443,0.1334068922624632,0.0887897990984913,0.08292887796251586,0.022666084842143955,0.08256918182344075,0.03903282954223921,0.037419975284572554,0.026839201036557247,0.04550517589432121,-0.008238771509511885,0.01387920681884601,0.07112864821169533,0.030938181071234108,0.04378988634970241,0.024903101892175265,0.040553645306259635,0.0434689329535838,0.016120976978969612,False,ac7d60ba5aaa5382
0.0733838594683398,-0.8694465000003799,1.674375190095643,0.9973608247422681,0.0026391752577319587,0.0,0.7878519191639497,-0.018273866683724913,-0.017765000087713163,0.16487850005099036,0.06125925892072754,0.0,0.0059556446206747975,"Mul(Mul(Add(1,Div(Count(Greater($volume,Mean($volume,20)),5),5)),Mul(Mul(Add(1,Div(Count(Less($close,WMA($close,20)),10),10)),Div(Ref($low,1),$close)),Sub(1,Slope(Log($close),10)))),Sub(1,Rsquare(Log($close),10)))","Ref($low, 1) / $close * (1 + Count(Less($close, WMA($close, 20)), 10) / 10) * (1 - Slope(Log($close), 10)) * (1 + Count(Greater($volume, Mean($volume, 20)), 5) / 5) * (1 - Rsquare(Log($close), 10))",18,0.0059556446206747975,-0.027181758426128966,2017Q4,"{""2016Q1"":0.000654153731988305,""2016Q2"":0.011480689581347243,""2016Q3"":0.018189988471942555,""2016Q4"":0.0176680226274152,""2017Q1"":0.030383880797255087,""2017Q2"":0.04176669976594559,""2017Q3"":0.02824965859350174,""2017Q4"":-0.027181758426128966,""2018Q1"":-0.008396564708037192,""2018Q2"":-0.008622564387414043,""2018Q3"":-0.0021253264991917577,""2018Q4"":0.011919539175251303,""2019Q1"":0.0003752285366887236,""2019Q2"":-0.002082951793091235,""2019Q3"":-0.007948078944284115,""2019Q4"":-0.016260169825407313,""2020Q1"":0.016258065829473086,""2020Q2"":-0.0069851770677277795,""2020Q3"":0.024401931324950693,""2020Q4"":-0.005536688287672528}",0.000654153731988305,0.011480689581347243,0.018189988471942555,0.0176680226274152,0.030383880797255087,0.04176669976594559,0.02824965859350174,-0.027181758426128966,-0.008396564708037192,-0.008622564387414043,-0.0021253264991917577,0.011919539175251303,0.0003752285366887236,-0.002082951793091235,-0.007948078944284115,-0.016260169825407313,0.016258065829473086,-0.0069851770677277795,0.024401931324950693,-0.005536688287672528,False,ac7d60ba5aaa5382
-2.491137554549079,20.005557627370504,0.9318591482411228,0.9973676975945017,0.0026323024054982816,0.0,0.5520622881527749,0.21655764004591604,0.05444838117775537,0.8725800185890964,0.40565543317911384,0.11904761904761904,0.05196796814470608,"Mul(Add(1,Div(Count(Greater($volume,Quantile($volume,60,0.8)),5),5)),Mul(Mul(Add(1,Div(Count(Less($close,WMA($close,20)),10),10)),Div(Ref($low,1),$close)),Sub(1,Slope(Log($close),10))))","Ref($low, 1) / $close * (1 + Count(Less($close, WMA($close, 20)), 10) / 10) * (1 - Slope(Log($close), 10)) * (1 + Count(Greater($volume, Quantile($volume, 60, 0.8)), 5) / 5)",19,0.05196796814470608,-0.00947320127562706,2018Q4,"{""2016Q1"":0.05166651691807295,""2016Q2"":0.1058997400238003,""2016Q3"":0.13877346902777193,""2016Q4"":0.09476135958561356,""2017Q1"":0.08551496682543742,""2017Q2"":0.019773528529505133,""2017Q3"":0.08288672130379314,""2017Q4"":0.04352614500990227,""2018Q1"":0.0413023372096972,""2018Q2"":0.023977448529793645,""2018Q3"":0.050160554031082674,""2018Q4"":-0.00947320127562706,""2019Q1"":0.015881712473222665,""2019Q2"":0.07958962966333209,""2019Q3"":0.030889113897322497,""2019Q4"":0.047943359091958106,""2020Q1"":0.023623168080974446,""2020Q2"":0.0422954502505622,""2020Q3"":0.042507065708214185,""2020Q4"":0.018437800717292237}",0.05166651691807295,0.1058997400238003,0.13877346902777193,0.09476135958561356,0.08551496682543742,0.019773528529505133,0.08288672130379314,0.04352614500990227,0.0413023372096972,0.023977448529793645,0.050160554031082674,-0.00947320127562706,0.015881712473222665,0.07958962966333209,0.030889113897322497,0.047943359091958106,0.023623168080974446,0.0422954502505622,0.042507065708214185,0.018437800717292237,False,ac7d60ba5aaa5382
-1.91706565842191,11.817571090772418,0.9638270356296271,0.9973676975945017,0.0026323024054982816,0.0,0.5420074183977109,0.21866510557399593,0.05724824938380167,0.9032436650501358,0.41987788692007755,0.11904761904761904,0.051843232882046154,"Mul(Add(1,Div(Sum(If(Greater($close,Ref($close,1)),$volume,Sub(0,$volume)),10),Add(1e-12,Sum($volume,10)))),Mul(Mul(Add(1,Div(Count(Less($close,WMA($close,20)),10),10)),Div(Ref($low,1),$close)),Sub(1,Slope(Log($close),10))))","Ref($low, 1) / $close * (1 + Count(Less($close, WMA($close, 20)), 10) / 10) * (1 - Slope(Log($close), 10)) * (1 + Sum(If(Greater($close, Ref($close, 1)), $volume, 0 - $volume), 10) / (Sum($volume, 10) + 1e-12))",19,0.051843232882046154,-0.009499884768427868,2018Q4,"{""2016Q1"":0.05141789539230745,""2016Q2"":0.10588851006222565,""2016Q3"":0.13880782769765193,""2016Q4"":0.0947364229859047,""2017Q1"":0.08552503998799384,""2017Q2"":0.019770174030486407,""2017Q3"":0.08293344489401586,""2017Q4"":0.04353207291261358,""2018Q1"":0.04143322761588927,""2018Q2"":0.02435867933624177,""2018Q3"":0.050160554031082674,""2018Q4"":-0.009499884768427868,""2019Q1"":0.014399651594487755,""2019Q2"":0.07825088988302542,""2019Q3"":0.030892671226904894,""2019Q4"":0.048006314387700345,""2020Q1"":0.023625290709846567,""2020Q2"":0.04227374412951927,""2020Q3"":0.042444208813905794,""2020Q4"":0.01839832234563926}",0.05141789539230745,0.10588851006222565,0.13880782769765193,0.0947364229859047,0.08552503998799384,0.019770174030486407,0.08293344489401586,0.04353207291261358,0.04143322761588927,0.02435867933624177,0.050160554031082674,-0.009499884768427868,0.014399651594487755,0.07825088988302542,0.030892671226904894,0.048006314387700345,0.023625290709846567,0.04227374412951927,0.042444208813905794,0.01839832234563926,False,ac7d60ba5aaa5382
-2.846673342400081,24.041878569661797,0.9054396134236624,0.9973676975945017,0.0026323024054982816,0.0,0.5726308714708062,0.23391778817743955,0.05223118960123008,0.8460662859604441,0.39293192597756277,0.11904761904761904,0.05223185497591927,"Mul(Add(1,Div(Count(Greater($volume,Mean($volume,20)),5),5)),Mul(Mul(Add(1,Div(Count(Less($close,Ref($close,1)),10),10)),Div(Ref($low,1),$close)),Sub(1,Slope(Log($close),10))))","Ref($low, 1) / $close * (1 + Count(Less($close, Ref($close, 1)), 10) / 10) * (1 - Slope(Log($close), 10)) * (1 + Count(Greater($volume, Mean($volume, 20)), 5) / 5)",19,0.05223185497591927,-0.008435744677531382,2018Q4,"{""2016Q1"":0.05245212677317604,""2016Q2"":0.10629558116662022,""2016Q3"":0.13957258287824031,""2016Q4"":0.09442807562123022,""2017Q1"":0.0855611762023501,""2017Q2"":0.019231841817137572,""2017Q3"":0.0834200431064206,""2017Q4"":0.04295698240059665,""2018Q1"":0.04190846165460366,""2018Q2"":0.02430201547910688,""2018Q3"":0.050286179984191014,""2018Q4"":-0.008435744677531382,""2019Q1"":0.01683128314014999,""2019Q2"":0.08106971630835962,""2019Q3"":0.03067329097254116,""2019Q4"":0.04835408982541235,""2020Q1"":0.023408241731368965,""2020Q2"":0.042047441117193905,""2020Q3"":0.0425309276149845,""2020Q4"":0.01832738208125135}",0.05245212677317604,0.10629558116662022,0.13957258287824031,0.09442807562123022,0.0855611762023501,0.019231841817137572,0.0834200431064206,0.04295698240059665,0.04190846165460366,0.02430201547910688,0.050286179984191014,-0.008435744677531382,0.01683128314014999,0.08106971630835962,0.03067329097254116,0.04835408982541235,0.023408241731368965,0.042047441117193905,0.0425309276149845,0.01832738208125135,False,ac7d60ba5aaa5382
-3.7277770388488305,37.474278621889425,0.8587349806496832,0.9973676975945017,0.0026323024054982816,0.0,0.5905486898851571,0.22609243336339832,0.047528848676598484,0.8019421376190249,0.3724412138475565,0.07142857142857142,0.05223800201865865,"Mul(Add(1,Div(Count(Less($open,Ref($close,1)),5),5)),Mul(Add(1,Div(Count(Greater($volume,Mean($volume,20)),5),5)),Mul(Mul(Add(1,Div(Count(Less($close,Ref($close,1)),10),10)),Div(Ref($low,1),$close)),Sub(1,Slope(Log($close),10)))))","Ref($low, 1) / $close * (1 + Count(Less($close, Ref($close, 1)), 10) / 10) * (1 - Slope(Log($close), 10)) * (1 + Count(Greater($volume, Mean($volume, 20)), 5) / 5) * (1 + Count(Less($open, Ref($close, 1)), 5) / 5)",20,0.05223800201865865,-0.008433392950718991,2018Q4,"{""2016Q1"":0.05248818330317773,""2016Q2"":0.1062893657521723,""2016Q3"":0.13957108750656458,""2016Q4"":0.09442624892698384,""2017Q1"":0.0855617988125809,""2017Q2"":0.019237850802589485,""2017Q3"":0.08343549279115854,""2017Q4"":0.042946862173717,""2018Q1"":0.041905906120252315,""2018Q2"":0.024301805597340322,""2018Q3"":0.050286179984191014,""2018Q4"":-0.008433392950718991,""2019Q1"":0.016858652060306116,""2019Q2"":0.08113333523276337,""2019Q3"":0.030672094303453558,""2019Q4"":0.04835031887676689,""2020Q1"":0.023408241731368965,""2020Q2"":0.04204283609461664,""2020Q3"":0.04253652426473734,""2020Q4"":0.018326787032898965}",0.05248818330317773,0.1062893657521723,0.13957108750656458,0.09442624892698384,0.0855617988125809,0.019237850802589485,0.08343549279115854,0.042946862173717,0.041905906120252315,0.024301805597340322,0.050286179984191014,-0.008433392950718991,0.016858652060306116,0.08113333523276337,0.030672094303453558,0.04835031887676689,0.023408241731368965,0.04204283609461664,0.04253652426473734,0.018326787032898965,False,ac7d60ba5aaa5382
-2.846673342400081,24.041878569661797,0.9054396134236624,0.9973676975945017,0.0026323024054982816,0.0,0.5726308714708062,0.23391778817743955,0.05223118960123008,0.8460662859604441,0.39293192597756277,0.11904761904761904,0.05223185497591927,"Mul(Add(1,Div(Sum(If(Less($close,Ref($close,1)),$volume,0),5),Add(1e-12,Sum($volume,5)))),Mul(Add(1,Div(Count(Greater($volume,Mean($volume,20)),5),5)),Mul(Mul(Add(1,Div(Count(Less($close,Ref($close,1)),10),10)),Div(Ref($low,1),$close)),Sub(1,Slope(Log($close),10)))))","Ref($low, 1) / $close * (1 + Count(Less($close, Ref($close, 1)), 10) / 10) * (1 - Slope(Log($close), 10)) * (1 + Count(Greater($volume, Mean($volume, 20)), 5) / 5) * (1 + Sum(If(Less($close, Ref($close, 1)), $volume, 0), 5) / (Sum($volume, 5) + 1e-12))",20,0.05223185497591927,-0.008435744677531382,2018Q4,"{""2016Q1"":0.05245212677317604,""2016Q2"":0.10629558116662022,""2016Q3"":0.13957258287824031,""2016Q4"":0.09442807562123022,""2017Q1"":0.0855611762023501,""2017Q2"":0.019231841817137572,""2017Q3"":0.0834200431064206,""2017Q4"":0.04295698240059665,""2018Q1"":0.04190846165460366,""2018Q2"":0.02430201547910688,""2018Q3"":0.050286179984191014,""2018Q4"":-0.008435744677531382,""2019Q1"":0.01683128314014999,""2019Q2"":0.08106971630835962,""2019Q3"":0.03067329097254116,""2019Q4"":0.04835408982541235,""2020Q1"":0.023408241731368965,""2020Q2"":0.042047441117193905,""2020Q3"":0.0425309276149845,""2020Q4"":0.01832738208125135}",0.05245212677317604,0.10629558116662022,0.13957258287824031,0.09442807562123022,0.0855611762023501,0.019231841817137572,0.0834200431064206,0.04295698240059665,0.04190846165460366,0.02430201547910688,0.050286179984191014,-0.008435744677531382,0.01683128314014999,0.08106971630835962,0.03067329097254116,0.04835408982541235,0.023408241731368965,0.042047441117193905,0.0425309276149845,0.01832738208125135,False,ac7d60ba5aaa5382
-2.544296995519776,18.158697986440632,1.0378107702980885,0.9973676975945017,0.0026323024054982816,0.0,0.6757702996020327,0.41164853565092513,0.24851666132086123,0.8098316031745636,0.3593738576497322,0.07142857142857142,0.051632274918932956,"Div(Mul(Add(1,Div(Count(Greater($volume,Mean($volume,20)),5),5)),Mul(Mul(Add(1,Div(Count(Less($close,Ref($close,1)),10),10)),Div(Ref($low,1),$close)),Sub(1,Slope(Log($close),10)))),Add(1,Mean(Log(Div($high,$low)),20)))","Ref($low, 1) / $close * (1 + Count(Less($close, Ref($close, 1)), 10) / 10) * (1 - Slope(Log($close), 10)) * (1 + Count(Greater($volume, Mean($volume, 20)), 5) / 5) / (1 + Mean(Log($high / $low), 20))",20,0.051632274918932956,0.0019655212773090195,2018Q4,"{""2016Q1"":0.043117197744555386,""2016Q2"":0.09569427016685143,""2016Q3"":0.14295556359859177,""2016Q4"":0.10422344940905841,""2017Q1"":0.07685406763111158,""2017Q2"":0.020558374251792258,""2017Q3"":0.078602974504853,""2017Q4"":0.03157734920004918,""2018Q1"":0.04230259481163303,""2018Q2"":0.016813278400240075,""2018Q3"":0.06733567676191819,""2018Q4"":0.0019655212773090195,""2019Q1"":0.01387138936800161,""2019Q2"":0.08860786220945298,""2019Q3"":0.03842176757709252,""2019Q4"":0.039064578845454424,""2020Q1"":0.03033205675004413,""2020Q2"":0.02029146252899145,""2020Q3"":0.04642127652396694,""2020Q4"":0.02199311452946452}",0.043117197744555386,0.09569427016685143,0.14295556359859177,0.10422344940905841,0.07685406763111158,0.020558374251792258,0.078602974504853,0.03157734920004918,0.04230259481163303,0.016813278400240075,0.06733567676191819,0.0019655212773090195,0.01387138936800161,0.08860786220945298,0.03842176757709252,0.039064578845454424,0.03033205675004413,0.02029146252899145,0.04642127652396694,0.02199311452946452,False,ac7d60ba5aaa5382
-2.4020284594023025,17.191951203896682,1.0355724386165897,0.9973676975945017,0.0026323024054982816,0.0,0.6789193127239987,0.39185543871637846,0.23530335842470454,0.8084300919525824,0.36599013707541594,0.07142857142857142,0.051204332060627536,"Mul(Add(1,Mean(If(Less($open,Ref($close,1)),Log(Div(Ref($close,1),$open)),0),5)),Div(Mul(Add(1,Div(Count(Greater($volume,Mean($volume,20)),5),5)),Mul(Mul(Add(1,Div(Count(Less($close,Ref($close,1)),10),10)),Div(Ref($low,1),$close)),Sub(1,Slope(Log($close),10)))),Add(1,Mean(Log(Div($high,$low)),20))))","Ref($low, 1) / $close * (1 + Count(Less($close, Ref($close, 1)), 10) / 10) * (1 - Slope(Log($close), 10)) * (1 + Count(Greater($volume, Mean($volume, 20)), 5) / 5) / (1 + Mean(Log($high / $low), 20)) * (1 + Mean(If(Less($open, Ref($close, 1)), Log(Ref($close, 1) / $open), 0), 5))",21,0.051204332060627536,0.0018896451496811845,2018Q4,"{""2016Q1"":0.04597095003039123,""2016Q2"":0.09499895166229887,""2016Q3"":0.14247306857457864,""2016Q4"":0.1042592906899316,""2017Q1"":0.07785044648918948,""2017Q2"":0.016959649013786143,""2017Q3"":0.07755533318385321,""2017Q4"":0.02915268389988208,""2018Q1"":0.0431249431617732,""2018Q2"":0.018036001736504256,""2018Q3"":0.06310758917496746,""2018Q4"":0.0018896451496811845,""2019Q1"":0.010775432652541588,""2019Q2"":0.08782235477953929,""2019Q3"":0.037540556880813404,""2019Q4"":0.03962922713571219,""2020Q1"":0.03089882847663701,""2020Q2"":0.020644874212213265,""2020Q3"":0.04791048441711215,""2020Q4"":0.022060270275317866}",0.04597095003039123,0.09499895166229887,0.14247306857457864,0.1042592906899316,0.07785044648918948,0.016959649013786143,0.07755533318385321,0.02915268389988208,0.0431249431617732,0.018036001736504256,0.06310758917496746,0.0018896451496811845,0.010775432652541588,0.08782235477953929,0.037540556880813404,0.03962922713571219,0.03089882847663701,0.020644874212213265,0.04791048441711215,0.022060270275317866,False,ac7d60ba5aaa5382
-2.7056689877020266,23.034147618760883,0.9066299011113935,0.9973676975945017,0.0026323024054982816,0.0,0.5838101588466014,0.24253955145165748,0.04782003483858432,0.8370775853060147,0.39216137422645486,0.11904761904761904,0.05090621477488938,"Mul(Add(1,Div(Sum(If(Less($open,Ref($close,1)),Log(Div(Ref($close,1),$open)),0),10),10)),Mul(Add(1,Div(Count(Greater($volume,Mean($volume,20)),5),5)),Mul(Mul(Add(1,Div(Count(Less($close,Ref($close,1)),10),10)),Div(Ref($low,1),$close)),Sub(1,Slope(Log($close),10)))))","Ref($low, 1) / $close * (1 + Count(Less($close, Ref($close, 1)), 10) / 10) * (1 - Slope(Log($close), 10)) * (1 + Count(Greater($volume, Mean($volume, 20)), 5) / 5) * (1 + Sum(If(Less($open, Ref($close, 1)), Log(Ref($close, 1) / $open), 0), 10) / 10)",21,0.05090621477488938,-0.008374707434345338,2018Q4,"{""2016Q1"":0.057521870520809544,""2016Q2"":0.10510103174140852,""2016Q3"":0.1351901294235325,""2016Q4"":0.09123105285176093,""2017Q1"":0.08536934159353612,""2017Q2"":0.015997272018387142,""2017Q3"":0.08197384818844491,""2017Q4"":0.040718664761549436,""2018Q1"":0.03985077948067273,""2018Q2"":0.024053857597375723,""2018Q3"":0.04578227308321918,""2018Q4"":-0.008374707434345338,""2019Q1"":0.012298020408362599,""2019Q2"":0.0766219672947126,""2019Q3"":0.030979016717784028,""2019Q4"":0.0478501471720195,""2020Q1"":0.028422624524863237,""2020Q2"":0.039827731349854324,""2020Q3"":0.039900505163526584,""2020Q4"":0.019069559434062335}",0.057521870520809544,0.10510103174140852,0.1351901294235325,0.09123105285176093,0.08536934159353612,0.015997272018387142,0.08197384818844491,0.040718664761549436,0.03985077948067273,0.024053857597375723,0.04578227308321918,-0.008374707434345338,0.012298020408362599,0.0766219672947126,0.030979016717784028,0.0478501471720195,0.028422624524863237,0.039827731349854324,0.039900505163526584,0.019069559434062335,False,ac7d60ba5aaa5382
-2.6103125968668275,22.44095323958889,0.9055138665159511,0.9973676975945017,0.0026323024054982816,0.0,0.5853526633438304,0.22140051072444913,0.04770606195548817,0.8372896947336514,0.39689844006652647,0.11904761904761904,0.050971810284603694,"Mul(Add(1,Mean(If(Less($open,Ref($close,1)),Sub(Div(Ref($close,1),$open),1),0),5)),Mul(Add(1,Div(Count(Greater($volume,Mean($volume,20)),5),5)),Mul(Mul(Add(1,Div(Count(Less($close,Ref($close,1)),10),10)),Div(Ref($low,1),$close)),Sub(1,Slope(Log($close),10)))))","Ref($low, 1) / $close * (1 + Count(Less($close, Ref($close, 1)), 10) / 10) * (1 - Slope(Log($close), 10)) * (1 + Count(Greater($volume, Mean($volume, 20)), 5) / 5) * (1 + Mean(If(Less($open, Ref($close, 1)), Ref($close, 1) / $open - 1, 0), 5))",21,0.050971810284603694,-0.006177370641185063,2018Q4,"{""2016Q1"":0.05730701328495134,""2016Q2"":0.10472871592855637,""2016Q3"":0.1368263865628653,""2016Q4"":0.09218163672032345,""2017Q1"":0.08480830771974111,""2017Q2"":0.013744344881696348,""2017Q3"":0.08111276291895167,""2017Q4"":0.03874447314940518,""2018Q1"":0.04150951836794852,""2018Q2"":0.025444925175155033,""2018Q3"":0.04515023024288778,""2018Q4"":-0.006177370641185063,""2019Q1"":0.012349243946369194,""2019Q2"":0.07841264536426923,""2019Q3"":0.02792769153868988,""2019Q4"":0.048653519094163364,""2020Q1"":0.023885785376205955,""2020Q2"":0.04172226964961838,""2020Q3"":0.04377321550022819,""2020Q4"":0.018346367575167586}",0.05730701328495134,0.10472871592855637,0.1368263865628653,0.09218163672032345,0.08480830771974111,0.013744344881696348,0.08111276291895167,0.03874447314940518,0.04150951836794852,0.025444925175155033,0.04515023024288778,-0.006177370641185063,0.012349243946369194,0.07841264536426923,0.02792769153868988,0.048653519094163364,0.023885785376205955,0.04172226964961838,0.04377321550022819,0.018346367575167586,False,ac7d60ba5aaa5382
-2.0768311540478033,11.53229144737249,1.067221071602174,0.9973676975945017,0.0026323024054982816,0.0,0.6727949706516323,0.42012356610961704,0.26086441691450035,0.8333995301455166,0.3698459472126955,0.07142857142857142,0.051611322253291514,"Mul(Add(1,Div(Sum(If(Less($close,Ref($close,1)),$volume,0),10),Add(1e-12,Sum($volume,10)))),Div(Mul(Mul(Add(1,Div(Count(Less($close,Ref($close,1)),10),10)),Div(Ref($low,1),$close)),Sub(1,Slope(Log($close),10))),Add(1,Mean(Log(Div($high,$low)),20))))","Ref($low, 1) / $close * (1 + Count(Less($close, Ref($close, 1)), 10) / 10) * (1 - Slope(Log($close), 10)) / (1 + Mean(Log($high / $low), 20)) * (1 + Sum(If(Less($close, Ref($close, 1)), $volume, 0), 10) / (Sum($volume, 10) + 1e-12))",22,0.051611322253291514,0.001964412173947307,2018Q4,"{""2016Q1"":0.04315701446745918,""2016Q2"":0.09566234191269395,""2016Q3"":0.14294581051547736,""2016Q4"":0.10422565747453864,""2017Q1"":0.07685803099840682,""2017Q2"":0.020537028375021114,""2017Q3"":0.07860750472036966,""2017Q4"":0.03158266865458819,""2018Q1"":0.04233631727461217,""2018Q2"":0.01686862125033862,""2018Q3"":0.06733567676191819,""2018Q4"":0.001964412173947307,""2019Q1"":0.013556246645302616,""2019Q2"":0.08842947330613946,""2019Q3"":0.03842454625292333,""2019Q4"":0.03907088746175571,""2020Q1"":0.030332641060526404,""2020Q2"":0.02028475494220359,""2020Q3"":0.0464140931202744,""2020Q4"":0.021976795153704765}",0.04315701446745918,0.09566234191269395,0.14294581051547736,0.10422565747453864,0.07685803099840682,0.020537028375021114,0.07860750472036966,0.03158266865458819,0.04233631727461217,0.01686862125033862,0.06733567676191819,0.001964412173947307,0.013556246645302616,0.08842947330613946,0.03842454625292333,0.03907088746175571,0.030332641060526404,0.02028475494220359,0.0464140931202744,0.021976795153704765,False,ac7d60ba5aaa5382
1.1835224326612717,3.21707444541718,1.1704116682497518,0.9973676975945017,0.0026323024054982816,0.0,0.913068850492637,0.26057926499564305,-0.11633190650147114,0.3687051281133118,0.14840456091899537,0.0,-0.017276859448746563,"Mul(Add(1,Div(Sub(Mean($volume,5),Mean($volume,20)),Add(1e-12,Mean($volume,20)))),Mul(Mul(Add(1,Div(Count(Less($close,Ref($close,1)),10),10)),Div(Ref($low,1),$close)),Sub(1,Slope(Log($close),10))))","Ref($low, 1) / $close * (1 + Count(Less($close, Ref($close, 1)), 10) / 10) * (1 - Slope(Log($close), 10)) * (1 + (Mean($volume, 5) - Mean($volume, 20)) / (Mean($volume, 20) + 1e-12))",22,-0.017276859448746563,-0.05278351539671054,2016Q1,"{""2016Q1"":-0.05278351539671054,""2016Q2"":-0.02005258113401698,""2016Q3"":-0.04175396418970409,""2016Q4"":-0.02074613337385174,""2017Q1"":-0.03356187872271078,""2017Q2"":-0.0374962106709228,""2017Q3"":-0.01789388361325362,""2017Q4"":0.001764365750070846,""2018Q1"":-0.007320072020804688,""2018Q2"":-0.0020447637385799357,""2018Q3"":0.013447143943860264,""2018Q4"":-0.006472221457832504,""2019Q1"":-0.02194536808715379,""2019Q2"":-0.02121666352535363,""2019Q3"":-0.012921699870312959,""2019Q4"":-0.012831309602751294,""2020Q1"":-0.00024509156882422634,""2020Q2"":-0.046094395794453485,""2020Q3"":-0.016692115457418097,""2020Q4"":0.010675196944887489}",-0.05278351539671054,-0.02005258113401698,-0.04175396418970409,-0.02074613337385174,-0.03356187872271078,-0.0374962106709228,-0.01789388361325362,0.001764365750070846,-0.007320072020804688,-0.0020447637385799357,0.013447143943860264,-0.006472221457832504,-0.02194536808715379,-0.02121666352535363,-0.012921699870312959,-0.012831309602751294,-0.00024509156882422634,-0.046094395794453485,-0.016692115457418097,0.010675196944887489,False,ac7d60ba5aaa5382
-4.030276568904353,42.75756592794987,0.8439474120188964,0.9973676975945017,0.0026323024054982816,0.0,0.5935803235822145,0.22271833702625965,0.0460965042523714,0.7882100899959068,0.3660689657944178,0.047619047619047616,0.052238315137865275,"Mul(Add(1,Div(Count(Greater($close,$open),5),5)),Mul(Add(1,Div(Count(Less($open,Ref($close,1)),5),5)),Mul(Add(1,Div(Count(Greater($volume,Mean($volume,20)),5),5)),Mul(Mul(Add(1,Div(Count(Less($close,Ref($close,1)),10),10)),Div(Ref($low,1),$close)),Sub(1,Slope(Log($close),10))))))","Ref($low, 1) / $close * (1 + Count(Less($close, Ref($close, 1)), 10) / 10) * (1 - Slope(Log($close), 10)) * (1 + Count(Greater($volume, Mean($volume, 20)), 5) / 5) * (1 + Count(Less($open, Ref($close, 1)), 5) / 5) * (1 + Count(Greater($close, $open), 5) / 5)",22,0.052238315137865275,-0.008433392950718991,2018Q4,"{""2016Q1"":0.05248856102455376,""2016Q2"":0.10629315648408649,""2016Q3"":0.13957260569705932,""2016Q4"":0.09443024111088416,""2017Q1"":0.0855617988125809,""2017Q2"":0.019235790545217932,""2017Q3"":0.08343471970019156,""2017Q4"":0.04294670988272744,""2018Q1"":0.041905906120252315,""2018Q2"":0.024301083143932527,""2018Q3"":0.050286179984191014,""2018Q4"":-0.008433392950718991,""2019Q1"":0.016858652060306116,""2019Q2"":0.08113333523276337,""2019Q3"":0.030672094303453558,""2019Q4"":0.04834945910636486,""2020Q1"":0.023408241731368965,""2020Q2"":0.042044011256229065,""2020Q3"":0.04253652426473734,""2020Q4"":0.018326787032898965}",0.05248856102455376,0.10629315648408649,0.13957260569705932,0.09443024111088416,0.0855617988125809,0.019235790545217932,0.08343471970019156,0.04294670988272744,0.041905906120252315,0.024301083143932527,0.050286179984191014,-0.008433392950718991,0.016858652060306116,0.08113333523276337,0.030672094303453558,0.04834945910636486,0.023408241731368965,0.042044011256229065,0.04253652426473734,0.018326787032898965,False,ac7d60ba5aaa5382
-0.7910865510743953,4.415382039273848,1.021146148447969,0.9973676975945017,0.0026323024054982816,0.0,0.7338883235630648,0.08441341671219607,0.012735662614647912,0.9340752418451942,0.4641573157883918,0.2857142857142857,0.050291177938984154,"Mul(Add(1,Sum(If(Less($close,Ref($close,1)),Div(Sub(Ref($close,1),$close),$close),0),5)),Mul(Mul(Add(1,Div(Count(Less($close,Ref($close,1)),10),10)),Div(Ref($low,1),$close)),Sub(1,Slope(Log($close),10))))","Ref($low, 1) / $close * (1 + Count(Less($close, Ref($close, 1)), 10) / 10) * (1 - Slope(Log($close), 10)) * (1 + Sum(If(Less($close, Ref($close, 1)), (Ref($close, 1) - $close) / $close, 0), 5))",23,0.050291177938984154,-0.003649515117854712,2018Q4,"{""2016Q1"":0.05699761248800852,""2016Q2"":0.10805654281426173,""2016Q3"":0.12333855799103854,""2016Q4"":0.07695348287746433,""2017Q1"":0.08260062150553099,""2017Q2"":0.031726411788387476,""2017Q3"":0.07483438619860827,""2017Q4"":0.03305948244774684,""2018Q1"":0.06118368143201559,""2018Q2"":0.03336294488650038,""2018Q3"":0.04254480206214877,""2018Q4"":-0.003649515117854712,""2019Q1"":0.02973532932059604,""2019Q2"":0.07412602233621793,""2019Q3"":0.018121535716833666,""2019Q4"":0.045978742189913636,""2020Q1"":0.004767660375139205,""2020Q2"":0.04218933913564726,""2020Q3"":0.05712198647747215,""2020Q4"":0.0044481334234110735}",0.05699761248800852,0.10805654281426173,0.12333855799103854,0.07695348287746433,0.08260062150553099,0.031726411788387476,0.07483438619860827,0.03305948244774684,0.06118368143201559,0.03336294488650038,0.04254480206214877,-0.003649515117854712,0.02973532932059604,0.07412602233621793,0.018121535716833666,0.045978742189913636,0.004767660375139205,0.04218933913564726,0.05712198647747215,0.0044481334234110735,False,ac7d60ba5aaa5382
-0.11158100037363351,-0.5414201195801573,1.5525777681980928,0.9978075601374571,0.0021924398625429555,0.0,0.9729393748499802,0.8937735007367932,0.6863235927044172,0.41924566097276134,0.18543769055226664,0.0,0.009080824494320327,"Mul(Add(1,Div(Count(Greater($close,$open),5),5)),Mul(Add(1,Div(Count(Greater($volume,Mean($volume,20)),5),5)),Mul(Add(1,Div(Count(Less($close,Ref($close,1)),10),10)),Div(Sub(Max($high,120),$close),Add(1e-12,Sub(Max($high,120),Min($low,120)))))))","(Max($high, 120) - $close) / (Max($high, 120) - Min($low, 120) + 1e-12) * (1 + Count(Less($close, Ref($close, 1)), 10) / 10) * (1 + Count(Greater($volume, Mean($volume, 20)), 5) / 5) * (1 + Count(Greater($close, $open), 5) / 5)",23,0.009080824494320327,-0.039085492248697486,2020Q4,"{""2016Q1"":0.07767168153010522,""2016Q2"":0.03138936812740486,""2016Q3"":0.04214058182716325,""2016Q4"":0.02109265795380803,""2017Q1"":0.006241489352989043,""2017Q2"":-0.022314404935137602,""2017Q3"":0.0333506273612684,""2017Q4"":-0.021407213872226886,""2018Q1"":0.013182322659077178,""2018Q2"":-0.02091545249079532,""2018Q3"":0.0042161583805036046,""2018Q4"":0.008579157843208998,""2019Q1"":0.026110595398261275,""2019Q2"":0.007805604547169284,""2019Q3"":0.010818510307135301,""2019Q4"":-0.006521886711752947,""2020Q1"":0.013446851327388131,""2020Q2"":-0.020067821342470725,""2020Q3"":0.0112896050726468,""2020Q4"":-0.039085492248697486}",0.07767168153010522,0.03138936812740486,0.04214058182716325,0.02109265795380803,0.006241489352989043,-0.022314404935137602,0.0333506273612684,-0.021407213872226886,0.013182322659077178,-0.02091545249079532,0.0042161583805036046,0.008579157843208998,0.026110595398261275,0.007805604547169284,0.010818510307135301,-0.006521886711752947,0.013446851327388131,-0.020067821342470725,0.0112896050726468,-0.039085492248697486,False,ac7d60ba5aaa5382
-2.269644376504212,15.061913336745793,1.0621712027580832,0.9973676975945017,0.0026323024054982816,0.0,0.6635904735630525,0.4053457324873739,0.2590443897880735,0.8306024217788147,0.36896657368738567,0.07142857142857142,0.05145123309584886,"Mul(Add(1,Div(Count(Greater($volume,Mean($volume,20)),5),5)),Mul(Add(1,Div(Sum(If(Less($close,Ref($close,1)),$volume,0),10),Add(1e-12,Sum($volume,10)))),Div(Mul(Mul(Add(1,Div(Count(Less($close,$open),10),10)),Div(Ref($low,1),$close)),Sub(1,Slope(Log($close),10))),Add(1,Mean(Log(Div($high,$low)),20)))))","(Ref($low, 1) / $close) * (1 + Count(Less($close, $open), 10) / 10) * (1 - Slope(Log($close), 10)) / (1 + Mean(Log($high / $low), 20)) * (1 + Sum(If(Less($close, Ref($close, 1)), $volume, 0), 10) / (Sum($volume, 10) + 1e-12)) * (1 + Count(Greater($volume, Mean($volume, 20)), 5) / 5)",23,0.05145123309584886,0.0011376009047922124,2018Q4,"{""2016Q1"":0.04233131399312128,""2016Q2"":0.09544439685748597,""2016Q3"":0.1424820821337439,""2016Q4"":0.1045038194031063,""2017Q1"":0.07715917306196647,""2017Q2"":0.02112415131295605,""2017Q3"":0.07812842918915873,""2017Q4"":0.03194395784636828,""2018Q1"":0.04169917829773156,""2018Q2"":0.016723554329310008,""2018Q3"":0.06740576253629714,""2018Q4"":0.0011376009047922124,""2019Q1"":0.0130177888056633,""2019Q2"":0.08715394135834137,""2019Q3"":0.03870525733805178,""2019Q4"":0.03895815620219806,""2020Q1"":0.03045052707572996,""2020Q2"":0.02041450788227797,""2020Q3"":0.046410994986840426,""2020Q4"":0.022154763868012333}",0.04233131399312128,0.09544439685748597,0.1424820821337439,0.1045038194031063,0.07715917306196647,0.02112415131295605,0.07812842918915873,0.03194395784636828,0.04169917829773156,0.016723554329310008,0.06740576253629714,0.0011376009047922124,0.0130177888056633,0.08715394135834137,0.03870525733805178,0.03895815620219806,0.03045052707572996,0.02041450788227797,0.046410994986840426,0.022154763868012333,False,ac7d60ba5aaa5382
-0.025302651217402786,-0.027531577378419967,1.3632365243433544,0.9973676975945017,0.0026323024054982816,0.0,0.7870444792672097,0.00016676090563654637,0.01907673660083827,0.7421983408095721,0.3422819646539882,0.07142857142857142,-0.03298317141972198,"Mul(Add(1,Mean(Div(Sub($close,$open),Add(1e-12,Sub($high,$low))),5)),Mul(Add(1,Div(Count(Greater($volume,Mean($volume,20)),5),5)),Mul(Mul(Add(1,Div(Count(Less($close,Ref($close,1)),10),10)),Div(Ref($low,1),$close)),Sub(1,Slope(Log($close),10)))))","Ref($low, 1) / $close * (1 + Count(Less($close, Ref($close, 1)), 10) / 10) * (1 - Slope(Log($close), 10)) * (1 + Count(Greater($volume, Mean($volume, 20)), 5) / 5) * (1 + Mean(($close - $open) / ($high - $low + 1e-12), 5))",24,-0.03298317141972198,-0.06150214130378468,2016Q3,"{""2016Q1"":-0.004837304464664789,""2016Q2"":-0.06010169444750592,""2016Q3"":-0.06150214130378468,""2016Q4"":-0.035239288482014706,""2017Q1"":-0.05254714473328111,""2017Q2"":-0.04707685315689582,""2017Q3"":-0.05472204841632478,""2017Q4"":-0.02978787036469053,""2018Q1"":-0.0549986108529129,""2018Q2"":-0.028977072213116628,""2018Q3"":-0.036392379459738465,""2018Q4"":0.007575755880019542,""2019Q1"":-0.04281246693321836,""2019Q2"":-0.04963017113434969,""2019Q3"":-0.008673103655333024,""2019Q4"":-0.031179882497705903,""2020Q1"":0.01132572145361784,""2020Q2"":-0.03957698999423342,""2020Q3"":-0.04601553381036917,""2020Q4"":0.011441437086616234}",-0.004837304464664789,-0.06010169444750592,-0.06150214130378468,-0.035239288482014706,-0.05254714473328111,-0.04707685315689582,-0.05472204841632478,-0.02978787036469053,-0.0549986108529129,-0.028977072213116628,-0.036392379459738465,0.007575755880019542,-0.04281246693321836,-0.04963017113434969,-0.008673103655333024,-0.031179882497705903,0.01132572145361784,-0.03957698999423342,-0.04601553381036917,0.011441437086616234,False,ac7d60ba5aaa5382
-2.948523873451215,24.29412529137968,1.0139770600289872,0.9973676975945017,0.0026323024054982816,0.0,0.6772711979648848,0.40177594851637655,0.23822777030778614,0.7909755760582697,0.35099028209472743,0.07142857142857142,0.05163326420509897,"Mul(Add(1,Div(Count(Greater($close,$open),5),5)),Mul(Add(1,Div(Count(Greater($volume,Mean($volume,20)),5),5)),Div(Mul(Mul(Add(1,Div(Count(Less($close,Ref($low,1)),10),10)),Div(Ref($low,1),$close)),Sub(1,Slope(Log($close),10))),Add(1,Mean(Log(Div($high,$low)),20)))))","Ref($low, 1) / $close * (1 + Count(Less($close, Ref($low, 1)), 10) / 10) * (1 - Slope(Log($close), 10)) / (1 + Mean(Log($high / $low), 20)) * (1 + Count(Greater($volume, Mean($volume, 20)), 5) / 5) * (1 + Count(Greater($close, $open), 5) / 5)",24,0.05163326420509897,0.0019650726706704116,2018Q4,"{""2016Q1"":0.043114708431976116,""2016Q2"":0.09567760599594656,""2016Q3"":0.14296072892496367,""2016Q4"":0.10422436474678771,""2017Q1"":0.07685469024134241,""2017Q2"":0.020558209231471326,""2017Q3"":0.07861147815009183,""2017Q4"":0.03157609639720136,""2018Q1"":0.04230495235208048,""2018Q2"":0.016815391767671568,""2018Q3"":0.06733567676191819,""2018Q4"":0.0019650726706704116,""2019Q1"":0.013887283629575036,""2019Q2"":0.08861279088522243,""2019Q3"":0.03842176757709252,""2019Q4"":0.039064648145318154,""2020Q1"":0.03033205675004413,""2020Q2"":0.02029175632887376,""2020Q3"":0.04642127652396694,""2020Q4"":0.021993085622628826}",0.043114708431976116,0.09567760599594656,0.14296072892496367,0.10422436474678771,0.07685469024134241,0.020558209231471326,0.07861147815009183,0.03157609639720136,0.04230495235208048,0.016815391767671568,0.06733567676191819,0.0019650726706704116,0.013887283629575036,0.08861279088522243,0.03842176757709252,0.039064648145318154,0.03033205675004413,0.02029175632887376,0.04642127652396694,0.021993085622628826,False,ac7d60ba5aaa5382
-1.207416371749356,4.066922311097352,1.0839615515693315,0.9973676975945017,0.0026323024054982816,0.0,0.9492506751080311,0.8607858138322342,0.6761734319985694,0.5315867700795807,0.22427346721081823,0.0,0.02067652451300593,"Mul(Add(1,Div(Sub(Mean($close,120),$close),Add(1e-12,Mean($close,120)))),Mul(Add(1,Div(Count(Greater($close,$open),5),5)),Mul(Add(1,Div(Count(Less($open,Ref($close,1)),5),5)),Mul(Add(1,Div(Count(Greater($volume,Mean($volume,20)),5),5)),Mul(Mul(Add(1,Div(Count(Less($close,Ref($close,1)),10),10)),Div(Ref($low,1),$close)),Sub(1,Slope(Log($close),10)))))))","Ref($low, 1) / $close * (1 + Count(Less($close, Ref($close, 1)), 10) / 10) * (1 - Slope(Log($close), 10)) * (1 + Count(Greater($volume, Mean($volume, 20)), 5) / 5) * (1 + Count(Less($open, Ref($close, 1)), 5) / 5) * (1 + Count(Greater($close, $open), 5) / 5) * (1 + (Mean($close, 120) - $close) / (Mean($close, 120) + 1e-12))",24,0.02067652451300593,-0.029370277866735954,2020Q4,"{""2016Q1"":0.08258561936204516,""2016Q2"":0.05669711749731935,""2016Q3"":0.07389367140392361,""2016Q4"":0.044239172192656114,""2017Q1"":0.01247163450087603,""2017Q2"":-0.024796310677854188,""2017Q3"":0.04446608023714222,""2017Q4"":-0.007706944923409397,""2018Q1"":0.02975737463937986,""2018Q2"":-0.01227735176732822,""2018Q3"":-0.0024638552091258113,""2018Q4"":0.010025911582630033,""2019Q1"":0.033800248779076274,""2019Q2"":0.033219604898438025,""2019Q3"":0.022250298431793974,""2019Q4"":0.001012972287864034,""2020Q1"":0.022881604115511035,""2020Q2"":-0.0075499061463889785,""2020Q3"":0.024989858061348166,""2020Q4"":-0.029370277866735954}",0.08258561936204516,0.05669711749731935,0.07389367140392361,0.044239172192656114,0.01247163450087603,-0.024796310677854188,0.04446608023714222,-0.007706944923409397,0.02975737463937986,-0.01227735176732822,-0.0024638552091258113,0.010025911582630033,0.033800248779076274,0.033219604898438025,0.022250298431793974,0.001012972287864034,0.022881604115511035,-0.0075499061463889785,0.024989858061348166,-0.029370277866735954,False,ac7d60ba5aaa5382
-3.593395866391927,34.17231972313936,0.9755719239568009,0.9973676975945017,0.0026323024054982816,0.0,0.6850870261527157,0.38286027478991885,0.22149795775923506,0.7604649555897808,0.33736686139159666,0.047619047619047616,0.051637848508703454,"Mul(Add(1,Div(Count(Greater($close,$open),5),5)),Mul(Add(1,Div(Count(Less($open,Ref($close,1)),5),5)),Mul(Add(1,Div(Count(Greater($volume,Quantile($volume,60,0.8)),5),5)),Div(Mul(Mul(Add(1,Div(Count(Less($close,Ref($close,1)),10),10)),Div(Ref($low,1),$close)),Sub(1,Slope(Log($close),10))),Add(1,Mean(Log(Div($high,$low)),20))))))","Ref($low, 1) / $close * (1 + Count(Less($close, Ref($close, 1)), 10) / 10) * (1 - Slope(Log($close), 10)) / (1 + Mean(Log($high / $low), 20)) * (1 + Count(Greater($volume, Quantile($volume, 60, 0.8)), 5) / 5) * (1 + Count(Less($open, Ref($close, 1)), 5) / 5) * (1 + Count(Greater($close, $open), 5) / 5)",25,0.051637848508703454,0.001966368503666015,2018Q4,"{""2016Q1"":0.04314364218496244,""2016Q2"":0.09568449033460945,""2016Q3"":0.14295677099365614,""2016Q4"":0.10422132741899388,""2017Q1"":0.07685469024134241,""2017Q2"":0.020563938420696135,""2017Q3"":0.07862771462053603,""2017Q4"":0.031566247200072825,""2018Q1"":0.04230244852645425,""2018Q2"":0.0168192449969545,""2018Q3"":0.06733567676191819,""2018Q4"":0.001966368503666015,""2019Q1"":0.013864723904747987,""2019Q2"":0.0886833703518914,""2019Q3"":0.03841926481175507,""2019Q4"":0.03906065485328478,""2020Q1"":0.03033205675004413,""2020Q2"":0.020289892076396827,""2020Q3"":0.04643118092532435,""2020Q4"":0.021990497747588558}",0.04314364218496244,0.09568449033460945,0.14295677099365614,0.10422132741899388,0.07685469024134241,0.020563938420696135,0.07862771462053603,0.031566247200072825,0.04230244852645425,0.0168192449969545,0.06733567676191819,0.001966368503666015,0.013864723904747987,0.0886833703518914,0.03841926481175507,0.03906065485328478,0.03033205675004413,0.020289892076396827,0.04643118092532435,0.021990497747588558,False,ac7d60ba5aaa5382
-3.593395866391927,34.17231972313936,0.9755719239568009,0.9973676975945017,0.0026323024054982816,0.0,0.6850870261527157,0.38286027478991885,0.22149795775923506,0.7604649555897808,0.33736686139159666,0.047619047619047616,0.051637848508703454,"Mul(Add(1,Div(Count(Greater($close,$open),5),5)),Mul(Add(1,Div(Count(Less($open,Ref($close,1)),5),5)),Mul(Add(1,Div(Count(Greater($volume,Mean($volume,20)),5),5)),Div(Mul(Mul(Add(1,Div(Count(Less($close,Ref($close,1)),10),10)),Div(Ref($low,1),$close)),Sub(1,Slope(Log($close),10))),Add(1,Mean(Log(Div($high,$low)),20))))))","Ref($low, 1) / $close * (1 + Count(Less($close, Ref($close, 1)), 10) / 10) * (1 - Slope(Log($close), 10)) / (1 + Mean(Log($high / $low), 20)) * (1 + Count(Greater($volume, Mean($volume, 20)), 5) / 5) * (1 + Count(Less($open, Ref($close, 1)), 5) / 5) * (1 + Count(Greater($close, $open), 5) / 5)",25,0.051637848508703454,0.001966368503666015,2018Q4,"{""2016Q1"":0.04314364218496244,""2016Q2"":0.09568449033460945,""2016Q3"":0.14295677099365614,""2016Q4"":0.10422132741899388,""2017Q1"":0.07685469024134241,""2017Q2"":0.020563938420696135,""2017Q3"":0.07862771462053603,""2017Q4"":0.031566247200072825,""2018Q1"":0.04230244852645425,""2018Q2"":0.0168192449969545,""2018Q3"":0.06733567676191819,""2018Q4"":0.001966368503666015,""2019Q1"":0.013864723904747987,""2019Q2"":0.0886833703518914,""2019Q3"":0.03841926481175507,""2019Q4"":0.03906065485328478,""2020Q1"":0.03033205675004413,""2020Q2"":0.020289892076396827,""2020Q3"":0.04643118092532435,""2020Q4"":0.021990497747588558}",0.04314364218496244,0.09568449033460945,0.14295677099365614,0.10422132741899388,0.07685469024134241,0.020563938420696135,0.07862771462053603,0.031566247200072825,0.04230244852645425,0.0168192449969545,0.06733567676191819,0.001966368503666015,0.013864723904747987,0.0886833703518914,0.03841926481175507,0.03906065485328478,0.03033205675004413,0.020289892076396827,0.04643118092532435,0.021990497747588558,False,ac7d60ba5aaa5382
-2.413242765041717,17.335845560829576,1.034954896108501,0.9973676975945017,0.0026323024054982816,0.0,0.6790624518863573,0.39162166029072687,0.2350781717394024,0.8076487478172829,0.36569252676178016,0.07142857142857142,0.051218717631373034,"Mul(Add(1,Div(Count(Greater($volume,Mean($volume,20)),5),5)),Mul(Add(1,Div(Sum(If(Less($open,Ref($close,1)),Log(Div(Ref($close,1),$open)),0),5),5)),Div(Mul(Mul(Add(1,Div(Count(Less($close,Ref($close,1)),10),10)),Div(Ref($low,1),$close)),Sub(1,Slope(Log($close),10))),Add(1,Mean(Log(Div($high,$low)),20)))))","Ref($low, 1) / $close * (1 + Count(Less($close, Ref($close, 1)), 10) / 10) * (1 - Slope(Log($close), 10)) / (1 + Mean(Log($high / $low), 20)) * (1 + Sum(If(Less($open, Ref($close, 1)), Log(Ref($close, 1) / $open), 0), 5) / 5) * (1 + Count(Greater($volume, Mean($volume, 20)), 5) / 5)",25,0.051218717631373034,0.001966219174021786,2018Q4,"{""2016Q1"":0.04597954187452445,""2016Q2"":0.09499573174485108,""2016Q3"":0.14247306857457864,""2016Q4"":0.1042598873363716,""2017Q1"":0.07785049921287931,""2017Q2"":0.01696268754484923,""2017Q3"":0.07755514616434987,""2017Q4"":0.02915268389988208,""2018Q1"":0.0431295228146107,""2018Q2"":0.018120393154451506,""2018Q3"":0.06310758917496746,""2018Q4"":0.001966219174021786,""2019Q1"":0.010833484247337493,""2019Q2"":0.08788708192582345,""2019Q3"":0.037540556880813404,""2019Q4"":0.03962690394462585,""2020Q1"":0.03089882847663701,""2020Q2"":0.020643793744979037,""2020Q3"":0.04791048441711215,""2020Q4"":0.022060270275317866}",0.04597954187452445,0.09499573174485108,0.14247306857457864,0.1042598873363716,0.07785049921287931,0.01696268754484923,0.07755514616434987,0.02915268389988208,0.0431295228146107,0.018120393154451506,0.06310758917496746,0.001966219174021786,0.010833484247337493,0.08788708192582345,0.037540556880813404,0.03962690394462585,0.03089882847663701,0.020643793744979037,0.04791048441711215,0.022060270275317866,False,ac7d60ba5aaa5382
-2.544296995519776,18.158697986440632,1.0378107702980885,0.9973676975945017,0.0026323024054982816,0.0,0.6757702996020327,0.41164853565092513,0.24851666132086123,0.8098316031745636,0.3593738576497322,0.07142857142857142,0.051632274918932956,"Mul(Add(1,Div(Sum(If(Less($close,Ref($close,1)),$volume,0),10),Add(1e-12,Sum(If(Greater($close,Ref($close,1)),$volume,0),10)))),Mul(Add(1,Div(Count(Greater($volume,Mean($volume,20)),5),5)),Div(Mul(Mul(Add(1,Div(Count(Less($close,Ref($close,1)),10),10)),Div(Ref($low,1),$close)),Sub(1,Slope(Log($close),10))),Add(1,Mean(Log(Div($high,$low)),20)))))","(Ref($low, 1) / $close) * (1 + Count(Less($close, Ref($close, 1)), 10) / 10) * (1 - Slope(Log($close), 10)) / (1 + Mean(Log($high / $low), 20)) * (1 + Count(Greater($volume, Mean($volume, 20)), 5) / 5) * (1 + Sum(If(Less($close, Ref($close, 1)), $volume, 0), 10) / (Sum(If(Greater($close, Ref($close, 1)), $volume, 0), 10) + 1e-12))",26,0.051632274918932956,0.0019655212773090195,2018Q4,"{""2016Q1"":0.043117197744555386,""2016Q2"":0.09569427016685143,""2016Q3"":0.14295556359859177,""2016Q4"":0.10422344940905841,""2017Q1"":0.07685406763111158,""2017Q2"":0.020558374251792258,""2017Q3"":0.078602974504853,""2017Q4"":0.03157734920004918,""2018Q1"":0.04230259481163303,""2018Q2"":0.016813278400240075,""2018Q3"":0.06733567676191819,""2018Q4"":0.0019655212773090195,""2019Q1"":0.01387138936800161,""2019Q2"":0.08860786220945298,""2019Q3"":0.03842176757709252,""2019Q4"":0.039064578845454424,""2020Q1"":0.03033205675004413,""2020Q2"":0.02029146252899145,""2020Q3"":0.04642127652396694,""2020Q4"":0.02199311452946452}",0.043117197744555386,0.09569427016685143,0.14295556359859177,0.10422344940905841,0.07685406763111158,0.020558374251792258,0.078602974504853,0.03157734920004918,0.04230259481163303,0.016813278400240075,0.06733567676191819,0.0019655212773090195,0.01387138936800161,0.08860786220945298,0.03842176757709252,0.039064578845454424,0.03033205675004413,0.02029146252899145,0.04642127652396694,0.02199311452946452,False,ac7d60ba5aaa5382
-0.011345481331270434,0.02872581254898537,1.352319234375284,0.9973676975945017,0.0026323024054982816,0.0,0.866992290755562,0.4568024519645474,-0.007166948050994524,0.6560222348229252,0.32146770713837625,0.0,0.026978627013169904,"Mul(Add(1,Div(Sum(If(Less($close,Ref($close,1)),Div(Sub(Ref($close,1),$close),$close),0),10),Add(1e-12,Sum(Abs(Sub(Div($close,Ref($close,1)),1)),10)))),Mul(Add(1,Div(Count(Greater($volume,Mean($volume,20)),5),5)),Div(Mul(Mul(Add(1,Div(Count(Less($close,Ref($close,1)),10),10)),Div(Ref($low,1),$close)),Sub(1,Slope(Log($close),10))),Add(1,Mean(Log(Div($high,$low)),20)))))","Ref($low, 1) / $close * (1 + Count(Less($close, Ref($close, 1)), 10) / 10) * (1 - Slope(Log($close), 10)) / (1 + Mean(Log($high / $low), 20)) * (1 + Count(Greater($volume, Mean($volume, 20)), 5) / 5) * (1 + Sum(If(Less($close, Ref($close, 1)), (Ref($close, 1) - $close) / $close, 0), 10) / (Sum(Abs($close / Ref($close, 1) - 1), 10) + 1e-12))",26,0.026978627013169904,-0.013251397803911087,2018Q4,"{""2016Q1"":0.05482062372272469,""2016Q2"":0.05736580910563158,""2016Q3"":0.07328973415901899,""2016Q4"":0.04687397783308946,""2017Q1"":0.04961964134319664,""2017Q2"":0.02544741407837577,""2017Q3"":0.05230939641568621,""2017Q4"":0.0031400389344674894,""2018Q1"":-0.0030987920892822166,""2018Q2"":0.008697873881751339,""2018Q3"":0.012541460908628009,""2018Q4"":-0.013251397803911087,""2019Q1"":0.024020712913374372,""2019Q2"":0.028980884272142116,""2019Q3"":0.022645909347120696,""2019Q4"":0.014821228709604832,""2020Q1"":0.025870014944884417,""2020Q2"":0.021694837485524605,""2020Q3"":0.033778932484812486,""2020Q4"":-0.0058315821797563895}",0.05482062372272469,0.05736580910563158,0.07328973415901899,0.04687397783308946,0.04961964134319664,0.02544741407837577,0.05230939641568621,0.0031400389344674894,-0.0030987920892822166,0.008697873881751339,0.012541460908628009,-0.013251397803911087,0.024020712913374372,0.028980884272142116,0.022645909347120696,0.014821228709604832,0.025870014944884417,0.021694837485524605,0.033778932484812486,-0.0058315821797563895,False,ac7d60ba5aaa5382
-0.09032170305799184,-0.014707131934033684,1.471951505276896,0.9977044673539519,0.00229553264604811,0.0,0.8741370263232621,0.5427731134544415,-0.007939619583099121,0.6527186800244913,0.34126829984959023,0.0,0.02860412097043424,"Mul(Add(1,Div(Count(Greater($volume,Mean($volume,20)),5),5)),Mul(Mul(Add(1,Div(Count(Less($close,Ref($close,1)),10),10)),Div(Sub(Max($high,20),$close),Add(1e-12,Sub(Max($high,20),Min($low,20))))),Sub(1,Slope(Log($high),10))))","(Max($high, 20) - $close) / (Max($high, 20) - Min($low, 20) + 1e-12) * (1 + Count(Less($close, Ref($close, 1)), 10) / 10) * (1 - Slope(Log($high), 10)) * (1 + Count(Greater($volume, Mean($volume, 20)), 5) / 5)",26,0.02860412097043424,-0.013256751416225114,2018Q4,"{""2016Q1"":0.07155565193261564,""2016Q2"":0.07147412527226434,""2016Q3"":0.08026518246337959,""2016Q4"":0.048240092621795,""2017Q1"":0.045034535670129314,""2017Q2"":0.0099203375188265,""2017Q3"":0.059078786425825223,""2017Q4"":0.006331404387292283,""2018Q1"":0.017175993609864493,""2018Q2"":0.006856088897930149,""2018Q3"":0.022485353167464993,""2018Q4"":-0.013256751416225114,""2019Q1"":0.02823316050315345,""2019Q2"":0.03482660971856149,""2019Q3"":0.022500672926042603,""2019Q4"":0.01640311751882941,""2020Q1"":-0.0023187238627261687,""2020Q2"":0.014802316260365869,""2020Q3"":0.02656387636954799,""2020Q4"":-0.0009217460100940389}",0.07155565193261564,0.07147412527226434,0.08026518246337959,0.048240092621795,0.045034535670129314,0.0099203375188265,0.059078786425825223,0.006331404387292283,0.017175993609864493,0.006856088897930149,0.022485353167464993,-0.013256751416225114,0.02823316050315345,0.03482660971856149,0.022500672926042603,0.01640311751882941,-0.0023187238627261687,0.014802316260365869,0.02656387636954799,-0.0009217460100940389,False,ac7d60ba5aaa5382
0.6396077054226659,0.19339553782039845,1.3641389271264288,0.9973608247422681,0.0026391752577319587,0.0,0.9149861930390325,0.6620389370092085,0.000630163987294366,0.30054568884340754,0.14038742804612792,0.0,0.019540257468503904,"Mul(Mul(Add(1,Div(Count(Greater($close,$open),5),5)),Mul(Add(1,Div(Count(Less($open,Ref($close,1)),5),5)),Mul(Add(1,Div(Count(Greater($volume,Mean($volume,20)),5),5)),Mul(Mul(Add(1,Div(Count(Less($close,Ref($close,1)),10),10)),Div(Ref($low,1),$close)),Sub(1,Slope(Log($close),10)))))),Sub(1,Corr(Sub(Div($close,Ref($close,1)),1),$volume,20)))","Ref($low, 1) / $close * (1 + Count(Less($close, Ref($close, 1)), 10) / 10) * (1 - Slope(Log($close), 10)) * (1 + Count(Greater($volume, Mean($volume, 20)), 5) / 5) * (1 + Count(Less($open, Ref($close, 1)), 5) / 5) * (1 + Count(Greater($close, $open), 5) / 5) * (1 - Corr($close / Ref($close, 1) - 1, $volume, 20))",27,0.019540257468503904,-0.010869996471547847,2019Q4,"{""2016Q1"":0.030427241371565595,""2016Q2"":0.04990183592760644,""2016Q3"":0.05487664125521796,""2016Q4"":0.013550362269456485,""2017Q1"":0.04001696349115134,""2017Q2"":0.0141935541310077,""2017Q3"":0.03049125398743835,""2017Q4"":0.022239654903096897,""2018Q1"":0.023446664154682276,""2018Q2"":0.03183346295045476,""2018Q3"":-0.01034037784281392,""2018Q4"":0.00913475707209731,""2019Q1"":0.01732332667980988,""2019Q2"":0.043779615681753724,""2019Q3"":0.0033946223889295734,""2019Q4"":-0.010869996471547847,""2020Q1"":-0.00563602709137915,""2020Q2"":0.01349490325533465,""2020Q3"":0.02252936913046381,""2020Q4"":-0.004436873642750058}",0.030427241371565595,0.04990183592760644,0.05487664125521796,0.013550362269456485,0.04001696349115134,0.0141935541310077,0.03049125398743835,0.022239654903096897,0.023446664154682276,0.03183346295045476,-0.01034037784281392,0.00913475707209731,0.01732332667980988,0.043779615681753724,0.0033946223889295734,-0.010869996471547847,-0.00563602709137915,0.01349490325533465,0.02252936913046381,-0.004436873642750058,False,ac7d60ba5aaa5382
0.5057039395816967,0.11065825432317392,1.3567229243397212,0.9973608247422681,0.0026391752577319587,0.0,0.9167194521457216,0.6659962805419185,-0.005464598561786668,0.319966573809056,0.15503091675026623,0.0,0.02053909522694008,"Mul(Mul(Mul(Add(1,Div(Count(Less($close,Ref($close,1)),10),10)),Div(Ref($low,1),$close)),Sub(1,Slope(Log($close),10))),Sub(1,Corr(Delta(Log($close),1),Log($volume),20)))","Ref($low, 1) / $close * (1 + Count(Less($close, Ref($close, 1)), 10) / 10) * (1 - Slope(Log($close), 10)) * (1 - Corr(Delta(Log($close), 1), Log($volume), 20))",27,0.02053909522694008,-0.00912539720182074,2019Q4,"{""2016Q1"":0.033396312581489715,""2016Q2"":0.05229364600516312,""2016Q3"":0.058299800220983196,""2016Q4"":0.01307652037801349,""2017Q1"":0.04206070413202748,""2017Q2"":0.012521614140856263,""2017Q3"":0.03326060993396662,""2017Q4"":0.01766402277472325,""2018Q1"":0.024225389901907448,""2018Q2"":0.030189202649465726,""2018Q3"":-0.008145971881983731,""2018Q4"":0.011032912825381049,""2019Q1"":0.022937345083397495,""2019Q2"":0.0487442552547201,""2019Q3"":0.002993040652970281,""2019Q4"":-0.00912539720182074,""2020Q1"":-0.008302650708896759,""2020Q2"":0.013174950570975898,""2020Q3"":0.02366843335652874,""2020Q4"":-0.004953108853978864}",0.033396312581489715,0.05229364600516312,0.058299800220983196,0.01307652037801349,0.04206070413202748,0.012521614140856263,0.03326060993396662,0.01766402277472325,0.024225389901907448,0.030189202649465726,-0.008145971881983731,0.011032912825381049,0.022937345083397495,0.0487442552547201,0.002993040652970281,-0.00912539720182074,-0.008302650708896759,0.013174950570975898,0.02366843335652874,-0.004953108853978864,False,ac7d60ba5aaa5382
-2.720034131651501,20.028607776915255,0.9945264444690763,0.9973608247422681,0.0026391752577319587,0.0,0.6435624687532121,0.3522463375414528,0.1707593753459248,0.8248144489288801,0.37158921159326513,0.07142857142857142,0.05061963792796152,"Div(Mul(Add(1,Div(Count(Greater($volume,Mean($volume,20)),5),5)),Mul(Mul(Add(1,Div(Count(Less($close,Ref($close,1)),10),10)),Div(Ref($low,1),$close)),Sub(1,Slope(Log($close),10)))),Add(1,Std(Log(Div($close,Ref($close,1))),20)))","(Ref($low, 1) / $close) * (1 + Count(Less($close, Ref($close, 1)), 10) / 10) * (1 - Slope(Log($close), 10)) * (1 + Count(Greater($volume, Mean($volume, 20)), 5) / 5) / (1 + Std(Log($close / Ref($close, 1)), 20))",27,0.05061963792796152,-0.0013056248414430821,2018Q4,"{""2016Q1"":0.037878172511277036,""2016Q2"":0.09356712463360364,""2016Q3"":0.14221575506429088,""2016Q4"":0.10069435703520117,""2017Q1"":0.07814856321357708,""2017Q2"":0.02055148708623068,""2017Q3"":0.07700490080982972,""2017Q4"":0.03545485993361295,""2018Q1"":0.0389322571651839,""2018Q2"":0.016514300820873584,""2018Q3"":0.06054940463040284,""2018Q4"":-0.0013056248414430821,""2019Q1"":0.012655842180456416,""2019Q2"":0.08514608611625483,""2019Q3"":0.03724167456310737,""2019Q4"":0.04151786490975685,""2020Q1"":0.02714996532626439,""2020Q2"":0.027070450081276533,""2020Q3"":0.04877931076834503,""2020Q4"":0.021018298070740814}",0.037878172511277036,0.09356712463360364,0.14221575506429088,0.10069435703520117,0.07814856321357708,0.02055148708623068,0.07700490080982972,0.03545485993361295,0.0389322571651839,0.016514300820873584,0.06054940463040284,-0.0013056248414430821,0.012655842180456416,0.08514608611625483,0.03724167456310737,0.04151786490975685,0.02714996532626439,0.027070450081276533,0.04877931076834503,0.021018298070740814,False,ac7d60ba5aaa5382
-0.6563942004881564,-0.08852774652438024,1.4028133130936933,0.9998144329896906,0.00018556701030927834,0.0,0.9568755522713581,0.8092379893739178,0.3601277876598202,0.5176478708140828,0.13246765322031956,0.0,0.02076554165059581,"Div(Mul(Add(1,Div(Count(Greater($volume,Mean($volume,20)),5),5)),Sub(1,Mul(10,Max(Delta(Log($close),1),20)))),Add(1,Mean(Log(Div($high,$low)),20)))","(1 - 10 * Max(Delta(Log($close), 1), 20)) * (1 + Count(Greater($volume, Mean($volume, 20)), 5) / 5) / (1 + Mean(Log($high / $low), 20))",28,0.02076554165059581,-0.017402254153908538,2020Q2,"{""2016Q1"":0.017682279265659212,""2016Q2"":0.033817261500990396,""2016Q3"":0.07204775848930986,""2016Q4"":0.05953694407664624,""2017Q1"":0.031752369629140284,""2017Q2"":0.014105197766787012,""2017Q3"":0.029861107576018606,""2017Q4"":-0.0069438144467799294,""2018Q1"":0.015080430564610052,""2018Q2"":-0.004662949037921411,""2018Q3"":0.027973922004136047,""2018Q4"":0.0029150241149462643,""2019Q1"":-0.001476724602830716,""2019Q2"":0.04452775994410684,""2019Q3"":0.02744182597422943,""2019Q4"":0.0017342987306828016,""2020Q1"":0.01747780256795671,""2020Q2"":-0.017402254153908538,""2020Q3"":0.04663878212946345,""2020Q4"":-0.006868850689099661}",0.017682279265659212,0.033817261500990396,0.07204775848930986,0.05953694407664624,0.031752369629140284,0.014105197766787012,0.029861107576018606,-0.0069438144467799294,0.015080430564610052,-0.004662949037921411,0.027973922004136047,0.0029150241149462643,-0.001476724602830716,0.04452775994410684,0.02744182597422943,0.0017342987306828016,0.01747780256795671,-0.017402254153908538,0.04663878212946345,-0.006868850689099661,False,ac7d60ba5aaa5382
-3.88804622909563,38.98035177130306,0.9082297284917726,0.9973676975945017,0.0026323024054982816,0.0,0.6361083524341324,0.29792870086805756,0.13078602298089445,0.7831451205136686,0.3549076194528271,0.023809523809523808,0.05369194742839712,"Mul(Add(1,Div(Count(Greater($close,$open),5),5)),Mul(Add(1,Div(Count(Less($open,Ref($close,1)),5),5)),Mul(Add(1,Div(Count(Greater($volume,Mean($volume,20)),5),5)),Div(Mul(Mul(Add(1,Div(Count(Less($close,Ref($close,1)),10),10)),Div(Ref($low,1),$close)),Sub(1,Slope(Log($close),10))),Add(1,Mul(0.5,Mean(Log(Div($high,$low)),20)))))))","Ref($low, 1) / $close * (1 + Count(Less($close, Ref($close, 1)), 10) / 10) * (1 - Slope(Log($close), 10)) / (1 + Mean(Log($high / $low), 20) * 0.5) * (1 + Count(Greater($volume, Mean($volume, 20)), 5) / 5) * (1 + Count(Less($open, Ref($close, 1)), 5) / 5) * (1 + Count(Greater($close, $open), 5) / 5)",28,0.05369194742839712,-0.0014697143622140808,2018Q4,"{""2016Q1"":0.04705031736917983,""2016Q2"":0.10434559751083299,""2016Q3"":0.14595835251874492,""2016Q4"":0.10311673519188665,""2017Q1"":0.08190928707671107,""2017Q2"":0.01976381561613617,""2017Q3"":0.08276151110855995,""2017Q4"":0.0377759660512459,""2018Q1"":0.04369109967343317,""2018Q2"":0.022402692113563223,""2018Q3"":0.06254397099710969,""2018Q4"":-0.0014697143622140808,""2019Q1"":0.016266880048987506,""2019Q2"":0.08804940057866213,""2019Q3"":0.035708677448095055,""2019Q4"":0.04403725252421285,""2020Q1"":0.02938761027136536,""2020Q2"":0.03151299699682993,""2020Q3"":0.04587521609197107,""2020Q4"":0.022303904857506676}",0.04705031736917983,0.10434559751083299,0.14595835251874492,0.10311673519188665,0.08190928707671107,0.01976381561613617,0.08276151110855995,0.0377759660512459,0.04369109967343317,0.022402692113563223,0.06254397099710969,-0.0014697143622140808,0.016266880048987506,0.08804940057866213,0.035708677448095055,0.04403725252421285,0.02938761027136536,0.03151299699682993,0.04587521609197107,0.022303904857506676,False,ac7d60ba5aaa5382
-0.13071628696112386,4.094118685110747,1.1238276896741626,0.9977938144329898,0.002206185567010309,0.0,0.9101713946669541,0.5959276336928753,0.010149027860297739,0.7533092512009814,0.34849395753563506,0.023809523809523808,0.03262818933955861,"Mul(Div(Sub(Div(Sum(Mul($close,$volume),20),Sum($volume,20)),$close),Add($close,1e-12)),Sub(1,Std(Log(Div($close,Ref($close,1))),20)))","(Sum($volume * $close, 20) / Sum($volume, 20) - $close) / ($close + 1e-12) * (1 - Std(Log($close / Ref($close, 1)), 20))",28,0.03262818933955861,-0.0033642080389805215,2018Q4,"{""2016Q1"":0.07262720870366994,""2016Q2"":0.07439421806960753,""2016Q3"":0.09110086871427842,""2016Q4"":0.04838744990101868,""2017Q1"":0.046917976684718074,""2017Q2"":0.00786172236093981,""2017Q3"":0.060613483487779105,""2017Q4"":-0.0019532227054011786,""2018Q1"":0.02157104881057884,""2018Q2"":0.011972978980264764,""2018Q3"":0.022484246060723394,""2018Q4"":-0.0033642080389805215,""2019Q1"":0.03253547711477193,""2019Q2"":0.03437217230268296,""2019Q3"":0.03173761616334129,""2019Q4"":0.01939644154198008,""2020Q1"":0.009084641339388662,""2020Q2"":0.019689622065250007,""2020Q3"":0.03941841163788653,""2020Q4"":0.005907552613989601}",0.07262720870366994,0.07439421806960753,0.09110086871427842,0.04838744990101868,0.046917976684718074,0.00786172236093981,0.060613483487779105,-0.0019532227054011786,0.02157104881057884,0.011972978980264764,0.022484246060723394,-0.0033642080389805215,0.03253547711477193,0.03437217230268296,0.03173761616334129,0.01939644154198008,0.009084641339388662,0.019689622065250007,0.03941841163788653,0.005907552613989601,False,ac7d60ba5aaa5382
-2.7688573693487726,26.99039204769875,1.1079016854986066,0.9973608247422681,0.0026391752577319587,0.0,0.749706630349397,0.5643871382488483,0.40072190693243526,0.5526528730813317,0.16362653279735198,0.0,0.01812765694443781,"Mul(Add(1,Div(Count(Greater($volume,Mean($volume,20)),5),5)),Div(Mul(Mul(Add(1,Div(Count(Less($close,$open),5),5)),Div(Ref($close,1),$open)),Sub(1,Mean(Log(Add(1e-12,Div($high,$open))),10))),Add(1,Std(Log(Div($close,Ref($close,1))),20))))","Ref($close, 1) / $open * (1 + Count(Less($close, $open), 5) / 5) * (1 - Mean(Log($high / $open + 1e-12), 10)) / (1 + Std(Log($close / Ref($close, 1)), 20)) * (1 + Count(Greater($volume, Mean($volume, 20)), 5) / 5)",29,0.01812765694443781,-0.021838705390325234,2018Q2,"{""2016Q1"":0.001922610355067769,""2016Q2"":0.0468941813254378,""2016Q3"":0.08351924523571844,""2016Q4"":0.06595311806020654,""2017Q1"":0.02854094331529368,""2017Q2"":0.014909721745520835,""2017Q3"":0.02975734240906705,""2017Q4"":-0.016498056477415802,""2018Q1"":-0.006294683107472802,""2018Q2"":-0.021838705390325234,""2018Q3"":0.0262525609691207,""2018Q4"":0.012041833987237146,""2019Q1"":-0.020242207580568335,""2019Q2"":0.04330170110596349,""2019Q3"":0.030405675026433106,""2019Q4"":0.01534038959512051,""2020Q1"":0.004641162421013827,""2020Q2"":-0.011005982171791641,""2020Q3"":0.030489390117561396,""2020Q4"":-0.0076775178894090725}",0.001922610355067769,0.0468941813254378,0.08351924523571844,0.06595311806020654,0.02854094331529368,0.014909721745520835,0.02975734240906705,-0.016498056477415802,-0.006294683107472802,-0.021838705390325234,0.0262525609691207,0.012041833987237146,-0.020242207580568335,0.04330170110596349,0.030405675026433106,0.01534038959512051,0.004641162421013827,-0.011005982171791641,0.030489390117561396,-0.0076775178894090725,False,ac7d60ba5aaa5382
-3.6023582579956703,33.85075239304922,0.9761209229676528,0.9973676975945017,0.0026323024054982816,0.0,0.69151458917579,0.39172471341833437,0.2225186300884524,0.755000854726641,0.3343084700303185,0.047619047619047616,0.04987664190357563,"Div(Mul(Add(1,Div(Count(Greater($close,$open),5),5)),Mul(Add(1,Div(Count(Less($open,Ref($close,1)),5),5)),Mul(Add(1,Div(Count(Greater($volume,Mean($volume,20)),5),5)),Div(Mul(Mul(Add(1,Div(Count(Less($close,Ref($close,1)),10),10)),Div(Ref($low,1),$close)),Sub(1,Slope(Log($close),10))),Add(1,Mul(0.5,Mean(Log(Div($high,$low)),20))))))),Add(1,Mean(If(Less($close,Ref($close,1)),Abs(Log(Div($close,Ref($close,1)))),0),20)))","Ref($low, 1) / $close * (1 + Count(Less($close, Ref($close, 1)), 10) / 10) * (1 - Slope(Log($close), 10)) / (1 + Mean(Log($high / $low), 20) * 0.5) * (1 + Count(Greater($volume, Mean($volume, 20)), 5) / 5) * (1 + Count(Less($open, Ref($close, 1)), 5) / 5) * (1 + Count(Greater($close, $open), 5) / 5) / (1 + Mean(If(Less($close, Ref($close, 1)), Abs(Log($close / Ref($close, 1))), 0), 20))",29,0.04987664190357563,0.002022992783347769,2018Q4,"{""2016Q1"":0.03693637968365734,""2016Q2"":0.0903138077981219,""2016Q3"":0.14070451282154384,""2016Q4"":0.10265410250813854,""2017Q1"":0.0752244899990753,""2017Q2"":0.02125442946681898,""2017Q3"":0.07535220648048876,""2017Q4"":0.030382560479639862,""2018Q1"":0.03982658379997446,""2018Q2"":0.014720073254411959,""2018Q3"":0.06386453084396643,""2018Q4"":0.002022992783347769,""2019Q1"":0.011550132579482822,""2019Q2"":0.08770322902537912,""2019Q3"":0.03856130667569446,""2019Q4"":0.03816503427337772,""2020Q1"":0.029142606034827125,""2020Q2"":0.01936456024492968,""2020Q3"":0.04715060988675457,""2020Q4"":0.02085963595674827}",0.03693637968365734,0.0903138077981219,0.14070451282154384,0.10265410250813854,0.0752244899990753,0.02125442946681898,0.07535220648048876,0.030382560479639862,0.03982658379997446,0.014720073254411959,0.06386453084396643,0.002022992783347769,0.011550132579482822,0.08770322902537912,0.03856130667569446,0.03816503427337772,0.029142606034827125,0.01936456024492968,0.04715060988675457,0.02085963595674827,False,ac7d60ba5aaa5382
-0.9582427957532538,4.418055789925144,1.167620032800759,0.9976975945017182,0.002302405498281787,0.0,0.9494710283366923,0.7363821074042214,0.2722844419045961,0.5127582698317682,0.24412825476547834,0.0,0.01861465238400885,"Div(Mul(Mul(Add(1,Div(Count(Less($close,Ref($close,1)),10),10)),Div(Sub(Quantile($close,60,0.8),$close),Add(1e-12,Sub(Quantile($close,60,0.8),Quantile($close,60,0.2))))),Sub(1,Slope(Log($close),10))),Add(1,Std(Log(Div($close,Ref($close,1))),20)))","(Quantile($close, 60, 0.8) - $close) / (Quantile($close, 60, 0.8) - Quantile($close, 60, 0.2) + 1e-12) * (1 + Count(Less($close, Ref($close, 1)), 10) / 10) * (1 - Slope(Log($close), 10)) / (1 + Std(Log($close / Ref($close, 1)), 20))",29,0.01861465238400885,-0.02108747823793995,2017Q4,"{""2016Q1"":0.07436221203136333,""2016Q2"":0.053610568913415535,""2016Q3"":0.050504244464894175,""2016Q4"":0.022616547406749433,""2017Q1"":0.021197410128368135,""2017Q2"":-0.01413822242645463,""2017Q3"":0.038033599165881574,""2017Q4"":-0.02108747823793995,""2018Q1"":0.01208828250345431,""2018Q2"":-0.002955671838958354,""2018Q3"":0.0023992465480282173,""2018Q4"":0.016702709715260437,""2019Q1"":0.025233832435426394,""2019Q2"":0.025201287040549986,""2019Q3"":0.02019847480379573,""2019Q4"":-0.0022541726323634104,""2020Q1"":0.025736533118346214,""2020Q2"":0.00021897775989414379,""2020Q3"":0.03879815705576498,""2020Q4"":-0.01947736271308457}",0.07436221203136333,0.053610568913415535,0.050504244464894175,0.022616547406749433,0.021197410128368135,-0.01413822242645463,0.038033599165881574,-0.02108747823793995,0.01208828250345431,-0.002955671838958354,0.0023992465480282173,0.016702709715260437,0.025233832435426394,0.025201287040549986,0.02019847480379573,-0.0022541726323634104,0.025736533118346214,0.00021897775989414379,0.03879815705576498,-0.01947736271308457,False,ac7d60ba5aaa5382
0.3697337384624882,210.831319832797,0.0039742655999525775,0.9973676975945017,0.0026323024054982816,0.0,0.7012985149596789,-0.009249007955447716,-0.007419044871315923,0.018829595431726777,0.00868213480294933,0.0,0.005015943679511444,"Mul(Add(1,Mean(If(Less($open,Ref($close,1)),Div(Sub($close,$open),Add(1e-12,Sub($open,Ref($close,1)))),0),5)),Div(Mul(Mul(Add(1,Div(Count(Less($close,Ref($close,1)),10),10)),Div(Ref($low,1),$close)),Sub(1,Slope(Log($close),10))),Add(1,Mul(0.5,Mean(Log(Div($high,$low)),20)))))","Ref($low, 1) / $close * (1 + Count(Less($close, Ref($close, 1)), 10) / 10) * (1 - Slope(Log($close), 10)) / (1 + Mean(Log($high / $low), 20) * 0.5) * (1 + Mean(If(Less($open, Ref($close, 1)), ($close - $open) / ($open - Ref($close, 1) + 1e-12), 0), 5))",30,0.005015943679511444,-0.007391532048135018,2017Q1,"{""2016Q1"":0.01608630725416927,""2016Q2"":-0.0008709052550092166,""2016Q3"":0.010370046427295401,""2016Q4"":0.0006411192108112039,""2017Q1"":-0.007391532048135018,""2017Q2"":0.009485334008527772,""2017Q3"":0.0022992099811858435,""2017Q4"":0.021607375195108226,""2018Q1"":0.007884709816027683,""2018Q2"":0.014021180313271254,""2018Q3"":0.0051804051355238525,""2018Q4"":0.0009020332047381634,""2019Q1"":0.008977351216286027,""2019Q2"":0.0015786969570696524,""2019Q3"":-0.0044910874128267836,""2019Q4"":-0.0031354739497450653,""2020Q1"":0.01570049420145848,""2020Q2"":-0.0005184418694391753,""2020Q3"":-0.0005595425504510966,""2020Q4"":0.004394632302352199}",0.01608630725416927,-0.0008709052550092166,0.010370046427295401,0.0006411192108112039,-0.007391532048135018,0.009485334008527772,0.0022992099811858435,0.021607375195108226,0.007884709816027683,0.014021180313271254,0.0051804051355238525,0.0009020332047381634,0.008977351216286027,0.0015786969570696524,-0.0044910874128267836,-0.0031354739497450653,0.01570049420145848,-0.0005184418694391753,-0.0005595425504510966,0.004394632302352199,False,ac7d60ba5aaa5382
-3.132695211560099,29.448990772862405,0.9216905805414181,0.9973676975945017,0.0026323024054982816,0.0,0.6023793047642245,0.2672850017154013,0.1070811829316096,0.818984071168356,0.372385845634905,0.07142857142857142,0.05222814526807444,"Mul(Add(1,Div(Sum(If(Less($open,Ref($close,1)),Abs(Log(Div($open,Ref($close,1)))),0),5),5)),Mul(Add(1,Div(Count(Greater($close,$open),5),5)),Mul(Add(1,Div(Count(Greater($volume,Mean($volume,20)),5),5)),Div(Mul(Mul(Add(1,Div(Count(Less($close,Ref($close,1)),10),10)),Div(Ref($low,1),$close)),Sub(1,Slope(Log($close),10))),Add(1,Mul(0.5,Mean(Log(Div($high,$low)),20)))))))","Ref($low, 1) / $close * (1 + Count(Less($close, Ref($close, 1)), 10) / 10) * (1 - Slope(Log($close), 10)) / (1 + Mean(Log($high / $low), 20) * 0.5) * (1 + Count(Greater($volume, Mean($volume, 20)), 5) / 5) * (1 + Count(Greater($close, $open), 5) / 5) * (1 + Sum(If(Less($open, Ref($close, 1)), Abs(Log($open / Ref($close, 1))), 0), 5) / 5)",30,0.05222814526807444,-0.00511618102291117,2018Q4,"{""2016Q1"":0.044007902648298444,""2016Q2"":0.10499078135736623,""2016Q3"":0.14099583917780428,""2016Q4"":0.09892011082098874,""2017Q1"":0.08282608880725634,""2017Q2"":0.0190105463725797,""2017Q3"":0.0820354991326696,""2017Q4"":0.03755509699370038,""2018Q1"":0.04558125963987741,""2018Q2"":0.02114641768274556,""2018Q3"":0.06036125713286853,""2018Q4"":-0.00511618102291117,""2019Q1"":0.015846775590265854,""2019Q2"":0.08262858932963099,""2019Q3"":0.03274528066828856,""2019Q4"":0.04412267132980071,""2020Q1"":0.027754870427290634,""2020Q2"":0.03360576156652185,""2020Q3"":0.04254000748916621,""2020Q4"":0.022852563106093272}",0.044007902648298444,0.10499078135736623,0.14099583917780428,0.09892011082098874,0.08282608880725634,0.0190105463725797,0.0820354991326696,0.03755509699370038,0.04558125963987741,0.02114641768274556,0.06036125713286853,-0.00511618102291117,0.015846775590265854,0.08262858932963099,0.03274528066828856,0.04412267132980071,0.027754870427290634,0.03360576156652185,0.04254000748916621,0.022852563106093272,False,ac7d60ba5aaa5382
-0.913390303073243,8.204654627800256,1.232832313300014,0.9987010309278349,0.0012989690721649484,0.0,0.876543062139116,0.508200184190839,0.13603061401002361,0.28737927138963015,0.13408960543349926,0.0,-0.014789317205542475,"Mul(Add(1,Div(Count(Greater($volume,Mean($volume,20)),5),5)),Div(Mul(Mul(Add(1,Div(Count(Less($close,Ref($close,1)),10),10)),Add(1,Mean(Div(Sub($close,$low),Add(1e-12,Sub($high,$low))),10))),Sub(1,Mean(Log(Div($high,Ref($high,1))),5))),Add(1,Std(Log(Div($close,Ref($close,1))),20))))","(1 + Mean(($close - $low) / ($high - $low + 1e-12), 10)) * (1 + Count(Less($close, Ref($close, 1)), 10) / 10) * (1 - Mean(Log($high / Ref($high, 1)), 5)) / (1 + Std(Log($close / Ref($close, 1)), 20)) * (1 + Count(Greater($volume, Mean($volume, 20)), 5) / 5)",30,-0.014789317205542475,-0.04287007206178975,2018Q1,"{""2016Q1"":-0.013145653912925265,""2016Q2"":-0.02250005961626805,""2016Q3"":0.0055849549223515906,""2016Q4"":-0.0018417362527992308,""2017Q1"":-0.011146359830474,""2017Q2"":-0.004891356270909765,""2017Q3"":-0.03815523381943244,""2017Q4"":-0.02072061033442694,""2018Q1"":-0.04287007206178975,""2018Q2"":-0.011563994059204658,""2018Q3"":-0.0318010566190604,""2018Q4"":-0.006328635144435851,""2019Q1"":-0.02287934267117306,""2019Q2"":-0.007291683990964467,""2019Q3"":-0.006568562435175211,""2019Q4"":-0.013666514194109674,""2020Q1"":-0.03177643549296756,""2020Q2"":-0.019215685452774245,""2020Q3"":-0.001351709299516895,""2020Q4"":0.005535275177669109}",-0.013145653912925265,-0.02250005961626805,0.0055849549223515906,-0.0018417362527992308,-0.011146359830474,-0.004891356270909765,-0.03815523381943244,-0.02072061033442694,-0.04287007206178975,-0.011563994059204658,-0.0318010566190604,-0.006328635144435851,-0.02287934267117306,-0.007291683990964467,-0.006568562435175211,-0.013666514194109674,-0.03177643549296756,-0.019215685452774245,-0.001351709299516895,0.005535275177669109,False,ac7d60ba5aaa5382
0.17109806373352637,0.29895870464483215,1.4051150739799863,0.9977938144329898,0.002206185567010309,0.0,-0.013093047200312541,0.00815210674692588,0.00950180496227614,0.9922930817406227,0.29075582793808746,0.07142857142857142,-0.045871208176664784,"Mul(Add(1,Div(Count(Less($open,Ref($close,1)),5),5)),Div(Mul(Add(1,Div(Count(Greater($volume,Mean($volume,20)),5),5)),Div(Sub($close,$low),Add(1e-12,Sub($high,$low)))),Add(1,Std(Log(Div($close,Ref($close,1))),20))))","(($close - $low) / ($high - $low + 1e-12)) * (1 + Count(Greater($volume, Mean($volume, 20)), 5) / 5) / (1 + Std(Log($close / Ref($close, 1)), 20)) * (1 + Count(Less($open, Ref($close, 1)), 5) / 5)",31,-0.045871208176664784,-0.10385331132186346,2018Q3,"{""2016Q1"":0.0104685271545105,""2016Q2"":-0.06852134180245997,""2016Q3"":-0.04885712694292625,""2016Q4"":-0.05760449176836093,""2017Q1"":-0.053719905013593014,""2017Q2"":-0.005506184146921494,""2017Q3"":-0.07115143094754325,""2017Q4"":-0.0463782906872213,""2018Q1"":-0.03894634224857202,""2018Q2"":-0.058434114487016735,""2018Q3"":-0.10385331132186346,""2018Q4"":-0.03573029991215,""2019Q1"":-0.03542860927014986,""2019Q2"":-0.06859882097187739,""2019Q3"":-0.04235897844209695,""2019Q4"":-0.04907087247153414,""2020Q1"":-0.00887037242205141,""2020Q2"":-0.03396804545477383,""2020Q3"":-0.045930803787815604,""2020Q4"":-0.045947123070654086}",0.0104685271545105,-0.06852134180245997,-0.04885712694292625,-0.05760449176836093,-0.053719905013593014,-0.005506184146921494,-0.07115143094754325,-0.0463782906872213,-0.03894634224857202,-0.058434114487016735,-0.10385331132186346,-0.03573029991215,-0.03542860927014986,-0.06859882097187739,-0.04235897844209695,-0.04907087247153414,-0.00887037242205141,-0.03396804545477383,-0.045930803787815604,-0.045947123070654086,False,ac7d60ba5aaa5382
-2.2531229815617193,15.998903861978738,1.1683442897885288,0.9973676975945017,0.0026323024054982816,0.0,0.786552682908829,0.5437430082327377,0.2910530214752943,0.7074665814616693,0.3015408286514794,0.023809523809523808,0.04313375066954567,"Div(Mul(Add(1,Div(Count(Less($open,Ref($close,1)),5),5)),Mul(Add(1,Div(Count(Greater($volume,Mean($volume,20)),5),5)),Div(Mul(Mul(Add(1,Div(Count(Less($close,Ref($close,1)),10),10)),Div(Ref($low,1),$close)),Sub(1,Slope(Log($close),10))),Add(1,Mul(0.5,Mean(Log(Div($high,$low)),20)))))),Add(1,Max(Log(Div($close,Ref($close,1))),20)))","Ref($low, 1) / $close * (1 + Count(Less($close, Ref($close, 1)), 10) / 10) * (1 - Slope(Log($close), 10)) / (1 + Mean(Log($high / $low), 20) * 0.5) * (1 + Count(Greater($volume, Mean($volume, 20)), 5) / 5) * (1 + Count(Less($open, Ref($close, 1)), 5) / 5) / (1 + Max(Log($close / Ref($close, 1)), 20))",31,0.04313375066954567,-0.001381616279621794,2018Q4,"{""2016Q1"":0.04532725328408618,""2016Q2"":0.07554952217052377,""2016Q3"":0.12099973718969666,""2016Q4"":0.0883491190085277,""2017Q1"":0.06694670522569142,""2017Q2"":0.021554050926099102,""2017Q3"":0.06215378673970689,""2017Q4"":0.020600384851974105,""2018Q1"":0.037506929486283355,""2018Q2"":0.006139752717495523,""2018Q3"":0.05537538740156001,""2018Q4"":-0.001381616279621794,""2019Q1"":0.013400476865759136,""2019Q2"":0.07964236433939731,""2019Q3"":0.03477660761376328,""2019Q4"":0.026397241606080507,""2020Q1"":0.027350860039592393,""2020Q2"":0.006809643310593134,""2020Q3"":0.05399628984423599,""2020Q4"":0.01005150458316915}",0.04532725328408618,0.07554952217052377,0.12099973718969666,0.0883491190085277,0.06694670522569142,0.021554050926099102,0.06215378673970689,0.020600384851974105,0.037506929486283355,0.006139752717495523,0.05537538740156001,-0.001381616279621794,0.013400476865759136,0.07964236433939731,0.03477660761376328,0.026397241606080507,0.027350860039592393,0.006809643310593134,0.05399628984423599,0.01005150458316915,False,ac7d60ba5aaa5382
-4.379449263832171,47.28022017905712,0.8814247024440218,0.9973676975945017,0.0026323024054982816,0.0,0.6431239194030824,0.28716829537441224,0.12363532973437998,0.7597908661005293,0.344268079093109,0.023809523809523808,0.053691612325045476,"Mul(Add(1,Div(Count(Greater($low,Ref($low,1)),5),5)),Mul(Add(1,Div(Count(Greater($close,$open),5),5)),Mul(Add(1,Div(Count(Less($open,Ref($close,1)),5),5)),Mul(Add(1,Div(Count(Greater($volume,Mean($volume,20)),5),5)),Div(Mul(Mul(Add(1,Div(Count(Less($close,Ref($close,1)),10),10)),Div(Ref($low,1),$close)),Sub(1,Slope(Log($close),10))),Add(1,Mul(0.5,Mean(Log(Div($high,$low)),20))))))))","Ref($low, 1) / $close * (1 + Count(Less($close, Ref($close, 1)), 10) / 10) * (1 - Slope(Log($close), 10)) / (1 + Mean(Log($high / $low), 20) * 0.5) * (1 + Count(Greater($volume, Mean($volume, 20)), 5) / 5) * (1 + Count(Less($open, Ref($close, 1)), 5) / 5) * (1 + Count(Greater($close, $open), 5) / 5) * (1 + Count(Greater($low, Ref($low, 1)), 5) / 5)",31,0.053691612325045476,-0.0014697143622140808,2018Q4,"{""2016Q1"":0.047050337302134336,""2016Q2"":0.1043486838174416,""2016Q3"":0.14595131938381106,""2016Q4"":0.1031125548112788,""2017Q1"":0.08191064340816287,""2017Q2"":0.019767133837197106,""2017Q3"":0.08276351078570764,""2017Q4"":0.0377759660512459,""2018Q1"":0.04369109967343317,""2018Q2"":0.02239987398587551,""2018Q3"":0.06254397099710969,""2018Q4"":-0.0014697143622140808,""2019Q1"":0.01626445445866705,""2019Q2"":0.08804983439419786,""2019Q3"":0.035708677448095055,""2019Q4"":0.04403729624608411,""2020Q1"":0.02938761027136536,""2020Q2"":0.03151259016884443,""2020Q3"":0.04587521609197107,""2020Q4"":0.022303904857506676}",0.047050337302134336,0.1043486838174416,0.14595131938381106,0.1031125548112788,0.08191064340816287,0.019767133837197106,0.08276351078570764,0.0377759660512459,0.04369109967343317,0.02239987398587551,0.06254397099710969,-0.0014697143622140808,0.01626445445866705,0.08804983439419786,0.035708677448095055,0.04403729624608411,0.02938761027136536,0.03151259016884443,0.04587521609197107,0.022303904857506676,False,ac7d60ba5aaa5382
-0.9928835548262179,5.1167882061625445,1.0693945091121015,0.9963848797250859,0.003615120274914089,0.0,0.8079142088871705,0.09242733076555106,0.09436649801048387,0.9340586437007384,0.4188604287129678,0.19047619047619047,0.049022448710349144,"Div(Mul(Add(1,Div(Count(Greater($volume,Mean($volume,20)),5),5)),Mul(Add(1,Div(Count(Less($close,Ref($close,1)),5),5)),Div(Ref($close,5),$close))),Add(Add(1,Std(Log(Div($close,Ref($close,1))),20)),Mul(0.5,Mean(Log(Div($high,$low)),20))))","Ref($close, 5) / $close * (1 + Count(Less($close, Ref($close, 1)), 5) / 5) * (1 + Count(Greater($volume, Mean($volume, 20)), 5) / 5) / (1 + Std(Log($close / Ref($close, 1)), 20) + Mean(Log($high / $low), 20) * 0.5)",32,0.049022448710349144,0.0006862829877431798,2020Q4,"{""2016Q1"":0.032577137148282385,""2016Q2"":0.09496958937821276,""2016Q3"":0.1264135487652393,""2016Q4"":0.07903485331403313,""2017Q1"":0.07367248847462718,""2017Q2"":0.03252176800150158,""2017Q3"":0.06677741360396308,""2017Q4"":0.01857322645686448,""2018Q1"":0.07100400868658814,""2018Q2"":0.031115795511887187,""2018Q3"":0.04641031543307068,""2018Q4"":0.00814790010088048,""2019Q1"":0.036626807428181384,""2019Q2"":0.07637483783258088,""2019Q3"":0.025073835451682243,""2019Q4"":0.043216883544438485,""2020Q1"":0.005516882868065076,""2020Q2"":0.027417325447104963,""2020Q3"":0.07340964146997318,""2020Q4"":0.0006862829877431798}",0.032577137148282385,0.09496958937821276,0.1264135487652393,0.07903485331403313,0.07367248847462718,0.03252176800150158,0.06677741360396308,0.01857322645686448,0.07100400868658814,0.031115795511887187,0.04641031543307068,0.00814790010088048,0.036626807428181384,0.07637483783258088,0.025073835451682243,0.043216883544438485,0.005516882868065076,0.027417325447104963,0.07340964146997318,0.0006862829877431798,False,ac7d60ba5aaa5382
-3.88804622909563,38.98035177130306,0.9082297284917726,0.9973676975945017,0.0026323024054982816,0.0,0.6361083524341324,0.29792870086805756,0.13078602298089445,0.7831451205136686,0.3549076194528271,0.023809523809523808,0.05369194742839712,"Mul(Add(1,Div(Count(Greater($close,$open),5),5)),Mul(Add(1,Div(Count(Less($open,Ref($close,1)),5),5)),Mul(Add(1,Div(Count(Greater($volume,Mean($volume,20)),5),5)),Mul(Add(1,Div(Sum(If(Less($close,Ref($close,1)),$volume,0),10),Add(1e-12,Sum($volume,10)))),Div(Mul(Mul(Add(1,Div(Count(Less($close,Ref($close,1)),10),10)),Div(Ref($low,1),$close)),Sub(1,Slope(Log($close),10))),Add(1,Mul(0.5,Mean(Log(Div($high,$low)),20))))))))","Ref($low, 1) / $close * (1 + Count(Less($close, Ref($close, 1)), 10) / 10) * (1 - Slope(Log($close), 10)) / (1 + Mean(Log($high / $low), 20) * 0.5) * (1 + Sum(If(Less($close, Ref($close, 1)), $volume, 0), 10) / (Sum($volume, 10) + 1e-12)) * (1 + Count(Greater($volume, Mean($volume, 20)), 5) / 5) * (1 + Count(Less($open, Ref($close, 1)), 5) / 5) * (1 + Count(Greater($close, $open), 5) / 5)",32,0.05369194742839712,-0.0014697143622140808,2018Q4,"{""2016Q1"":0.04705031736917983,""2016Q2"":0.10434559751083299,""2016Q3"":0.14595835251874492,""2016Q4"":0.10311673519188665,""2017Q1"":0.08190928707671107,""2017Q2"":0.01976381561613617,""2017Q3"":0.08276151110855995,""2017Q4"":0.0377759660512459,""2018Q1"":0.04369109967343317,""2018Q2"":0.022402692113563223,""2018Q3"":0.06254397099710969,""2018Q4"":-0.0014697143622140808,""2019Q1"":0.016266880048987506,""2019Q2"":0.08804940057866213,""2019Q3"":0.035708677448095055,""2019Q4"":0.04403725252421285,""2020Q1"":0.02938761027136536,""2020Q2"":0.03151299699682993,""2020Q3"":0.04587521609197107,""2020Q4"":0.022303904857506676}",0.04705031736917983,0.10434559751083299,0.14595835251874492,0.10311673519188665,0.08190928707671107,0.01976381561613617,0.08276151110855995,0.0377759660512459,0.04369109967343317,0.022402692113563223,0.06254397099710969,-0.0014697143622140808,0.016266880048987506,0.08804940057866213,0.035708677448095055,0.04403725252421285,0.02938761027136536,0.03151299699682993,0.04587521609197107,0.022303904857506676,False,ac7d60ba5aaa5382
-3.88804622909563,38.98035177130306,0.9082297284917726,0.9973676975945017,0.0026323024054982816,0.0,0.6361083524341324,0.29792870086805756,0.13078602298089445,0.7831451205136686,0.3549076194528271,0.023809523809523808,0.05369194742839712,"Mul(Add(1,Div(Sum(If(Greater($close,Ref($close,1)),$volume,0),20),Add(1e-12,Sum($volume,20)))),Mul(Add(1,Div(Count(Greater($close,$open),5),5)),Mul(Add(1,Div(Count(Less($open,Ref($close,1)),5),5)),Mul(Add(1,Div(Count(Greater($volume,Mean($volume,20)),5),5)),Div(Mul(Mul(Add(1,Div(Count(Less($close,Ref($close,1)),10),10)),Div(Ref($low,1),$close)),Sub(1,Slope(Log($close),10))),Add(1,Mul(0.5,Mean(Log(Div($high,$low)),20))))))))","Ref($low, 1) / $close * (1 + Count(Less($close, Ref($close, 1)), 10) / 10) * (1 - Slope(Log($close), 10)) / (1 + Mean(Log($high / $low), 20) * 0.5) * (1 + Count(Greater($volume, Mean($volume, 20)), 5) / 5) * (1 + Count(Less($open, Ref($close, 1)), 5) / 5) * (1 + Count(Greater($close, $open), 5) / 5) * (1 + Sum(If(Greater($close, Ref($close, 1)), $volume, 0), 20) / (Sum($volume, 20) + 1e-12))",32,0.05369194742839712,-0.0014697143622140808,2018Q4,"{""2016Q1"":0.04705031736917983,""2016Q2"":0.10434559751083299,""2016Q3"":0.14595835251874492,""2016Q4"":0.10311673519188665,""2017Q1"":0.08190928707671107,""2017Q2"":0.01976381561613617,""2017Q3"":0.08276151110855995,""2017Q4"":0.0377759660512459,""2018Q1"":0.04369109967343317,""2018Q2"":0.022402692113563223,""2018Q3"":0.06254397099710969,""2018Q4"":-0.0014697143622140808,""2019Q1"":0.016266880048987506,""2019Q2"":0.08804940057866213,""2019Q3"":0.035708677448095055,""2019Q4"":0.04403725252421285,""2020Q1"":0.02938761027136536,""2020Q2"":0.03151299699682993,""2020Q3"":0.04587521609197107,""2020Q4"":0.022303904857506676}",0.04705031736917983,0.10434559751083299,0.14595835251874492,0.10311673519188665,0.08190928707671107,0.01976381561613617,0.08276151110855995,0.0377759660512459,0.04369109967343317,0.022402692113563223,0.06254397099710969,-0.0014697143622140808,0.016266880048987506,0.08804940057866213,0.035708677448095055,0.04403725252421285,0.02938761027136536,0.03151299699682993,0.04587521609197107,0.022303904857506676,False,ac7d60ba5aaa5382
-1.6895959348251193,5.369884994972449,1.1694594750229768,0.9976975945017182,0.002302405498281787,0.0,0.9440603794585254,0.7221655017403242,0.24707071934641972,0.6893343233748894,0.2614223608412535,0.0,0.03788757025661281,"Mul(Add(1,Div(Count(Greater($volume,Mean($volume,20)),5),5)),Div(Mul(Mul(Add(1,Div(Count(Less($close,Ref($close,1)),10),10)),Div(Min($low,20),$close)),Sub(1,Slope(Log($close),10))),Add(1,Std(Log(Div($close,Ref($close,1))),20))))","Min($low, 20) / $close * (1 + Count(Less($close, Ref($close, 1)), 10) / 10) * (1 - Slope(Log($close), 10)) / (1 + Std(Log($close / Ref($close, 1)), 20)) * (1 + Count(Greater($volume, Mean($volume, 20)), 5) / 5)",33,0.03788757025661281,-0.004369850829856748,2018Q4,"{""2016Q1"":0.08196198534181663,""2016Q2"":0.07963567431731113,""2016Q3"":0.10351227940901024,""2016Q4"":0.07930564442830118,""2017Q1"":0.0509261968385531,""2017Q2"":0.02449207398537376,""2017Q3"":0.056968304246590905,""2017Q4"":0.004284159805908413,""2018Q1"":0.013286197997260723,""2018Q2"":0.0011866727399373583,""2018Q3"":0.041263060920432124,""2018Q4"":-0.004369850829856748,""2019Q1"":0.011544107783896123,""2019Q2"":0.05969691182338032,""2019Q3"":0.04411167044552224,""2019Q4"":0.017836105166610317,""2020Q1"":0.017404043447314055,""2020Q2"":0.003414340282730568,""2020Q3"":0.05665516261539005,""2020Q4"":0.002930724466903641}",0.08196198534181663,0.07963567431731113,0.10351227940901024,0.07930564442830118,0.0509261968385531,0.02449207398537376,0.056968304246590905,0.004284159805908413,0.013286197997260723,0.0011866727399373583,0.041263060920432124,-0.004369850829856748,0.011544107783896123,0.05969691182338032,0.04411167044552224,0.017836105166610317,0.017404043447314055,0.003414340282730568,0.05665516261539005,0.002930724466903641,False,ac7d60ba5aaa5382
0.1095228588822312,-0.00037183848083967855,1.4687004848703589,0.9978075601374571,0.0021924398625429555,0.0,0.871885398897634,0.5398579903853478,-0.008652896784802544,0.6536868261503869,0.34220969745009655,0.0,-0.024708130341624456,"Div(Mul(Add(1,Div(Count(Greater($volume,Mean($volume,20)),10),10)),Div(Sub($close,Min($low,20)),Add(1e-12,Sub(Max($high,20),Min($low,20))))),Add(1,Mean(Log(Div($high,$close)),10)))","(($close - Min($low, 20)) / (Max($high, 20) - Min($low, 20) + 1e-12)) * (1 + Count(Greater($volume, Mean($volume, 20)), 10) / 10) / (1 + Mean(Log($high / $close), 10))",33,-0.024708130341624456,-0.07585762671930348,2016Q3,"{""2016Q1"":-0.052565015968961765,""2016Q2"":-0.0618339449700427,""2016Q3"":-0.07585762671930348,""2016Q4"":-0.04365006741030372,""2017Q1"":-0.04149589804262267,""2017Q2"":-0.005567686084769167,""2017Q3"":-0.055986185923751805,""2017Q4"":-0.0035777528021504255,""2018Q1"":-0.01496411024125965,""2018Q2"":-0.002784668859996679,""2018Q3"":-0.018821313510022034,""2018Q4"":0.016821342694573325,""2019Q1"":-0.02728086673603831,""2019Q2"":-0.02981061044206346,""2019Q3"":-0.020675559044910537,""2019Q4"":-0.015948626593590486,""2020Q1"":0.0042474579368194055,""2020Q2"":-0.013946657470288644,""2020Q3"":-0.024848468370284208,""2020Q4"":0.0015094549370183038}",-0.052565015968961765,-0.0618339449700427,-0.07585762671930348,-0.04365006741030372,-0.04149589804262267,-0.005567686084769167,-0.055986185923751805,-0.0035777528021504255,-0.01496411024125965,-0.002784668859996679,-0.018821313510022034,0.016821342694573325,-0.02728086673603831,-0.02981061044206346,-0.020675559044910537,-0.015948626593590486,0.0042474579368194055,-0.013946657470288644,-0.024848468370284208,0.0015094549370183038,False,ac7d60ba5aaa5382
-0.13421956567459836,-0.03253613364996761,1.3686870287827946,0.9991958762886596,0.0008041237113402062,0.0,0.8118693796764109,0.37080057012482126,0.0037177165382887645,0.1882377615608113,0.03010763243512903,0.0,-0.002903845976896047,"Div(Mul(Add(1,Div(Count(Greater($volume,Mean($volume,20)),5),5)),Sub(1,Corr(Delta(Log($close),1),Ref(Delta(Log($close),1),1),10))),Add(1,Mul(0.5,Mean(Log(Div($high,$low)),20))))","(1 - Corr(Delta(Log($close), 1), Ref(Delta(Log($close), 1), 1), 10)) * (1 + Count(Greater($volume, Mean($volume, 20)), 5) / 5) / (1 + Mean(Log($high / $low), 20) * 0.5)",33,-0.002903845976896047,-0.029483613641535643,2020Q1,"{""2016Q1"":0.028975092644651434,""2016Q2"":-0.007012095489992415,""2016Q3"":-0.005800252153907313,""2016Q4"":0.01736612969598814,""2017Q1"":-0.02152152757260826,""2017Q2"":-0.026674137711072052,""2017Q3"":0.006665865322059154,""2017Q4"":0.008751203842360366,""2018Q1"":0.009548077767905673,""2018Q2"":0.016831381937447973,""2018Q3"":-0.02232520299005073,""2018Q4"":-0.02071839323139549,""2019Q1"":-0.020748798945705617,""2019Q2"":0.0016795767799131166,""2019Q3"":-0.009157922622656913,""2019Q4"":0.013003791549141278,""2020Q1"":-0.029483613641535643,""2020Q2"":-0.0036418066571653686,""2020Q3"":0.01341441312160566,""2020Q4"":-0.009117321781141963}",0.028975092644651434,-0.007012095489992415,-0.005800252153907313,0.01736612969598814,-0.02152152757260826,-0.026674137711072052,0.006665865322059154,0.008751203842360366,0.009548077767905673,0.016831381937447973,-0.02232520299005073,-0.02071839323139549,-0.020748798945705617,0.0016795767799131166,-0.009157922622656913,0.013003791549141278,-0.029483613641535643,-0.0036418066571653686,0.01341441312160566,-0.009117321781141963,False,ac7d60ba5aaa5382
0.029650934647018044,0.8186330406895023,1.2505605586848156,0.9973539518900344,0.002646048109965636,0.0,0.9199876781106532,0.6645928279785501,-0.005149577918478102,0.1657456295872656,0.06786281509868283,0.0,0.005951627120516716,"Mul(Mul(Add(1,Div(Count(Greater($volume,Mean($volume,20)),5),5)),Div(Mul(Mul(Add(1,Div(Count(Less($close,Ref($close,1)),10),10)),Div(Ref($low,1),$close)),Sub(1,Slope(Log($close),10))),Add(1,Mul(0.5,Mean(Log(Div($high,$low)),20))))),Sub(1,Skew(Log(Div($close,Ref($close,1))),20)))","Ref($low, 1) / $close * (1 + Count(Less($close, Ref($close, 1)), 10) / 10) * (1 - Slope(Log($close), 10)) / (1 + Mean(Log($high / $low), 20) * 0.5) * (1 + Count(Greater($volume, Mean($volume, 20)), 5) / 5) * (1 - Skew(Log($close / Ref($close, 1)), 20))",34,0.005951627120516716,-0.024463546989061412,2018Q4,"{""2016Q1"":0.013432387591091692,""2016Q2"":0.021363392807642052,""2016Q3"":0.04259090329026155,""2016Q4"":0.011706218579082276,""2017Q1"":0.021689369691942892,""2017Q2"":0.0011807247828442597,""2017Q3"":0.02723653936447468,""2017Q4"":-0.001688944230549423,""2018Q1"":0.024898771159661538,""2018Q2"":0.003104660881066471,""2018Q3"":-0.0005896605289061989,""2018Q4"":-0.024463546989061412,""2019Q1"":-0.004297087367327576,""2019Q2"":0.016276978419724055,""2019Q3"":-0.019049436581221303,""2019Q4"":-0.009322559120289448,""2020Q1"":-0.006569437506080571,""2020Q2"":-0.0031734615188043496,""2020Q3"":0.010348701410590896,""2020Q4"":-0.008469858268201885}",0.013432387591091692,0.021363392807642052,0.04259090329026155,0.011706218579082276,0.021689369691942892,0.0011807247828442597,0.02723653936447468,-0.001688944230549423,0.024898771159661538,0.003104660881066471,-0.0005896605289061989,-0.024463546989061412,-0.004297087367327576,0.016276978419724055,-0.019049436581221303,-0.009322559120289448,-0.006569437506080571,-0.0031734615188043496,0.010348701410590896,-0.008469858268201885,False,ac7d60ba5aaa5382
-0.1334872319662428,0.06715073589910096,1.5063954474849341,0.9973676975945017,0.0026323024054982816,0.0,0.8741919228419855,0.49861867103933527,-0.01759870469757223,0.4191690032481507,0.19251917561610626,0.0,0.021852578570029965,"Mul(Add(1,Sub(1,Div(IdxMax($high,20),20))),Mul(Add(1,Div(Count(Greater($close,$open),5),5)),Mul(Add(1,Div(Count(Less($open,Ref($close,1)),5),5)),Mul(Add(1,Div(Count(Greater($volume,Mean($volume,20)),5),5)),Div(Mul(Mul(Add(1,Div(Count(Less($close,Ref($close,1)),10),10)),Div(Ref($low,1),$close)),Sub(1,Slope(Log($close),10))),Add(1,Mul(0.5,Mean(Log(Div($high,$low)),20))))))))","Ref($low, 1) / $close * (1 + Count(Less($close, Ref($close, 1)), 10) / 10) * (1 - Slope(Log($close), 10)) / (1 + Mean(Log($high / $low), 20) * 0.5) * (1 + Count(Greater($volume, Mean($volume, 20)), 5) / 5) * (1 + Count(Less($open, Ref($close, 1)), 5) / 5) * (1 + Count(Greater($close, $open), 5) / 5) * (1 + (1 - IdxMax($high, 20) / 20))",34,0.021852578570029965,-0.0056541067662296395,2019Q4,"{""2016Q1"":0.055118016935532935,""2016Q2"":0.04977369842862526,""2016Q3"":0.06199548582679375,""2016Q4"":0.029169441819087275,""2017Q1"":0.030878748980159892,""2017Q2"":0.009526748229690962,""2017Q3"":0.025616881088606578,""2017Q4"":0.011252346339335716,""2018Q1"":0.011518813384676623,""2018Q2"":0.007965023823732442,""2018Q3"":0.006191391913111055,""2018Q4"":0.00446474064145961,""2019Q1"":0.02658284939969554,""2019Q2"":0.05615669950681614,""2019Q3"":0.02309200607359724,""2019Q4"":-0.0056541067662296395,""2020Q1"":0.003452311345572683,""2020Q2"":0.0019698301229051692,""2020Q3"":0.028325867717375285,""2020Q4"":-0.004170399332753584}",0.055118016935532935,0.04977369842862526,0.06199548582679375,0.029169441819087275,0.030878748980159892,0.009526748229690962,0.025616881088606578,0.011252346339335716,0.011518813384676623,0.007965023823732442,0.006191391913111055,0.00446474064145961,0.02658284939969554,0.05615669950681614,0.02309200607359724,-0.0056541067662296395,0.003452311345572683,0.0019698301229051692,0.028325867717375285,-0.004170399332753584,False,ac7d60ba5aaa5382
-0.13729934042985972,3.2312586835992407,1.0364465995382688,0.9977938144329898,0.002206185567010309,0.0,0.8055198465588308,0.11458337007303558,-0.0032031714697181575,0.8059731965711145,0.4063105619411135,0.11904761904761904,0.030605441179666886,"Mul(Add(1,Div(Count(Less($close,Ref($close,1)),10),10)),Mul(Add(1,Div(Count(Greater($volume,Mean($volume,20)),5),5)),Div(Sub(0,Resi(Log($close),20)),Add(1,Std(Log(Div($close,Ref($close,1))),20)))))","(0 - Resi(Log($close), 20)) / (1 + Std(Log($close / Ref($close, 1)), 20)) * (1 + Count(Greater($volume, Mean($volume, 20)), 5) / 5) * (1 + Count(Less($close, Ref($close, 1)), 10) / 10)",34,0.030605441179666886,-0.00815383611543494,2018Q4,"{""2016Q1"":-0.003658979772710023,""2016Q2"":0.06261257305447389,""2016Q3"":0.07668962421446897,""2016Q4"":0.060492349865644376,""2017Q1"":0.05286551541812442,""2017Q2"":0.03683478798352861,""2017Q3"":0.04543004286804129,""2017Q4"":0.017347343291534704,""2018Q1"":0.04018942683918886,""2018Q2"":0.02751723046920896,""2018Q3"":0.04251686710272042,""2018Q4"":-0.00815383611543494,""2019Q1"":-0.0004922898372388428,""2019Q2"":0.03902634193508294,""2019Q3"":0.0010912303452009823,""2019Q4"":0.04644683840480131,""2020Q1"":0.0016515717917586815,""2020Q2"":0.04876501753651012,""2020Q3"":0.014433538381993445,""2020Q4"":0.006125714115603254}",-0.003658979772710023,0.06261257305447389,0.07668962421446897,0.060492349865644376,0.05286551541812442,0.03683478798352861,0.04543004286804129,0.017347343291534704,0.04018942683918886,0.02751723046920896,0.04251686710272042,-0.00815383611543494,-0.0004922898372388428,0.03902634193508294,0.0010912303452009823,0.04644683840480131,0.0016515717917586815,0.04876501753651012,0.014433538381993445,0.006125714115603254,False,ac7d60ba5aaa5382
-0.7350836718173568,138.53466727936183,0.6311694567485241,0.9988316151202749,0.001168384879725086,0.0,0.8518617697045967,0.3378085554064065,0.03839996457949235,0.2551837348631312,0.12815686105991014,0.0,-0.03499886339748809,"Mul(Add(1,Div(Count(Greater($volume,Mean($volume,20)),5),5)),Div(Mul(Add(1,Mean(Div(Sub($close,$open),Add(1e-12,Sub($high,$low))),5)),Sub(1,Mean(Div(Sub($open,Ref($close,1)),Add(1e-12,Sub($high,$low))),10))),Add(1,Std(Log(Div($close,Ref($close,1))),20))))","(1 - Mean(($open - Ref($close, 1)) / ($high - $low + 1e-12), 10)) * (1 + Mean(($close - $open) / ($high - $low + 1e-12), 5)) / (1 + Std(Log($close / Ref($close, 1)), 20)) * (1 + Count(Greater($volume, Mean($volume, 20)), 5) / 5)",35,-0.03499886339748809,-0.06614964338080466,2016Q3,"{""2016Q1"":-0.006812257212400245,""2016Q2"":-0.06422443230302309,""2016Q3"":-0.06614964338080466,""2016Q4"":-0.03959718430549907,""2017Q1"":-0.054990441132840594,""2017Q2"":-0.04985213424108955,""2017Q3"":-0.05410258019719118,""2017Q4"":-0.03654769638026452,""2018Q1"":-0.061509631150792235,""2018Q2"":-0.03057518912795677,""2018Q3"":-0.042284671516252266,""2018Q4"":-0.0014686582558190275,""2019Q1"":-0.04575930737131963,""2019Q2"":-0.05545215561237793,""2019Q3"":-0.005757686510182736,""2019Q4"":-0.029129473176667513,""2020Q1"":0.02646382872849422,""2020Q2"":-0.0439756845504975,""2020Q3"":-0.042085926456140156,""2020Q4"":0.009363217996920699}",-0.006812257212400245,-0.06422443230302309,-0.06614964338080466,-0.03959718430549907,-0.054990441132840594,-0.04985213424108955,-0.05410258019719118,-0.03654769638026452,-0.061509631150792235,-0.03057518912795677,-0.042284671516252266,-0.0014686582558190275,-0.04575930737131963,-0.05545215561237793,-0.005757686510182736,-0.029129473176667513,0.02646382872849422,-0.0439756845504975,-0.042085926456140156,0.009363217996920699,False,ac7d60ba5aaa5382
-3.507503026777456,37.797631520485204,1.0302887810688874,0.9987010309278349,0.0012989690721649484,0.0,0.8181084595899227,0.30069656694097563,0.14408565183420186,0.4540818714206568,0.18812644025933908,0.0,-0.01805002218761432,"Mul(Add(1,Div(Count(Greater($volume,Mean($volume,20)),5),5)),Div(Mul(Add(1,Mean(Log(Div($close,$open)),5)),Sub(1,Mean(Log(Div($open,Ref($close,1))),5))),Add(1,Std(Log(Div($close,Ref($close,1))),20))))","(1 - Mean(Log($open / Ref($close, 1)), 5)) * (1 + Mean(Log($close / $open), 5)) / (1 + Std(Log($close / Ref($close, 1)), 20)) * (1 + Count(Greater($volume, Mean($volume, 20)), 5) / 5)",35,-0.01805002218761432,-0.04503416238349601,2018Q1,"{""2016Q1"":-0.02978774128373819,""2016Q2"":-0.02243252976245135,""2016Q3"":-0.022866049105557475,""2016Q4"":-0.0026750194151600733,""2017Q1"":-0.035497974443471435,""2017Q2"":-0.02777270696286806,""2017Q3"":-0.034566211748436014,""2017Q4"":-0.036595912688659596,""2018Q1"":-0.04503416238349601,""2018Q2"":-0.018680779095949628,""2018Q3"":-0.0130037455320875,""2018Q4"":0.008883265172228167,""2019Q1"":-0.039536065820966866,""2019Q2"":-0.009286922765420168,""2019Q3"":0.015999937859780856,""2019Q4"":-0.024429770755501973,""2020Q1"":0.020890635154865788,""2020Q2"":-0.03971217964972306,""2020Q3"":-0.005173978198094812,""2020Q4"":-0.0025044568284279126}",-0.02978774128373819,-0.02243252976245135,-0.022866049105557475,-0.0026750194151600733,-0.035497974443471435,-0.02777270696286806,-0.034566211748436014,-0.036595912688659596,-0.04503416238349601,-0.018680779095949628,-0.0130037455320875,0.008883265172228167,-0.039536065820966866,-0.009286922765420168,0.015999937859780856,-0.024429770755501973,0.020890635154865788,-0.03971217964972306,-0.005173978198094812,-0.0025044568284279126,False,ac7d60ba5aaa5382
-3.4546946208238563,31.730243944276285,1.0025233799991347,0.9973608247422681,0.0026391752577319587,0.0,0.7059551379952045,0.4161785297268142,0.24467270845824046,0.7465060555273971,0.3291633308487172,0.047619047619047616,0.04834346821650441,"Div(Mul(Add(1,Div(Count(Greater($close,$open),5),5)),Mul(Add(1,Div(Count(Less($open,Ref($close,1)),5),5)),Mul(Add(1,Div(Count(Greater($volume,Mean($volume,20)),5),5)),Div(Mul(Mul(Add(1,Div(Count(Less($close,Ref($close,1)),10),10)),Div(Ref($low,1),$close)),Sub(1,Slope(Log($close),10))),Add(1,Mul(0.5,Mean(Log(Div($high,$low)),20))))))),Add(1,Std(If(Less($close,Ref($close,1)),Log(Div($close,Ref($close,1))),0),20)))","Ref($low, 1) / $close * (1 + Count(Less($close, Ref($close, 1)), 10) / 10) * (1 - Slope(Log($close), 10)) / (1 + Mean(Log($high / $low), 20) * 0.5) * (1 + Count(Greater($volume, Mean($volume, 20)), 5) / 5) * (1 + Count(Less($open, Ref($close, 1)), 5) / 5) * (1 + Count(Greater($close, $open), 5) / 5) / (1 + Std(If(Less($close, Ref($close, 1)), Log($close / Ref($close, 1)), 0), 20))",35,0.04834346821650441,0.0012612531920932234,2018Q4,"{""2016Q1"":0.03474066184793431,""2016Q2"":0.08590874857103095,""2016Q3"":0.1381751579683282,""2016Q4"":0.10093025424489611,""2017Q1"":0.07260355343264971,""2017Q2"":0.02258199279107122,""2017Q3"":0.07220087407544963,""2017Q4"":0.028984926349629,""2018Q1"":0.03735045996618866,""2018Q2"":0.010816063759619106,""2018Q3"":0.06257350094229937,""2018Q4"":0.0012612531920932234,""2019Q1"":0.010391113444837225,""2019Q2"":0.08641539925358281,""2019Q3"":0.03944413114176043,""2019Q4"":0.03730012809874205,""2020Q1"":0.027795312842542438,""2020Q2"":0.01737869932772292,""2020Q3"":0.0481428207119785,""2020Q4"":0.019846810310466582}",0.03474066184793431,0.08590874857103095,0.1381751579683282,0.10093025424489611,0.07260355343264971,0.02258199279107122,0.07220087407544963,0.028984926349629,0.03735045996618866,0.010816063759619106,0.06257350094229937,0.0012612531920932234,0.010391113444837225,0.08641539925358281,0.03944413114176043,0.03730012809874205,0.027795312842542438,0.01737869932772292,0.0481428207119785,0.019846810310466582,False,ac7d60ba5aaa5382
-2.402783396522713,20.666127728206835,0.9821316415540852,0.9977938144329898,0.002206185567010309,0.0,0.7788615058179474,0.20882729194690564,0.08674545958774596,0.8076239674975705,0.41919736523824325,0.11904761904761904,0.049280374949667076,"Mul(Add(1,Div(Count(Greater($volume,Mean($volume,20)),5),5)),Div(Mul(Add(1,Div(Count(Less($close,Ref($close,1)),10),10)),Div(WMA($close,10),$close)),Add(1,Std(Log(Div($close,Ref($close,1))),20))))","WMA($close, 10) / $close * (1 + Count(Less($close, Ref($close, 1)), 10) / 10) / (1 + Std(Log($close / Ref($close, 1)), 20)) * (1 + Count(Greater($volume, Mean($volume, 20)), 5) / 5)",36,0.049280374949667076,0.00882921295607034,2018Q4,"{""2016Q1"":0.03199611417259506,""2016Q2"":0.09548709375779135,""2016Q3"":0.13248830697040273,""2016Q4"":0.08656550092009035,""2017Q1"":0.06869361880061844,""2017Q2"":0.02947903414809849,""2017Q3"":0.07222450946849412,""2017Q4"":0.017296146271284292,""2018Q1"":0.04681757062813304,""2018Q2"":0.026968683913723625,""2018Q3"":0.055867438887918675,""2018Q4"":0.00882921295607034,""2019Q1"":0.023249946648152175,""2019Q2"":0.07378912631627564,""2019Q3"":0.029386819558401132,""2019Q4"":0.04768356995962585,""2020Q1"":0.013249339064983956,""2020Q2"":0.03657694317823746,""2020Q3"":0.05879572540493264,""2020Q4"":0.0189295181161463}",0.03199611417259506,0.09548709375779135,0.13248830697040273,0.08656550092009035,0.06869361880061844,0.02947903414809849,0.07222450946849412,0.017296146271284292,0.04681757062813304,0.026968683913723625,0.055867438887918675,0.00882921295607034,0.023249946648152175,0.07378912631627564,0.029386819558401132,0.04768356995962585,0.013249339064983956,0.03657694317823746,0.05879572540493264,0.0189295181161463,False,ac7d60ba5aaa5382
-3.69553255789412,41.21273102699052,0.8407988323405967,0.9973676975945017,0.0026323024054982816,0.0,0.394177685484653,0.17365141386057215,0.08031359321509346,0.6938948134533851,0.2590487436643581,0.0,0.027230715529800508,"Mul(Add(1,Div(Count(Greater($volume,Mean($volume,20)),5),5)),Div(Mul(Add(1,Div(Count(Less($close,Ref($close,1)),10),10)),Div(Ref($low,1),$low)),Add(1,Mul(0.5,Mean(Log(Div($high,$low)),20)))))","Ref($low, 1) / $low * (1 + Count(Less($close, Ref($close, 1)), 10) / 10) / (1 + Mean(Log($high / $low), 20) * 0.5) * (1 + Count(Greater($volume, Mean($volume, 20)), 5) / 5)",36,0.027230715529800508,-0.023251202127131377,2018Q4,"{""2016Q1"":0.008383472737911778,""2016Q2"":0.06712921591712916,""2016Q3"":0.10397125903063362,""2016Q4"":0.062473076028216994,""2017Q1"":0.04633613682683945,""2017Q2"":0.006758754061243625,""2017Q3"":0.04778878196330226,""2017Q4"":0.03901424749503941,""2018Q1"":0.019250368536387705,""2018Q2"":-0.003966881222618876,""2018Q3"":0.024241007357174518,""2018Q4"":-0.023251202127131377,""2019Q1"":-0.003166277687245527,""2019Q2"":0.05803910252593076,""2019Q3"":0.020943048070689585,""2019Q4"":0.03252041338175785,""2020Q1"":-0.005267238515202174,""2020Q2"":0.02004491558230965,""2020Q3"":0.011883858632500414,""2020Q4"":0.0030116109139441322}",0.008383472737911778,0.06712921591712916,0.10397125903063362,0.062473076028216994,0.04633613682683945,0.006758754061243625,0.04778878196330226,0.03901424749503941,0.019250368536387705,-0.003966881222618876,0.024241007357174518,-0.023251202127131377,-0.003166277687245527,0.05803910252593076,0.020943048070689585,0.03252041338175785,-0.005267238515202174,0.02004491558230965,0.011883858632500414,0.0030116109139441322,False,ac7d60ba5aaa5382
-2.7646603758050152,32.48219972492559,0.8621456764980223,0.9973676975945017,0.0026323024054982816,0.0,0.6476615631346124,0.25070059307651066,0.007048739687323304,0.706216779288494,0.351144356145313,0.023809523809523808,0.04521781428625602,"Mul(Mul(Add(1,Div(Count(Greater($close,$open),5),5)),Mul(Add(1,Div(Count(Less($open,Ref($close,1)),5),5)),Mul(Add(1,Div(Count(Greater($volume,Mean($volume,20)),5),5)),Div(Mul(Mul(Add(1,Div(Count(Less($close,Ref($close,1)),10),10)),Div(Ref($low,1),$close)),Sub(1,Slope(Log($close),10))),Add(1,Mul(0.5,Mean(Log(Div($high,$low)),20))))))),Sub(1,Min(If(Less($close,Ref($close,1)),Log(Div($close,Ref($close,1))),0),10)))","Ref($low, 1) / $close * (1 + Count(Less($close, Ref($close, 1)), 10) / 10) * (1 - Slope(Log($close), 10)) / (1 + Mean(Log($high / $low), 20) * 0.5) * (1 + Count(Greater($volume, Mean($volume, 20)), 5) / 5) * (1 + Count(Less($open, Ref($close, 1)), 5) / 5) * (1 + Count(Greater($close, $open), 5) / 5) * (1 - Min(If(Less($close, Ref($close, 1)), Log($close / Ref($close, 1)), 0), 10))",36,0.04521781428625602,-0.013243901217511523,2018Q4,"{""2016Q1"":0.05594305490013742,""2016Q2"":0.10723414085834782,""2016Q3"":0.11844901685209575,""2016Q4"":0.06591352965214099,""2017Q1"":0.08335700655815984,""2017Q2"":0.020138353927681273,""2017Q3"":0.07812495584024386,""2017Q4"":0.03109013137837423,""2018Q1"":0.04870858119190265,""2018Q2"":0.03083559106610717,""2018Q3"":0.04247858813094364,""2018Q4"":-0.013243901217511523,""2019Q1"":0.02071463335861546,""2019Q2"":0.049871044665802236,""2019Q3"":0.014637430327248508,""2019Q4"":0.038709555309902784,""2020Q1"":0.01633113413341658,""2020Q2"":0.039963791648001956,""2020Q3"":0.03915890070168203,""2020Q4"":0.008509902296966614}",0.05594305490013742,0.10723414085834782,0.11844901685209575,0.06591352965214099,0.08335700655815984,0.020138353927681273,0.07812495584024386,0.03109013137837423,0.04870858119190265,0.03083559106610717,0.04247858813094364,-0.013243901217511523,0.02071463335861546,0.049871044665802236,0.014637430327248508,0.038709555309902784,0.01633113413341658,0.039963791648001956,0.03915890070168203,0.008509902296966614,False,ac7d60ba5aaa5382
-2.9241445043865575,24.717306790141993,0.9470853824157783,0.9973676975945017,0.0026323024054982816,0.0,0.6724772425164569,0.2510993296005734,0.10793228135171415,0.7993730412246808,0.40153961267502886,0.09523809523809523,0.05540265924680873,"Mul(Mul(Add(1,Div(Count(Less($open,Ref($close,1)),5),5)),Mul(Add(1,Div(Count(Greater($volume,Mean($volume,20)),5),5)),Div(Mul(Mul(Add(1,Div(Count(Less($close,Ref($close,1)),10),10)),Div(Ref($low,1),$close)),Sub(1,Slope(Log($close),10))),Add(1,Mul(0.5,Mean(Log(Div($high,$low)),20)))))),Sub(1,Mean(Log(Div($close,Ref($close,1))),5)))","Ref($low, 1) / $close * (1 + Count(Less($close, Ref($close, 1)), 10) / 10) * (1 - Slope(Log($close), 10)) / (1 + Mean(Log($high / $low), 20) * 0.5) * (1 + Count(Greater($volume, Mean($volume, 20)), 5) / 5) * (1 + Count(Less($open, Ref($close, 1)), 5) / 5) * (1 - Mean(Log($close / Ref($close, 1)), 5))",37,0.05540265924680873,0.00020567569947695455,2018Q4,"{""2016Q1"":0.05209998870742646,""2016Q2"":0.11030816927583517,""2016Q3"":0.1481409889172075,""2016Q4"":0.0994361413875706,""2017Q1"":0.08660560146339935,""2017Q2"":0.024992646296319677,""2017Q3"":0.08412288083049359,""2017Q4"":0.036773764775358625,""2018Q1"":0.052333776895086365,""2018Q2"":0.027644621310671372,""2018Q3"":0.05970684058659316,""2018Q4"":0.00020567569947695455,""2019Q1"":0.021156214899189753,""2019Q2"":0.0884529859965202,""2019Q3"":0.03127969952554545,""2019Q4"":0.04603052351722872,""2020Q1"":0.021816677039663387,""2020Q2"":0.03488249239704894,""2020Q3"":0.0532712292968599,""2020Q4"":0.017956480517944025}",0.05209998870742646,0.11030816927583517,0.1481409889172075,0.0994361413875706,0.08660560146339935,0.024992646296319677,0.08412288083049359,0.036773764775358625,0.052333776895086365,0.027644621310671372,0.05970684058659316,0.00020567569947695455,0.021156214899189753,0.0884529859965202,0.03127969952554545,0.04603052351722872,0.021816677039663387,0.03488249239704894,0.0532712292968599,0.017956480517944025,True,ac7d60ba5aaa5382
-4.630735203612182,51.106853502828976,0.9205250100420096,0.9977938144329898,0.002206185567010309,0.0,0.8637231602506237,0.40352139967363587,0.1316581267005493,0.6571422221119452,0.31338880271925645,0.0,0.04780366729844789,"Div(Mul(Add(1,Div(Count(Greater($volume,Mean($volume,20)),5),5)),Mul(Add(1,Div(Count(Less($close,Ref($close,1)),10),10)),Add(1,Div(Div(Sum(Mul($close,$volume),10),Add(1e-12,Sum($volume,10))),$close)))),Add(1,Std(Log(Div($close,Ref($close,1))),20)))","(1 + Sum($close * $volume, 10) / (Sum($volume, 10) + 1e-12) / $close) * (1 + Count(Less($close, Ref($close, 1)), 10) / 10) * (1 + Count(Greater($volume, Mean($volume, 20)), 5) / 5) / (1 + Std(Log($close / Ref($close, 1)), 20))",37,0.04780366729844789,0.00863475974941212,2018Q4,"{""2016Q1"":0.04790699254361719,""2016Q2"":0.08688969058438716,""2016Q3"":0.1261550154151627,""2016Q4"":0.09154925821542632,""2017Q1"":0.067053295130808,""2017Q2"":0.032541493673812365,""2017Q3"":0.06823426007970795,""2017Q4"":0.01235415098994064,""2018Q1"":0.04418024528820156,""2018Q2"":0.0211580212446794,""2018Q3"":0.05318068926842715,""2018Q4"":0.00863475974941212,""2019Q1"":0.024503067464026217,""2019Q2"":0.06711183099155417,""2019Q3"":0.036744166351124576,""2019Q4"":0.043202556917331124,""2020Q1"":0.017000419230171128,""2020Q2"":0.026007107366203836,""2020Q3"":0.05953598331973718,""2020Q4"":0.010884322774092323}",0.04790699254361719,0.08688969058438716,0.1261550154151627,0.09154925821542632,0.067053295130808,0.032541493673812365,0.06823426007970795,0.01235415098994064,0.04418024528820156,0.0211580212446794,0.05318068926842715,0.00863475974941212,0.024503067464026217,0.06711183099155417,0.036744166351124576,0.043202556917331124,0.017000419230171128,0.026007107366203836,0.05953598331973718,0.010884322774092323,False,ac7d60ba5aaa5382
-2.979583875774917,28.47209115194788,0.9710771760287551,0.9977044673539519,0.00229553264604811,0.0,0.8287686835530049,0.2855984169914587,0.1043163729420679,0.7609331988295589,0.38146575535842747,0.11904761904761904,0.05184427375278252,"Mul(Add(1,Div(Count(Greater($close,$open),5),5)),Mul(Add(1,Div(Count(Less($open,Ref($close,1)),5),5)),Mul(Add(1,Div(Count(Greater($volume,Mean($volume,20)),5),5)),Div(Mul(Mul(Add(1,Div(Count(Less($close,Ref($close,1)),10),10)),Div(WMA($low,10),$close)),Sub(1,Slope(Log($close),10))),Add(1,Mul(0.5,Mean(Log(Div($high,$low)),20)))))))","WMA($low, 10) / $close * (1 + Count(Less($close, Ref($close, 1)), 10) / 10) * (1 - Slope(Log($close), 10)) / (1 + Mean(Log($high / $low), 20) * 0.5) * (1 + Count(Greater($volume, Mean($volume, 20)), 5) / 5) * (1 + Count(Less($open, Ref($close, 1)), 5) / 5) * (1 + Count(Greater($close, $open), 5) / 5)",37,0.05184427375278252,0.010416172108836146,2018Q4,"{""2016Q1"":0.052794722325884745,""2016Q2"":0.099159133481816,""2016Q3"":0.1323576084522802,""2016Q4"":0.08873467152025219,""2017Q1"":0.0672759348995351,""2017Q2"":0.03373153415716094,""2017Q3"":0.078654363775564,""2017Q4"":0.014639978330208732,""2018Q1"":0.05028836929341258,""2018Q2"":0.03039066954314181,""2018Q3"":0.05655864284880463,""2018Q4"":0.010416172108836146,""2019Q1"":0.02752445313106362,""2019Q2"":0.0744945430574022,""2019Q3"":0.033379762326865514,""2019Q4"":0.04208943628834116,""2020Q1"":0.022673457828710906,""2020Q2"":0.034354654275941456,""2020Q3"":0.061017303696414095,""2020Q4"":0.015386787550596158}",0.052794722325884745,0.099159133481816,0.1323576084522802,0.08873467152025219,0.0672759348995351,0.03373153415716094,0.078654363775564,0.014639978330208732,0.05028836929341258,0.03039066954314181,0.05655864284880463,0.010416172108836146,0.02752445313106362,0.0744945430574022,0.033379762326865514,0.04208943628834116,0.022673457828710906,0.034354654275941456,0.061017303696414095,0.015386787550596158,True,ac7d60ba5aaa5382
0.1203192598963974,7.509485712546102,0.8187907230165786,0.9977938144329898,0.002206185567010309,0.0,0.76317891521421,0.008858682105955851,0.01111060660058602,0.6021944599119357,0.29481647215987417,0.0,0.027221675566878017,"Mul(Add(1,Div(Count(Greater($volume,Mean($volume,20)),5),5)),Div(Mul(Rsquare(Log($close),20),Sub(0,Resi(Log($close),20))),Add(1,Std(Log(Div($close,Ref($close,1))),20))))","(0 - Resi(Log($close), 20)) * Rsquare(Log($close), 20) / (1 + Std(Log($close / Ref($close, 1)), 20)) * (1 + Count(Greater($volume, Mean($volume, 20)), 5) / 5)",38,0.027221675566878017,-0.005708316435207018,2016Q1,"{""2016Q1"":-0.005708316435207018,""2016Q2"":0.036284890781084246,""2016Q3"":0.06677048953517184,""2016Q4"":0.04836937598323894,""2017Q1"":0.042676302640751645,""2017Q2"":0.029260807412845164,""2017Q3"":0.038194964702838965,""2017Q4"":0.01947184853705463,""2018Q1"":0.036646853146747475,""2018Q2"":0.03236564802054294,""2018Q3"":0.041478243276776086,""2018Q4"":0.00636131231193498,""2019Q1"":0.014324652841955863,""2019Q2"":0.03341289665377698,""2019Q3"":-0.004385663934757768,""2019Q4"":0.04205111606670633,""2020Q1"":0.0065105278895510755,""2020Q2"":0.04108171515826102,""2020Q3"":0.004933083874805798,""2020Q4"":0.012791440556338962}",-0.005708316435207018,0.036284890781084246,0.06677048953517184,0.04836937598323894,0.042676302640751645,0.029260807412845164,0.038194964702838965,0.01947184853705463,0.036646853146747475,0.03236564802054294,0.041478243276776086,0.00636131231193498,0.014324652841955863,0.03341289665377698,-0.004385663934757768,0.04205111606670633,0.0065105278895510755,0.04108171515826102,0.004933083874805798,0.012791440556338962,False,ac7d60ba5aaa5382
-0.8896383395339289,4.7038470817023965,1.1242911391980324,0.9957869415807561,0.004213058419243986,0.0,0.8975161225911265,0.5225780617237268,0.10857509880852131,0.6350646271325613,0.2855901100629198,0.0,0.0368808451477755,"Mul(Mul(Add(1,Div(Count(Greater($volume,Mean($volume,20)),5),5)),Div(Mul(Add(1,Div(Count(Less($close,Ref($close,1)),10),10)),Div(Ref($close,10),$close)),Add(1,Std(Log(Div($close,Ref($close,1))),20)))),Sub(1,Quantile(Log(Div($high,$close)),20,0.9)))","Ref($close, 10) / $close * (1 + Count(Less($close, Ref($close, 1)), 10) / 10) / (1 + Std(Log($close / Ref($close, 1)), 20)) * (1 + Count(Greater($volume, Mean($volume, 20)), 5) / 5) * (1 - Quantile(Log($high / $close), 20, 0.9))",38,0.0368808451477755,0.002329930616135131,2017Q4,"{""2016Q1"":0.0672594048373164,""2016Q2"":0.07675081257957675,""2016Q3"":0.09069738057532219,""2016Q4"":0.0600952989874662,""2017Q1"":0.05353204563017216,""2017Q2"":0.03389058185856827,""2017Q3"":0.0542009947952548,""2017Q4"":0.002329930616135131,""2018Q1"":0.018328397363082047,""2018Q2"":0.023557195201341932,""2018Q3"":0.032803144577921134,""2018Q4"":0.008550258007443556,""2019Q1"":0.0141818640278784,""2019Q2"":0.04071542968401271,""2019Q3"":0.03732657209655693,""2019Q4"":0.020729177308745662,""2020Q1"":0.03254796189562798,""2020Q2"":0.008225914185712719,""2020Q3"":0.047129835866165926,""2020Q4"":0.006635899443843062}",0.0672594048373164,0.07675081257957675,0.09069738057532219,0.0600952989874662,0.05353204563017216,0.03389058185856827,0.0542009947952548,0.002329930616135131,0.018328397363082047,0.023557195201341932,0.032803144577921134,0.008550258007443556,0.0141818640278784,0.04071542968401271,0.03732657209655693,0.020729177308745662,0.03254796189562798,0.008225914185712719,0.047129835866165926,0.006635899443843062,False,ac7d60ba5aaa5382
1.9240794494168774,14.87666081966042,1.0501566131352764,0.9977938144329898,0.002206185567010309,0.0,0.9542800217643199,0.8126791887290569,0.4929673462137665,0.3859260221696798,0.17236097074527593,0.0,0.012921274351600728,"Mul(Add(1,Div(Count(Greater($volume,Mean($volume,20)),5),5)),Div(Mul(Add(1,Div(Count(Less($close,Ref($close,1)),10),10)),Div(Max($high,60),$close)),Add(1,Std(Log(Div($close,Ref($close,1))),20))))","Max($high, 60) / $close * (1 + Count(Less($close, Ref($close, 1)), 10) / 10) / (1 + Std(Log($close / Ref($close, 1)), 20)) * (1 + Count(Greater($volume, Mean($volume, 20)), 5) / 5)",38,0.012921274351600728,-0.02707849020721908,2020Q4,"{""2016Q1"":0.06162238971089907,""2016Q2"":0.04227800165472338,""2016Q3"":0.039566934214526644,""2016Q4"":0.015386252574250369,""2017Q1"":0.012797273166454754,""2017Q2"":-0.014228035676921576,""2017Q3"":0.048644103906705295,""2017Q4"":-0.009843997990437062,""2018Q1"":0.02033047210034429,""2018Q2"":0.007123327710755133,""2018Q3"":-0.012190538745703293,""2018Q4"":0.003459100114371382,""2019Q1"":0.0402761725700743,""2019Q2"":0.010918238686862458,""2019Q3"":0.009501002529385093,""2019Q4"":0.0022343472629121858,""2020Q1"":0.005747106789193256,""2020Q2"":-0.011666386611763875,""2020Q3"":0.010543379540581392,""2020Q4"":-0.02707849020721908}",0.06162238971089907,0.04227800165472338,0.039566934214526644,0.015386252574250369,0.012797273166454754,-0.014228035676921576,0.048644103906705295,-0.009843997990437062,0.02033047210034429,0.007123327710755133,-0.012190538745703293,0.003459100114371382,0.0402761725700743,0.010918238686862458,0.009501002529385093,0.0022343472629121858,0.005747106789193256,-0.011666386611763875,0.010543379540581392,-0.02707849020721908,False,ac7d60ba5aaa5382
