f0,f1,f2,f3,f4,f5,f6,f7,f8,f9,f10,f11,score,canonical,expression,round_id,train_rankic,worst_rankic,worst_quarter,quarterly_rankic,rankic_2016Q1,rankic_2016Q2,rankic_2016Q3,rankic_2016Q4,rankic_2017Q1,rankic_2017Q2,rankic_2017Q3,rankic_2017Q4,rankic_2018Q1,rankic_2018Q2,rankic_2018Q3,rankic_2018Q4,rankic_2019Q1,rankic_2019Q2,rankic_2019Q3,rankic_2019Q4,rankic_2020Q1,rankic_2020Q2,rankic_2020Q3,rankic_2020Q4,schema_version
0.8862274567791213,4.529762299217599,0.9723651541812914,0.9978075601374571,0.0021924398625429555,0.0,-0.006582572120089391,0.00279083916967517,-0.0016927521337232864,0.8496857055640069,0.3551058456085921,0.12195121951219512,-0.09546599079664518,"Div(Sub($close,$open),$open)",($close - $open) / $open,0,-0.0431553667090554,-0.09546599079664518,2016Q2,"{""2016Q1"":0.0012289226423500893,""2016Q2"":-0.09546599079664518,""2016Q3"":-0.085256934309958,""2016Q4"":-0.07702625095187941,""2017Q1"":-0.06286075168589961,""2017Q2"":0.0017050805738948183,""2017Q3"":-0.06515179905814732,""2017Q4"":-0.039038634060467335,""2018Q1"":-0.03513759460733572,""2018Q2"":-0.03944126264773339,""2018Q3"":-0.05890308581197825,""2018Q4"":0.0013017384963466563,""2019Q1"":-0.017782538842789616,""2019Q2"":-0.08170874276526212,""2019Q3"":-0.031632725747599656,""2019Q4"":-0.043549605549016934,""2020Q1"":-0.008970547117140314,""2020Q2"":-0.04109581890083092,""2020Q3"":-0.04445185166409111,""2020Q4"":-0.031167316441125067}",0.0012289226423500893,-0.09546599079664518,-0.085256934309958,-0.07702625095187941,-0.06286075168589961,0.0017050805738948183,-0.06515179905814732,-0.039038634060467335,-0.03513759460733572,-0.03944126264773339,-0.05890308581197825,0.0013017384963466563,-0.017782538842789616,-0.08170874276526212,-0.031632725747599656,-0.043549605549016934,-0.008970547117140314,-0.04109581890083092,-0.04445185166409111,-0.031167316441125067,ac7d60ba5aaa5382
1.6842687468544082,4.590280988146125,1.0946189515657834,0.9978075601374571,0.0021924398625429555,0.0,0.5009622223361002,0.40259276168295377,0.33319777205418827,0.6015474815441526,0.24612252936562282,0.0,-0.10155327981728873,"Div(Sub($high,$low),$open)",($high - $low) / $open,0,-0.034055432314469364,-0.10155327981728873,2016Q3,"{""2016Q1"":-0.03660901196894085,""2016Q2"":-0.08569675593875214,""2016Q3"":-0.10155327981728873,""2016Q4"":-0.08123713418044434,""2017Q1"":-0.060265062304039246,""2017Q2"":-0.02877081107939977,""2017Q3"":-0.03905571042187226,""2017Q4"":0.013607996474239959,""2018Q1"":-0.022341806729731486,""2018Q2"":-0.007785720177161058,""2018Q3"":-0.025229339809714764,""2018Q4"":-0.022240985487011138,""2019Q1"":-0.012336624715135129,""2019Q2"":-0.03221767441839215,""2019Q3"":-0.025890357628491727,""2019Q4"":-0.028819104219644297,""2020Q1"":-0.026571858138661628,""2020Q2"":-0.004198812673356692,""2020Q3"":-0.04154423066057545,""2020Q4"":-0.005027900986798962}",-0.03660901196894085,-0.08569675593875214,-0.10155327981728873,-0.08123713418044434,-0.060265062304039246,-0.02877081107939977,-0.03905571042187226,0.013607996474239959,-0.022341806729731486,-0.007785720177161058,-0.025229339809714764,-0.022240985487011138,-0.012336624715135129,-0.03221767441839215,-0.025890357628491727,-0.028819104219644297,-0.026571858138661628,-0.004198812673356692,-0.04154423066057545,-0.005027900986798962,ac7d60ba5aaa5382
0.07542575011965112,-0.28586216435145595,1.4776969692725115,0.9978075601374571,0.0021924398625429555,0.0,-0.021082870020213872,-0.0011976912247397527,-6.2811732733618e-05,0.8319122466197105,0.3197892325084105,0.04878048780487805,-0.07885308152490172,"Div(Sub($close,$open),Add(1e-12,Sub($high,$low)))",($close - $open) / ($high - $low + 1e-12),0,-0.03390264407431981,-0.07885308152490172,2016Q2,"{""2016Q1"":0.03532094635932116,""2016Q2"":-0.07885308152490172,""2016Q3"":-0.06941502489155292,""2016Q4"":-0.058101757929907794,""2017Q1"":-0.052066270681216206,""2017Q2"":0.0092402348173141,""2017Q3"":-0.05474731081403428,""2017Q4"":-0.027335420045010873,""2018Q1"":-0.02275547967123357,""2018Q2"":-0.03312548674389801,""2018Q3"":-0.05669907810104985,""2018Q4"":0.00535511354996701,""2019Q1"":-0.019530211988249745,""2019Q2"":-0.06968321895856372,""2019Q3"":-0.030411037038308077,""2019Q4"":-0.04800745462790963,""2020Q1"":0.006831477703839221,""2020Q2"":-0.03820044357287785,""2020Q3"":-0.03698618485747715,""2020Q4"":-0.029301840914360805}",0.03532094635932116,-0.07885308152490172,-0.06941502489155292,-0.058101757929907794,-0.052066270681216206,0.0092402348173141,-0.05474731081403428,-0.027335420045010873,-0.02275547967123357,-0.03312548674389801,-0.05669907810104985,0.00535511354996701,-0.019530211988249745,-0.06968321895856372,-0.030411037038308077,-0.04800745462790963,0.006831477703839221,-0.03820044357287785,-0.03698618485747715,-0.029301840914360805,ac7d60ba5aaa5382
1.9309193738255155,6.285566301574498,1.0906912805603466,0.9978075601374571,0.0021924398625429555,0.0,0.19388905126881764,0.16610577471471252,0.1328105887367924,0.7189839424199433,0.19478523008668017,0.024390243902439025,-0.04152617944961925,"Div(Sub($high,Greater($close,$open)),$open)","($high - Greater($open, $close)) / $open",0,-0.0012213498758425496,-0.04152617944961925,2016Q3,"{""2016Q1"":0.004620595062238545,""2016Q2"":-0.036692293991606804,""2016Q3"":-0.04152617944961925,""2016Q4"":-0.03952514245773494,""2017Q1"":-0.0063698996096882895,""2017Q2"":-0.0012089356804124945,""2017Q3"":0.0026431414794576462,""2017Q4"":0.010761709958236415,""2018Q1"":0.012269153771611682,""2018Q2"":0.020533416263368163,""2018Q3"":0.02145018320476199,""2018Q4"":0.027171279073580693,""2019Q1"":0.007539157081183807,""2019Q2"":-0.015063532966946463,""2019Q3"":0.006920538878214317,""2019Q4"":0.005045838531721237,""2020Q1"":0.010520669211575762,""2020Q2"":0.003259174809851049,""2020Q3"":-0.028194998716535247,""2020Q4"":0.016358737781891196}",0.004620595062238545,-0.036692293991606804,-0.04152617944961925,-0.03952514245773494,-0.0063698996096882895,-0.0012089356804124945,0.0026431414794576462,0.010761709958236415,0.012269153771611682,0.020533416263368163,0.02145018320476199,0.027171279073580693,0.007539157081183807,-0.015063532966946463,0.006920538878214317,0.005045838531721237,0.010520669211575762,0.003259174809851049,-0.028194998716535247,0.016358737781891196,ac7d60ba5aaa5382
0.5588403884499534,-0.004257638405664495,1.4437513171143777,0.9978075601374571,0.0021924398625429555,0.0,-0.011208025505878353,0.012234913216288156,0.01810533538212502,0.7189839429419966,0.09204743089184204,0.024390243902439025,-0.00961653871288675,"Div(Sub($high,Greater($close,$open)),Add(1e-12,Sub($high,$low)))","($high - Greater($open, $close)) / ($high - $low + 1e-12)",0,0.018213013886476722,-0.00961653871288675,2020Q3,"{""2016Q1"":0.018282313371221666,""2016Q2"":0.005986124147341466,""2016Q3"":0.007443189183337013,""2016Q4"":0.005970801719921564,""2017Q1"":0.031657312779913446,""2017Q2"":0.01628748949880194,""2017Q3"":0.02828664279825581,""2017Q4"":0.005899721221358414,""2018Q1"":0.03208809015697652,""2018Q2"":0.02545096174935308,""2018Q3"":0.036979148712671286,""2018Q4"":0.03629959662997057,""2019Q1"":0.022594721199107267,""2019Q2"":0.0014540771858197567,""2019Q3"":0.01970567211633059,""2019Q4"":0.017605278226756692,""2020Q1"":0.03873402055257504,""2020Q2"":0.0029240872329681254,""2020Q3"":-0.00961653871288675,""2020Q4"":0.02291600845791013}",0.018282313371221666,0.005986124147341466,0.007443189183337013,0.005970801719921564,0.031657312779913446,0.01628748949880194,0.02828664279825581,0.005899721221358414,0.03208809015697652,0.02545096174935308,0.036979148712671286,0.03629959662997057,0.022594721199107267,0.0014540771858197567,0.01970567211633059,0.017605278226756692,0.03873402055257504,0.0029240872329681254,-0.00961653871288675,0.02291600845791013,ac7d60ba5aaa5382
1.8939640662754675,6.783496263723005,1.088988605056337,0.9978075601374571,0.0021924398625429555,0.0,0.17388710747176317,0.1748451002631043,0.14964801648118373,0.7008210865379496,0.10958018209768089,0.024390243902439025,-0.07620367686856509,"Div(Sub(Less($close,$open),$low),$open)","(Less($open, $close) - $low) / $open",0,-0.04215655097833332,-0.07620367686856509,2018Q3,"{""2016Q1"":-0.03377510133861633,""2016Q2"":-0.042050674562215666,""2016Q3"":-0.038406763887605555,""2016Q4"":-0.05737200173250621,""2017Q1"":-0.0261538737094744,""2017Q2"":-0.03677198185247551,""2017Q3"":-0.05709134405272721,""2017Q4"":-0.04005877842211937,""2018Q1"":-0.050387465962479255,""2018Q2"":-0.053696233349058015,""2018Q3"":-0.07620367686856509,""2018Q4"":-0.05625075401686074,""2019Q1"":-0.01963717995793672,""2019Q2"":-0.04929444035144439,""2019Q3"":-0.03941826413593659,""2019Q4"":-0.013726048320804334,""2020Q1"":-0.04430535932411998,""2020Q2"":-0.008473119027575996,""2020Q3"":-0.06095950319100357,""2020Q4"":-0.03283729721460414}",-0.03377510133861633,-0.042050674562215666,-0.038406763887605555,-0.05737200173250621,-0.0261538737094744,-0.03677198185247551,-0.05709134405272721,-0.04005877842211937,-0.050387465962479255,-0.053696233349058015,-0.07620367686856509,-0.05625075401686074,-0.01963717995793672,-0.04929444035144439,-0.03941826413593659,-0.013726048320804334,-0.04430535932411998,-0.008473119027575996,-0.06095950319100357,-0.03283729721460414,ac7d60ba5aaa5382
0.7156797950031467,0.4955976545654649,1.3732150140803696,0.9978075601374571,0.0021924398625429555,0.0,0.0015304532575152773,0.01769941304195888,0.01521065520131822,0.7008210841985281,0.10866164192047108,0.024390243902439025,-0.07269481054185022,"Div(Sub(Less($close,$open),$low),Add(1e-12,Sub($high,$low)))","(Less($open, $close) - $low) / ($high - $low + 1e-12)",0,-0.020515103095803983,-0.07269481054185022,2018Q3,"{""2016Q1"":-0.004817842778491022,""2016Q2"":0.008114903586050574,""2016Q3"":0.02076129776040248,""2016Q4"":-0.009408146470335086,""2017Q1"":0.013146295366959255,""2017Q2"":-0.018492191085210188,""2017Q3"":-0.02999436477152059,""2017Q4"":-0.044094512391530484,""2018Q1"":-0.029315611111523584,""2018Q2"":-0.048410497236836346,""2018Q3"":-0.07269481054185022,""2018Q4"":-0.039308404386212505,""2019Q1"":-0.012815896063464853,""2019Q2"":-0.02455160073642299,""2019Q3"":-0.02168073063501583,""2019Q4"":-0.003982509077518803,""2020Q1"":-0.01754481249616877,""2020Q2"":-0.003943704554272573,""2020Q3"":-0.03944492468191955,""2020Q4"":-0.028011848701033043}",-0.004817842778491022,0.008114903586050574,0.02076129776040248,-0.009408146470335086,0.013146295366959255,-0.018492191085210188,-0.02999436477152059,-0.044094512391530484,-0.029315611111523584,-0.048410497236836346,-0.07269481054185022,-0.039308404386212505,-0.012815896063464853,-0.02455160073642299,-0.02168073063501583,-0.003982509077518803,-0.01754481249616877,-0.003943704554272573,-0.03944492468191955,-0.028011848701033043,ac7d60ba5aaa5382
0.8382405646637257,4.927476449752068,0.9988316226406275,0.9978075601374571,0.0021924398625429555,0.0,-0.036130313039464054,0.0019252331938091958,0.0085480382282655,0.8496857032322089,0.30879376912265033,0.04878048780487805,-0.09996784626498523,"Div(Sub(Sub(Mul($close,2),$high),$low),$open)",(2 * $close - $high - $low) / $open,0,-0.058107274367051244,-0.09996784626498523,2018Q3,"{""2016Q1"":-0.03642104692260684,""2016Q2"":-0.0894026713245344,""2016Q3"":-0.06618083871062144,""2016Q4"":-0.07893645439552431,""2017Q1"":-0.0695572019407167,""2017Q2"":-0.022621091653985827,""2017Q3"":-0.0848293651237446,""2017Q4"":-0.054819164840949175,""2018Q1"":-0.057661101692193927,""2018Q2"":-0.06934454589911979,""2018Q3"":-0.09996784626498523,""2018Q4"":-0.040868860394107774,""2019Q1"":-0.030180670200352425,""2019Q2"":-0.08757312115980397,""2019Q3"":-0.047225892550567,""2019Q4"":-0.03828539510061636,""2020Q1"":-0.04231093281093143,""2020Q2"":-0.040331124195088046,""2020Q3"":-0.052952543113587325,""2020Q4"":-0.046016083794562776}",-0.03642104692260684,-0.0894026713245344,-0.06618083871062144,-0.07893645439552431,-0.0695572019407167,-0.022621091653985827,-0.0848293651237446,-0.054819164840949175,-0.057661101692193927,-0.06934454589911979,-0.09996784626498523,-0.040868860394107774,-0.030180670200352425,-0.08757312115980397,-0.047225892550567,-0.03828539510061636,-0.04231093281093143,-0.040331124195088046,-0.052952543113587325,-0.046016083794562776,ac7d60ba5aaa5382
0.1803221808233703,0.23098466924160524,1.408649630546629,0.9978075601374571,0.0021924398625429555,0.0,-0.016442507372986925,0.007691886931143546,0.009692373155686789,0.8024885633523159,0.27453845465172344,0.04878048780487805,-0.10495201671098162,"Div(Sub(Sub(Mul($close,2),$high),$low),Add(1e-12,Sub($high,$low)))",(2 * $close - $high - $low) / ($high - $low + 1e-12),0,-0.048259689465160426,-0.10495201671098162,2018Q3,"{""2016Q1"":0.00953946206263807,""2016Q2"":-0.07259905944036685,""2016Q3"":-0.051675937851069366,""2016Q4"":-0.061408549722408674,""2017Q1"":-0.05456223104303982,""2017Q2"":-0.0059771167760269035,""2017Q3"":-0.07320775991644453,""2017Q4"":-0.0472270218201796,""2018Q1"":-0.0437016024231574,""2018Q2"":-0.061736494118966895,""2018Q3"":-0.10495201671098162,""2018Q4"":-0.038050173604475414,""2019Q1"":-0.03430860866939414,""2019Q2"":-0.07597661672503127,""2019Q3"":-0.04457994388324054,""2019Q4"":-0.048327535173836075,""2020Q1"":-0.019915324689835617,""2020Q2"":-0.03457385348071884,""2020Q3"":-0.047269492562678324,""2020Q4"":-0.04594727588013946}",0.00953946206263807,-0.07259905944036685,-0.051675937851069366,-0.061408549722408674,-0.05456223104303982,-0.0059771167760269035,-0.07320775991644453,-0.0472270218201796,-0.0437016024231574,-0.061736494118966895,-0.10495201671098162,-0.038050173604475414,-0.03430860866939414,-0.07597661672503127,-0.04457994388324054,-0.048327535173836075,-0.019915324689835617,-0.03457385348071884,-0.047269492562678324,-0.04594727588013946,ac7d60ba5aaa5382
-0.5272747136131843,3.8185655142665484,0.9984975380765077,0.9973676975945017,0.0026323024054982816,0.0,0.4438588728769589,-0.0015859294446301769,-0.005201782445233436,0.8742301117526101,0.40943893559912725,0.12195121951219512,-0.01887346887366319,"Div(Ref($open,1),$close)","Ref($open, 1) / $close",0,0.0373771751972369,-0.01887346887366319,2018Q4,"{""2016Q1"":0.022871672383055614,""2016Q2"":0.08639710335978702,""2016Q3"":0.1018028382147114,""2016Q4"":0.054254937566760336,""2017Q1"":0.06227474957735492,""2017Q2"":0.012150307799197029,""2017Q3"":0.06403213126146852,""2017Q4"":0.047007864612643085,""2018Q1"":0.03616722178896317,""2018Q2"":0.01643867402553238,""2018Q3"":0.03748335082240693,""2018Q4"":-0.01887346887366319,""2019Q1"":0.00995091897086599,""2019Q2"":0.04166117154879446,""2019Q3"":0.01574613479871382,""2019Q4"":0.047999706932810866,""2020Q1"":0.009679615195310005,""2020Q2"":0.0575670676943336,""2020Q3"":0.01114953675120221,""2020Q4"":0.026995942009518}",0.022871672383055614,0.08639710335978702,0.1018028382147114,0.054254937566760336,0.06227474957735492,0.012150307799197029,0.06403213126146852,0.047007864612643085,0.03616722178896317,0.01643867402553238,0.03748335082240693,-0.01887346887366319,0.00995091897086599,0.04166117154879446,0.01574613479871382,0.047999706932810866,0.009679615195310005,0.0575670676943336,0.01114953675120221,0.026995942009518,ac7d60ba5aaa5382
0.21757393472331296,4.168429500816908,0.9992708317846977,0.9973676975945017,0.0026323024054982816,0.0,0.246241647219978,0.010347896689505445,0.02155692274310519,0.795132500281045,0.35493712844870895,0.14634146341463414,-0.021597121634752945,"Div(Ref($high,1),$close)","Ref($high, 1) / $close",0,0.027073086422392152,-0.021597121634752945,2018Q4,"{""2016Q1"":0.008020102666275218,""2016Q2"":0.0699101372001842,""2016Q3"":0.0588975413074585,""2016Q4"":0.03331647735270725,""2017Q1"":0.0452782001943701,""2017Q2"":-0.008429881380410774,""2017Q3"":0.05791596218385901,""2017Q4"":0.04482938598183272,""2018Q1"":0.03247086922842215,""2018Q2"":0.01604482665112493,""2018Q3"":0.038759351872137235,""2018Q4"":-0.021597121634752945,""2019Q1"":0.012757121797744667,""2019Q2"":0.03505542285951218,""2019Q3"":-0.0018254480665114983,""2019Q4"":0.03504617701661416,""2020Q1"":0.008455899680055832,""2020Q2"":0.04843028964724256,""2020Q3"":0.006793348718640127,""2020Q4"":0.01849969392925288}",0.008020102666275218,0.0699101372001842,0.0588975413074585,0.03331647735270725,0.0452782001943701,-0.008429881380410774,0.05791596218385901,0.04482938598183272,0.03247086922842215,0.01604482665112493,0.038759351872137235,-0.021597121634752945,0.012757121797744667,0.03505542285951218,-0.0018254480665114983,0.03504617701661416,0.008455899680055832,0.04843028964724256,0.006793348718640127,0.01849969392925288,ac7d60ba5aaa5382
-1.1344716867056976,4.568766405023328,1.003903735776253,0.9973676975945017,0.0026323024054982816,0.0,0.3905838109231712,0.07610905633351073,0.06043674744177206,0.8742301110418161,0.41583784372727833,0.14634146341463414,-0.015527959601275777,"Div(Ref($low,1),$close)","Ref($low, 1) / $close",0,0.04610131960175362,-0.015527959601275777,2018Q4,"{""2016Q1"":0.02228812329042939,""2016Q2"":0.09780433960938849,""2016Q3"":0.1303956844325401,""2016Q4"":0.0865783780423283,""2017Q1"":0.07809836662969355,""2017Q2"":0.006247878209375882,""2017Q3"":0.07335763253651867,""2017Q4"":0.046316902971591786,""2018Q1"":0.03857012453173408,""2018Q2"":0.017032563470038193,""2018Q3"":0.05068750051183742,""2018Q4"":-0.015527959601275777,""2019Q1"":0.008859387810037962,""2019Q2"":0.07522510374365536,""2019Q3"":0.03060556861458737,""2019Q4"":0.05043798666401805,""2020Q1"":0.017085060715988008,""2020Q2"":0.04057364312795893,""2020Q3"":0.03292150864916423,""2020Q4"":0.024952345329073027}",0.02228812329042939,0.09780433960938849,0.1303956844325401,0.0865783780423283,0.07809836662969355,0.006247878209375882,0.07335763253651867,0.046316902971591786,0.03857012453173408,0.017032563470038193,0.05068750051183742,-0.015527959601275777,0.008859387810037962,0.07522510374365536,0.03060556861458737,0.05043798666401805,0.017085060715988008,0.04057364312795893,0.03292150864916423,0.024952345329073027,ac7d60ba5aaa5382
1.0338731227047966,7.4864435006270424,1.2252929776766985,0.9973676975945017,0.0026323024054982816,0.0,-0.28957856042354907,-0.009406791620503596,-7.507786986794588e-05,0.6505183731004146,0.13371415616171822,0.0,-0.0030297564649060626,"Div(Ref($volume,1),Add($volume,1e-12))","Ref($volume, 1) / ($volume + 1e-12)",0,0.021321931738114138,-0.0030297564649060626,2019Q3,"{""2016Q1"":0.05418011511321842,""2016Q2"":0.05546190119401308,""2016Q3"":0.03189772682747427,""2016Q4"":0.025520192610093046,""2017Q1"":0.03828432415210156,""2017Q2"":0.008809881626436231,""2017Q3"":0.02999925313133884,""2017Q4"":0.0017443123029376197,""2018Q1"":0.016944505793669174,""2018Q2"":0.019271595453292732,""2018Q3"":0.02824807832857126,""2018Q4"":0.025318013900438727,""2019Q1"":0.000804485338357708,""2019Q2"":-0.002921452037545426,""2019Q3"":-0.0030297564649060626,""2019Q4"":0.02867865179497893,""2020Q1"":0.014965820907171575,""2020Q2"":0.02743656664025478,""2020Q3"":0.00820501915387166,""2020Q4"":0.01720516551590411}",0.05418011511321842,0.05546190119401308,0.03189772682747427,0.025520192610093046,0.03828432415210156,0.008809881626436231,0.02999925313133884,0.0017443123029376197,0.016944505793669174,0.019271595453292732,0.02824807832857126,0.025318013900438727,0.000804485338357708,-0.002921452037545426,-0.0030297564649060626,0.02867865179497893,0.014965820907171575,0.02743656664025478,0.00820501915387166,0.01720516551590411,ac7d60ba5aaa5382
-0.2731027172663059,4.306330637272114,1.0224170859120374,0.9963848797250859,0.003615120274914089,0.0,0.7917999774995835,-0.007802026763733949,-0.0063258905699326426,0.8645903009415806,0.42076659976718633,0.17073170731707318,-0.002419232120153542,"Div(Ref($close,5),$close)","Ref($close, 5) / $close",0,0.04455986648480977,-0.002419232120153542,2020Q1,"{""2016Q1"":0.041452709878437535,""2016Q2"":0.09385590954122018,""2016Q3"":0.10463560148220902,""2016Q4"":0.06096473485990093,""2017Q1"":0.07234640629355252,""2017Q2"":0.033216836610068405,""2017Q3"":0.06316637252878587,""2017Q4"":0.023502099800995817,""2018Q1"":0.06713260528752246,""2018Q2"":0.035055930499341005,""2018Q3"":0.03420751450782553,""2018Q4"":0.001773345011517334,""2019Q1"":0.03575743006909972,""2019Q2"":0.06605794136930819,""2019Q3"":0.012757533064071154,""2019Q4"":0.042497172277071234,""2020Q1"":-0.002419232120153542,""2020Q2"":0.03546846777388964,""2020Q3"":0.06231919151660272,""2020Q4"":-3.965874583261218e-05}",0.041452709878437535,0.09385590954122018,0.10463560148220902,0.06096473485990093,0.07234640629355252,0.033216836610068405,0.06316637252878587,0.023502099800995817,0.06713260528752246,0.035055930499341005,0.03420751450782553,0.001773345011517334,0.03575743006909972,0.06605794136930819,0.012757533064071154,0.042497172277071234,-0.002419232120153542,0.03546846777388964,0.06231919151660272,-3.965874583261218e-05,ac7d60ba5aaa5382
-0.4777066922553953,4.66413666523879,0.9866153410930436,0.9978075601374571,0.0021924398625429555,0.0,0.6674119043834078,-0.009779979796324494,-0.0062062360923953105,0.9224402637419337,0.4694924726330894,0.24390243902439024,-0.00492291205117849,"Div(Mean($close,5),$close)","Mean($close, 5) / $close",0,0.03844601760258885,-0.00492291205117849,2018Q4,"{""2016Q1"":0.010736684439775919,""2016Q2"":0.09069088097955537,""2016Q3"":0.10180959363266279,""2016Q4"":0.06077564630097121,""2017Q1"":0.06510218428032538,""2017Q2"":0.010936387489532469,""2017Q3"":0.05879887347602532,""2017Q4"":0.021180526729769996,""2018Q1"":0.039389289814456684,""2018Q2"":0.01961893703687651,""2018Q3"":0.04877411855897089,""2018Q4"":-0.00492291205117849,""2019Q1"":0.011502656987396631,""2019Q2"":0.05224101637488448,""2019Q3"":0.012888612085648484,""2019Q4"":0.05727552320167999,""2020Q1"":-8.330708719569677e-05,""2020Q2"":0.046903254138181916,""2020Q3"":0.03242830847912857,""2020Q4"":0.025331767130037344}",0.010736684439775919,0.09069088097955537,0.10180959363266279,0.06077564630097121,0.06510218428032538,0.010936387489532469,0.05879887347602532,0.021180526729769996,0.039389289814456684,0.01961893703687651,0.04877411855897089,-0.00492291205117849,0.011502656987396631,0.05224101637488448,0.012888612085648484,0.05727552320167999,-8.330708719569677e-05,0.046903254138181916,0.03242830847912857,0.025331767130037344,ac7d60ba5aaa5382
1.944358214432837,7.330522855252129,1.0845852632146533,0.9975738831615119,0.0024261168384879725,0.0,0.8240851792168521,0.28488014725037375,0.25734179404876006,0.5916949583962382,0.17272456958496932,0.0,-0.05627119916780557,"Div(Std($close,5),$close)","Std($close, 5) / $close",0,-0.01701892150858821,-0.05627119916780557,2016Q3,"{""2016Q1"":-0.03593226829692889,""2016Q2"":-0.04563270968260946,""2016Q3"":-0.05627119916780557,""2016Q4"":-0.04563060841152206,""2017Q1"":-0.037730433488182245,""2017Q2"":-0.021073985990543376,""2017Q3"":-0.00325883880216384,""2017Q4"":0.022372741892463268,""2018Q1"":-0.0011311715634413015,""2018Q2"":-0.012242014614337337,""2018Q3"":-0.000907627859100871,""2018Q4"":-0.018789272332167026,""2019Q1"":0.007192383856841263,""2019Q2"":-0.03457519133070284,""2019Q3"":-0.026008218175825996,""2019Q4"":-0.010445569371660999,""2020Q1"":-0.01105283957154664,""2020Q2"":0.0016178043920528466,""2020Q3"":-0.0252097467610002,""2020Q4"":0.01877599542206128}",-0.03593226829692889,-0.04563270968260946,-0.05627119916780557,-0.04563060841152206,-0.037730433488182245,-0.021073985990543376,-0.00325883880216384,0.022372741892463268,-0.0011311715634413015,-0.012242014614337337,-0.000907627859100871,-0.018789272332167026,0.007192383856841263,-0.03457519133070284,-0.026008218175825996,-0.010445569371660999,-0.01105283957154664,0.0016178043920528466,-0.0252097467610002,0.01877599542206128,ac7d60ba5aaa5382
0.2617700402033052,5.199876796881697,0.9986889658215378,0.9975738831615119,0.0024261168384879725,0.0,0.8004588123202222,-0.008228154044596188,-0.005893600038764518,0.8893412912520425,0.4107158007901011,0.1951219512195122,-0.07506182237347574,"Div(Slope($close,5),$close)","Slope($close, 5) / $close",0,-0.03184882030197364,-0.07506182237347574,2016Q2,"{""2016Q1"":-0.008629148626387615,""2016Q2"":-0.07506182237347574,""2016Q3"":-0.07415121088580344,""2016Q4"":-0.051385644811096504,""2017Q1"":-0.055798809882250125,""2017Q2"":-0.021718784051431288,""2017Q3"":-0.046294661959246065,""2017Q4"":-0.0034607854707783526,""2018Q1"":-0.03901029390863737,""2018Q2"":-0.016345700868801945,""2018Q3"":-0.03802539228967795,""2018Q4"":-0.001865049567415823,""2019Q1"":-0.020138864063008702,""2019Q2"":-0.03991115389625019,""2019Q3"":-0.007975479634493346,""2019Q4"":-0.04508295283424844,""2020Q1"":-0.0011354421902829224,""2020Q2"":-0.029582244255525397,""2020Q3"":-0.03574536587993928,""2020Q4"":-0.020171242384419273}",-0.008629148626387615,-0.07506182237347574,-0.07415121088580344,-0.051385644811096504,-0.055798809882250125,-0.021718784051431288,-0.046294661959246065,-0.0034607854707783526,-0.03901029390863737,-0.016345700868801945,-0.03802539228967795,-0.001865049567415823,-0.020138864063008702,-0.03991115389625019,-0.007975479634493346,-0.04508295283424844,-0.0011354421902829224,-0.029582244255525397,-0.03574536587993928,-0.020171242384419273,ac7d60ba5aaa5382
-0.23385297623995874,-0.8918610386931234,1.6779942625876512,0.9984054982817867,0.0015945017182130584,0.0,0.3753890889565373,-0.009177828332363061,0.0028507052446186906,0.3617494859344378,0.05747294314889516,0.0,-0.0759301830106739,"Rsquare($close,5)","Rsquare($close, 5)",0,-0.011656086593103748,-0.0759301830106739,2016Q1,"{""2016Q1"":-0.0759301830106739,""2016Q2"":-0.03149906232848482,""2016Q3"":0.005266900266277378,""2016Q4"":-0.012079826670224772,""2017Q1"":-0.024761309263980184,""2017Q2"":-0.025939053984381823,""2017Q3"":-0.0008938656793542523,""2017Q4"":0.003544529150395507,""2018Q1"":-0.018313467869723755,""2018Q2"":-0.013968361044067578,""2018Q3"":-0.002881297644723377,""2018Q4"":0.001940556181380125,""2019Q1"":-0.010396691604922195,""2019Q2"":-0.012385791464793072,""2019Q3"":0.00895877198223607,""2019Q4"":0.0024095320448453976,""2020Q1"":-0.014081476753956624,""2020Q2"":-0.011527674154940158,""2020Q3"":-0.007076897294258023,""2020Q4"":0.0007805836623850577}",-0.0759301830106739,-0.03149906232848482,0.005266900266277378,-0.012079826670224772,-0.024761309263980184,-0.025939053984381823,-0.0008938656793542523,0.003544529150395507,-0.018313467869723755,-0.013968361044067578,-0.002881297644723377,0.001940556181380125,-0.010396691604922195,-0.012385791464793072,0.00895877198223607,0.0024095320448453976,-0.014081476753956624,-0.011527674154940158,-0.007076897294258023,0.0007805836623850577,ac7d60ba5aaa5382
0.0014135912765029107,3.3708670340210705,1.0105844761599598,0.9975738831615119,0.0024261168384879725,0.0,0.1728465729646225,-0.008143019558105436,-0.0061629050834318844,0.7371178924689556,0.2004178140691542,0.04878048780487805,-0.0578043720520745,"Div(Resi($close,5),$close)","Resi($close, 5) / $close",0,-0.019675279966448456,-0.0578043720520745,2016Q2,"{""2016Q1"":-0.0037986605829239523,""2016Q2"":-0.0578043720520745,""2016Q3"":-0.056967548431582915,""2016Q4"":-0.031067252983162725,""2017Q1"":-0.03238535421629375,""2017Q2"":0.025905298538346576,""2017Q3"":-0.0317381781085479,""2017Q4"":-0.03882147439457973,""2018Q1"":-0.01180844906774911,""2018Q2"":-0.011925915804557886,""2018Q3"":-0.030143486657333317,""2018Q4"":0.02565229864778004,""2019Q1"":0.013753270555187422,""2019Q2"":-0.042250820686388614,""2019Q3"":-0.02559920558071307,""2019Q4"":-0.0265473814640432,""2020Q1"":-0.002764890190510994,""2020Q2"":-0.038702589259356095,""2020Q3"":0.0065871061690428055,""2020Q4"":-0.01869383141597944}",-0.0037986605829239523,-0.0578043720520745,-0.056967548431582915,-0.031067252983162725,-0.03238535421629375,0.025905298538346576,-0.0317381781085479,-0.03882147439457973,-0.01180844906774911,-0.011925915804557886,-0.030143486657333317,0.02565229864778004,0.013753270555187422,-0.042250820686388614,-0.02559920558071307,-0.0265473814640432,-0.002764890190510994,-0.038702589259356095,0.0065871061690428055,-0.01869383141597944,ac7d60ba5aaa5382
2.078071940984086,9.616214505977453,1.0839807862454793,0.9978075601374571,0.0021924398625429555,0.0,0.7362431803374816,0.1482132912751877,0.15321264174380636,0.7767547985849829,0.32501028767766904,0.024390243902439025,-0.017583869860446733,"Div(Max($high,5),$close)","Max($high, 5) / $close",0,0.016373844626325875,-0.017583869860446733,2020Q1,"{""2016Q1"":0.004190524078052578,""2016Q2"":0.02006206420953069,""2016Q3"":0.0029260475293284814,""2016Q4"":-0.008791035388673301,""2017Q1"":0.03434423346760916,""2017Q2"":0.00573128907393835,""2017Q3"":0.042087732588151384,""2017Q4"":0.03190671012514487,""2018Q1"":0.04260548822423257,""2018Q2"":0.026922320211177565,""2018Q3"":0.03892715397490888,""2018Q4"":-0.012388555368623103,""2019Q1"":0.02146059016831712,""2019Q2"":0.01650846832044526,""2019Q3"":-0.007139181139873585,""2019Q4"":0.028657971374777203,""2020Q1"":-0.017583869860446733,""2020Q2"":0.035267272023991034,""2020Q3"":0.0018630885559521495,""2020Q4"":0.020331089030467122}",0.004190524078052578,0.02006206420953069,0.0029260475293284814,-0.008791035388673301,0.03434423346760916,0.00573128907393835,0.042087732588151384,0.03190671012514487,0.04260548822423257,0.026922320211177565,0.03892715397490888,-0.012388555368623103,0.02146059016831712,0.01650846832044526,-0.007139181139873585,0.028657971374777203,-0.017583869860446733,0.035267272023991034,0.0018630885559521495,0.020331089030467122,ac7d60ba5aaa5382
-1.9103466528357589,5.4888323420169165,1.0470397977716506,0.9978075601374571,0.0021924398625429555,0.0,0.7850312365696815,0.22212160867133054,0.17852489126736912,0.8562564709103863,0.4137036628298453,0.12195121951219512,0.007804465652105025,"Div(Min($low,5),$close)","Min($low, 5) / $close",0,0.04608539252062621,0.007804465652105025,2019Q1,"{""2016Q1"":0.033544618295520336,""2016Q2"":0.078353419149624,""2016Q3"":0.13386120490797254,""2016Q4"":0.09606066104044723,""2017Q1"":0.06468183662691275,""2017Q2"":0.034607303736460156,""2017Q3"":0.07031943699944543,""2017Q4"":0.021445584669992152,""2018Q1"":0.04259366667828263,""2018Q2"":0.023914929989696996,""2018Q3"":0.054108204307408696,""2018Q4"":0.012367149546245048,""2019Q1"":0.007804465652105025,""2019Q2"":0.06698750402591866,""2019Q3"":0.024852590944937542,""2019Q4"":0.042854041426761066,""2020Q1"":0.01309342816080233,""2020Q2"":0.02318768616545331,""2020Q3"":0.050182735183715965,""2020Q4"":0.015627089685331476}",0.033544618295520336,0.078353419149624,0.13386120490797254,0.09606066104044723,0.06468183662691275,0.034607303736460156,0.07031943699944543,0.021445584669992152,0.04259366667828263,0.023914929989696996,0.054108204307408696,0.012367149546245048,0.007804465652105025,0.06698750402591866,0.024852590944937542,0.042854041426761066,0.01309342816080233,0.02318768616545331,0.050182735183715965,0.015627089685331476,ac7d60ba5aaa5382
0.9573716944141606,8.322918324816529,0.9207539214108937,0.9978075601374571,0.0021924398625429555,0.0,0.5858890138720976,-0.008511969105466206,0.006674298302987089,0.9006284310234838,0.42546128654605975,0.17073170731707318,-0.010263221078055851,"Div(Quantile($close,5,0.8),$close)","Quantile($close, 5, 0.8) / $close",0,0.03588097675912336,-0.010263221078055851,2018Q4,"{""2016Q1"":0.019225100773712395,""2016Q2"":0.0800593140911325,""2016Q3"":0.07838238945222761,""2016Q4"":0.04650773939221954,""2017Q1"":0.068780974652986,""2017Q2"":0.008440486103406194,""2017Q3"":0.059923324496408664,""2017Q4"":0.026099550410221037,""2018Q1"":0.0418654902629224,""2018Q2"":0.02141286828821656,""2018Q3"":0.0576941875779329,""2018Q4"":-0.010263221078055851,""2019Q1"":0.015387720510658013,""2019Q2"":0.04176839576901277,""2019Q3"":8.96219850963362e-05,""2019Q4"":0.05331787689788204,""2020Q1"":0.002665591735918487,""2020Q2"":0.0467896880821894,""2020Q3"":0.02692110050415494,""2020Q4"":0.02759773772969573}",0.019225100773712395,0.0800593140911325,0.07838238945222761,0.04650773939221954,0.068780974652986,0.008440486103406194,0.059923324496408664,0.026099550410221037,0.0418654902629224,0.02141286828821656,0.0576941875779329,-0.010263221078055851,0.015387720510658013,0.04176839576901277,8.96219850963362e-05,0.05331787689788204,0.002665591735918487,0.0467896880821894,0.02692110050415494,0.02759773772969573,ac7d60ba5aaa5382
-1.7414244833033503,6.506994041778156,0.8905174107293664,0.9978075601374571,0.0021924398625429555,0.0,0.6687709295527884,0.04699656952051471,0.032989769817194085,0.9224402642349012,0.45544783918957715,0.1951219512195122,-0.014284957716266181,"Div(Quantile($close,5,0.2),$close)","Quantile($close, 5, 0.2) / $close",0,0.03730288562658996,-0.014284957716266181,2018Q4,"{""2016Q1"":-0.006058455646400278,""2016Q2"":0.08876421882946194,""2016Q3"":0.11031760498466815,""2016Q4"":0.06728251489846304,""2017Q1"":0.06185798385876158,""2017Q2"":0.0062157287569220366,""2017Q3"":0.058396481092535736,""2017Q4"":0.018842047755159172,""2018Q1"":0.024539427036473556,""2018Q2"":0.01744235239342978,""2018Q3"":0.04483872904163365,""2018Q4"":-0.014284957716266181,""2019Q1"":0.005848593911822505,""2019Q2"":0.06168864163229583,""2019Q3"":0.029761176078614924,""2019Q4"":0.05413317780695252,""2020Q1"":0.0008250866593013589,""2020Q2"":0.04520466278170127,""2020Q3"":0.03564922324552968,""2020Q4"":0.024226539637448394}",-0.006058455646400278,0.08876421882946194,0.11031760498466815,0.06728251489846304,0.06185798385876158,0.0062157287569220366,0.058396481092535736,0.018842047755159172,0.024539427036473556,0.01744235239342978,0.04483872904163365,-0.014284957716266181,0.005848593911822505,0.06168864163229583,0.029761176078614924,0.05413317780695252,0.0008250866593013589,0.04520466278170127,0.03564922324552968,0.024226539637448394,ac7d60ba5aaa5382
0.04676321558227033,0.4996375877691185,1.421631004278986,0.9978075601374571,0.0021924398625429555,0.0,0.4779568754189993,-0.018221909613056267,-0.005795703614177286,0.8437972561969765,0.42554163634661446,0.04878048780487805,-0.07842847583868211,"Rank($close,5)","Rank($close, 5)",0,-0.034873149603373385,-0.07842847583868211,2016Q3,"{""2016Q1"":-0.0067707206490780205,""2016Q2"":-0.07611053333097728,""2016Q3"":-0.07842847583868211,""2016Q4"":-0.04808616094174983,""2017Q1"":-0.05919073630200861,""2017Q2"":-0.005443080035845033,""2017Q3"":-0.05464665470901393,""2017Q4"":-0.01798461001847951,""2018Q1"":-0.01979027184681125,""2018Q2"":-0.02245248353557541,""2018Q3"":-0.06438910935456389,""2018Q4"":-0.0011550419081610916,""2019Q1"":-0.004843383541676396,""2019Q2"":-0.0513877221436366,""2019Q3"":-0.013135990270419548,""2019Q4"":-0.05220745938272215,""2020Q1"":-0.0019149248202383602,""2020Q2"":-0.05229884090458875,""2020Q3"":-0.03438653817351925,""2020Q4"":-0.024743656107561372}",-0.0067707206490780205,-0.07611053333097728,-0.07842847583868211,-0.04808616094174983,-0.05919073630200861,-0.005443080035845033,-0.05464665470901393,-0.01798461001847951,-0.01979027184681125,-0.02245248353557541,-0.06438910935456389,-0.0011550419081610916,-0.004843383541676396,-0.0513877221436366,-0.013135990270419548,-0.05220745938272215,-0.0019149248202383602,-0.05229884090458875,-0.03438653817351925,-0.024743656107561372,ac7d60ba5aaa5382
0.11636776456640589,0.039103129226901456,1.425956102852147,0.9978075601374571,0.0021924398625429555,0.0,0.6021504763102896,-0.021729900655775822,0.004399777237186155,0.8437972627757263,0.44586361134140057,0.17073170731707318,-0.08032528527058402,"Div(Sub($close,Min($low,5)),Add(1e-12,Sub(Max($high,5),Min($low,5))))","($close - Min($low, 5)) / (Max($high, 5) - Min($low, 5) + 1e-12)",0,-0.03529197491970449,-0.08032528527058402,2016Q3,"{""2016Q1"":-0.001660294010624918,""2016Q2"":-0.05707931744245352,""2016Q3"":-0.08032528527058402,""2016Q4"":-0.05256733452175822,""2017Q1"":-0.06286900829084417,""2017Q2"":-0.019579404682626426,""2017Q3"":-0.06771175894403207,""2017Q4"":-0.024842923012977344,""2018Q1"":-0.047632249476247036,""2018Q2"":-0.029469929210977235,""2018Q3"":-0.060753241408947944,""2018Q4"":0.004221677760051806,""2019Q1"":-0.020544437556220107,""2019Q2"":-0.04665303169903307,""2019Q3"":-0.010699889909770933,""2019Q4"":-0.046345982085896874,""2020Q1"":0.013387171231624726,""2020Q2"":-0.03125881382749945,""2020Q3"":-0.03573195710845727,""2020Q4"":-0.019165973093316958}",-0.001660294010624918,-0.05707931744245352,-0.08032528527058402,-0.05256733452175822,-0.06286900829084417,-0.019579404682626426,-0.06771175894403207,-0.024842923012977344,-0.047632249476247036,-0.029469929210977235,-0.060753241408947944,0.004221677760051806,-0.020544437556220107,-0.04665303169903307,-0.010699889909770933,-0.046345982085896874,0.013387171231624726,-0.03125881382749945,-0.03573195710845727,-0.019165973093316958,ac7d60ba5aaa5382
0.13101158898878096,-0.27667619151712347,1.5026963795686612,0.9989415807560137,0.0010584192439862543,0.0,0.5807083294547037,-0.021637044273247925,-0.003253463897609385,0.8544074861282961,0.3484237467757841,0.024390243902439025,-0.048032584946088835,"Div(IdxMax($high,5),5)","IdxMax($high, 5) / 5",0,-0.021998216433819173,-0.048032584946088835,2016Q2,"{""2016Q1"":-0.0443169659988348,""2016Q2"":-0.048032584946088835,""2016Q3"":-0.036563477338273115,""2016Q4"":-0.034101896724162896,""2017Q1"":-0.0478984511695238,""2017Q2"":-0.025815039629487464,""2017Q3"":-0.018729077487243784,""2017Q4"":-0.002540848008283324,""2018Q1"":-0.0419037554001836,""2018Q2"":-0.011091260046277574,""2018Q3"":-0.017025841125578808,""2018Q4"":0.008485704527464104,""2019Q1"":-0.02439121519777362,""2019Q2"":-0.025761129650676652,""2019Q3"":-0.0029817667510683857,""2019Q4"":-0.020175000843105365,""2020Q1"":-0.005155736089675222,""2020Q2"":-0.025850421909136292,""2020Q3"":-0.020248413024807396,""2020Q4"":0.003268025640884979}",-0.0443169659988348,-0.048032584946088835,-0.036563477338273115,-0.034101896724162896,-0.0478984511695238,-0.025815039629487464,-0.018729077487243784,-0.002540848008283324,-0.0419037554001836,-0.011091260046277574,-0.017025841125578808,0.008485704527464104,-0.02439121519777362,-0.025761129650676652,-0.0029817667510683857,-0.020175000843105365,-0.005155736089675222,-0.025850421909136292,-0.020248413024807396,0.003268025640884979,ac7d60ba5aaa5382
0.1533989170271875,0.6466667496807081,1.3139101509610536,0.9989415807560137,0.0010584192439862543,0.0,0.5677422764303252,-0.013014141787896843,-0.0006490088470336733,0.8233902217924723,0.27763028860839056,0.024390243902439025,-0.01027372084986589,"Div(IdxMin($low,5),5)","IdxMin($low, 5) / 5",0,0.01917068504844609,-0.01027372084986589,2020Q4,"{""2016Q1"":-0.002291524537836599,""2016Q2"":0.022133671463135843,""2016Q3"":0.03612558038996476,""2016Q4"":0.03170061579334336,""2017Q1"":0.03984207397053989,""2017Q2"":0.024972739452120682,""2017Q3"":0.04325832295512391,""2017Q4"":0.01685038559507212,""2018Q1"":0.023652907300776967,""2018Q2"":0.01044893802557858,""2018Q3"":0.025272003499401303,""2018Q4"":0.0032996922758521904,""2019Q1"":0.01626010810972764,""2019Q2"":0.03344312729319856,""2019Q3"":0.009129197665379231,""2019Q4"":0.019980511638813904,""2020Q1"":-0.003190984734789783,""2020Q2"":0.0019358281606427616,""2020Q3"":0.034510190592757874,""2020Q4"":-0.01027372084986589}",-0.002291524537836599,0.022133671463135843,0.03612558038996476,0.03170061579334336,0.03984207397053989,0.024972739452120682,0.04325832295512391,0.01685038559507212,0.023652907300776967,0.01044893802557858,0.025272003499401303,0.0032996922758521904,0.01626010810972764,0.03344312729319856,0.009129197665379231,0.019980511638813904,-0.003190984734789783,0.0019358281606427616,0.034510190592757874,-0.01027372084986589,ac7d60ba5aaa5382
-0.0224755032792856,0.0858344053924184,1.4282714658250917,0.9989415807560137,0.0010584192439862543,0.0,0.6560421327264635,-0.022713817494403765,-0.006728258227579374,0.8544074925706852,0.36885165178227003,0.12195121951219512,-0.05084646912928956,"Div(Sub(IdxMax($high,5),IdxMin($low,5)),5)","(IdxMax($high, 5) - IdxMin($low, 5)) / 5",0,-0.025433718907501325,-0.05084646912928956,2017Q1,"{""2016Q1"":-0.02704595508165936,""2016Q2"":-0.05055813467289205,""2016Q3"":-0.04686279620294483,""2016Q4"":-0.036228954891550126,""2017Q1"":-0.05084646912928956,""2017Q2"":-0.02912727800106918,""2017Q3"":-0.033021412797328585,""2017Q4"":-0.011995078413560428,""2018Q1"":-0.04189119266414768,""2018Q2"":-0.008136763800275486,""2018Q3"":-0.025028207451996427,""2018Q4"":0.0009385819697754278,""2019Q1"":-0.024715908506389744,""2019Q2"":-0.03642438410039572,""2019Q3"":-0.009662740347506051,""2019Q4"":-0.02555592302974141,""2020Q1"":-0.0043012125655893,""2020Q2"":-0.022603158565208798,""2020Q3"":-0.030335066974031655,""2020Q4"":0.007507057660912883}",-0.02704595508165936,-0.05055813467289205,-0.04686279620294483,-0.036228954891550126,-0.05084646912928956,-0.02912727800106918,-0.033021412797328585,-0.011995078413560428,-0.04189119266414768,-0.008136763800275486,-0.025028207451996427,0.0009385819697754278,-0.024715908506389744,-0.03642438410039572,-0.009662740347506051,-0.02555592302974141,-0.0043012125655893,-0.022603158565208798,-0.030335066974031655,0.007507057660912883,ac7d60ba5aaa5382
-0.6788207692669714,-0.1883836777555344,1.4709324391744951,0.9984054982817867,0.0015945017182130584,0.0,0.662087026450107,0.08776187217316736,0.04989375529522177,0.6292277216864536,0.15640695648616965,0.0,-0.03750947963898623,"Corr($close,Log(Add($volume,1)),5)","Corr($close, Log($volume+1), 5)",0,-0.01694843943834748,-0.03750947963898623,2016Q2,"{""2016Q1"":0.0009975706004219148,""2016Q2"":-0.03750947963898623,""2016Q3"":-0.03742162081619054,""2016Q4"":-0.02027027438222077,""2017Q1"":-0.02958512038591561,""2017Q2"":-0.021484309609100263,""2017Q3"":-0.02716861393758738,""2017Q4"":-0.02889990473482069,""2018Q1"":-0.024909886548119337,""2018Q2"":-0.009280631498924049,""2018Q3"":-0.010340637533291421,""2018Q4"":0.025411945776291456,""2019Q1"":-0.02700126378178369,""2019Q2"":-0.03472808128303444,""2019Q3"":-0.01190896566025939,""2019Q4"":-0.014739536609902681,""2020Q1"":-0.009823407349526999,""2020Q2"":-0.023867400841576503,""2020Q3"":0.000817138268252847,""2020Q4"":0.003038196198872635}",0.0009975706004219148,-0.03750947963898623,-0.03742162081619054,-0.02027027438222077,-0.02958512038591561,-0.021484309609100263,-0.02716861393758738,-0.02889990473482069,-0.024909886548119337,-0.009280631498924049,-0.010340637533291421,0.025411945776291456,-0.02700126378178369,-0.03472808128303444,-0.01190896566025939,-0.014739536609902681,-0.009823407349526999,-0.023867400841576503,0.000817138268252847,0.003038196198872635,ac7d60ba5aaa5382
-0.5722624912029703,-0.282747403501167,1.5296817683990995,0.998233676975945,0.0017663230240549828,0.0,0.753653121507221,0.034134179373701994,-8.418054691482956e-05,0.6292277227485572,0.2194833532032119,0.0,-0.06817466636851588,"Corr(Div($close,Ref($close,1)),Log(Add(1,Div($volume,Ref($volume,1)))),5)","Corr($close/Ref($close,1), Log($volume/Ref($volume,1)+1), 5)",0,-0.03287925631622599,-0.06817466636851588,2016Q3,"{""2016Q1"":-0.0011727588133587643,""2016Q2"":-0.042624949152813105,""2016Q3"":-0.06817466636851588,""2016Q4"":-0.04141646580094074,""2017Q1"":-0.05915136537757875,""2017Q2"":-0.049215228802823176,""2017Q3"":-0.04944277046159844,""2017Q4"":-0.038380378516944744,""2018Q1"":-0.049710420238121805,""2018Q2"":-0.03267670107927662,""2018Q3"":-0.02446718153138752,""2018Q4"":-0.004058866945165269,""2019Q1"":-0.0424559990195822,""2019Q2"":-0.036629576218956045,""2019Q3"":-0.02369528511408425,""2019Q4"":-0.02960238202590892,""2020Q1"":-0.001398967322153608,""2020Q2"":-0.03332526020454133,""2020Q3"":-0.028170267913121837,""2020Q4"":0.0019212180120686498}",-0.0011727588133587643,-0.042624949152813105,-0.06817466636851588,-0.04141646580094074,-0.05915136537757875,-0.049215228802823176,-0.04944277046159844,-0.038380378516944744,-0.049710420238121805,-0.03267670107927662,-0.02446718153138752,-0.004058866945165269,-0.0424559990195822,-0.036629576218956045,-0.02369528511408425,-0.02960238202590892,-0.001398967322153608,-0.03332526020454133,-0.028170267913121837,0.0019212180120686498,ac7d60ba5aaa5382
0.11446093829522082,-0.09668357883958172,1.3099638649323146,1.0,0.0,0.0,0.7863290835708387,0.01005383763012083,0.03423349433967718,0.9645894592125521,0.3349119821109081,0.12195121951219512,-0.06280820400106105,"Mean(Gt($close,Ref($close,1)),5)","Mean($close>Ref($close,1), 5)",0,-0.033496310408267074,-0.06280820400106105,2016Q3,"{""2016Q1"":-0.03462098743218073,""2016Q2"":-0.05448927219077419,""2016Q3"":-0.06280820400106105,""2016Q4"":-0.05615890703932544,""2017Q1"":-0.05176587444217841,""2017Q2"":-0.019713920153473643,""2017Q3"":-0.05345952693426936,""2017Q4"":-0.018738420022130966,""2018Q1"":-0.030781355035764953,""2018Q2"":-0.009935214574534926,""2018Q3"":-0.02979220958842421,""2018Q4"":-0.003202254738757494,""2019Q1"":-0.03932940709982055,""2019Q2"":-0.05040300250196187,""2019Q3"":-0.006231536339777057,""2019Q4"":-0.028727308516311563,""2020Q1"":-0.017957009413748334,""2020Q2"":-0.04166908156358524,""2020Q3"":-0.049768613936240186,""2020Q4"":-0.006570896921408554}",-0.03462098743218073,-0.05448927219077419,-0.06280820400106105,-0.05615890703932544,-0.05176587444217841,-0.019713920153473643,-0.05345952693426936,-0.018738420022130966,-0.030781355035764953,-0.009935214574534926,-0.02979220958842421,-0.003202254738757494,-0.03932940709982055,-0.05040300250196187,-0.006231536339777057,-0.028727308516311563,-0.017957009413748334,-0.04166908156358524,-0.049768613936240186,-0.006570896921408554,ac7d60ba5aaa5382
-0.09304300563088493,-0.07169529795730886,1.316776567050887,1.0,0.0,0.0,0.7795211057573251,-0.024323017397551227,0.008058468986752162,0.9637575775169709,0.32911462967424515,0.12195121951219512,-0.002590279212537892,"Mean(Lt($close,Ref($close,1)),5)","Mean($close<Ref($close,1), 5)",0,0.03582554353204202,-0.002590279212537892,2018Q4,"{""2016Q1"":0.04780615713110556,""2016Q2"":0.07000709623478132,""2016Q3"":0.056850215894207884,""2016Q4"":0.03598052854504734,""2017Q1"":0.043525573325975724,""2017Q2"":0.01844812480535109,""2017Q3"":0.06001696491992035,""2017Q4"":0.023478726038560556,""2018Q1"":0.04056450752290083,""2018Q2"":0.021338887762690086,""2018Q3"":0.03172756233266409,""2018Q4"":-0.002590279212537892,""2019Q1"":0.0424754714671639,""2019Q2"":0.05452367306861012,""2019Q3"":0.01147611630940571,""2019Q4"":0.030476403043163208,""2020Q1"":0.023184616458431173,""2020Q2"":0.049451650852710284,""2020Q3"":0.04686273414339177,""2020Q4"":0.007703598928310048}",0.04780615713110556,0.07000709623478132,0.056850215894207884,0.03598052854504734,0.043525573325975724,0.01844812480535109,0.06001696491992035,0.023478726038560556,0.04056450752290083,0.021338887762690086,0.03172756233266409,-0.002590279212537892,0.0424754714671639,0.05452367306861012,0.01147611630940571,0.030476403043163208,0.023184616458431173,0.049451650852710284,0.04686273414339177,0.007703598928310048,ac7d60ba5aaa5382
0.12167389785951542,-0.07253640251619671,1.3438203052571502,1.0,0.0,0.0,0.7776367300364118,-0.025248857113601742,0.012675136432024019,0.9645894621170168,0.34363272018505975,0.12195121951219512,-0.06742021462236333,"Sub(Mean(Gt($close,Ref($close,1)),5),Mean(Lt($close,Ref($close,1)),5))","Mean($close>Ref($close,1), 5)-Mean($close<Ref($close,1), 5)",0,-0.03585370725176283,-0.06742021462236333,2016Q2,"{""2016Q1"":-0.04258870893675885,""2016Q2"":-0.06742021462236333,""2016Q3"":-0.062495153676722724,""2016Q4"":-0.04753380817907806,""2017Q1"":-0.0483235856890847,""2017Q2"":-0.019089735225904556,""2017Q3"":-0.05850673634924956,""2017Q4"":-0.021828293661946333,""2018Q1"":-0.037416510804358386,""2018Q2"":-0.015756227990405842,""2018Q3"":-0.03162577602578207,""2018Q4"":-0.0003467640204403145,""2019Q1"":-0.042144287435612736,""2019Q2"":-0.0539386679386442,""2019Q3"":-0.009579751467325945,""2019Q4"":-0.03039366327774061,""2020Q1"":-0.02091640166483625,""2020Q2"":-0.04678218742181084,""2020Q3"":-0.04960262671208858,""2020Q4"":-0.007062905640030115}",-0.04258870893675885,-0.06742021462236333,-0.062495153676722724,-0.04753380817907806,-0.0483235856890847,-0.019089735225904556,-0.05850673634924956,-0.021828293661946333,-0.037416510804358386,-0.015756227990405842,-0.03162577602578207,-0.0003467640204403145,-0.042144287435612736,-0.0539386679386442,-0.009579751467325945,-0.03039366327774061,-0.02091640166483625,-0.04678218742181084,-0.04960262671208858,-0.007062905640030115,ac7d60ba5aaa5382
0.04242956477001305,0.0840468442078187,1.3760438600390217,0.9987079037800686,0.0012920962199312715,0.0,0.7517502090317087,-0.02012357793050588,-0.011881204149684544,0.9966254796594441,0.42732588942120087,0.21951219512195122,-0.0868659347105491,"Div(Sum(Greater(0,Sub($close,Ref($close,1))),5),Add(1e-12,Sum(Abs(Sub($close,Ref($close,1))),5)))","Sum(Greater($close-Ref($close,1),0), 5)/(Sum(Abs($close-Ref($close,1)), 5)+1e-12)",0,-0.036554923674071205,-0.0868659347105491,2016Q3,"{""2016Q1"":-0.02408391637061053,""2016Q2"":-0.07291467317757995,""2016Q3"":-0.0868659347105491,""2016Q4"":-0.049986393854308996,""2017Q1"":-0.06132306594651441,""2017Q2"":-0.037852062469197555,""2017Q3"":-0.05811372323302996,""2017Q4"":-0.02247245417868993,""2018Q1"":-0.043587686189755497,""2018Q2"":-0.017196832681883836,""2018Q3"":-0.036033500583897815,""2018Q4"":0.012813163442845941,""2019Q1"":-0.043263477031589226,""2019Q2"":-0.057233674331233525,""2019Q3"":-0.0051423753316891755,""2019Q4"":-0.032559078338481755,""2020Q1"":-0.0035690639877665317,""2020Q2"":-0.03585106335216558,""2020Q3"":-0.0576365476903502,""2020Q4"":0.009003704673759605}",-0.02408391637061053,-0.07291467317757995,-0.0868659347105491,-0.049986393854308996,-0.06132306594651441,-0.037852062469197555,-0.05811372323302996,-0.02247245417868993,-0.043587686189755497,-0.017196832681883836,-0.036033500583897815,0.012813163442845941,-0.043263477031589226,-0.057233674331233525,-0.0051423753316891755,-0.032559078338481755,-0.0035690639877665317,-0.03585106335216558,-0.0576365476903502,0.009003704673759605,ac7d60ba5aaa5382
-0.0425888081996156,0.0838851721810434,1.376074603267092,0.9987079037800686,0.0012920962199312715,0.0,0.7516281215207191,-0.02016415101556418,-0.012021329432611763,0.9966252188227583,0.42732631615499966,0.21951219512195122,-0.01309411055489058,"Div(Sum(Greater(0,Sub(Ref($close,1),$close)),5),Add(1e-12,Sum(Abs(Sub($close,Ref($close,1))),5)))","Sum(Greater(Ref($close,1)-$close,0), 5)/(Sum(Abs($close-Ref($close,1)), 5)+1e-12)",0,0.03651837198873195,-0.01309411055489058,2018Q4,"{""2016Q1"":0.02408640259004203,""2016Q2"":0.0729319477816672,""2016Q3"":0.08686650158505636,""2016Q4"":0.049986327016586965,""2017Q1"":0.061068099733234044,""2017Q2"":0.03756168691574525,""2017Q3"":0.05811332949638073,""2017Q4"":0.02247376338459158,""2018Q1"":0.04358919316897957,""2018Q2"":0.017196555553972318,""2018Q3"":0.03603404121709355,""2018Q4"":-0.01309411055489058,""2019Q1"":0.043264957788139505,""2019Q2"":0.057233876579394605,""2019Q3"":0.005195604554741048,""2019Q4"":0.032557206243166374,""2020Q1"":0.0035673763970742577,""2020Q2"":0.035850348422250135,""2020Q3"":0.057638980368893665,""2020Q4"":-0.0090033814076989}",0.02408640259004203,0.0729319477816672,0.08686650158505636,0.049986327016586965,0.061068099733234044,0.03756168691574525,0.05811332949638073,0.02247376338459158,0.04358919316897957,0.017196555553972318,0.03603404121709355,-0.01309411055489058,0.043264957788139505,0.057233876579394605,0.005195604554741048,0.032557206243166374,0.0035673763970742577,0.035850348422250135,0.057638980368893665,-0.0090033814076989,ac7d60ba5aaa5382
0.04254676694765517,0.08389934822015688,1.3760618650296577,0.9987079037800686,0.0012920962199312715,0.0,0.7517448108262778,-0.020133333122687485,-0.011950787515518252,0.9966254796464252,0.4273422611384229,0.21951219512195122,-0.08686706119047612,"Div(Sub(Sum(Greater(0,Sub($close,Ref($close,1))),5),Sum(Greater(0,Sub(Ref($close,1),$close)),5)),Add(1e-12,Sum(Abs(Sub($close,Ref($close,1))),5)))","(Sum(Greater($close-Ref($close,1),0), 5)-Sum(Greater(Ref($close,1)-$close,0), 5))/(Sum(Abs($close-Ref($close,1)), 5)+1e-12)",0,-0.036550764707304235,-0.08686706119047612,2016Q3,"{""2016Q1"":-0.0240837746275928,""2016Q2"":-0.07292654185518631,""2016Q3"":-0.08686706119047612,""2016Q4"":-0.04998562204000679,""2017Q1"":-0.061266351143537436,""2017Q2"":-0.037785482475491156,""2017Q3"":-0.058114311269586494,""2017Q4"":-0.022472445634175057,""2018Q1"":-0.043587579111908296,""2018Q2"":-0.017196104984423997,""2018Q3"":-0.03603341768264905,""2018Q4"":0.012823871853558756,""2019Q1"":-0.04326498531218149,""2019Q2"":-0.057233329643021386,""2019Q3"":-0.005176156310493441,""2019Q4"":-0.03255782222412586,""2020Q1"":-0.0035696807969084867,""2020Q2"":-0.035850077596509475,""2020Q3"":-0.05763805594293217,""2020Q4"":0.00900475230360265}",-0.0240837746275928,-0.07292654185518631,-0.08686706119047612,-0.04998562204000679,-0.061266351143537436,-0.037785482475491156,-0.058114311269586494,-0.022472445634175057,-0.043587579111908296,-0.017196104984423997,-0.03603341768264905,0.012823871853558756,-0.04326498531218149,-0.057233329643021386,-0.005176156310493441,-0.03255782222412586,-0.0035696807969084867,-0.035850077596509475,-0.05763805594293217,0.00900475230360265,ac7d60ba5aaa5382
1.4050394845895948,14.389309780536541,1.192587581785603,0.9978075601374571,0.0021924398625429555,0.0,0.32672299422148227,-0.0738030612227676,-0.0005113367774406754,0.6505183732108635,0.20978491585912443,0.0,-0.0018026388451199056,"Div(Mean($volume,5),Add($volume,1e-12))","Mean($volume, 5)/($volume+1e-12)",0,0.025866803679567826,-0.0018026388451199056,2019Q1,"{""2016Q1"":0.039203876442057514,""2016Q2"":0.07447109514542778,""2016Q3"":0.050682511025990556,""2016Q4"":0.02498144920952264,""2017Q1"":0.05291318712759398,""2017Q2"":0.009265445306618955,""2017Q3"":0.009620651174195707,""2017Q4"":0.001768798574766591,""2018Q1"":0.027221749326115884,""2018Q2"":0.0277530326937394,""2018Q3"":0.021097237618709803,""2018Q4"":0.027815208919765487,""2019Q1"":-0.0018026388451199056,""2019Q2"":0.007133826931438808,""2019Q3"":0.004134326552695494,""2019Q4"":0.046014065311441706,""2020Q1"":0.018222522611094957,""2020Q2"":0.036240171659815135,""2020Q3"":0.014579623109970012,""2020Q4"":0.027579773282097063}",0.039203876442057514,0.07447109514542778,0.050682511025990556,0.02498144920952264,0.05291318712759398,0.009265445306618955,0.009620651174195707,0.001768798574766591,0.027221749326115884,0.0277530326937394,0.021097237618709803,0.027815208919765487,-0.0018026388451199056,0.007133826931438808,0.004134326552695494,0.046014065311441706,0.018222522611094957,0.036240171659815135,0.014579623109970012,0.027579773282097063,ac7d60ba5aaa5382
2.8606602641796344,22.333930285010553,0.9843716872423203,0.9975738831615119,0.0024261168384879725,0.0,0.6020164447558419,0.019474234088803666,0.014565546071120154,0.6343428824698223,0.0975783472243976,0.0,-0.01520417148498519,"Div(Std($volume,5),Add($volume,1e-12))","Std($volume, 5)/($volume+1e-12)",0,-0.0017113513540134163,-0.01520417148498519,2018Q2,"{""2016Q1"":-0.0020437346340493228,""2016Q2"":-0.007406397622822279,""2016Q3"":0.005589541670741912,""2016Q4"":-0.0043351253366477865,""2017Q1"":-0.008752847655538545,""2017Q2"":-0.011259129665917043,""2017Q3"":-0.005625016032396807,""2017Q4"":-0.006796461511441627,""2018Q1"":-0.006645142582152004,""2018Q2"":-0.01520417148498519,""2018Q3"":0.0032059827961541413,""2018Q4"":0.0168479231649891,""2019Q1"":-0.003121366100708115,""2019Q2"":0.0001401504092902366,""2019Q3"":-0.004093976339780937,""2019Q4"":0.011648071877304997,""2020Q1"":0.0033981852751330285,""2020Q2"":-0.0014428963893945053,""2020Q3"":0.0005376416998511553,""2020Q4"":0.00048512444636710026}",-0.0020437346340493228,-0.007406397622822279,0.005589541670741912,-0.0043351253366477865,-0.008752847655538545,-0.011259129665917043,-0.005625016032396807,-0.006796461511441627,-0.006645142582152004,-0.01520417148498519,0.0032059827961541413,0.0168479231649891,-0.003121366100708115,0.0001401504092902366,-0.004093976339780937,0.011648071877304997,0.0033981852751330285,-0.0014428963893945053,0.0005376416998511553,0.00048512444636710026,ac7d60ba5aaa5382
0.48165994840673576,0.10729004491616068,1.335014022739001,0.998233676975945,0.0017663230240549828,0.0,0.6655997241286878,-0.006120904494121117,0.00403476256479,0.3520637752824716,0.0868376445729475,0.0,-0.02150526713592532,"Div(Std(Mul($volume,Abs(Sub(Div($close,Ref($close,1)),1))),5),Add(1e-12,Mean(Mul($volume,Abs(Sub(Div($close,Ref($close,1)),1))),5)))","Std(Abs($close/Ref($close,1)-1)*$volume, 5)/(Mean(Abs($close/Ref($close,1)-1)*$volume, 5)+1e-12)",0,-0.008690691721629196,-0.02150526713592532,2016Q2,"{""2016Q1"":-0.017734849921749413,""2016Q2"":-0.02150526713592532,""2016Q3"":-0.008352752699120676,""2016Q4"":0.001360887270474511,""2017Q1"":-0.019525511192679475,""2017Q2"":-0.014832310209976728,""2017Q3"":-0.01497905698085641,""2017Q4"":-0.0010568156214206372,""2018Q1"":-0.009193380901040821,""2018Q2"":-0.012737894235349463,""2018Q3"":-0.004695009771842386,""2018Q4"":-0.0007037363604171178,""2019Q1"":0.007696785608312153,""2019Q2"":-0.00035007768105442446,""2019Q3"":-0.005955003845902925,""2019Q4"":-0.01576372760961,""2020Q1"":-0.008975681101786539,""2020Q2"":-0.019718615210925133,""2020Q3"":-0.007551461693489582,""2020Q4"":0.00133166542881554}",-0.017734849921749413,-0.02150526713592532,-0.008352752699120676,0.001360887270474511,-0.019525511192679475,-0.014832310209976728,-0.01497905698085641,-0.0010568156214206372,-0.009193380901040821,-0.012737894235349463,-0.004695009771842386,-0.0007037363604171178,0.007696785608312153,-0.00035007768105442446,-0.005955003845902925,-0.01576372760961,-0.008975681101786539,-0.019718615210925133,-0.007551461693489582,0.00133166542881554,ac7d60ba5aaa5382
-0.10841053552836276,0.5537248357675248,1.1875673077239233,0.9987079037800686,0.0012920962199312715,0.0,0.4372521899886703,-0.3304283551578424,-0.007439235096974244,0.9966623545016422,0.24150259129168092,0.04878048780487805,-0.08255321493951494,"Div(Sum(Greater(0,Sub($volume,Ref($volume,1))),5),Add(1e-12,Sum(Abs(Sub($volume,Ref($volume,1))),5)))","Sum(Greater($volume-Ref($volume,1),0), 5)/(Sum(Abs($volume-Ref($volume,1)), 5)+1e-12)",0,-0.036411959963274086,-0.08255321493951494,2016Q2,"{""2016Q1"":-0.046074553266455286,""2016Q2"":-0.08255321493951494,""2016Q3"":-0.07180487100010052,""2016Q4"":-0.032637204794199584,""2017Q1"":-0.06666180467702187,""2017Q2"":-0.028908976525452986,""2017Q3"":-0.025812730149359343,""2017Q4"":-0.01473451908332808,""2018Q1"":-0.06413428904032273,""2018Q2"":-0.035969164496479446,""2018Q3"":-0.012844845120843367,""2018Q4"":-0.017738757665435454,""2019Q1"":-0.030959697011004293,""2019Q2"":-0.05598080691627694,""2019Q3"":0.006680646958013624,""2019Q4"":-0.03104805217921907,""2020Q1"":-0.03904149714830818,""2020Q2"":-0.04151161580719989,""2020Q3"":-0.03647652851344826,""2020Q4"":-0.0030320580216135658}",-0.046074553266455286,-0.08255321493951494,-0.07180487100010052,-0.032637204794199584,-0.06666180467702187,-0.028908976525452986,-0.025812730149359343,-0.01473451908332808,-0.06413428904032273,-0.035969164496479446,-0.012844845120843367,-0.017738757665435454,-0.030959697011004293,-0.05598080691627694,0.006680646958013624,-0.03104805217921907,-0.03904149714830818,-0.04151161580719989,-0.03647652851344826,-0.0030320580216135658,ac7d60ba5aaa5382
0.10841053528429831,0.5537248370645474,1.1875673027775875,0.9987079037800686,0.0012920962199312715,0.0,0.4372521896554555,-0.3304283552826855,-0.007439235461246388,0.9966623545351622,0.24150259142279434,0.04878048780487805,-0.006680646958013624,"Div(Sum(Greater(0,Sub(Ref($volume,1),$volume)),5),Add(1e-12,Sum(Abs(Sub($volume,Ref($volume,1))),5)))","Sum(Greater(Ref($volume,1)-$volume,0), 5)/(Sum(Abs($volume-Ref($volume,1)), 5)+1e-12)",0,0.03641198006039916,-0.006680646958013624,2019Q3,"{""2016Q1"":0.04607482214457617,""2016Q2"":0.08255321493951494,""2016Q3"":0.07180487100010052,""2016Q4"":0.03263722935939281,""2017Q1"":0.06666180467702187,""2017Q2"":0.028908976525452986,""2017Q3"":0.025812730149359343,""2017Q4"":0.01473451908332808,""2018Q1"":0.06413428904032273,""2018Q2"":0.035969164496479446,""2018Q3"":0.012844860261826912,""2018Q4"":0.017738757665435454,""2019Q1"":0.030959697011004293,""2019Q2"":0.05598080691627694,""2019Q3"":-0.006680646958013624,""2019Q4"":0.03104805217921907,""2020Q1"":0.03904149714830818,""2020Q2"":0.04151161580719989,""2020Q3"":0.03647652851344826,""2020Q4"":0.003032163734724348}",0.04607482214457617,0.08255321493951494,0.07180487100010052,0.03263722935939281,0.06666180467702187,0.028908976525452986,0.025812730149359343,0.01473451908332808,0.06413428904032273,0.035969164496479446,0.012844860261826912,0.017738757665435454,0.030959697011004293,0.05598080691627694,-0.006680646958013624,0.03104805217921907,0.03904149714830818,0.04151161580719989,0.03647652851344826,0.003032163734724348,ac7d60ba5aaa5382
-0.10841053479373339,0.5537248346965533,1.1875673043303365,0.9987079037800686,0.0012920962199312715,0.0,0.43725218982032765,-0.33042835541091126,-0.007439235638956307,0.9966623545351659,0.24150259131051394,0.04878048780487805,-0.08255321493951494,"Div(Sub(Sum(Greater(0,Sub($volume,Ref($volume,1))),5),Sum(Greater(0,Sub(Ref($volume,1),$volume)),5)),Add(1e-12,Sum(Abs(Sub($volume,Ref($volume,1))),5)))","(Sum(Greater($volume-Ref($volume,1),0), 5)-Sum(Greater(Ref($volume,1)-$volume,0), 5))/(Sum(Abs($volume-Ref($volume,1)), 5)+1e-12)",0,-0.03641201515754527,-0.08255321493951494,2016Q2,"{""2016Q1"":-0.04607482214457617,""2016Q2"":-0.08255321493951494,""2016Q3"":-0.07180487100010052,""2016Q4"":-0.03263722935939281,""2017Q1"":-0.06666180467702187,""2017Q2"":-0.02890946606256946,""2017Q3"":-0.025812730149359343,""2017Q4"":-0.01473451908332808,""2018Q1"":-0.06413428904032273,""2018Q2"":-0.035969164496479446,""2018Q3"":-0.012844860261826912,""2018Q4"":-0.017738757665435454,""2019Q1"":-0.030959697011004293,""2019Q2"":-0.05598080691627694,""2019Q3"":0.006680646958013624,""2019Q4"":-0.03104805217921907,""2020Q1"":-0.0390417265604232,""2020Q2"":-0.04151161580719989,""2020Q3"":-0.03647652851344826,""2020Q4"":-0.003032163734724348}",-0.04607482214457617,-0.08255321493951494,-0.07180487100010052,-0.03263722935939281,-0.06666180467702187,-0.02890946606256946,-0.025812730149359343,-0.01473451908332808,-0.06413428904032273,-0.035969164496479446,-0.012844860261826912,-0.017738757665435454,-0.030959697011004293,-0.05598080691627694,0.006680646958013624,-0.03104805217921907,-0.0390417265604232,-0.04151161580719989,-0.03647652851344826,-0.003032163734724348,ac7d60ba5aaa5382
2.0704650329753624,10.275055060598847,1.0337471262945968,0.9975189003436425,0.002481099656357388,0.0,0.7071056267251812,0.12317497980500455,0.11987143770617197,0.6634563461256878,0.24480897733534346,0.0,-0.025161279586567244,"Div(Ref($close,5),Min($low,5))","Ref($close, 5) / Min($low, 5)",1,0.019221863102825313,-0.025161279586567244,2018Q4,"{""2016Q1"":0.029787964098699254,""2016Q2"":0.032482390365349285,""2016Q3"":0.029667238630359125,""2016Q4"":-0.005021431603818635,""2017Q1"":0.03411066187470959,""2017Q2"":0.028040835315962593,""2017Q3"":0.030336582661018893,""2017Q4"":0.025574641020011717,""2018Q1"":0.04777712016183414,""2018Q2"":0.02300888340759295,""2018Q3"":0.0012752498758062702,""2018Q4"":-0.025161279586567244,""2019Q1"":0.04179744004837888,""2019Q2"":0.026523802857519492,""2019Q3"":-0.014343069854705189,""2019Q4"":0.014220432526449835,""2020Q1"":-0.011682706205990455,""2020Q2"":0.028250466630430588,""2020Q3"":0.05717783677457432,""2020Q4"":-0.011188787723558077}",0.029787964098699254,0.032482390365349285,0.029667238630359125,-0.005021431603818635,0.03411066187470959,0.028040835315962593,0.030336582661018893,0.025574641020011717,0.04777712016183414,0.02300888340759295,0.0012752498758062702,-0.025161279586567244,0.04179744004837888,0.026523802857519492,-0.014343069854705189,0.014220432526449835,-0.011682706205990455,0.028250466630430588,0.05717783677457432,-0.011188787723558077,ac7d60ba5aaa5382
-0.2962714845310167,4.404396142166002,1.0532963568358298,0.9978075601374571,0.0021924398625429555,0.0,0.6464824293260995,-0.012957651371750189,0.004142391766206193,0.9687495658439454,0.4713826633819156,0.2619047619047619,-0.0018919513783887299,"Div(Sum(Mul($close,$volume),5),Add(1e-12,Mul($close,Sum($volume,5))))","Sum($close * $volume, 5) / (Sum($volume, 5) * $close + 1e-12)",1,0.03694815251784013,-0.0018919513783887299,2018Q4,"{""2016Q1"":0.012857689653095371,""2016Q2"":0.08480540437499774,""2016Q3"":0.09577703458309385,""2016Q4"":0.05833444175920888,""2017Q1"":0.0654197442240457,""2017Q2"":0.010098785693285149,""2017Q3"":0.06083583484627646,""2017Q4"":0.01922259331241248,""2018Q1"":0.038562913404252656,""2018Q2"":0.018363190190754615,""2018Q3"":0.048808103997572946,""2018Q4"":-0.0018919513783887299,""2019Q1"":0.007842701076475939,""2019Q2"":0.04783594865785677,""2019Q3"":0.008215604974093663,""2019Q4"":0.05581106835679183,""2020Q1"":-0.0010888336475215774,""2020Q2"":0.0451787958837445,""2020Q3"":0.030687570082141114,""2020Q4"":0.026130039489933306}",0.012857689653095371,0.08480540437499774,0.09577703458309385,0.05833444175920888,0.0654197442240457,0.010098785693285149,0.06083583484627646,0.01922259331241248,0.038562913404252656,0.018363190190754615,0.048808103997572946,-0.0018919513783887299,0.007842701076475939,0.04783594865785677,0.008215604974093663,0.05581106835679183,-0.0010888336475215774,0.0451787958837445,0.030687570082141114,0.026130039489933306,ac7d60ba5aaa5382
-1.9662366456128677,6.082544844098423,1.0345194629709717,0.9975738831615119,0.0024261168384879725,0.0,0.8250891468636635,0.29831211023415494,0.24349531784302522,0.9515320035336514,0.37223104699143256,0.07142857142857142,0.0006715853701117241,"Sub(Div(Min($low,5),$close),Div(Std($close,5),$close))","Min($low, 5) / $close - Std($close, 5) / $close",1,0.040277255682337025,0.0006715853701117241,2020Q4,"{""2016Q1"":0.05034708302645153,""2016Q2"":0.07019725159688046,""2016Q3"":0.1140212698082197,""2016Q4"":0.08400226916780577,""2017Q1"":0.06059213774443498,""2017Q2"":0.03816170855354289,""2017Q3"":0.04969825091513871,""2017Q4"":0.00662597134149783,""2018Q1"":0.032524341076298056,""2018Q2"":0.02404170921907157,""2018Q3"":0.04413728793205144,""2018Q4"":0.02106625988673051,""2019Q1"":0.0050599618917581335,""2019Q2"":0.06619863653054005,""2019Q3"":0.025869891350847777,""2019Q4"":0.03191221532615482,""2020Q1"":0.013499948269002532,""2020Q2"":0.012864275316950167,""2020Q3"":0.04499736468673232,""2020Q4"":0.0006715853701117241}",0.05034708302645153,0.07019725159688046,0.1140212698082197,0.08400226916780577,0.06059213774443498,0.03816170855354289,0.04969825091513871,0.00662597134149783,0.032524341076298056,0.02404170921907157,0.04413728793205144,0.02106625988673051,0.0050599618917581335,0.06619863653054005,0.025869891350847777,0.03191221532615482,0.013499948269002532,0.012864275316950167,0.04499736468673232,0.0006715853701117241,ac7d60ba5aaa5382
-0.21605411101266894,0.371658558020718,1.3310486585953627,0.9989415807560137,0.0010584192439862543,0.0,0.7923013741324081,0.03780538922387617,0.06067164928160112,0.5829501489207363,0.30673963600918014,0.0,0.003887964870968655,"Mean(Div(Sub($high,$close),Add(1e-12,Sub($high,$low))),5)","Mean(($high - $close) / ($high - $low + 1e-12), 5)",2,0.041762284788527726,0.003887964870968655,2020Q4,"{""2016Q1"":0.029062471053383745,""2016Q2"":0.0686628547245209,""2016Q3"":0.04585875498933284,""2016Q4"":0.041462465261028585,""2017Q1"":0.05291396670245271,""2017Q2"":0.02910216074802714,""2017Q3"":0.0720016892337801,""2017Q4"":0.04741699853113808,""2018Q1"":0.08586058375323724,""2018Q2"":0.043588682164566815,""2018Q3"":0.05227275946956276,""2018Q4"":0.014081819682949213,""2019Q1"":0.050591798732293525,""2019Q2"":0.06959896400534737,""2019Q3"":0.009887306733219272,""2019Q4"":0.026308163997722678,""2020Q1"":0.022878419281688135,""2020Q2"":0.03182838530595478,""2020Q3"":0.03643038582683859,""2020Q4"":0.003887964870968655}",0.029062471053383745,0.0686628547245209,0.04585875498933284,0.041462465261028585,0.05291396670245271,0.02910216074802714,0.0720016892337801,0.04741699853113808,0.08586058375323724,0.043588682164566815,0.05227275946956276,0.014081819682949213,0.050591798732293525,0.06959896400534737,0.009887306733219272,0.026308163997722678,0.022878419281688135,0.03182838530595478,0.03643038582683859,0.003887964870968655,ac7d60ba5aaa5382
-0.1852418390382526,0.2632436077320262,1.4081852315714214,0.9978075601374571,0.0021924398625429555,0.0,-0.013556478506666131,0.008354607637518606,0.009920360875907933,0.9941324245319767,0.2897478871783509,0.07142857142857142,-0.011160758119094184,"Div(Sub($high,$close),Add(1e-12,Sub($high,$low)))",($high - $close) / ($high - $low + 1e-12),2,0.048981088771794655,-0.011160758119094184,2016Q1,"{""2016Q1"":-0.011160758119094184,""2016Q2"":0.07314510436825529,""2016Q3"":0.051951831933717586,""2016Q4"":0.06073772460668251,""2017Q1"":0.05444322622682442,""2017Q2"":0.00481802457108047,""2017Q3"":0.07309415721819976,""2017Q4"":0.04721403736630804,""2018Q1"":0.04860116321470976,""2018Q2"":0.06525512551381349,""2018Q3"":0.10659175390012779,""2018Q4"":0.041378693080425695,""2019Q1"":0.03176188459764048,""2019Q2"":0.0795736400992739,""2019Q3"":0.045073763523932116,""2019Q4"":0.048059263743950746,""2020Q1"":0.023479765955637215,""2020Q2"":0.03517382766304757,""2020Q3"":0.04599124810777304,""2020Q4"":0.045954659456053745}",-0.011160758119094184,0.07314510436825529,0.051951831933717586,0.06073772460668251,0.05444322622682442,0.00481802457108047,0.07309415721819976,0.04721403736630804,0.04860116321470976,0.06525512551381349,0.10659175390012779,0.041378693080425695,0.03176188459764048,0.0795736400992739,0.045073763523932116,0.048059263743950746,0.023479765955637215,0.03517382766304757,0.04599124810777304,0.045954659456053745,ac7d60ba5aaa5382
0.585237578430183,10.805492817569844,0.8062284764445821,0.996364261168385,0.0036357388316151204,0.0,0.6932215049315901,0.029774353785108912,1.9461455305051672e-05,0.5914723874512026,0.24843814050116833,0.0,-0.07083679913232102,"Sub(Div(Div(Sum(Mul($volume,Sub($close,Ref($close,1))),5),Sum($volume,5)),$close),Div(Sub($close,Ref($close,5)),Mul($close,5)))","Sum($volume * ($close - Ref($close,1)), 5) / Sum($volume, 5) / $close - ($close - Ref($close,5)) / (5 * $close)",2,-0.024553146265852227,-0.07083679913232102,2016Q3,"{""2016Q1"":0.008271821969588946,""2016Q2"":-0.04726410063730873,""2016Q3"":-0.07083679913232102,""2016Q4"":-0.04350790872198202,""2017Q1"":-0.05696524732046689,""2017Q2"":-0.036201599710208726,""2017Q3"":-0.03366298174439203,""2017Q4"":-0.01889658360880685,""2018Q1"":-0.04042748773641764,""2018Q2"":-0.023025557422446587,""2018Q3"":-0.010042671744958737,""2018Q4"":0.009730257966467992,""2019Q1"":-0.022411704694211897,""2019Q2"":-0.04050387628322124,""2019Q3"":-0.017253923452635586,""2019Q4"":-0.01665203765390598,""2020Q1"":0.014149416611213675,""2020Q2"":-0.018692316502987354,""2020Q3"":-0.03109458958514213,""2020Q4"":0.009739582491591582}",0.008271821969588946,-0.04726410063730873,-0.07083679913232102,-0.04350790872198202,-0.05696524732046689,-0.036201599710208726,-0.03366298174439203,-0.01889658360880685,-0.04042748773641764,-0.023025557422446587,-0.010042671744958737,0.009730257966467992,-0.022411704694211897,-0.04050387628322124,-0.017253923452635586,-0.01665203765390598,0.014149416611213675,-0.018692316502987354,-0.03109458958514213,0.009739582491591582,ac7d60ba5aaa5382
-1.1189697773734744,1.1792647582559113,1.2412948455469655,0.9987079037800686,0.0012920962199312715,0.0,0.8492617356640133,0.3621666908853956,0.26583551342865813,0.7190225397380908,0.29277586630622776,0.023809523809523808,-0.010955064087551739,"Sub(0,Max(Sub(Div($high,Ref($close,1)),1),5))","0 - Max($high / Ref($close,1) - 1, 5)",3,0.02669943300034178,-0.010955064087551739,2017Q4,"{""2016Q1"":-0.003305946758975164,""2016Q2"":0.04727227376633542,""2016Q3"":0.09230749825769373,""2016Q4"":0.060588589178384764,""2017Q1"":0.05641684763544369,""2017Q2"":0.023437508966338505,""2017Q3"":0.03803365716870751,""2017Q4"":-0.010955064087551739,""2018Q1"":0.013495918505062442,""2018Q2"":-0.007238274817398008,""2018Q3"":0.012855365519630263,""2018Q4"":0.01707978974253176,""2019Q1"":0.0037653864650231544,""2019Q2"":0.049723112300480134,""2019Q3"":0.041206743386074725,""2019Q4"":0.023699192949302665,""2020Q1"":0.0037621879200207637,""2020Q2"":0.009526816925742134,""2020Q3"":0.05395482483589138,""2020Q4"":-0.00330069364906062}",-0.003305946758975164,0.04727227376633542,0.09230749825769373,0.060588589178384764,0.05641684763544369,0.023437508966338505,0.03803365716870751,-0.010955064087551739,0.013495918505062442,-0.007238274817398008,0.012855365519630263,0.01707978974253176,0.0037653864650231544,0.049723112300480134,0.041206743386074725,0.023699192949302665,0.0037621879200207637,0.009526816925742134,0.05395482483589138,-0.00330069364906062,ac7d60ba5aaa5382
-0.7436052759901612,0.07855884856492659,1.3825165566710478,0.9998144329896906,0.00018556701030927834,0.0,0.955537818494518,0.8039972276105372,0.3430445152107995,0.5108682657053726,0.13182300303988,0.0,-0.01700905710102286,"Mul(Max(Sub(Div($close,Ref($close,1)),1),20),Sub(0,1))","-1 * Max($close / Ref($close, 1) - 1, 20)",3,0.01995101540316928,-0.01700905710102286,2020Q2,"{""2016Q1"":0.016945177366389546,""2016Q2"":0.030058372855415343,""2016Q3"":0.07035218296882471,""2016Q4"":0.057582549506256554,""2017Q1"":0.032207478194395484,""2017Q2"":0.012325642048020965,""2017Q3"":0.029029257302282417,""2017Q4"":-0.007240167360328718,""2018Q1"":0.014988312980856351,""2018Q2"":-0.005799767797948746,""2018Q3"":0.026887147655307336,""2018Q4"":0.0022959446829230973,""2019Q1"":-0.0013081045189226527,""2019Q2"":0.04367874226161512,""2019Q3"":0.026361577772603038,""2019Q4"":0.0010454440435572851,""2020Q1"":0.01718902019120915,""2020Q2"":-0.01700905710102286,""2020Q3"":0.04614022368725113,""2020Q4"":-0.006522875658197668}",0.016945177366389546,0.030058372855415343,0.07035218296882471,0.057582549506256554,0.032207478194395484,0.012325642048020965,0.029029257302282417,-0.007240167360328718,0.014988312980856351,-0.005799767797948746,0.026887147655307336,0.0022959446829230973,-0.0013081045189226527,0.04367874226161512,0.026361577772603038,0.0010454440435572851,0.01718902019120915,-0.01700905710102286,0.04614022368725113,-0.006522875658197668,ac7d60ba5aaa5382
-0.7082407154289668,-0.036283540594954596,1.3922527638499158,0.9995395189003435,0.0004604810996563574,0.0,0.9248889340132436,0.6627455381533276,0.32980324536589006,0.5725398053055203,0.18148016325745497,0.0,-0.011539040650659839,"Sub(0,Max(Sub(Div($high,Ref($close,1)),1),10))","0 - Max($high / Ref($close, 1) - 1, 10)",3,0.022226624404741564,-0.011539040650659839,2017Q4,"{""2016Q1"":0.015320218091929808,""2016Q2"":0.053813979340350065,""2016Q3"":0.08096064799159035,""2016Q4"":0.06088596161072893,""2017Q1"":0.0396710200719126,""2017Q2"":0.024810755152944643,""2017Q3"":0.023410291003276643,""2017Q4"":-0.011539040650659839,""2018Q1"":-0.011422584490059546,""2018Q2"":-0.0048913722339710706,""2018Q3"":0.011669886404171428,""2018Q4"":0.012733941266041186,""2019Q1"":-0.011315510067538776,""2019Q2"":0.04086913809144155,""2019Q3"":0.04372872286672171,""2019Q4"":0.005244439876389969,""2020Q1"":0.014563403669325896,""2020Q2"":-0.0038120007912974805,""2020Q3"":0.044450249396477154,""2020Q4"":0.0050469275471836}",0.015320218091929808,0.053813979340350065,0.08096064799159035,0.06088596161072893,0.0396710200719126,0.024810755152944643,0.023410291003276643,-0.011539040650659839,-0.011422584490059546,-0.0048913722339710706,0.011669886404171428,0.012733941266041186,-0.011315510067538776,0.04086913809144155,0.04372872286672171,0.005244439876389969,0.014563403669325896,-0.0038120007912974805,0.044450249396477154,0.0050469275471836,ac7d60ba5aaa5382
5.762879134732389,0.0,0.6445736107937382,0.9998144329896906,0.00018556701030927834,0.0,0.9913305601320478,0.9610519443429971,0.8481017956567996,0.08851494520659954,0.02181576431336565,0.0,-0.021233266890651522,"Log(Add(1,Mean(Div(Abs(Sub(Div($close,Ref($close,1)),1)),Add($volume,1e-12)),20)))","Log(Mean(Abs($close/Ref($close,1)-1)/($volume+1e-12),20)+1)",4,0.0026914603594976414,-0.021233266890651522,2016Q4,"{""2016Q1"":0.01899484743528229,""2016Q2"":0.009724454343914606,""2016Q3"":0.007250691397236352,""2016Q4"":-0.021233266890651522,""2017Q1"":-0.0021795727395034106,""2017Q2"":-0.00022478185887068978,""2017Q3"":-0.001295343628610633,""2017Q4"":0.011757773191609129,""2018Q1"":0.011229082235097223,""2018Q2"":0.002855984603522496,""2018Q3"":-0.021042781950384334,""2018Q4"":0.00021020279536907607,""2019Q1"":0.017686139042696374,""2019Q2"":-0.016279876276869814,""2019Q3"":-0.0009300354380683793,""2019Q4"":-0.015452600047198983,""2020Q1"":0.018612126950905642,""2020Q2"":0.027373606360720795,""2020Q3"":0.00892758795390935,""2020Q4"":0.001038515847369189}",0.01899484743528229,0.009724454343914606,0.007250691397236352,-0.021233266890651522,-0.0021795727395034106,-0.00022478185887068978,-0.001295343628610633,0.011757773191609129,0.011229082235097223,0.002855984603522496,-0.021042781950384334,0.00021020279536907607,0.017686139042696374,-0.016279876276869814,-0.0009300354380683793,-0.015452600047198983,0.018612126950905642,0.027373606360720795,0.00892758795390935,0.001038515847369189,ac7d60ba5aaa5382
3.714053538917169,0.0,0.9044168374303222,0.9998144329896906,0.00018556701030927834,0.0,0.9879636504033413,0.9391257246150068,0.7579038598086556,0.08182177549627023,0.024099555784981446,0.0,-0.036126992806106255,"Mean(Div(Abs(Sub(Div($close,Ref($close,1)),1)),Add(1e-12,Mul($close,$volume))),20)","Mean(Abs($close/Ref($close,1)-1)/($volume*$close+1e-12), 20)",4,-0.005917735191262424,-0.036126992806106255,2019Q2,"{""2016Q1"":0.028180172087121376,""2016Q2"":-0.006303467203969722,""2016Q3"":0.019561345897028275,""2016Q4"":0.0008222239033882575,""2017Q1"":0.0011988245104411783,""2017Q2"":-0.013385959331029576,""2017Q3"":-0.0026476336085868406,""2017Q4"":-0.022958379023516447,""2018Q1"":0.004782292731121232,""2018Q2"":-0.025421064504362916,""2018Q3"":-0.0048495300354211525,""2018Q4"":0.011005787696272619,""2019Q1"":0.0021872842642645094,""2019Q2"":-0.036126992806106255,""2019Q3"":-0.015136610068982715,""2019Q4"":-0.02100561563333107,""2020Q1"":0.0016350840560892441,""2020Q2"":-0.03398055386825069,""2020Q3"":0.011774413444735015,""2020Q4"":-0.020022436444446824}",0.028180172087121376,-0.006303467203969722,0.019561345897028275,0.0008222239033882575,0.0011988245104411783,-0.013385959331029576,-0.0026476336085868406,-0.022958379023516447,0.004782292731121232,-0.025421064504362916,-0.0048495300354211525,0.011005787696272619,0.0021872842642645094,-0.036126992806106255,-0.015136610068982715,-0.02100561563333107,0.0016350840560892441,-0.03398055386825069,0.011774413444735015,-0.020022436444446824,ac7d60ba5aaa5382
-0.14843237001054796,0.24360204711634356,1.3394675989146598,0.9989415807560137,0.0010584192439862543,0.0,0.7683218459255637,0.007699630565109442,0.03813119423547559,0.6379508618976867,0.3331391438136304,0.0,-0.0018458091523410895,"Div(Sum(Div(Mul($volume,Sub($high,$close)),Add(1e-12,Sub($high,$low))),5),Add(1e-12,Sum($volume,5)))","Sum($volume * ($high - $close) / ($high - $low + 1e-12), 5) / (Sum($volume, 5) + 1e-12)",4,0.04068261646585749,-0.0018458091523410895,2020Q4,"{""2016Q1"":0.02500469576844477,""2016Q2"":0.06643857921797151,""2016Q3"":0.05414758692660571,""2016Q4"":0.04343921010125983,""2017Q1"":0.058918866866179094,""2017Q2"":0.03402943311477809,""2017Q3"":0.06974801982925018,""2017Q4"":0.049154654696649834,""2018Q1"":0.08406413018186178,""2018Q2"":0.03928469329312976,""2018Q3"":0.050198847492755445,""2018Q4"":0.0066288914615413716,""2019Q1"":0.05248861440343853,""2019Q2"":0.07227837290791324,""2019Q3"":0.011230153507365163,""2019Q4"":0.021015954944932486,""2020Q1"":0.014376526948741494,""2020Q2"":0.03125715061956692,""2020Q3"":0.029971206121096314,""2020Q4"":-0.0018458091523410895}",0.02500469576844477,0.06643857921797151,0.05414758692660571,0.04343921010125983,0.058918866866179094,0.03402943311477809,0.06974801982925018,0.049154654696649834,0.08406413018186178,0.03928469329312976,0.050198847492755445,0.0066288914615413716,0.05248861440343853,0.07227837290791324,0.011230153507365163,0.021015954944932486,0.014376526948741494,0.03125715061956692,0.029971206121096314,-0.0018458091523410895,ac7d60ba5aaa5382
0.5785766042569143,-0.04355750119767746,1.4231931073041972,0.9993127147766322,0.0006872852233676976,0.0,0.8438980410624376,0.3986263747863103,-0.015766899551819463,0.4645384081296424,0.16930378645230482,0.0,-0.012258401246886942,"Sub(0,Corr(Sub($close,Ref($close,1)),$volume,10))","0 - Corr($close - Ref($close,1), $volume, 10)",5,0.014841733378166832,-0.012258401246886942,2020Q4,"{""2016Q1"":0.020464230502017778,""2016Q2"":0.038776980008490294,""2016Q3"":0.05270952620650503,""2016Q4"":0.021994487530259864,""2017Q1"":0.040198636391625124,""2017Q2"":0.021260150992742425,""2017Q3"":0.01941191451088441,""2017Q4"":0.015247716402680352,""2018Q1"":0.00770565525832414,""2018Q2"":0.02432973859304443,""2018Q3"":0.00015613283653078867,""2018Q4"":-0.0044202711076006635,""2019Q1"":0.005895102971319808,""2019Q2"":0.01767125482071048,""2019Q3"":0.008905055547645013,""2019Q4"":0.0006861983674911131,""2020Q1"":-0.006307916641925547,""2020Q2"":0.01165874243907097,""2020Q3"":0.010070089315006298,""2020Q4"":-0.012258401246886942}",0.020464230502017778,0.038776980008490294,0.05270952620650503,0.021994487530259864,0.040198636391625124,0.021260150992742425,0.01941191451088441,0.015247716402680352,0.00770565525832414,0.02432973859304443,0.00015613283653078867,-0.0044202711076006635,0.005895102971319808,0.01767125482071048,0.008905055547645013,0.0006861983674911131,-0.006307916641925547,0.01165874243907097,0.010070089315006298,-0.012258401246886942,ac7d60ba5aaa5382
-0.06729163324476722,0.7311233082222095,1.2532376443576971,0.999786941580756,0.00021305841924398625,0.0,0.9207672505500768,0.664403169992481,-0.006023706328405654,0.15726219933688257,0.06129959414785477,0.0,-0.024446281751724544,"Sub(0,Skew(Sub(Div($close,Ref($close,1)),1),20))","0 - Skew($close/Ref($close,1)-1, 20)",5,0.004972426230098741,-0.024446281751724544,2018Q4,"{""2016Q1"":0.011086179998093248,""2016Q2"":0.01700922594774188,""2016Q3"":0.04220489626110927,""2016Q4"":0.011221604304094983,""2017Q1"":0.020719108303560944,""2017Q2"":0.001624205558135923,""2017Q3"":0.025364056924542088,""2017Q4"":-0.003516207218659802,""2018Q1"":0.023442214755040776,""2018Q2"":0.0022776737670929083,""2018Q3"":-0.0005687044436551481,""2018Q4"":-0.024446281751724544,""2019Q1"":-0.004567139255679462,""2019Q2"":0.014234162691559296,""2019Q3"":-0.019394006259184873,""2019Q4"":-0.010283310102272809,""2020Q1"":-0.00730022043250019,""2020Q2"":-0.0037729052456006995,""2020Q3"":0.009711963538524928,""2020Q4"":-0.008447820411233441}",0.011086179998093248,0.01700922594774188,0.04220489626110927,0.011221604304094983,0.020719108303560944,0.001624205558135923,0.025364056924542088,-0.003516207218659802,0.023442214755040776,0.0022776737670929083,-0.0005687044436551481,-0.024446281751724544,-0.004567139255679462,0.014234162691559296,-0.019394006259184873,-0.010283310102272809,-0.00730022043250019,-0.0037729052456006995,0.009711963538524928,-0.008447820411233441,ac7d60ba5aaa5382
1.9229169895431575,9.873237977880779,1.0852093819299342,0.9978075601374571,0.0021924398625429555,0.0,0.49781852773794627,0.02057743898003785,-0.011558176528903,0.6917987923617639,0.3253745175862552,0.0,-0.007323917244179338,"Mul(Add(1e-12,Div($volume,Mean($volume,20))),Div(Sub(Max($high,5),$close),Add(1e-12,Sub(Max($high,5),Min($low,5)))))","((Max($high, 5) - $close) / (Max($high, 5) - Min($low, 5) + 1e-12)) * ($volume / Mean($volume, 20) + 1e-12)",5,0.01745434200514787,-0.007323917244179338,2020Q1,"{""2016Q1"":-0.0022220718995728784,""2016Q2"":0.009456481464116958,""2016Q3"":0.020907025952087294,""2016Q4"":0.01666726964718014,""2017Q1"":0.03070619486464414,""2017Q2"":0.008433278024909835,""2017Q3"":0.05008996800750131,""2017Q4"":0.0146507915762665,""2018Q1"":0.03475704133353688,""2018Q2"":0.027618639702794698,""2018Q3"":0.053331337345703604,""2018Q4"":-0.006734761140626987,""2019Q1"":0.00835170622076031,""2019Q2"":0.04490321897796252,""2019Q3"":0.0008528771522075792,""2019Q4"":0.018199442826759477,""2020Q1"":-0.007323917244179338,""2020Q2"":-0.0008688048745827179,""2020Q3"":0.016252303306197823,""2020Q4"":0.005696364101710294}",-0.0022220718995728784,0.009456481464116958,0.020907025952087294,0.01666726964718014,0.03070619486464414,0.008433278024909835,0.05008996800750131,0.0146507915762665,0.03475704133353688,0.027618639702794698,0.053331337345703604,-0.006734761140626987,0.00835170622076031,0.04490321897796252,0.0008528771522075792,0.018199442826759477,-0.007323917244179338,-0.0008688048745827179,0.016252303306197823,0.005696364101710294,ac7d60ba5aaa5382
1.964688132278467,5.891102320657622,1.0248256754849596,0.9978075601374571,0.0021924398625429555,0.0,0.9477796167334974,0.6589407676373369,0.10431255339912633,0.32171359355921697,0.11078246354602493,0.0,-0.07409487725711877,"Div(Sub(Min($low,5),Min($low,20)),$close)","(Min($low, 5) - Min($low, 20)) / $close",6,-0.01845164131355743,-0.07409487725711877,2016Q1,"{""2016Q1"":-0.07409487725711877,""2016Q2"":-0.03312402252852908,""2016Q3"":-0.0405127383931806,""2016Q4"":-0.037703758981018756,""2017Q1"":-0.01325577511316546,""2017Q2"":-0.006444445712780655,""2017Q3"":-0.029694214713482915,""2017Q4"":0.00509538116833439,""2018Q1"":-0.004813891945837369,""2018Q2"":0.001959196850824253,""2018Q3"":-0.018959870822991526,""2018Q4"":0.01873939255295233,""2019Q1"":-0.021776763727753924,""2019Q2"":-0.02350009258461695,""2019Q3"":-0.04033140354387964,""2019Q4"":0.006019264215396083,""2020Q1"":-0.0077584778746478756,""2020Q2"":0.00016125440205846727,""2020Q3"":-0.04082505242678165,""2020Q4"":-0.0013610728139000256}",-0.07409487725711877,-0.03312402252852908,-0.0405127383931806,-0.037703758981018756,-0.01325577511316546,-0.006444445712780655,-0.029694214713482915,0.00509538116833439,-0.004813891945837369,0.001959196850824253,-0.018959870822991526,0.01873939255295233,-0.021776763727753924,-0.02350009258461695,-0.04033140354387964,0.006019264215396083,-0.0077584778746478756,0.00016125440205846727,-0.04082505242678165,-0.0013610728139000256,ac7d60ba5aaa5382
0.7072258890678426,5.721623458684281,1.0240375364833685,0.9987079037800686,0.0012920962199312715,0.0,0.8032491490114834,0.06276909943409939,0.026859639382837586,0.5594904265102352,0.2918268153518462,0.0,-0.08954842726324413,"Mean(Sub(Div($close,$open),Div($open,Ref($close,1))),5)","Mean($close/$open - $open/Ref($close,1), 5)",6,-0.04139135408059441,-0.08954842726324413,2016Q3,"{""2016Q1"":-0.024283210534484533,""2016Q2"":-0.06583931236955368,""2016Q3"":-0.08954842726324413,""2016Q4"":-0.05332470834433787,""2017Q1"":-0.06850890473591563,""2017Q2"":-0.06642362921807585,""2017Q3"":-0.05708363691204514,""2017Q4"":-0.03826664345939232,""2018Q1"":-0.06302696728250849,""2018Q2"":-0.027302516533063783,""2018Q3"":-0.049674009565738926,""2018Q4"":-0.00581688309302836,""2019Q1"":-0.047270517953170825,""2019Q2"":-0.05930255057631373,""2019Q3"":-0.01493618954272506,""2019Q4"":-0.03586868098103125,""2020Q1"":0.010312021898192724,""2020Q2"":-0.02426594862087305,""2020Q3"":-0.0454904085127712,""2020Q4"":0.004500313012677799}",-0.024283210534484533,-0.06583931236955368,-0.08954842726324413,-0.05332470834433787,-0.06850890473591563,-0.06642362921807585,-0.05708363691204514,-0.03826664345939232,-0.06302696728250849,-0.027302516533063783,-0.049674009565738926,-0.00581688309302836,-0.047270517953170825,-0.05930255057631373,-0.01493618954272506,-0.03586868098103125,0.010312021898192724,-0.02426594862087305,-0.0454904085127712,0.004500313012677799,ac7d60ba5aaa5382
-0.702036948999721,4.022950292699259,1.0830572161542829,0.997594501718213,0.0024054982817869417,0.0,0.6853675939102287,0.08059530801202812,0.0759221853409152,0.8630399163388581,0.41304300969704566,0.09523809523809523,-0.0549758748474301,"Sub(Div($close,Ref(Max($high,5),1)),1)","$close / Ref(Max($high, 5), 1) - 1",6,-0.023260243328984787,-0.0549758748474301,2016Q2,"{""2016Q1"":-0.029049752802429236,""2016Q2"":-0.0549758748474301,""2016Q3"":-0.043258548872294605,""2016Q4"":-0.01856265799365147,""2017Q1"":-0.0522997916253886,""2017Q2"":-0.004378762775916796,""2017Q3"":-0.044071162191338845,""2017Q4"":-0.02048510368402342,""2018Q1"":-0.05382524351435357,""2018Q2"":-0.02571068473686284,""2018Q3"":-0.029663310636474066,""2018Q4"":0.01891772049157466,""2019Q1"":-0.031624621043930594,""2019Q2"":-0.0184125545325608,""2019Q3"":0.012988777339299448,""2019Q4"":-0.027963865286069412,""2020Q1"":0.004013568390645561,""2020Q2"":-0.040569342744948556,""2020Q3"":-0.002528259492110494,""2020Q4"":-0.004873193640722969}",-0.029049752802429236,-0.0549758748474301,-0.043258548872294605,-0.01856265799365147,-0.0522997916253886,-0.004378762775916796,-0.044071162191338845,-0.02048510368402342,-0.05382524351435357,-0.02571068473686284,-0.029663310636474066,0.01891772049157466,-0.031624621043930594,-0.0184125545325608,0.012988777339299448,-0.027963865286069412,0.004013568390645561,-0.040569342744948556,-0.002528259492110494,-0.004873193640722969,ac7d60ba5aaa5382
-0.12806642720374273,3.4399795327881666,1.0279947457105219,0.9978006872852234,0.002199312714776632,0.0,0.8055188303606671,0.11469056277466334,-0.003616017627077148,0.8055040309624287,0.40496750976594015,0.11904761904761904,-0.008363800737059637,"Sub(0,Resi(Log($close),20))","0 - Resi(Log($close), 20)",7,0.03056632606511101,-0.008363800737059637,2018Q4,"{""2016Q1"":-0.005066844979894695,""2016Q2"":0.06312859746517972,""2016Q3"":0.07673808124201267,""2016Q4"":0.06054785057015733,""2017Q1"":0.053061891330651395,""2017Q2"":0.03717266070340097,""2017Q3"":0.045227259318684924,""2017Q4"":0.017716239757049043,""2018Q1"":0.04008922084686157,""2018Q2"":0.027662799808513605,""2018Q3"":0.04253933244715415,""2018Q4"":-0.008363800737059637,""2019Q1"":-0.0007475927136778524,""2019Q2"":0.03869866778868469,""2019Q3"":0.0010615443119006292,""2019Q4"":0.046726054545931206,""2020Q1"":0.001565969321655043,""2020Q2"":0.0486894082646074,""2020Q3"":0.014239751839784048,""2020Q4"":0.0062412175861721614}",-0.005066844979894695,0.06312859746517972,0.07673808124201267,0.06054785057015733,0.053061891330651395,0.03717266070340097,0.045227259318684924,0.017716239757049043,0.04008922084686157,0.027662799808513605,0.04253933244715415,-0.008363800737059637,-0.0007475927136778524,0.03869866778868469,0.0010615443119006292,0.046726054545931206,0.001565969321655043,0.0486894082646074,0.014239751839784048,0.0062412175861721614,ac7d60ba5aaa5382
-0.6857710646629612,5.355038922559492,0.9961748974447566,0.9987079037800686,0.0012920962199312715,0.0,0.7946603708744234,0.004882664327391887,-0.002088309218663806,0.982109557946541,0.4338133929292134,0.19047619047619047,-0.0020470534852753135,"Mul(Mean(Sub(Div($close,Ref($close,1)),1),5),Sub(0,1))","-1 * Mean($close / Ref($close, 1) - 1, 5)",7,0.043742588843089555,-0.0020470534852753135,2020Q1,"{""2016Q1"":0.039574076731245446,""2016Q2"":0.09081091378919842,""2016Q3"":0.10595170413959636,""2016Q4"":0.059916180229929374,""2017Q1"":0.07226425811839597,""2017Q2"":0.03175258406225139,""2017Q3"":0.06234210308309112,""2017Q4"":0.02304020451318917,""2018Q1"":0.06491964523499388,""2018Q2"":0.0329596948859253,""2018Q3"":0.03289087286367025,""2018Q4"":0.0007540568497676413,""2019Q1"":0.0345059351049605,""2019Q2"":0.06488663966462929,""2019Q3"":0.012698126746526905,""2019Q4"":0.043364028823438365,""2020Q1"":-0.0020470534852753135,""2020Q2"":0.034380487357595475,""2020Q3"":0.06251374630371247,""2020Q4"":-0.00037029163324297127}",0.039574076731245446,0.09081091378919842,0.10595170413959636,0.059916180229929374,0.07226425811839597,0.03175258406225139,0.06234210308309112,0.02304020451318917,0.06491964523499388,0.0329596948859253,0.03289087286367025,0.0007540568497676413,0.0345059351049605,0.06488663966462929,0.012698126746526905,0.043364028823438365,-0.0020470534852753135,0.034380487357595475,0.06251374630371247,-0.00037029163324297127,ac7d60ba5aaa5382
0.3232554737806741,0.3069794733343057,1.3415550695150689,0.9989415807560137,0.0010584192439862543,0.0,0.8004445363098167,0.05212880572626883,0.0623122175107464,0.4466353567852938,0.11266220914906193,0.0,-0.050329970778145196,"Mean(Div(Sub(If(Lt($open,$close),$open,$close),$low),Add(1e-12,Sub($high,$low))),5)","Mean((If($open < $close, $open, $close) - $low) / ($high - $low + 1e-12), 5)",7,-0.01245787606443187,-0.050329970778145196,2016Q1,"{""2016Q1"":-0.050329970778145196,""2016Q2"":-0.00886567542879079,""2016Q3"":0.02359792381324755,""2016Q4"":0.0032653799903842695,""2017Q1"":0.004514692089821317,""2017Q2"":0.004950440434167449,""2017Q3"":-0.03185491983531399,""2017Q4"":-0.03522767690738664,""2018Q1"":-0.02958996602265892,""2018Q2"":-0.025625226165417816,""2018Q3"":-0.025303940121969765,""2018Q4"":-0.0187141737055277,""2019Q1"":-0.013897216587103255,""2019Q2"":-0.0056451373862516615,""2019Q3"":-0.007212709632587834,""2019Q4"":0.00718030317534628,""2020Q1"":-0.03845880158797846,""2020Q2"":0.005102087092486644,""2020Q3"":0.009824183217080692,""2020Q4"":-0.02140458175856185}",-0.050329970778145196,-0.00886567542879079,0.02359792381324755,0.0032653799903842695,0.004514692089821317,0.004950440434167449,-0.03185491983531399,-0.03522767690738664,-0.02958996602265892,-0.025625226165417816,-0.025303940121969765,-0.0187141737055277,-0.013897216587103255,-0.0056451373862516615,-0.007212709632587834,0.00718030317534628,-0.03845880158797846,0.005102087092486644,0.009824183217080692,-0.02140458175856185,ac7d60ba5aaa5382
-0.10615827671437773,-0.0021217399754442684,1.4698905006433538,0.9978075601374571,0.0021924398625429555,0.0,0.8723414170629389,0.5417686664952789,-0.00680081663044288,0.6525529419236373,0.3421910002375534,0.0,-0.014627272526141892,"Div(Sub(Max($high,20),$close),Add(1e-12,Sub(Max($high,20),Min($low,20))))","((Max($high, 20) - $close) / (Max($high, 20) - Min($low, 20) + 1e-12))",8,0.025978988437358432,-0.014627272526141892,2018Q4,"{""2016Q1"":0.05575370550888916,""2016Q2"":0.0655270085503805,""2016Q3"":0.07889222993045418,""2016Q4"":0.04496259470253277,""2017Q1"":0.04308819796618135,""2017Q2"":0.007209856613017623,""2017Q3"":0.05690755780967932,""2017Q4"":0.0038125685618524306,""2018Q1"":0.015480327951360548,""2018Q2"":0.002644556622457767,""2018Q3"":0.02127112888236862,""2018Q4"":-0.014627272526141892,""2019Q1"":0.027545506793733722,""2019Q2"":0.031482453658908255,""2019Q3"":0.021801416306038195,""2019Q4"":0.015959399645794445,""2020Q1"":-0.003873376340549917,""2020Q2"":0.014005329316436893,""2020Q3"":0.025639254995469613,""2020Q4"":-0.0012473306802343706}",0.05575370550888916,0.0655270085503805,0.07889222993045418,0.04496259470253277,0.04308819796618135,0.007209856613017623,0.05690755780967932,0.0038125685618524306,0.015480327951360548,0.002644556622457767,0.02127112888236862,-0.014627272526141892,0.027545506793733722,0.031482453658908255,0.021801416306038195,0.015959399645794445,-0.003873376340549917,0.014005329316436893,0.025639254995469613,-0.0012473306802343706,ac7d60ba5aaa5382
0.1249954722277561,0.15508465868469806,1.3419262333366464,0.9989415807560137,0.0010584192439862543,0.0,0.7688162936885922,0.006731613272477092,0.037633637308349975,0.6420029439870973,0.33500677627480896,0.0,-0.07872979144141676,"Div(Sum(Div(Mul($volume,Sub(Sub(Mul($close,2),$high),$low)),Add(1e-12,Sub($high,$low))),5),Sum($volume,5))","Sum($volume * (2 * $close - $high - $low) / ($high - $low + 1e-12), 5) / Sum($volume, 5)",8,-0.03996069225041019,-0.07872979144141676,2018Q1,"{""2016Q1"":-0.02473755731423852,""2016Q2"":-0.06600453887594171,""2016Q3"":-0.05372313455407539,""2016Q4"":-0.04412439992212246,""2017Q1"":-0.05903363470785671,""2017Q2"":-0.03419851836079022,""2017Q3"":-0.06987320289076301,""2017Q4"":-0.04933437589591405,""2018Q1"":-0.07872979144141676,""2018Q2"":-0.0377299727545665,""2018Q3"":-0.0483383570340238,""2018Q4"":-0.0037707729703109778,""2019Q1"":-0.05260430276650378,""2019Q2"":-0.07024688416970734,""2019Q3"":-0.01106266651446714,""2019Q4"":-0.0206355356654113,""2020Q1"":-0.014742287651608434,""2020Q2"":-0.03033123257907832,""2020Q3"":-0.029925885674243258,""2020Q4"":0.0018658040201746595}",-0.02473755731423852,-0.06600453887594171,-0.05372313455407539,-0.04412439992212246,-0.05903363470785671,-0.03419851836079022,-0.06987320289076301,-0.04933437589591405,-0.07872979144141676,-0.0377299727545665,-0.0483383570340238,-0.0037707729703109778,-0.05260430276650378,-0.07024688416970734,-0.01106266651446714,-0.0206355356654113,-0.014742287651608434,-0.03033123257907832,-0.029925885674243258,0.0018658040201746595,ac7d60ba5aaa5382
-0.06526035022763074,0.20701007128547103,1.3183734451892717,0.9975738831615119,0.0024261168384879725,0.0,0.09731822854879982,-0.006406288942960473,-0.0030737744770953043,0.7905952195070978,0.21001937728894615,0.023809523809523808,-0.04027115436981209,"Sub(0,Div(Resi($close,5),Add(1e-12,Std($close,5))))","0 - Resi($close, 5) / (Std($close, 5) + 1e-12)",8,0.01388863963155467,-0.04027115436981209,2017Q2,"{""2016Q1"":-0.025110669780199615,""2016Q2"":0.04825351362576212,""2016Q3"":0.04563548874495506,""2016Q4"":0.0235655570802185,""2017Q1"":0.019713968043402932,""2017Q2"":-0.04027115436981209,""2017Q3"":0.022199805246265386,""2017Q4"":0.029721059859100986,""2018Q1"":-0.007767733309449156,""2018Q2"":0.016644981876199765,""2018Q3"":0.03885500294060945,""2018Q4"":-0.012119984291136294,""2019Q1"":-0.017070480172945473,""2019Q2"":0.03558736614557843,""2019Q3"":0.023000407271065917,""2019Q4"":0.031045608216009317,""2020Q1"":-0.0016879152402877323,""2020Q2"":0.03488016656560092,""2020Q3"":-0.010002714351281783,""2020Q4"":0.016986248648637448}",-0.025110669780199615,0.04825351362576212,0.04563548874495506,0.0235655570802185,0.019713968043402932,-0.04027115436981209,0.022199805246265386,0.029721059859100986,-0.007767733309449156,0.016644981876199765,0.03885500294060945,-0.012119984291136294,-0.017070480172945473,0.03558736614557843,0.023000407271065917,0.031045608216009317,-0.0016879152402877323,0.03488016656560092,-0.010002714351281783,0.016986248648637448,ac7d60ba5aaa5382
1.109428092229246,2.65009646535945,1.182583234998898,0.9978075601374571,0.0021924398625429555,0.0,0.5303198238548986,0.16500765615932575,-0.08823623501603982,0.6697214222550117,0.23843219815183825,0.0,-0.07195664168859313,"Mul(Div(Min($low,5),$close),Log(Add(1,Div($volume,Mean($volume,20)))))","Min($low, 5) / $close * Log(1 + $volume / Mean($volume, 20))",9,-0.030454918105313523,-0.07195664168859313,2016Q2,"{""2016Q1"":-0.061646594876139445,""2016Q2"":-0.07195664168859313,""2016Q3"":-0.0632465908914074,""2016Q4"":-0.03331001053391874,""2017Q1"":-0.060055401740173944,""2017Q2"":-0.033320026649183467,""2017Q3"":-0.019333041988866668,""2017Q4"":-0.004162214389044153,""2018Q1"":-0.021375357087660835,""2018Q2"":-0.019901760474212053,""2018Q3"":-0.004988325199125595,""2018Q4"":-0.021147567759305853,""2019Q1"":-0.01784802688187482,""2019Q2"":-0.02014655286169964,""2019Q3"":-0.01152836502159304,""2019Q4"":-0.039010003332280455,""2020Q1"":-0.011755030167762578,""2020Q2"":-0.06013711879552183,""2020Q3"":-0.023650214168655943,""2020Q4"":-0.012144063841234388}",-0.061646594876139445,-0.07195664168859313,-0.0632465908914074,-0.03331001053391874,-0.060055401740173944,-0.033320026649183467,-0.019333041988866668,-0.004162214389044153,-0.021375357087660835,-0.019901760474212053,-0.004988325199125595,-0.021147567759305853,-0.01784802688187482,-0.02014655286169964,-0.01152836502159304,-0.039010003332280455,-0.011755030167762578,-0.06013711879552183,-0.023650214168655943,-0.012144063841234388,ac7d60ba5aaa5382
0.2543315645977585,-0.1849061931246713,1.4236228853167017,0.9978075601374571,0.0021924398625429555,0.0,0.7152207829784498,0.1465206808972615,-0.05454788232641906,0.216019657787176,0.0895060604779154,0.0,-0.023537499484220455,"If(Gt(Mean($volume,5),Mean($volume,20)),Div(Min($low,5),$close),Mul(0.5,Div(Min($low,5),$close)))","If(Gt(Mean($volume, 5), Mean($volume, 20)), Min($low, 5) / $close, Min($low, 5) / $close * 0.5)",9,0.012010362543326589,-0.023537499484220455,2016Q1,"{""2016Q1"":-0.023537499484220455,""2016Q2"":0.019970353001031324,""2016Q3"":0.054497987542845835,""2016Q4"":0.049738420514642306,""2017Q1"":0.014041736333053606,""2017Q2"":-0.012738644715620192,""2017Q3"":0.01905840484699719,""2017Q4"":0.010832763016025902,""2018Q1"":0.013184866245085396,""2018Q2"":0.0006839513528563747,""2018Q3"":0.04290011915837887,""2018Q4"":-0.00833436834886406,""2019Q1"":-0.013953799919318468,""2019Q2"":0.012047175148389707,""2019Q3"":0.006299133996383495,""2019Q4"":0.011436661745595402,""2020Q1"":0.02345332126682088,""2020Q2"":-0.021947154198884496,""2020Q3"":0.022387176356856317,""2020Q4"":0.012448196877281197}",-0.023537499484220455,0.019970353001031324,0.054497987542845835,0.049738420514642306,0.014041736333053606,-0.012738644715620192,0.01905840484699719,0.010832763016025902,0.013184866245085396,0.0006839513528563747,0.04290011915837887,-0.00833436834886406,-0.013953799919318468,0.012047175148389707,0.006299133996383495,0.011436661745595402,0.02345332126682088,-0.021947154198884496,0.022387176356856317,0.012448196877281197,ac7d60ba5aaa5382
-0.8482814054259116,1.4202883260426367,1.275937322336173,0.9998006872852233,0.0001993127147766323,0.0,0.9802194244577221,0.9051989605224222,0.6042753920352982,0.5960393260755514,0.11631975180356562,0.0,-0.02234872569142601,"Sub(0,Std(Sub(Div($close,Ref($close,1)),1),20))","0 - Std($close / Ref($close, 1) - 1, 20)",9,0.018777918992917208,-0.02234872569142601,2020Q2,"{""2016Q1"":0.0011503007772198858,""2016Q2"":0.036142943768093926,""2016Q3"":0.06486307402167234,""2016Q4"":0.0676203403621236,""2017Q1"":0.024102078467737723,""2017Q2"":0.018889320001752107,""2017Q3"":0.018135624987483917,""2017Q4"":-0.011366123442893727,""2018Q1"":-0.003665048182834026,""2018Q2"":-0.012773215376094948,""2018Q3"":0.03225692388759925,""2018Q4"":0.026446024128830202,""2019Q1"":-0.014587968268955394,""2019Q2"":0.04754296770194556,""2019Q3"":0.036607130881244954,""2019Q4"":0.009157502939812477,""2020Q1"":0.014114927004538022,""2020Q2"":-0.02234872569142601,""2020Q3"":0.04244888716980566,""2020Q4"":-0.010589024667889923}",0.0011503007772198858,0.036142943768093926,0.06486307402167234,0.0676203403621236,0.024102078467737723,0.018889320001752107,0.018135624987483917,-0.011366123442893727,-0.003665048182834026,-0.012773215376094948,0.03225692388759925,0.026446024128830202,-0.014587968268955394,0.04754296770194556,0.036607130881244954,0.009157502939812477,0.014114927004538022,-0.02234872569142601,0.04244888716980566,-0.010589024667889923,ac7d60ba5aaa5382
-0.26855783252897486,3.8087333959774146,1.0781289664350635,0.9978075601374571,0.0021924398625429555,0.0,0.8245706508043008,0.2608496699583419,0.008540094421811488,0.8958651657352839,0.44256433885713004,0.23809523809523808,0.0005155685590757265,"Div(Sub(Div(Sum(Mul($close,$volume),10),Add(1e-12,Sum($volume,10))),$close),Add($close,1e-12))","(Sum($volume * $close, 10) / (Sum($volume, 10) + 1e-12) - $close) / ($close + 1e-12)",10,0.03998482138677093,0.0005155685590757265,2018Q4,"{""2016Q1"":0.05582935349864365,""2016Q2"":0.08364431861317938,""2016Q3"":0.09787936202908801,""2016Q4"":0.06335732032095714,""2017Q1"":0.06239405244414502,""2017Q2"":0.02937330305565743,""2017Q3"":0.06567521722592566,""2017Q4"":0.00674219759689628,""2018Q1"":0.04138967452345937,""2018Q2"":0.025868866894805036,""2018Q3"":0.03870451415029938,""2018Q4"":0.0005155685590757265,""2019Q1"":0.024699092096356488,""2019Q2"":0.04484652765723687,""2019Q3"":0.02005684246104681,""2019Q4"":0.04148713967668372,""2020Q1"":0.0026963269201168427,""2020Q2"":0.04162178543476191,""2020Q3"":0.03846415101920116,""2020Q4"":0.0074468877937547235}",0.05582935349864365,0.08364431861317938,0.09787936202908801,0.06335732032095714,0.06239405244414502,0.02937330305565743,0.06567521722592566,0.00674219759689628,0.04138967452345937,0.025868866894805036,0.03870451415029938,0.0005155685590757265,0.024699092096356488,0.04484652765723687,0.02005684246104681,0.04148713967668372,0.0026963269201168427,0.04162178543476191,0.03846415101920116,0.0074468877937547235,ac7d60ba5aaa5382
-0.6899540673937662,3.7187342165631585,1.0051574122952833,0.9978075601374571,0.0021924398625429555,0.0,-0.011237871583591163,0.0009889900649861054,-0.002936091494801385,0.9953297970013777,0.36910026212679936,0.14285714285714285,-0.004047282854165352,"Mul(Div(Min($low,5),$close),Div(Sub($open,$close),Add($open,1e-12)))","Min($low, 5) / $close * (($open - $close) / ($open + 1e-12))",10,0.0426141677363657,-0.004047282854165352,2016Q1,"{""2016Q1"":-0.004047282854165352,""2016Q2"":0.09485664808923201,""2016Q3"":0.085063274330926,""2016Q4"":0.07675651975938082,""2017Q1"":0.062423965991736566,""2017Q2"":-0.0023051485372392396,""2017Q3"":0.06448274985839146,""2017Q4"":0.038565842839131316,""2018Q1"":0.03508969508421307,""2018Q2"":0.03895981775883228,""2018Q3"":0.058600230285940184,""2018Q4"":-0.001790106062909596,""2019Q1"":0.01723584017490015,""2019Q2"":0.08215188673262525,""2019Q3"":0.03156421893081352,""2019Q4"":0.04358633175322988,""2020Q1"":0.007754224338595886,""2020Q2"":0.04083650203962569,""2020Q3"":0.04310003447672617,""2020Q4"":0.030656279796441747}",-0.004047282854165352,0.09485664808923201,0.085063274330926,0.07675651975938082,0.062423965991736566,-0.0023051485372392396,0.06448274985839146,0.038565842839131316,0.03508969508421307,0.03895981775883228,0.058600230285940184,-0.001790106062909596,0.01723584017490015,0.08215188673262525,0.03156421893081352,0.04358633175322988,0.007754224338595886,0.04083650203962569,0.04310003447672617,0.030656279796441747,ac7d60ba5aaa5382
1.254549389053865,13.354152019600397,1.2151190947498627,0.9978075601374571,0.0021924398625429555,0.0,0.9045056693202376,0.30315252158385475,-0.11092484282663605,0.42621661982790227,0.1959462109180818,0.0,-0.0062896760243003535,"Mul(Div(Mean($volume,20),Add(1e-12,Mean($volume,5))),Div(Min($low,5),$close))","Min($low, 5) / $close * (Mean($volume, 20) / (Mean($volume, 5) + 1e-12))",10,0.02567604812519722,-0.0062896760243003535,2020Q4,"{""2016Q1"":0.060239843173776,""2016Q2"":0.0398772873718521,""2016Q3"":0.057578402010686376,""2016Q4"":0.03505172267035447,""2017Q1"":0.04390339857691785,""2017Q2"":0.04346969043596376,""2017Q3"":0.030090711929276464,""2017Q4"":0.005231251196914923,""2018Q1"":0.016426781803083292,""2018Q2"":0.0073642555990394275,""2018Q3"":-0.0024084241063795204,""2018Q4"":0.005981945340323088,""2019Q1"":0.02483021081071922,""2019Q2"":0.0360519340894407,""2019Q3"":0.01713950263181211,""2019Q4"":0.018900452764022982,""2020Q1"":0.004952604512060943,""2020Q2"":0.047592239757020476,""2020Q3"":0.026705549470211778,""2020Q4"":-0.0062896760243003535}",0.060239843173776,0.0398772873718521,0.057578402010686376,0.03505172267035447,0.04390339857691785,0.04346969043596376,0.030090711929276464,0.005231251196914923,0.016426781803083292,0.0073642555990394275,-0.0024084241063795204,0.005981945340323088,0.02483021081071922,0.0360519340894407,0.01713950263181211,0.018900452764022982,0.004952604512060943,0.047592239757020476,0.026705549470211778,-0.0062896760243003535,ac7d60ba5aaa5382
0.015407370349431716,-0.07257857248619366,1.3655072025331478,0.9998213058419243,0.00017869415807560138,0.0,0.9364570105098168,0.7205621035149344,0.0022121919264442205,0.31217265640669795,0.16535756612303268,0.0,-0.003970270551063491,"Div(Sum(If(Lt($close,$open),$volume,0),20),Add(1e-12,Sum($volume,20)))","Sum(If(Lt($close, $open), $volume, 0), 20) / (Sum($volume, 20) + 1e-12)",11,0.023905132222783974,-0.003970270551063491,2019Q4,"{""2016Q1"":0.038850027098348124,""2016Q2"":0.04271624382026572,""2016Q3"":0.03397145390779007,""2016Q4"":0.007425988623297564,""2017Q1"":0.029528410146116586,""2017Q2"":0.009292631648385367,""2017Q3"":0.024160155087570336,""2017Q4"":0.024573218644603708,""2018Q1"":0.03466639998092777,""2018Q2"":0.03090281134546027,""2018Q3"":0.01029373562194636,""2018Q4"":0.025220516443144304,""2019Q1"":0.04792326049397374,""2019Q2"":0.043991174168680154,""2019Q3"":0.029684183511802915,""2019Q4"":-0.003970270551063491,""2020Q1"":0.0027289054368883747,""2020Q2"":0.014762778634952442,""2020Q3"":0.02982671971552077,""2020Q4"":0.0005321269178031189}",0.038850027098348124,0.04271624382026572,0.03397145390779007,0.007425988623297564,0.029528410146116586,0.009292631648385367,0.024160155087570336,0.024573218644603708,0.03466639998092777,0.03090281134546027,0.01029373562194636,0.025220516443144304,0.04792326049397374,0.043991174168680154,0.029684183511802915,-0.003970270551063491,0.0027289054368883747,0.014762778634952442,0.02982671971552077,0.0005321269178031189,ac7d60ba5aaa5382
0.5500627873411537,21.413234183980038,0.8855798165423993,0.9995395189003435,0.0004604810996563574,0.0,0.9088482729243405,0.5390429458642155,0.06433059032777481,0.2668186711280403,0.0892490135609488,0.0,-0.02822858900927672,"Sub(0,Mean(Sub(Div($open,Ref($close,1)),1),10))","0 - Mean($open / Ref($close, 1) - 1, 10)",11,-0.007296677516509966,-0.02822858900927672,2017Q2,"{""2016Q1"":0.00595713954681255,""2016Q2"":-0.011759276796596952,""2016Q3"":-0.011104229448381053,""2016Q4"":-0.009470091365852818,""2017Q1"":-0.0006318482878539205,""2017Q2"":-0.02822858900927672,""2017Q3"":-0.0054634011343087955,""2017Q4"":-0.01670089318687251,""2018Q1"":-0.026260578082797272,""2018Q2"":-0.0023751464218644794,""2018Q3"":-0.025974035526270086,""2018Q4"":-0.020308904301577044,""2019Q1"":-0.0165113316050333,""2019Q2"":-0.02076835211633652,""2019Q3"":0.01835179642484873,""2019Q4"":0.0041919985286859906,""2020Q1"":0.020131647101806222,""2020Q2"":-0.012964945542474446,""2020Q3"":-0.0006318697022273683,""2020Q4"":0.014259737482973852}",0.00595713954681255,-0.011759276796596952,-0.011104229448381053,-0.009470091365852818,-0.0006318482878539205,-0.02822858900927672,-0.0054634011343087955,-0.01670089318687251,-0.026260578082797272,-0.0023751464218644794,-0.025974035526270086,-0.020308904301577044,-0.0165113316050333,-0.02076835211633652,0.01835179642484873,0.0041919985286859906,0.020131647101806222,-0.012964945542474446,-0.0006318697022273683,0.014259737482973852,ac7d60ba5aaa5382
-0.04767475759802906,0.1554183860531309,1.3282892262046495,0.9997525773195877,0.00024742268041237116,0.0,0.910943647371598,0.5974541748112917,-0.010232627457041055,0.5372371983885638,0.2634941214417835,0.0,-0.02700957067847797,"Sub(0,Div(Mean(If(Gt($close,Ref($close,1)),Sub($close,Ref($close,1)),0),14),Add(1e-12,Mean(Abs(Sub($close,Ref($close,1))),14))))","0 - Mean(If(Gt($close, Ref($close, 1)), $close - Ref($close, 1), 0), 14) / (Mean(Abs($close - Ref($close, 1)), 14) + 1e-12)",11,0.01923819235535128,-0.02700957067847797,2017Q4,"{""2016Q1"":0.05317425035466424,""2016Q2"":0.04995020465867376,""2016Q3"":0.05812766076571443,""2016Q4"":0.023659837634137655,""2017Q1"":0.031883831304176914,""2017Q2"":0.0042662948752007455,""2017Q3"":0.035795657950724674,""2017Q4"":-0.02700957067847797,""2018Q1"":-0.00037653426018640577,""2018Q2"":-0.0041226898998889625,""2018Q3"":-0.0007841143937110998,""2018Q4"":-0.002054186638031779,""2019Q1"":0.03538816750043528,""2019Q2"":0.035418987030150915,""2019Q3"":0.024940513471472525,""2019Q4"":0.00953316279170237,""2020Q1"":0.011883641478606523,""2020Q2"":0.00430880478139685,""2020Q3"":0.045237538050943785,""2020Q4"":-0.011035778806413939}",0.05317425035466424,0.04995020465867376,0.05812766076571443,0.023659837634137655,0.031883831304176914,0.0042662948752007455,0.035795657950724674,-0.02700957067847797,-0.00037653426018640577,-0.0041226898998889625,-0.0007841143937110998,-0.002054186638031779,0.03538816750043528,0.035418987030150915,0.024940513471472525,0.00953316279170237,0.011883641478606523,0.00430880478139685,0.045237538050943785,-0.011035778806413939,ac7d60ba5aaa5382
-0.7436052759901612,0.07855884856492659,1.3825165566710478,0.9998144329896906,0.00018556701030927834,0.0,0.955537818494518,0.8039972276105372,0.3430445152107995,0.5108682657053726,0.13182300303988,0.0,-0.01700905710102286,"Sub(0,Max(Sub(Div($close,Ref($close,1)),1),20))","0 - Max($close / Ref($close, 1) - 1, 20)",12,0.01995101540316928,-0.01700905710102286,2020Q2,"{""2016Q1"":0.016945177366389546,""2016Q2"":0.030058372855415343,""2016Q3"":0.07035218296882471,""2016Q4"":0.057582549506256554,""2017Q1"":0.032207478194395484,""2017Q2"":0.012325642048020965,""2017Q3"":0.029029257302282417,""2017Q4"":-0.007240167360328718,""2018Q1"":0.014988312980856351,""2018Q2"":-0.005799767797948746,""2018Q3"":0.026887147655307336,""2018Q4"":0.0022959446829230973,""2019Q1"":-0.0013081045189226527,""2019Q2"":0.04367874226161512,""2019Q3"":0.026361577772603038,""2019Q4"":0.0010454440435572851,""2020Q1"":0.01718902019120915,""2020Q2"":-0.01700905710102286,""2020Q3"":0.04614022368725113,""2020Q4"":-0.006522875658197668}",0.016945177366389546,0.030058372855415343,0.07035218296882471,0.057582549506256554,0.032207478194395484,0.012325642048020965,0.029029257302282417,-0.007240167360328718,0.014988312980856351,-0.005799767797948746,0.026887147655307336,0.0022959446829230973,-0.0013081045189226527,0.04367874226161512,0.026361577772603038,0.0010454440435572851,0.01718902019120915,-0.01700905710102286,0.04614022368725113,-0.006522875658197668,ac7d60ba5aaa5382
-3.1541128594471146e-05,-0.04177619884114007,1.359804015376703,0.9998213058419243,0.00017869415807560138,0.0,0.9331805610096009,0.7031193570830248,-0.035867983835808484,0.4511679686097597,0.19774281036019253,0.0,-0.05564846938273629,"Div(Sub(Sum(If(Gt($close,Ref($close,1)),$volume,0),20),Sum(If(Lt($close,Ref($close,1)),$volume,0),20)),Add(1e-12,Sum($volume,20)))","(Sum(If($close > Ref($close, 1), $volume, 0), 20) - Sum(If($close < Ref($close, 1), $volume, 0), 20)) / (Sum($volume, 20) + 1e-12)",12,-0.02314423788310861,-0.05564846938273629,2016Q1,"{""2016Q1"":-0.05564846938273629,""2016Q2"":-0.039191196793492436,""2016Q3"":-0.045762654948005674,""2016Q4"":-0.02306354910875822,""2017Q1"":-0.034608674512142085,""2017Q2"":0.0010573719680966383,""2017Q3"":-0.02625290154474053,""2017Q4"":-0.013981823938350813,""2018Q1"":-0.002188837643737846,""2018Q2"":-0.017938553870537558,""2018Q3"":-8.657027670843311e-05,""2018Q4"":-0.01579476890876837,""2019Q1"":-0.04015328715942405,""2019Q2"":-0.04384703346836901,""2019Q3"":-0.02926364096712452,""2019Q4"":0.008528905605814877,""2020Q1"":-0.023717814895329353,""2020Q2"":-0.015651335523516923,""2020Q3"":-0.03287158081926245,""2020Q4"":-0.011451317693873999}",-0.05564846938273629,-0.039191196793492436,-0.045762654948005674,-0.02306354910875822,-0.034608674512142085,0.0010573719680966383,-0.02625290154474053,-0.013981823938350813,-0.002188837643737846,-0.017938553870537558,-8.657027670843311e-05,-0.01579476890876837,-0.04015328715942405,-0.04384703346836901,-0.02926364096712452,0.008528905605814877,-0.023717814895329353,-0.015651335523516923,-0.03287158081926245,-0.011451317693873999,ac7d60ba5aaa5382
-0.28001235776147976,-0.677408729889371,1.5547048410397737,0.9998144329896906,0.00018556701030927834,0.0,0.9595161766918563,0.8194431507635493,0.39865420287040043,0.5206929086223164,0.13050412106228323,0.0,-0.013670053004793953,"Sub(0,Max(Sub(Div($high,Ref($close,1)),1),20))","0 - Max($high / Ref($close,1) - 1, 20)",12,0.02534911488755449,-0.013670053004793953,2020Q2,"{""2016Q1"":0.019219371251759553,""2016Q2"":0.05147109291728592,""2016Q3"":0.07703395379682268,""2016Q4"":0.055326535524758,""2017Q1"":0.04123576176376852,""2017Q2"":0.01708808666120215,""2017Q3"":0.03215587921840693,""2017Q4"":0.0015793778241097885,""2018Q1"":0.009908082687327761,""2018Q2"":0.006972614289610828,""2018Q3"":0.031259873870106133,""2018Q4"":0.00792424242903758,""2019Q1"":0.0006472658863564854,""2019Q2"":0.05127971902737771,""2019Q3"":0.03805065265759937,""2019Q4"":0.001952142545085462,""2020Q1"":0.017990968307907487,""2020Q2"":-0.013670053004793953,""2020Q3"":0.048218168024288695,""2020Q4"":0.000912568620965049}",0.019219371251759553,0.05147109291728592,0.07703395379682268,0.055326535524758,0.04123576176376852,0.01708808666120215,0.03215587921840693,0.0015793778241097885,0.009908082687327761,0.006972614289610828,0.031259873870106133,0.00792424242903758,0.0006472658863564854,0.05127971902737771,0.03805065265759937,0.001952142545085462,0.017990968307907487,-0.013670053004793953,0.048218168024288695,0.000912568620965049,ac7d60ba5aaa5382
-0.2731027172663058,4.306330637272114,1.0224170859120374,0.9963848797250859,0.003615120274914089,0.0,0.7917999774995835,-0.0078020267637339364,-0.006325890569932644,0.9966545716511317,0.43447821814537557,0.19047619047619047,-0.002419232120153542,"Sub(Div(Ref($close,5),$close),1)","Ref($close, 5) / $close - 1",13,0.04455986648480977,-0.002419232120153542,2020Q1,"{""2016Q1"":0.041452709878437535,""2016Q2"":0.09385590954122018,""2016Q3"":0.10463560148220902,""2016Q4"":0.06096473485990093,""2017Q1"":0.07234640629355252,""2017Q2"":0.033216836610068405,""2017Q3"":0.06316637252878587,""2017Q4"":0.023502099800995817,""2018Q1"":0.06713260528752246,""2018Q2"":0.035055930499341005,""2018Q3"":0.03420751450782553,""2018Q4"":0.001773345011517334,""2019Q1"":0.03575743006909972,""2019Q2"":0.06605794136930819,""2019Q3"":0.012757533064071154,""2019Q4"":0.042497172277071234,""2020Q1"":-0.002419232120153542,""2020Q2"":0.03546846777388964,""2020Q3"":0.06231919151660272,""2020Q4"":-3.965874583261218e-05}",0.041452709878437535,0.09385590954122018,0.10463560148220902,0.06096473485990093,0.07234640629355252,0.033216836610068405,0.06316637252878587,0.023502099800995817,0.06713260528752246,0.035055930499341005,0.03420751450782553,0.001773345011517334,0.03575743006909972,0.06605794136930819,0.012757533064071154,0.042497172277071234,-0.002419232120153542,0.03546846777388964,0.06231919151660272,-3.965874583261218e-05,ac7d60ba5aaa5382
5.787165486787614,0.0,0.6428545202712951,0.9998144329896906,0.00018556701030927834,0.0,0.9912286808974894,0.9602991469679395,0.8459334893073427,0.08829636779152214,0.021470849554057814,0.0,-0.021154022939935166,"Mean(Div(Abs(Sub($close,Ref($close,1))),Add(1e-12,Mul($close,$volume))),20)","Mean(Abs($close - Ref($close, 1)) / ($volume * $close + 1e-12), 20)",13,0.0027920487404994574,-0.021154022939935166,2016Q4,"{""2016Q1"":0.019401333610842317,""2016Q2"":0.009941655571208692,""2016Q3"":0.007459758745138324,""2016Q4"":-0.021154022939935166,""2017Q1"":-0.002016477172923494,""2017Q2"":-0.00040586970137895725,""2017Q3"":-0.0010920684696442658,""2017Q4"":0.011713828588394435,""2018Q1"":0.011460601679420052,""2018Q2"":0.0028450927411744157,""2018Q3"":-0.020977869983542497,""2018Q4"":0.0001727821033187783,""2019Q1"":0.017914484487886274,""2019Q2"":-0.016285836119006504,""2019Q3"":-0.000914080334714909,""2019Q4"":-0.015464915865009036,""2020Q1"":0.018836251643585523,""2020Q2"":0.02734827285668584,""2020Q3"":0.009133264895501165,""2020Q4"":0.0011152095062147314}",0.019401333610842317,0.009941655571208692,0.007459758745138324,-0.021154022939935166,-0.002016477172923494,-0.00040586970137895725,-0.0010920684696442658,0.011713828588394435,0.011460601679420052,0.0028450927411744157,-0.020977869983542497,0.0001727821033187783,0.017914484487886274,-0.016285836119006504,-0.000914080334714909,-0.015464915865009036,0.018836251643585523,0.02734827285668584,0.009133264895501165,0.0011152095062147314,ac7d60ba5aaa5382
5.762880938186732,0.0,0.6445734619891051,0.9998144329896906,0.00018556701030927834,0.0,0.9913305575939654,0.9610519250460833,0.8481017260052015,0.08851493550706059,0.02181576153986807,0.0,-0.021233266890651522,"Mean(Div(Abs(Sub(Div($close,Ref($close,1)),1)),Add($volume,1e-12)),20)","Mean(Abs($close / Ref($close, 1) - 1) / ($volume + 1e-12), 20)",13,0.0026914553026368498,-0.021233266890651522,2016Q4,"{""2016Q1"":0.01899484743528229,""2016Q2"":0.009724454343914606,""2016Q3"":0.007250691397236352,""2016Q4"":-0.021233266890651522,""2017Q1"":-0.0021795727395034106,""2017Q2"":-0.00022478185887068978,""2017Q3"":-0.001295343628610633,""2017Q4"":0.011757773191609129,""2018Q1"":0.011229082235097223,""2018Q2"":0.002855984603522496,""2018Q3"":-0.021042781950384334,""2018Q4"":0.00021020279536907607,""2019Q1"":0.01768603302299426,""2019Q2"":-0.016279876276869814,""2019Q3"":-0.0009300354380683793,""2019Q4"":-0.015452600047198983,""2020Q1"":0.018612126950905642,""2020Q2"":0.027373606360720795,""2020Q3"":0.00892758795390935,""2020Q4"":0.001038515847369189}",0.01899484743528229,0.009724454343914606,0.007250691397236352,-0.021233266890651522,-0.0021795727395034106,-0.00022478185887068978,-0.001295343628610633,0.011757773191609129,0.011229082235097223,0.002855984603522496,-0.021042781950384334,0.00021020279536907607,0.01768603302299426,-0.016279876276869814,-0.0009300354380683793,-0.015452600047198983,0.018612126950905642,0.027373606360720795,0.00892758795390935,0.001038515847369189,ac7d60ba5aaa5382
-0.3502013253319946,3.7240625462758894,0.9597839871019537,0.9978075601374571,0.0021924398625429555,0.0,0.5366779955285539,-0.29044650692142837,-0.009946200654424805,0.7073949746114735,0.36915185612456636,0.047619047619047616,-0.0010654417427087926,"Sub(Div(Min($low,5),$close),EMA(Div(Min($low,5),$close),5))","(Min($low, 5) / $close) - EMA(Min($low, 5) / $close, 5)",14,0.03337664631274079,-0.0010654417427087926,2017Q2,"{""2016Q1"":0.01945926679958974,""2016Q2"":0.08103173931678803,""2016Q3"":0.077356848761136,""2016Q4"":0.05389673349257195,""2017Q1"":0.0711065051262348,""2017Q2"":-0.0010654417427087926,""2017Q3"":0.040734523721109146,""2017Q4"":0.03198002202324627,""2018Q1"":0.026415631525383114,""2018Q2"":0.03150270913955173,""2018Q3"":0.03875467528771909,""2018Q4"":0.010840334380930154,""2019Q1"":-0.0002443106583622648,""2019Q2"":0.04811579213347253,""2019Q3"":0.0016642524336544274,""2019Q4"":0.054248666922777945,""2020Q1"":0.007817477199527073,""2020Q2"":0.034692335572048746,""2020Q3"":0.011390308850132078,""2020Q4"":0.025704750603460065}",0.01945926679958974,0.08103173931678803,0.077356848761136,0.05389673349257195,0.0711065051262348,-0.0010654417427087926,0.040734523721109146,0.03198002202324627,0.026415631525383114,0.03150270913955173,0.03875467528771909,0.010840334380930154,-0.0002443106583622648,0.04811579213347253,0.0016642524336544274,0.054248666922777945,0.007817477199527073,0.034692335572048746,0.011390308850132078,0.025704750603460065,ac7d60ba5aaa5382
-0.00319564973283631,0.7870441716256565,1.2502583915890464,0.999786941580756,0.00021305841924398625,0.0,0.9209105371336157,0.6647329491125975,-0.005045764316799796,0.15804946826291294,0.05985916348030179,0.0,-0.024429316958955817,"Sub(0,Skew(Log(Div($close,Ref($close,1))),20))","0 - Skew(Log($close / Ref($close, 1)), 20)",14,0.004335928326585278,-0.024429316958955817,2018Q4,"{""2016Q1"":0.010436957974594398,""2016Q2"":0.01701120097504635,""2016Q3"":0.0407419304156946,""2016Q4"":0.009741418936578134,""2017Q1"":0.020129060976451847,""2017Q2"":0.00039205069803237546,""2017Q3"":0.025243737820784633,""2017Q4"":-0.003643596729527292,""2018Q1"":0.0240442662181483,""2018Q2"":0.0024736073817329756,""2018Q3"":-0.002287450790560452,""2018Q4"":-0.024429316958955817,""2019Q1"":-0.004794367387783796,""2019Q2"":0.012343300193246738,""2019Q3"":-0.02039317249863239,""2019Q4"":-0.010275355262338963,""2020Q1"":-0.008699481943191676,""2020Q2"":-0.003580564373770431,""2020Q3"":0.00817216035393782,""2020Q4"":-0.008532618028546582}",0.010436957974594398,0.01701120097504635,0.0407419304156946,0.009741418936578134,0.020129060976451847,0.00039205069803237546,0.025243737820784633,-0.003643596729527292,0.0240442662181483,0.0024736073817329756,-0.002287450790560452,-0.024429316958955817,-0.004794367387783796,0.012343300193246738,-0.02039317249863239,-0.010275355262338963,-0.008699481943191676,-0.003580564373770431,0.00817216035393782,-0.008532618028546582,ac7d60ba5aaa5382
-1.006567901927182,2.6608900856162245,1.2636452192670804,0.9978075601374571,0.0021924398625429555,0.0,0.9769907499850748,0.9109351565359894,0.7202393692501121,0.3353119220575522,0.15162167865462542,0.0,-0.04883137783358977,"Sub(Div($close,Max($high,120)),1)","$close / Max($high, 120) - 1",14,5.94999495235922e-05,-0.04883137783358977,2016Q1,"{""2016Q1"":-0.04883137783358977,""2016Q2"":-0.007930397417134838,""2016Q3"":-0.022917295196929657,""2016Q4"":0.008002733641969847,""2017Q1"":0.007914673018834235,""2017Q2"":0.03167516216099401,""2017Q3"":-0.024815914581238427,""2017Q4"":0.014458030335121668,""2018Q1"":-0.01901143428974467,""2018Q2"":0.023576284389040844,""2018Q3"":0.012142746885540323,""2018Q4"":-0.002365649592128407,""2019Q1"":-0.031300627026560536,""2019Q2"":0.0012735501440644499,""2019Q3"":0.006504755691788069,""2019Q4"":0.009744919262205982,""2020Q1"":0.0005404886680303184,""2020Q2"":0.014291688879599732,""2020Q3"":-0.011972520809195947,""2020Q4"":0.043294496940372504}",-0.04883137783358977,-0.007930397417134838,-0.022917295196929657,0.008002733641969847,0.007914673018834235,0.03167516216099401,-0.024815914581238427,0.014458030335121668,-0.01901143428974467,0.023576284389040844,0.012142746885540323,-0.002365649592128407,-0.031300627026560536,0.0012735501440644499,0.006504755691788069,0.009744919262205982,0.0005404886680303184,0.014291688879599732,-0.011972520809195947,0.043294496940372504,ac7d60ba5aaa5382
-0.15972451897483306,1.115530340673982,1.468219481729596,0.999807560137457,0.00019243986254295533,0.0,0.9764532067799605,0.6999016710644419,-0.025445341819067633,0.2730386242793214,0.12200261278748312,0.0,-0.05699541182504498,"Div(Slope(Log($close),20),Add(1e-12,Std(Log($close),20)))","Slope(Log($close), 20) / (Std(Log($close), 20) + 1e-12)",15,-0.01308947881725205,-0.05699541182504498,2016Q1,"{""2016Q1"":-0.05699541182504498,""2016Q2"":-0.030334011648108335,""2016Q3"":-0.033263686049247,""2016Q4"":-0.010688764977316285,""2017Q1"":-0.012456699807708516,""2017Q2"":-0.003319012720929951,""2017Q3"":-0.0207805512784599,""2017Q4"":0.00990350014782358,""2018Q1"":0.008631703071529695,""2018Q2"":-0.0012961297488510357,""2018Q3"":0.010147561512496824,""2018Q4"":-0.003103584364649701,""2019Q1"":-0.039405824481502844,""2019Q2"":-0.028182391993103642,""2019Q3"":-0.029927279717922767,""2019Q4"":0.008796864576737451,""2020Q1"":-0.010338295436397707,""2020Q2"":0.007408973174184004,""2020Q3"":-0.02989460482294923,""2020Q4"":0.006604505094859812}",-0.05699541182504498,-0.030334011648108335,-0.033263686049247,-0.010688764977316285,-0.012456699807708516,-0.003319012720929951,-0.0207805512784599,0.00990350014782358,0.008631703071529695,-0.0012961297488510357,0.010147561512496824,-0.003103584364649701,-0.039405824481502844,-0.028182391993103642,-0.029927279717922767,0.008796864576737451,-0.010338295436397707,0.007408973174184004,-0.02989460482294923,0.006604505094859812,ac7d60ba5aaa5382
-0.629294366223768,0.15514583571774243,1.3678106798351108,0.9998006872852233,0.0001993127147766323,0.0,0.9213691922464882,0.6698793176403692,0.0030626707553404473,0.28965541546938073,0.1175634447518629,0.0,-0.048222037221774594,"Corr($volume,Log(Div($close,Ref($close,1))),20)","Corr($volume, Log($close / Ref($close, 1)), 20)",15,-0.016387175394546552,-0.048222037221774594,2016Q3,"{""2016Q1"":-0.024683309187852182,""2016Q2"":-0.04046127788094608,""2016Q3"":-0.048222037221774594,""2016Q4"":-0.00880720510020546,""2017Q1"":-0.03652666060726809,""2017Q2"":-0.011481065236995854,""2017Q3"":-0.02666263492493485,""2017Q4"":-0.01960084764216852,""2018Q1"":-0.021434273507500913,""2018Q2"":-0.030444811933148453,""2018Q3"":0.013397179752909532,""2018Q4"":-0.01055737315469033,""2019Q1"":-0.015222991777404528,""2019Q2"":-0.038642660895082344,""2019Q3"":-0.000704725240542376,""2019Q4"":0.011984679454685026,""2020Q1"":0.007839141582383713,""2020Q2"":-0.011765053398191035,""2020Q3"":-0.019837165241678965,""2020Q4"":0.005131708161105083}",-0.024683309187852182,-0.04046127788094608,-0.048222037221774594,-0.00880720510020546,-0.03652666060726809,-0.011481065236995854,-0.02666263492493485,-0.01960084764216852,-0.021434273507500913,-0.030444811933148453,0.013397179752909532,-0.01055737315469033,-0.015222991777404528,-0.038642660895082344,-0.000704725240542376,0.011984679454685026,0.007839141582383713,-0.011765053398191035,-0.019837165241678965,0.005131708161105083,ac7d60ba5aaa5382
0.06412907963941271,5.155480673798204,0.9965258441225757,0.9970790378006874,0.002920962199312715,0.0,0.8588245938155159,0.10077306803665585,0.00986997643591744,0.48668674283265284,0.17610576783133,0.0,-0.052384594730739524,"Div(Sub(Min($low,5),Ref(Min($low,5),5)),$close)","(Min($low, 5) - Ref(Min($low, 5), 5)) / $close",15,-0.023232623708229053,-0.052384594730739524,2016Q1,"{""2016Q1"":-0.052384594730739524,""2016Q2"":-0.04320821529146804,""2016Q3"":-0.04648693865826552,""2016Q4"":-0.02895658706902433,""2017Q1"":-0.011929097203534758,""2017Q2"":-0.02271404847082076,""2017Q3"":-0.0360454078377056,""2017Q4"":0.0013250924431461634,""2018Q1"":-0.032465088535684306,""2018Q2"":-0.012422190388956644,""2018Q3"":-0.018821103586221487,""2018Q4"":0.0038462673367252826,""2019Q1"":-0.024382098498607976,""2019Q2"":-0.00836779335482971,""2019Q3"":-0.03452707841320218,""2019Q4"":-0.01556833768486628,""2020Q1"":-0.0015125185764324897,""2020Q2"":-0.030865016571791297,""2020Q3"":-0.04284124595620767,""2020Q4"":-1.4220147294218204e-05}",-0.052384594730739524,-0.04320821529146804,-0.04648693865826552,-0.02895658706902433,-0.011929097203534758,-0.02271404847082076,-0.0360454078377056,0.0013250924431461634,-0.032465088535684306,-0.012422190388956644,-0.018821103586221487,0.0038462673367252826,-0.024382098498607976,-0.00836779335482971,-0.03452707841320218,-0.01556833768486628,-0.0015125185764324897,-0.030865016571791297,-0.04284124595620767,-1.4220147294218204e-05,ac7d60ba5aaa5382
-0.2725540913442584,0.2248825560619105,1.3646735450455894,0.9978006872852234,0.002199312714776632,0.0,0.862844950261664,0.4647453079742393,-0.015585409774395233,0.7178586810755938,0.3834714488706071,0.07142857142857142,-0.01815642535212103,"Div(Sub(Mean($close,20),$close),Add(1e-12,Std($close,20)))","(Mean($close, 20) - $close) / (Std($close, 20) + 1e-12)",16,0.023642231098319675,-0.01815642535212103,2018Q4,"{""2016Q1"":0.047499234269749946,""2016Q2"":0.06352207657961509,""2016Q3"":0.07839050624534856,""2016Q4"":0.03797509972380644,""2017Q1"":0.043085314956492475,""2017Q2"":0.01330036978791468,""2017Q3"":0.05152244942511851,""2017Q4"":-0.0067878058357116345,""2018Q1"":-0.001893515907708941,""2018Q2"":-0.0069796562797985046,""2018Q3"":0.020638215913154918,""2018Q4"":-0.01815642535212103,""2019Q1"":0.02454270455462592,""2019Q2"":0.03492744994087781,""2019Q3"":0.014493437765478165,""2019Q4"":0.012773224348396707,""2020Q1"":0.012129788924572482,""2020Q2"":0.023016495587879254,""2020Q3"":0.029276409236891624,""2020Q4"":-0.0075976721136167555}",0.047499234269749946,0.06352207657961509,0.07839050624534856,0.03797509972380644,0.043085314956492475,0.01330036978791468,0.05152244942511851,-0.0067878058357116345,-0.001893515907708941,-0.0069796562797985046,0.020638215913154918,-0.01815642535212103,0.02454270455462592,0.03492744994087781,0.014493437765478165,0.012773224348396707,0.012129788924572482,0.023016495587879254,0.029276409236891624,-0.0075976721136167555,ac7d60ba5aaa5382
-1.3469171943912261,3.2538119283554088,1.1920916916760789,0.9989415807560137,0.0010584192439862543,0.0,0.8849541416962399,0.4843328804782949,0.39964798094132936,0.8782542088459527,0.20407686351509072,0.023809523809523808,-0.018588668607244754,"Div(Min($low,5),Max($high,5))","Min($low, 5) / Max($high, 5)",16,0.025550116408001165,-0.018588668607244754,2017Q4,"{""2016Q1"":0.04727990554543125,""2016Q2"":0.05402661794279279,""2016Q3"":0.08226472786998122,""2016Q4"":0.07238372922564565,""2017Q1"":0.03647514663738979,""2017Q2"":0.030325459251508702,""2017Q3"":0.02406278873234206,""2017Q4"":-0.018588668607244754,""2018Q1"":0.007139751149638295,""2018Q2"":0.00652250896046157,""2018Q3"":0.011674533622257713,""2018Q4"":0.0314159590474055,""2019Q1"":-0.006132903435534372,""2019Q2"":0.04523356808704862,""2019Q3"":0.024965684320958317,""2019Q4"":0.009664996821380029,""2020Q1"":0.02730314190100452,""2020Q2"":-0.01051856361503222,""2020Q3"":0.039595779569871564,""2020Q4"":-0.010968227866887063}",0.04727990554543125,0.05402661794279279,0.08226472786998122,0.07238372922564565,0.03647514663738979,0.030325459251508702,0.02406278873234206,-0.018588668607244754,0.007139751149638295,0.00652250896046157,0.011674533622257713,0.0314159590474055,-0.006132903435534372,0.04523356808704862,0.024965684320958317,0.009664996821380029,0.02730314190100452,-0.01051856361503222,0.039595779569871564,-0.010968227866887063,ac7d60ba5aaa5382
0.7392481727426125,1.817223642985029,1.1890026702923684,0.9998144329896906,0.00018556701030927834,0.0,0.9591180539424538,0.8224433487770539,0.4208007055880055,0.4227921927947625,0.09331816914887202,0.0,-0.05168293942482803,"Sub(0,Min(Sub(Div($low,Ref($close,1)),1),20))","0 - Min($low / Ref($close, 1) - 1, 20)",16,-0.012925929544305787,-0.05168293942482803,2018Q3,"{""2016Q1"":0.006467548329494469,""2016Q2"":-0.019082199998078662,""2016Q3"":-0.030108639292852245,""2016Q4"":-0.05138546913534725,""2017Q1"":-0.003961439788985425,""2017Q2"":-0.02431446235331182,""2017Q3"":-0.0014600973420470194,""2017Q4"":0.004950992260929022,""2018Q1"":-0.003186023314112744,""2018Q2"":0.00024645400533481767,""2018Q3"":-0.05168293942482803,""2018Q4"":-0.029487503402685057,""2019Q1"":0.024305485458793814,""2019Q2"":-0.02229457745873238,""2019Q3"":-0.03233391162277711,""2019Q4"":-0.013287568383366687,""2020Q1"":-0.011093569022561615,""2020Q2"":0.023359616087361777,""2020Q3"":-0.020443103412736544,""2020Q4"":0.004652110784372635}",0.006467548329494469,-0.019082199998078662,-0.030108639292852245,-0.05138546913534725,-0.003961439788985425,-0.02431446235331182,-0.0014600973420470194,0.004950992260929022,-0.003186023314112744,0.00024645400533481767,-0.05168293942482803,-0.029487503402685057,0.024305485458793814,-0.02229457745873238,-0.03233391162277711,-0.013287568383366687,-0.011093569022561615,0.023359616087361777,-0.020443103412736544,0.004652110784372635,ac7d60ba5aaa5382
4.98435944454253,45.06530475069491,0.5724187783970625,1.0,0.0,0.0,0.15963327968422908,0.075565390869014,0.06317368295549841,0.30071502039683423,0.08104205112459857,0.0,-0.030424677395380226,"If(Lt($open,Ref($close,1)),Mul(Div(Min($low,5),$close),Sub(Div(Ref($close,1),$open),1)),0)","If(Lt($open, Ref($close, 1)), Min($low, 5) / $close * (Ref($close, 1) / $open - 1), 0)",17,-0.012138924144018204,-0.030424677395380226,2020Q3,"{""2016Q1"":-0.011948930177251276,""2016Q2"":0.0015271835083057685,""2016Q3"":0.0016911329364109966,""2016Q4"":-0.014267727433529782,""2017Q1"":-0.015968462154360933,""2017Q2"":-0.029383886918997588,""2017Q3"":0.0006302928222467803,""2017Q4"":-0.0014741576805744198,""2018Q1"":-0.00977139070427547,""2018Q2"":-0.028806386045978724,""2018Q3"":0.003974155464856748,""2018Q4"":-0.02890102316356502,""2019Q1"":-0.0190538329376081,""2019Q2"":-0.014847756662557752,""2019Q3"":-0.022689306514304078,""2019Q4"":0.010786467880114545,""2020Q1"":-0.01520709604991209,""2020Q2"":-0.0022016762548087076,""2020Q3"":-0.030424677395380226,""2020Q4"":-0.017780191373838565}",-0.011948930177251276,0.0015271835083057685,0.0016911329364109966,-0.014267727433529782,-0.015968462154360933,-0.029383886918997588,0.0006302928222467803,-0.0014741576805744198,-0.00977139070427547,-0.028806386045978724,0.003974155464856748,-0.02890102316356502,-0.0190538329376081,-0.014847756662557752,-0.022689306514304078,0.010786467880114545,-0.01520709604991209,-0.0022016762548087076,-0.030424677395380226,-0.017780191373838565,ac7d60ba5aaa5382
-1.4654461574283586,3.8361586150684888,1.0928631198530496,0.9978075601374571,0.0021924398625429555,0.0,0.927466151968771,0.6653033903033143,0.09974877384357879,0.6829524188367769,0.3019651215980894,0.0,-0.020951950514196887,"Div(Quantile($close,20,0.1),$close)","Quantile($close, 20, 0.1) / $close",17,0.0316883689047843,-0.020951950514196887,2018Q4,"{""2016Q1"":0.05020317488007245,""2016Q2"":0.07388221362692517,""2016Q3"":0.0947323456382065,""2016Q4"":0.060393807699985064,""2017Q1"":0.047544867379342735,""2017Q2"":0.009618168487002077,""2017Q3"":0.053399861816496835,""2017Q4"":0.004020183731208425,""2018Q1"":0.0047260253487319435,""2018Q2"":-0.004984135244865754,""2018Q3"":0.032852888207431416,""2018Q4"":-0.020951950514196887,""2019Q1"":0.018705634998703247,""2019Q2"":0.05328175502763096,""2019Q3"":0.03665098089525125,""2019Q4"":0.01883904394859451,""2020Q1"":0.006872263518728275,""2020Q2"":0.017068293721577168,""2020Q3"":0.057511216545147986,""2020Q4"":0.0076443561737273005}",0.05020317488007245,0.07388221362692517,0.0947323456382065,0.060393807699985064,0.047544867379342735,0.009618168487002077,0.053399861816496835,0.004020183731208425,0.0047260253487319435,-0.004984135244865754,0.032852888207431416,-0.020951950514196887,0.018705634998703247,0.05328175502763096,0.03665098089525125,0.01883904394859451,0.006872263518728275,0.017068293721577168,0.057511216545147986,0.0076443561737273005,ac7d60ba5aaa5382
0.3790471663321464,1.4922497297269626,1.225380297048778,0.9978075601374571,0.0021924398625429555,0.0,-0.02061348057658074,-0.0004042501747734401,0.004972250013430854,0.9303190464224131,0.3085763852650791,0.09523809523809523,-0.10485194482007239,"Mul(Log(Add(1,Div($volume,Mean($volume,20)))),Sub(Div(Sub($close,$low),Add(1e-12,Sub($high,$low))),0.5))","Log(1 + $volume / Mean($volume, 20)) * (($close - $low) / ($high - $low + 1e-12) - 0.5)",17,-0.052220562642072664,-0.10485194482007239,2018Q3,"{""2016Q1"":-0.01794746530020906,""2016Q2"":-0.08585389584853809,""2016Q3"":-0.0628416937970584,""2016Q4"":-0.06083951033904785,""2017Q1"":-0.0649440210223928,""2017Q2"":-0.017958064671069852,""2017Q3"":-0.07727405081753987,""2017Q4"":-0.049981855536393706,""2018Q1"":-0.04950374640272009,""2018Q2"":-0.06684803448823058,""2018Q3"":-0.10485194482007239,""2018Q4"":-0.031055320288739863,""2019Q1"":-0.03819697303410946,""2019Q2"":-0.08218195528375365,""2019Q3"":-0.04198107200639147,""2019Q4"":-0.04579696770251203,""2020Q1"":-0.016897884996076643,""2020Q2"":-0.03322752909043316,""2020Q3"":-0.04555717345611129,""2020Q4"":-0.04275212144269967}",-0.01794746530020906,-0.08585389584853809,-0.0628416937970584,-0.06083951033904785,-0.0649440210223928,-0.017958064671069852,-0.07727405081753987,-0.049981855536393706,-0.04950374640272009,-0.06684803448823058,-0.10485194482007239,-0.031055320288739863,-0.03819697303410946,-0.08218195528375365,-0.04198107200639147,-0.04579696770251203,-0.016897884996076643,-0.03322752909043316,-0.04555717345611129,-0.04275212144269967,ac7d60ba5aaa5382
-0.6631384970460839,0.6771233379249031,1.324156081088502,0.9998213058419243,0.00017869415807560138,0.0,0.9924331987670961,0.9600035408752644,0.7718573498394117,0.6234114593648815,0.11385006667302677,0.0,-0.028262565122840796,"Sub(0,Mean(Div(Sub($high,$low),Add($close,1e-12)),20))","0 - Mean(($high - $low) / ($close + 1e-12), 20)",18,0.02264406401150011,-0.028262565122840796,2020Q2,"{""2016Q1"":0.011159961611272298,""2016Q2"":0.04726417942335907,""2016Q3"":0.07056176188768756,""2016Q4"":0.07248913141246738,""2017Q1"":0.029494735358393875,""2017Q2"":0.015921644037643668,""2017Q3"":0.026100662810286463,""2017Q4"":-0.012231376115646099,""2018Q1"":0.0057958919863372454,""2018Q2"":-0.007502961848126088,""2018Q3"":0.04411058776148409,""2018Q4"":0.03289211869021604,""2019Q1"":-0.005497338532722636,""2019Q2"":0.0529198184096992,""2019Q3"":0.03946811654181575,""2019Q4"":0.004864973092625566,""2020Q1"":0.018755483409133907,""2020Q2"":-0.028262565122840796,""2020Q3"":0.03084285616584065,""2020Q4"":-0.006770591241961052}",0.011159961611272298,0.04726417942335907,0.07056176188768756,0.07248913141246738,0.029494735358393875,0.015921644037643668,0.026100662810286463,-0.012231376115646099,0.0057958919863372454,-0.007502961848126088,0.04411058776148409,0.03289211869021604,-0.005497338532722636,0.0529198184096992,0.03946811654181575,0.004864973092625566,0.018755483409133907,-0.028262565122840796,0.03084285616584065,-0.006770591241961052,ac7d60ba5aaa5382
-0.844117924463104,1.4806013627023284,1.2742808571159232,0.9998006872852233,0.0001993127147766323,0.0,0.9804247564954838,0.9063790035376549,0.6091493092788303,0.5953356543051641,0.11372614206537325,0.0,-0.02224716766209381,"Sub(0,Std(Log(Div($close,Ref($close,1))),20))","0 - Std(Log($close / Ref($close,1)), 20)",18,0.01835956739013033,-0.02224716766209381,2020Q2,"{""2016Q1"":-0.00040091329568853884,""2016Q2"":0.03542829259267376,""2016Q3"":0.06376136816317103,""2016Q4"":0.06744251066136725,""2017Q1"":0.02377044454833094,""2017Q2"":0.019075353880657505,""2017Q3"":0.017346873714967986,""2017Q4"":-0.011489674677416186,""2018Q1"":-0.004884420458960479,""2018Q2"":-0.013179653987968236,""2018Q3"":0.03244688689993473,""2018Q4"":0.026662184981157837,""2019Q1"":-0.015116837843732482,""2019Q2"":0.046579592509265424,""2019Q3"":0.03684576615195856,""2019Q4"":0.009335817567140022,""2020Q1"":0.01342087986314319,""2020Q2"":-0.02224716766209381,""2020Q3"":0.041505398905605145,""2020Q4"":-0.010511636214179687}",-0.00040091329568853884,0.03542829259267376,0.06376136816317103,0.06744251066136725,0.02377044454833094,0.019075353880657505,0.017346873714967986,-0.011489674677416186,-0.004884420458960479,-0.013179653987968236,0.03244688689993473,0.026662184981157837,-0.015116837843732482,0.046579592509265424,0.03684576615195856,0.009335817567140022,0.01342087986314319,-0.02224716766209381,0.041505398905605145,-0.010511636214179687,ac7d60ba5aaa5382
0.7156797950031467,0.4955976545654649,1.3732150140803696,0.9978075601374571,0.0021924398625429555,0.0,0.0015304532575152773,0.01769941304195888,0.01521065520131822,0.9966593429381094,0.12980444432565294,0.047619047619047616,-0.07269481054185022,"Div(Sub(If(Lt($open,$close),$open,$close),$low),Add(1e-12,Sub($high,$low)))","(If(Lt($open, $close), $open, $close) - $low) / (($high - $low) + 1e-12)",18,-0.020515103095803983,-0.07269481054185022,2018Q3,"{""2016Q1"":-0.004817842778491022,""2016Q2"":0.008114903586050574,""2016Q3"":0.02076129776040248,""2016Q4"":-0.009408146470335086,""2017Q1"":0.013146295366959255,""2017Q2"":-0.018492191085210188,""2017Q3"":-0.02999436477152059,""2017Q4"":-0.044094512391530484,""2018Q1"":-0.029315611111523584,""2018Q2"":-0.048410497236836346,""2018Q3"":-0.07269481054185022,""2018Q4"":-0.039308404386212505,""2019Q1"":-0.012815896063464853,""2019Q2"":-0.02455160073642299,""2019Q3"":-0.02168073063501583,""2019Q4"":-0.003982509077518803,""2020Q1"":-0.01754481249616877,""2020Q2"":-0.003943704554272573,""2020Q3"":-0.03944492468191955,""2020Q4"":-0.028011848701033043}",-0.004817842778491022,0.008114903586050574,0.02076129776040248,-0.009408146470335086,0.013146295366959255,-0.018492191085210188,-0.02999436477152059,-0.044094512391530484,-0.029315611111523584,-0.048410497236836346,-0.07269481054185022,-0.039308404386212505,-0.012815896063464853,-0.02455160073642299,-0.02168073063501583,-0.003982509077518803,-0.01754481249616877,-0.003943704554272573,-0.03944492468191955,-0.028011848701033043,ac7d60ba5aaa5382
1.2600096847493008,12.88601089951346,1.200726142553629,0.9978075601374571,0.0021924398625429555,0.0,0.33630400834360824,-0.07438984862836466,0.0015463908153931926,0.989698108319422,0.2640282653401676,0.023809523809523808,9.138357117330481e-05,"Div(Mul(Div(Min($low,5),$close),Mean($volume,5)),Add($volume,1e-12))","Min($low, 5) / $close * Mean($volume, 5) / ($volume + 1e-12)",19,0.0299081652451088,9.138357117330481e-05,2019Q1,"{""2016Q1"":0.0433621753569045,""2016Q2"":0.08005820170876639,""2016Q3"":0.05796404469200263,""2016Q4"":0.03186351005304629,""2017Q1"":0.056857209001041804,""2017Q2"":0.012918823173845401,""2017Q3"":0.014998251470554502,""2017Q4"":0.004106321857811092,""2018Q1"":0.031190415277115267,""2018Q2"":0.03106379725994052,""2018Q3"":0.024343286970305647,""2018Q4"":0.031253090643472675,""2019Q1"":9.138357117330481e-05,""2019Q2"":0.013901679663986382,""2019Q3"":0.007084603924827333,""2019Q4"":0.04980334535002938,""2020Q1"":0.021407960994426715,""2020Q2"":0.03693540770788136,""2020Q3"":0.021100298876843494,""2020Q4"":0.028712714436930423}",0.0433621753569045,0.08005820170876639,0.05796404469200263,0.03186351005304629,0.056857209001041804,0.012918823173845401,0.014998251470554502,0.004106321857811092,0.031190415277115267,0.03106379725994052,0.024343286970305647,0.031253090643472675,9.138357117330481e-05,0.013901679663986382,0.007084603924827333,0.04980334535002938,0.021407960994426715,0.03693540770788136,0.021100298876843494,0.028712714436930423,ac7d60ba5aaa5382
-0.12818193830447266,4.303035657531578,1.1156406414071096,0.9978075601374571,0.0021924398625429555,0.0,0.9102314884368049,0.5958304009065626,0.010010976912669667,0.7534230362113576,0.34773444113773033,0.023809523809523808,-0.0038439046157305846,"Sub(Div(Div(Sum(Mul($close,$volume),20),Sum($volume,20)),$close),1)","(Sum($close * $volume, 20) / Sum($volume, 20)) / $close - 1",19,0.03257761676960372,-0.0038439046157305846,2018Q4,"{""2016Q1"":0.07270362246126763,""2016Q2"":0.07373806593269175,""2016Q3"":0.09068756980893702,""2016Q4"":0.04904490336973377,""2017Q1"":0.047166863828572256,""2017Q2"":0.007778009475379333,""2017Q3"":0.06072071205181922,""2017Q4"":-0.002206987944820001,""2018Q1"":0.022032786410413202,""2018Q2"":0.011733431932074346,""2018Q3"":0.022363841068298536,""2018Q4"":-0.0038439046157305846,""2019Q1"":0.03211575972600995,""2019Q2"":0.03425904987420102,""2019Q3"":0.031779503746357414,""2019Q4"":0.01925860339443942,""2020Q1"":0.009036525344892795,""2020Q2"":0.01944982964653667,""2020Q3"":0.03973408737869188,""2020Q4"":0.006186127152442626}",0.07270362246126763,0.07373806593269175,0.09068756980893702,0.04904490336973377,0.047166863828572256,0.007778009475379333,0.06072071205181922,-0.002206987944820001,0.022032786410413202,0.011733431932074346,0.022363841068298536,-0.0038439046157305846,0.03211575972600995,0.03425904987420102,0.031779503746357414,0.01925860339443942,0.009036525344892795,0.01944982964653667,0.03973408737869188,0.006186127152442626,ac7d60ba5aaa5382
-0.12818193830447266,4.303035657531578,1.1156406414071096,0.9978075601374571,0.0021924398625429555,0.0,0.9102314884368049,0.5958304009065626,0.010010976912669667,0.7534230362113576,0.34773444113773033,0.023809523809523808,-0.0038439046157305846,"Div(Sub(Div(Sum(Mul($close,$volume),20),Sum($volume,20)),$close),$close)","(Sum($close * $volume, 20) / Sum($volume, 20) - $close) / $close",19,0.03257761676960372,-0.0038439046157305846,2018Q4,"{""2016Q1"":0.07270362246126763,""2016Q2"":0.07373806593269175,""2016Q3"":0.09068756980893702,""2016Q4"":0.04904490336973377,""2017Q1"":0.047166863828572256,""2017Q2"":0.007778009475379333,""2017Q3"":0.06072071205181922,""2017Q4"":-0.002206987944820001,""2018Q1"":0.022032786410413202,""2018Q2"":0.011733431932074346,""2018Q3"":0.022363841068298536,""2018Q4"":-0.0038439046157305846,""2019Q1"":0.03211575972600995,""2019Q2"":0.03425904987420102,""2019Q3"":0.031779503746357414,""2019Q4"":0.01925860339443942,""2020Q1"":0.009036525344892795,""2020Q2"":0.01944982964653667,""2020Q3"":0.03973408737869188,""2020Q4"":0.006186127152442626}",0.07270362246126763,0.07373806593269175,0.09068756980893702,0.04904490336973377,0.047166863828572256,0.007778009475379333,0.06072071205181922,-0.002206987944820001,0.022032786410413202,0.011733431932074346,0.022363841068298536,-0.0038439046157305846,0.03211575972600995,0.03425904987420102,0.031779503746357414,0.01925860339443942,0.009036525344892795,0.01944982964653667,0.03973408737869188,0.006186127152442626,ac7d60ba5aaa5382
-1.8516858226215727,6.3148154438944175,1.0238437336214972,0.9973676975945017,0.0026323024054982816,0.0,0.7063060894453085,0.18564526316460694,0.14936355417266503,0.958012947224858,0.4215634431398875,0.14285714285714285,0.00029236721255086295,"Div(Sub(Add(Min($low,5),Ref($close,1)),$open),$close)","(Min($low, 5) + Ref($close, 1) - $open) / $close",20,0.04272468072967059,0.00029236721255086295,2019Q1,"{""2016Q1"":0.04123561119021365,""2016Q2"":0.08297874848238981,""2016Q3"":0.12702448535859548,""2016Q4"":0.08719637416318078,""2017Q1"":0.0622620961193645,""2017Q2"":0.03121929343348907,""2017Q3"":0.0699128994448946,""2017Q4"":0.01945731580066584,""2018Q1"":0.03933891838015354,""2018Q2"":0.016168216737491317,""2018Q3"":0.048130877213138405,""2018Q4"":0.007120274347458312,""2019Q1"":0.00029236721255086295,""2019Q2"":0.060393814568810614,""2019Q3"":0.017502400473435244,""2019Q4"":0.0461885338908864,""2020Q1"":0.011660790347800635,""2020Q2"":0.026537208812046492,""2020Q3"":0.03756832974494565,""2020Q4"":0.01246385108430541}",0.04123561119021365,0.08297874848238981,0.12702448535859548,0.08719637416318078,0.0622620961193645,0.03121929343348907,0.0699128994448946,0.01945731580066584,0.03933891838015354,0.016168216737491317,0.048130877213138405,0.007120274347458312,0.00029236721255086295,0.060393814568810614,0.017502400473435244,0.0461885338908864,0.011660790347800635,0.026537208812046492,0.03756832974494565,0.01246385108430541,ac7d60ba5aaa5382
-0.11702096260552146,0.03727622019852351,1.4260128335201379,0.9978075601374571,0.0021924398625429555,0.0,0.6019964174614741,-0.021895076105788166,0.004271186562405282,0.996162432596889,0.45895910916318833,0.19047619047619047,-0.01338717508089179,"Div(Sub(Max($high,5),$close),Add(1e-12,Sub(Max($high,5),Min($low,5))))","(Max($high, 5) - $close) / (Max($high, 5) - Min($low, 5) + 1e-12)",20,0.035500737017493886,-0.01338717508089179,2020Q1,"{""2016Q1"":0.0014049983245393886,""2016Q2"":0.05742819168505825,""2016Q3"":0.08062232092689327,""2016Q4"":0.051760264237986874,""2017Q1"":0.062872408624856,""2017Q2"":0.020265057732109848,""2017Q3"":0.06743088370499901,""2017Q4"":0.024840377171058622,""2018Q1"":0.047877030935305896,""2018Q2"":0.029468009031658783,""2018Q3"":0.062325885265834005,""2018Q4"":-0.0022402133381228123,""2019Q1"":0.020206569306679648,""2019Q2"":0.04698440737085042,""2019Q3"":0.010700317784935883,""2019Q4"":0.046671980734092317,""2020Q1"":-0.01338717508089179,""2020Q2"":0.03158325385615923,""2020Q3"":0.03573195710845727,""2020Q4"":0.01883690384874003}",0.0014049983245393886,0.05742819168505825,0.08062232092689327,0.051760264237986874,0.062872408624856,0.020265057732109848,0.06743088370499901,0.024840377171058622,0.047877030935305896,0.029468009031658783,0.062325885265834005,-0.0022402133381228123,0.020206569306679648,0.04698440737085042,0.010700317784935883,0.046671980734092317,-0.01338717508089179,0.03158325385615923,0.03573195710845727,0.01883690384874003,ac7d60ba5aaa5382
1.7269196902946053,6.436536251461547,1.134562888356809,0.9978075601374571,0.0021924398625429555,0.0,0.727712579007859,0.1324629249896904,0.14302558535967205,0.9937303410411059,0.35554775719091813,0.047619047619047616,-0.017194842856892892,"Sub(Div(Min($low,5),$close),Div(Min($low,5),Add(1e-12,Max($high,5))))","Min($low, 5) / $close - Min($low, 5) / (Max($high, 5) + 1e-12)",20,0.01783333573478984,-0.017194842856892892,2020Q1,"{""2016Q1"":0.006390078859021198,""2016Q2"":0.02319050377717335,""2016Q3"":0.006561061950038771,""2016Q4"":-0.005736516065147004,""2017Q1"":0.036010552689288995,""2017Q2"":0.007014229390410641,""2017Q3"":0.04370524331705289,""2017Q4"":0.03195988394692505,""2018Q1"":0.04323647082255891,""2018Q2"":0.027453638737497364,""2018Q3"":0.039938384840793234,""2018Q4"":-0.011196487754040153,""2019Q1"":0.023091652585851465,""2019Q2"":0.019554540663225276,""2019Q3"":-0.006340805019301527,""2019Q4"":0.030169405885328307,""2020Q1"":-0.017194842856892892,""2020Q2"":0.0346735087562287,""2020Q3"":0.004347989126920034,""2020Q4"":0.019921776583403404}",0.006390078859021198,0.02319050377717335,0.006561061950038771,-0.005736516065147004,0.036010552689288995,0.007014229390410641,0.04370524331705289,0.03195988394692505,0.04323647082255891,0.027453638737497364,0.039938384840793234,-0.011196487754040153,0.023091652585851465,0.019554540663225276,-0.006340805019301527,0.030169405885328307,-0.017194842856892892,0.0346735087562287,0.004347989126920034,0.019921776583403404,ac7d60ba5aaa5382
-1.7772251685186833,4.674498182120241,1.0782943074301252,0.9975738831615119,0.0024261168384879725,0.0,0.8113576527574796,0.27564167930851785,0.22004029910839906,0.9783922167429765,0.40106274805012343,0.047619047619047616,0.00914510248587773,"Mul(Div(Min($low,5),$close),Sub(1,Std(Div($high,$low),5)))","Min($low, 5) / $close * (1 - Std($high / $low, 5))",21,0.04592190363298894,0.00914510248587773,2019Q1,"{""2016Q1"":0.046157275984643774,""2016Q2"":0.07877615717473907,""2016Q3"":0.13125729327918834,""2016Q4"":0.09209726053992875,""2017Q1"":0.06754164963930605,""2017Q2"":0.042787577065844566,""2017Q3"":0.06484888594607237,""2017Q4"":0.017495997869885416,""2018Q1"":0.04293553038888913,""2018Q2"":0.016362351089195756,""2018Q3"":0.04819794692410812,""2018Q4"":0.019371464320971157,""2019Q1"":0.00914510248587773,""2019Q2"":0.06565578750982301,""2019Q3"":0.02838595421690655,""2019Q4"":0.036454998622341736,""2020Q1"":0.016050434544178663,""2020Q2"":0.020293618510889195,""2020Q3"":0.05209271263886856,""2020Q4"":0.012105024964492084}",0.046157275984643774,0.07877615717473907,0.13125729327918834,0.09209726053992875,0.06754164963930605,0.042787577065844566,0.06484888594607237,0.017495997869885416,0.04293553038888913,0.016362351089195756,0.04819794692410812,0.019371464320971157,0.00914510248587773,0.06565578750982301,0.02838595421690655,0.036454998622341736,0.016050434544178663,0.020293618510889195,0.05209271263886856,0.012105024964492084,ac7d60ba5aaa5382
-0.0296181089549025,3.516237073441858,1.040171547765068,0.9978006872852234,0.002199312714776632,0.0,0.8055747946815978,0.11474335122588987,-0.0014942123643104078,0.8027022983407033,0.40389781765942734,0.11904761904761904,-0.009454127997599773,"Sub(0,Div(Resi($close,20),$close))","0 - Resi($close, 20) / $close",21,0.030692482603381806,-0.009454127997599773,2016Q1,"{""2016Q1"":-0.009454127997599773,""2016Q2"":0.06379525711730695,""2016Q3"":0.07740973936878755,""2016Q4"":0.0608245334683357,""2017Q1"":0.05319472360490346,""2017Q2"":0.037930779118787866,""2017Q3"":0.04485280573489059,""2017Q4"":0.016595412176309707,""2018Q1"":0.043367666105408216,""2018Q2"":0.028138855108053275,""2018Q3"":0.04200629222762243,""2018Q4"":-0.009055403713271891,""2019Q1"":0.0014744168648866413,""2019Q2"":0.038815110401959244,""2019Q3"":0.0022029034687912692,""2019Q4"":0.047487316287406114,""2020Q1"":0.0016864469983727986,""2020Q2"":0.0468263109107741,""2020Q3"":0.01497731885150502,""2020Q4"":0.0062697348439782275}",-0.009454127997599773,0.06379525711730695,0.07740973936878755,0.0608245334683357,0.05319472360490346,0.037930779118787866,0.04485280573489059,0.016595412176309707,0.043367666105408216,0.028138855108053275,0.04200629222762243,-0.009055403713271891,0.0014744168648866413,0.038815110401959244,0.0022029034687912692,0.047487316287406114,0.0016864469983727986,0.0468263109107741,0.01497731885150502,0.0062697348439782275,ac7d60ba5aaa5382
-0.1472822300094209,0.19177885151605112,1.4155956219596877,0.9978075601374571,0.0021924398625429555,0.0,0.0038819764039290244,0.009972817004790083,0.01054877493164022,0.9917058078320147,0.30571026021878367,0.07142857142857142,-0.01262726433310723,"Mul(Div(Min($low,5),$close),Div(Sub($high,$close),Add(1e-12,Sub($high,$low))))","(Min($low, 5) / $close) * (($high - $close) / ($high - $low + 1e-12))",21,0.049013401974758855,-0.01262726433310723,2016Q1,"{""2016Q1"":-0.01262726433310723,""2016Q2"":0.07298479461925933,""2016Q3"":0.056957953963191935,""2016Q4"":0.06307330649634842,""2017Q1"":0.055608335954071254,""2017Q2"":0.005649623428041946,""2017Q3"":0.07356412951708431,""2017Q4"":0.045730482231240835,""2018Q1"":0.04883007321026168,""2018Q2"":0.06352594305815239,""2018Q3"":0.10526004600850015,""2018Q4"":0.039550737129516754,""2019Q1"":0.032881611428849586,""2019Q2"":0.0815506806051686,""2019Q3"":0.04377722897933248,""2019Q4"":0.04914070812447637,""2020Q1"":0.02151164586016654,""2020Q2"":0.033997673876968046,""2020Q3"":0.04655897325777402,""2020Q4"":0.043900568879584816}",-0.01262726433310723,0.07298479461925933,0.056957953963191935,0.06307330649634842,0.055608335954071254,0.005649623428041946,0.07356412951708431,0.045730482231240835,0.04883007321026168,0.06352594305815239,0.10526004600850015,0.039550737129516754,0.032881611428849586,0.0815506806051686,0.04377722897933248,0.04914070812447637,0.02151164586016654,0.033997673876968046,0.04655897325777402,0.043900568879584816,ac7d60ba5aaa5382
2.1726280833787297,15.512053184284577,1.0700599417712013,0.9943367697594502,0.005663230240549828,0.002061855670103093,0.4041964128724433,-0.3233526257111433,-0.003604622097655163,0.8318669484532146,0.24877952111495155,0.07142857142857142,0.00044134853223196303,"Mul(Div(Min($low,5),$close),Sub(1,Div(Delta($volume,5),Add($volume,1e-12))))","Min($low, 5) / $close * (1 - Delta($volume, 5) / ($volume + 1e-12))",22,0.03787010428540694,0.00044134853223196303,2019Q3,"{""2016Q1"":0.04604539732986186,""2016Q2"":0.08220557528911662,""2016Q3"":0.07633167714063335,""2016Q4"":0.04140952239447217,""2017Q1"":0.07353189762340238,""2017Q2"":0.027163749151391525,""2017Q3"":0.025479793823672728,""2017Q4"":0.015330858134151028,""2018Q1"":0.05548822145300086,""2018Q2"":0.03862602629950605,""2018Q3"":0.019355229965331868,""2018Q4"":0.015492642490223104,""2019Q1"":0.019398971719623962,""2019Q2"":0.0565384685301846,""2019Q3"":0.00044134853223196303,""2019Q4"":0.03056599988378314,""2020Q1"":0.038515520699833945,""2020Q2"":0.04650326130262175,""2020Q3"":0.04150804391160888,""2020Q4"":0.009060592195207861}",0.04604539732986186,0.08220557528911662,0.07633167714063335,0.04140952239447217,0.07353189762340238,0.027163749151391525,0.025479793823672728,0.015330858134151028,0.05548822145300086,0.03862602629950605,0.019355229965331868,0.015492642490223104,0.019398971719623962,0.0565384685301846,0.00044134853223196303,0.03056599988378314,0.038515520699833945,0.04650326130262175,0.04150804391160888,0.009060592195207861,ac7d60ba5aaa5382
-6.822030148681793,85.94565834073045,0.6645367087137015,0.9977938144329898,0.002206185567010309,0.0,0.9364296180707846,0.7169788663731488,0.052067294065941586,0.21545856225508841,0.062293490627502175,0.0,-0.017458775898693497,"Mul(Div(Min($low,20),$close),Sub(1,Std(Div($volume,Ref($volume,1)),20)))","Min($low, 20) / $close * (1 - Std($volume / Ref($volume, 1), 20))",22,0.020098231090587865,-0.017458775898693497,2020Q1,"{""2016Q1"":0.022330896622441674,""2016Q2"":0.02668216543973275,""2016Q3"":0.04015066792722329,""2016Q4"":0.021891984770213913,""2017Q1"":0.030515170132431397,""2017Q2"":0.021743159716882395,""2017Q3"":0.02135622007414937,""2017Q4"":0.020626681206581614,""2018Q1"":0.0027443197086875386,""2018Q2"":0.028583572350546878,""2018Q3"":0.024841403826427442,""2018Q4"":-0.005767133793499664,""2019Q1"":0.005527597486693181,""2019Q2"":0.03159533447650928,""2019Q3"":0.025523785783628742,""2019Q4"":0.012403697392682536,""2020Q1"":-0.017458775898693497,""2020Q2"":0.013548212862022166,""2020Q3"":0.04751411321552162,""2020Q4"":0.020775896417524687}",0.022330896622441674,0.02668216543973275,0.04015066792722329,0.021891984770213913,0.030515170132431397,0.021743159716882395,0.02135622007414937,0.020626681206581614,0.0027443197086875386,0.028583572350546878,0.024841403826427442,-0.005767133793499664,0.005527597486693181,0.03159533447650928,0.025523785783628742,0.012403697392682536,-0.017458775898693497,0.013548212862022166,0.04751411321552162,0.020775896417524687,ac7d60ba5aaa5382
-1.296501928485657,3.9137455990146814,1.1903650621138298,0.9975738831615119,0.0024261168384879725,0.0,0.7126014950885539,0.04228066446421444,0.0058342119442285146,0.700936434831712,0.20165106232029426,0.023809523809523808,0.005706699131265653,"Mul(Div(Min($low,5),$close),Sub(1,Div(Std($volume,5),Add(1e-12,Mean($volume,5)))))","Min($low, 5) / $close * (1 - Std($volume, 5) / (Mean($volume, 5) + 1e-12))",22,0.02707200020418392,0.005706699131265653,2018Q4,"{""2016Q1"":0.03673207175851127,""2016Q2"":0.06486706225261732,""2016Q3"":0.038960393030915134,""2016Q4"":0.028509336177548958,""2017Q1"":0.04709797724395541,""2017Q2"":0.03500490570422295,""2017Q3"":0.03188181265653424,""2017Q4"":0.017761696815856032,""2018Q1"":0.0354070729072359,""2018Q2"":0.04341298780001483,""2018Q3"":0.011286229297768898,""2018Q4"":0.005706699131265653,""2019Q1"":0.013683234597008901,""2019Q2"":0.024750607753436966,""2019Q3"":0.012856635486638714,""2019Q4"":0.019917674310481713,""2020Q1"":0.010167977682139829,""2020Q2"":0.027358404095838094,""2020Q3"":0.020668778645572455,""2020Q4"":0.01583587275052681}",0.03673207175851127,0.06486706225261732,0.038960393030915134,0.028509336177548958,0.04709797724395541,0.03500490570422295,0.03188181265653424,0.017761696815856032,0.0354070729072359,0.04341298780001483,0.011286229297768898,0.005706699131265653,0.013683234597008901,0.024750607753436966,0.012856635486638714,0.019917674310481713,0.010167977682139829,0.027358404095838094,0.020668778645572455,0.01583587275052681,ac7d60ba5aaa5382
-0.7240957090213291,0.5459759943113311,1.3680834090347205,0.9998213058419243,0.00017869415807560138,0.0,0.9617487379515569,0.829488880566796,0.412496444293234,0.5373590124634575,0.12514221884504567,0.0,-0.013432941925411503,"Sub(0,Max(Div(Sub($high,$open),Add($open,1e-12)),20))","0 - Max(($high - $open) / ($open + 1e-12), 20)",23,0.027270068664387227,-0.013432941925411503,2020Q2,"{""2016Q1"":0.021358481804835787,""2016Q2"":0.05346668808298854,""2016Q3"":0.07788472925416041,""2016Q4"":0.054761974659084146,""2017Q1"":0.03933101763645931,""2017Q2"":0.026125348415293497,""2017Q3"":0.03111107662374987,""2017Q4"":-0.003444567711438327,""2018Q1"":0.019801151488857454,""2018Q2"":0.004941500656386796,""2018Q3"":0.03400169403921172,""2018Q4"":0.017126716317492092,""2019Q1"":0.008830332750973495,""2019Q2"":0.058968654770846465,""2019Q3"":0.042164344627436366,""2019Q4"":0.0020311951104827514,""2020Q1"":0.015232302639133874,""2020Q2"":-0.013432941925411503,""2020Q3"":0.04267425928519621,""2020Q4"":0.0030014263069209793}",0.021358481804835787,0.05346668808298854,0.07788472925416041,0.054761974659084146,0.03933101763645931,0.026125348415293497,0.03111107662374987,-0.003444567711438327,0.019801151488857454,0.004941500656386796,0.03400169403921172,0.017126716317492092,0.008830332750973495,0.058968654770846465,0.042164344627436366,0.0020311951104827514,0.015232302639133874,-0.013432941925411503,0.04267425928519621,0.0030014263069209793,ac7d60ba5aaa5382
0.7075813606180696,0.5549345087033287,1.4160265973112054,0.9957182130584192,0.004281786941580756,0.0,0.845385812976279,0.4371690125193906,-0.027673904654746815,0.1812981607713279,0.07017259717073895,0.0,-0.032780708375726664,"Div(Abs(Sub($close,Ref($close,20))),Add(1e-12,Sum(Abs(Sub($close,Ref($close,1))),20)))","Abs($close - Ref($close, 20)) / (Sum(Abs($close - Ref($close, 1)), 20) + 1e-12)",23,-0.011260895251924433,-0.032780708375726664,2017Q2,"{""2016Q1"":-0.013467468697415826,""2016Q2"":-0.019554033032135622,""2016Q3"":-0.026432976539905485,""2016Q4"":-0.022984540263053924,""2017Q1"":-0.01816835127174625,""2017Q2"":-0.032780708375726664,""2017Q3"":-0.01273221016616639,""2017Q4"":0.012701440971144055,""2018Q1"":0.010696812243494084,""2018Q2"":0.010211219799356484,""2018Q3"":-0.014864354228550607,""2018Q4"":0.009548427462504944,""2019Q1"":-0.024488912962559072,""2019Q2"":-0.0059612094143679595,""2019Q3"":-0.02447470078773223,""2019Q4"":-0.009082188509692736,""2020Q1"":-0.01081564272636747,""2020Q2"":-0.004423531053411838,""2020Q3"":-0.0013352249164421484,""2020Q4"":-0.02580792550839247}",-0.013467468697415826,-0.019554033032135622,-0.026432976539905485,-0.022984540263053924,-0.01816835127174625,-0.032780708375726664,-0.01273221016616639,0.012701440971144055,0.010696812243494084,0.010211219799356484,-0.014864354228550607,0.009548427462504944,-0.024488912962559072,-0.0059612094143679595,-0.02447470078773223,-0.009082188509692736,-0.01081564272636747,-0.004423531053411838,-0.0013352249164421484,-0.02580792550839247,ac7d60ba5aaa5382
-0.28001235776147926,-0.6774087298893704,1.5547048410397728,0.9998144329896906,0.00018556701030927834,0.0,0.9595161766918557,0.819443150763549,0.39865420287040015,0.5206929086223162,0.1305041210622832,0.0,-0.013670053004793953,"Sub(0,Max(Div($high,Ref($close,1)),20))","0 - Max($high / Ref($close, 1), 20)",23,0.02534911488755449,-0.013670053004793953,2020Q2,"{""2016Q1"":0.019219371251759553,""2016Q2"":0.05147109291728592,""2016Q3"":0.07703395379682268,""2016Q4"":0.055326535524758,""2017Q1"":0.04123576176376852,""2017Q2"":0.01708808666120215,""2017Q3"":0.03215587921840693,""2017Q4"":0.0015793778241097885,""2018Q1"":0.009908082687327761,""2018Q2"":0.006972614289610828,""2018Q3"":0.031259873870106133,""2018Q4"":0.00792424242903758,""2019Q1"":0.0006472658863564854,""2019Q2"":0.05127971902737771,""2019Q3"":0.03805065265759937,""2019Q4"":0.001952142545085462,""2020Q1"":0.017990968307907487,""2020Q2"":-0.013670053004793953,""2020Q3"":0.048218168024288695,""2020Q4"":0.000912568620965049}",0.019219371251759553,0.05147109291728592,0.07703395379682268,0.055326535524758,0.04123576176376852,0.01708808666120215,0.03215587921840693,0.0015793778241097885,0.009908082687327761,0.006972614289610828,0.031259873870106133,0.00792424242903758,0.0006472658863564854,0.05127971902737771,0.03805065265759937,0.001952142545085462,0.017990968307907487,-0.013670053004793953,0.048218168024288695,0.000912568620965049,ac7d60ba5aaa5382
-0.6042945560948015,4.320042689700619,1.009264433627583,0.9963848797250859,0.003615120274914089,0.0,0.7934317738904955,-0.003396747500193899,-0.004985650111048597,0.9954313429018412,0.43585645004130913,0.19047619047619047,-0.0024197796646234946,"Sub(0,Log(Div($close,Ref($close,5))))","0 - Log($close / Ref($close, 5))",24,0.04456027518967983,-0.0024197796646234946,2020Q1,"{""2016Q1"":0.041452709878437535,""2016Q2"":0.09385522317739413,""2016Q3"":0.10463511348279052,""2016Q4"":0.060963764096475706,""2017Q1"":0.07234649768252466,""2017Q2"":0.03321875543231722,""2017Q3"":0.06316619667488965,""2017Q4"":0.02350177499957999,""2018Q1"":0.06713478442714772,""2018Q2"":0.03505659104596713,""2018Q3"":0.03420698857451239,""2018Q4"":0.0017737154381452728,""2019Q1"":0.03575899847644733,""2019Q2"":0.06605948806541553,""2019Q3"":0.01275842427882488,""2019Q4"":0.04249790734416438,""2020Q1"":-0.0024197796646234946,""2020Q2"":0.03547007462967456,""2020Q3"":0.06231848151575328,""2020Q4"":-3.8292604690548256e-05}",0.041452709878437535,0.09385522317739413,0.10463511348279052,0.060963764096475706,0.07234649768252466,0.03321875543231722,0.06316619667488965,0.02350177499957999,0.06713478442714772,0.03505659104596713,0.03420698857451239,0.0017737154381452728,0.03575899847644733,0.06605948806541553,0.01275842427882488,0.04249790734416438,-0.0024197796646234946,0.03547007462967456,0.06231848151575328,-3.8292604690548256e-05,ac7d60ba5aaa5382
-0.0015915070241952782,0.04646930895934865,1.5275583074817463,0.9978075601374571,0.0021924398625429555,0.0,0.8665144351294183,0.46584943914239635,-0.013980964405133696,0.3340439898683226,0.14229805738844786,0.0,-0.017374927410390484,"Mul(Div($close,Max($high,20)),Sub(1,Div(IdxMax($high,20),20)))","$close / Max($high, 20) * (1 - IdxMax($high, 20) / 20)",24,0.00821418498807347,-0.017374927410390484,2020Q4,"{""2016Q1"":0.0227129507159841,""2016Q2"":0.01921448524708585,""2016Q3"":0.036923784608767364,""2016Q4"":0.006062831423774192,""2017Q1"":0.014820743494328274,""2017Q2"":0.006695952239372558,""2017Q3"":0.009349490687168085,""2017Q4"":0.001449939271132052,""2018Q1"":-0.0015286934587689315,""2018Q2"":0.004410325043140076,""2018Q3"":-0.010668158940317033,""2018Q4"":0.005928069010838762,""2019Q1"":0.021226923752734494,""2019Q2"":0.035677512886542535,""2019Q3"":0.016761322898624746,""2019Q4"":-0.014792399660479481,""2020Q1"":-0.005495050984616011,""2020Q2"":-0.012921860531873006,""2020Q3"":0.0221371651918213,""2020Q4"":-0.017374927410390484}",0.0227129507159841,0.01921448524708585,0.036923784608767364,0.006062831423774192,0.014820743494328274,0.006695952239372558,0.009349490687168085,0.001449939271132052,-0.0015286934587689315,0.004410325043140076,-0.010668158940317033,0.005928069010838762,0.021226923752734494,0.035677512886542535,0.016761322898624746,-0.014792399660479481,-0.005495050984616011,-0.012921860531873006,0.0221371651918213,-0.017374927410390484,ac7d60ba5aaa5382
-3.3502863087191366,31.22615167178667,0.9775902682464878,0.9989415807560137,0.0010584192439862543,0.0,0.716090626286401,0.06690154208569125,0.06124148167969075,0.30210346545727873,0.12530795474163692,0.0,-0.047541435466781155,"Sub(0,Div(Sum(Sub($high,If(Lt($open,$close),$close,$open)),5),Add(1e-12,Sum(Sub(If(Lt($open,$close),$open,$close),$low),5))))","0 - Sum($high - If(Lt($open, $close), $close, $open), 5) / (Sum(If(Lt($open, $close), $open, $close) - $low, 5) + 1e-12)",24,-0.006894861009311039,-0.047541435466781155,2018Q1,"{""2016Q1"":-0.018350133102289508,""2016Q2"":0.011190551307162422,""2016Q3"":0.033591368745161714,""2016Q4"":0.007593966731358787,""2017Q1"":0.0093886947680869,""2017Q2"":0.0151452986092972,""2017Q3"":-0.019636438083874493,""2017Q4"":-0.033923919303811126,""2018Q1"":-0.047541435466781155,""2018Q2"":-0.02372747526231391,""2018Q3"":-0.01203358061925235,""2018Q4"":-0.021598251783038095,""2019Q1"":-0.0074368406535246815,""2019Q2"":-0.017678852417318,""2019Q3"":0.003480933524237911,""2019Q4"":0.0037499960135528114,""2020Q1"":-0.04591518955200223,""2020Q2"":0.01919959005803182,""2020Q3"":0.015278275953275083,""2020Q4"":-0.015289926416889577}",-0.018350133102289508,0.011190551307162422,0.033591368745161714,0.007593966731358787,0.0093886947680869,0.0151452986092972,-0.019636438083874493,-0.033923919303811126,-0.047541435466781155,-0.02372747526231391,-0.01203358061925235,-0.021598251783038095,-0.0074368406535246815,-0.017678852417318,0.003480933524237911,0.0037499960135528114,-0.04591518955200223,0.01919959005803182,0.015278275953275083,-0.015289926416889577,ac7d60ba5aaa5382
1.2843392662627762,19.122432589842333,0.7140473099848933,0.9976975945017182,0.002302405498281787,0.0,0.6261513357760577,-0.020472581630863948,-0.0037100425635059036,0.760436559985741,0.3450537883328146,0.047619047619047616,-0.0027714732707859267,"Mul(Div(Sub(Mean($close,5),$close),$close),Sub(1,Corr($close,$volume,10)))","(Mean($close, 5) - $close) / $close * (1 - Corr($close, $volume, 10))",25,0.03238913642155272,-0.0027714732707859267,2018Q4,"{""2016Q1"":0.020383643820401264,""2016Q2"":0.058013991302587234,""2016Q3"":0.0724712177042229,""2016Q4"":0.04775604870204466,""2017Q1"":0.058304308548806735,""2017Q2"":0.0056554477880285435,""2017Q3"":0.0425475724176252,""2017Q4"":0.02021167522444673,""2018Q1"":0.036212686730798624,""2018Q2"":0.019235871706617412,""2018Q3"":0.04346174880648952,""2018Q4"":-0.0027714732707859267,""2019Q1"":0.015703247153775184,""2019Q2"":0.053154251875714084,""2019Q3"":0.017511309038481727,""2019Q4"":0.051037677330234094,""2020Q1"":0.0007356516170237726,""2020Q2"":0.03701962157655769,""2020Q3"":0.026611540539429455,""2020Q4"":0.019687559394544054}",0.020383643820401264,0.058013991302587234,0.0724712177042229,0.04775604870204466,0.058304308548806735,0.0056554477880285435,0.0425475724176252,0.02021167522444673,0.036212686730798624,0.019235871706617412,0.04346174880648952,-0.0027714732707859267,0.015703247153775184,0.053154251875714084,0.017511309038481727,0.051037677330234094,0.0007356516170237726,0.03701962157655769,0.026611540539429455,0.019687559394544054,ac7d60ba5aaa5382
1.3551871509657016,35.89244124054403,0.5088657675070067,0.9963848797250859,0.003615120274914089,0.0,0.2633569173725528,0.029143579855462724,0.009338367096285292,0.4111339671856067,0.16723542519375917,0.0,-0.022023103654930164,"Mul(Sub(1,Div($volume,Mean($volume,5))),Sub(Div(Ref($close,5),$close),1))","(Ref($close, 5) / $close - 1) * (1 - $volume / Mean($volume, 5))",25,0.009579845812273276,-0.022023103654930164,2020Q1,"{""2016Q1"":-0.012721526796937927,""2016Q2"":0.024578559081633866,""2016Q3"":0.0034158922838160018,""2016Q4"":0.017966881520581575,""2017Q1"":0.008369983481544592,""2017Q2"":0.01956421459515364,""2017Q3"":0.01996509428541166,""2017Q4"":0.008773498173721523,""2018Q1"":0.0008732368576907712,""2018Q2"":0.02942177489892605,""2018Q3"":-0.00052281909943042,""2018Q4"":0.044792463445872004,""2019Q1"":0.008107531888905175,""2019Q2"":-0.013160560603275112,""2019Q3"":0.01733346682495338,""2019Q4"":0.004627370039382696,""2020Q1"":-0.022023103654930164,""2020Q2"":0.010922566001023383,""2020Q3"":0.020911598976109613,""2020Q4"":-0.0033759022334586817}",-0.012721526796937927,0.024578559081633866,0.0034158922838160018,0.017966881520581575,0.008369983481544592,0.01956421459515364,0.01996509428541166,0.008773498173721523,0.0008732368576907712,0.02942177489892605,-0.00052281909943042,0.044792463445872004,0.008107531888905175,-0.013160560603275112,0.01733346682495338,0.004627370039382696,-0.022023103654930164,0.010922566001023383,0.020911598976109613,-0.0033759022334586817,ac7d60ba5aaa5382
-0.06729163324476722,0.7311233082222095,1.2532376443576971,0.999786941580756,0.00021305841924398625,0.0,0.9207672505500768,0.664403169992481,-0.006023706328405654,0.15726219933688257,0.06129959414785477,0.0,-0.024446281751724544,"Sub(0,Skew(Div($close,Ref($close,1)),20))","0 - Skew($close / Ref($close, 1), 20)",25,0.004972426230098741,-0.024446281751724544,2018Q4,"{""2016Q1"":0.011086179998093248,""2016Q2"":0.01700922594774188,""2016Q3"":0.04220489626110927,""2016Q4"":0.011221604304094983,""2017Q1"":0.020719108303560944,""2017Q2"":0.001624205558135923,""2017Q3"":0.025364056924542088,""2017Q4"":-0.003516207218659802,""2018Q1"":0.023442214755040776,""2018Q2"":0.0022776737670929083,""2018Q3"":-0.0005687044436551481,""2018Q4"":-0.024446281751724544,""2019Q1"":-0.004567139255679462,""2019Q2"":0.014234162691559296,""2019Q3"":-0.019394006259184873,""2019Q4"":-0.010283310102272809,""2020Q1"":-0.00730022043250019,""2020Q2"":-0.0037729052456006995,""2020Q3"":0.009711963538524928,""2020Q4"":-0.008447820411233441}",0.011086179998093248,0.01700922594774188,0.04220489626110927,0.011221604304094983,0.020719108303560944,0.001624205558135923,0.025364056924542088,-0.003516207218659802,0.023442214755040776,0.0022776737670929083,-0.0005687044436551481,-0.024446281751724544,-0.004567139255679462,0.014234162691559296,-0.019394006259184873,-0.010283310102272809,-0.00730022043250019,-0.0037729052456006995,0.009711963538524928,-0.008447820411233441,ac7d60ba5aaa5382
-0.41847818950536797,-0.4124034747332537,1.5603273111430265,0.9978075601374571,0.0021924398625429555,0.0,0.22161458526523553,-0.058086033313422186,0.0007908502755564176,0.8019786789454952,0.2370360067243334,0.023809523809523808,0.008517519196630748,"Mul(Div(Min($low,5),$close),Sub(1,Div(Sub($volume,Min($volume,5)),Add(1e-12,Sub(Max($volume,5),Min($volume,5))))))","Min($low, 5) / $close * (1 - ($volume - Min($volume, 5)) / (Max($volume, 5) - Min($volume, 5) + 1e-12))",26,0.030590728031519656,0.008517519196630748,2019Q3,"{""2016Q1"":0.03888293609612511,""2016Q2"":0.08034637637430801,""2016Q3"":0.060170077037080404,""2016Q4"":0.0376796318634244,""2017Q1"":0.050840945296947236,""2017Q2"":0.01500089839597915,""2017Q3"":0.01662654460855308,""2017Q4"":0.012686222905770213,""2018Q1"":0.02663803366205229,""2018Q2"":0.03410150188534341,""2018Q3"":0.019306509689568423,""2018Q4"":0.02546515565034213,""2019Q1"":0.008914312067295205,""2019Q2"":0.019680095423925258,""2019Q3"":0.008517519196630748,""2019Q4"":0.053013442007652775,""2020Q1"":0.022952837875641723,""2020Q2"":0.0389418687481261,""2020Q3"":0.018132907187476555,""2020Q4"":0.025132939383502674}",0.03888293609612511,0.08034637637430801,0.060170077037080404,0.0376796318634244,0.050840945296947236,0.01500089839597915,0.01662654460855308,0.012686222905770213,0.02663803366205229,0.03410150188534341,0.019306509689568423,0.02546515565034213,0.008914312067295205,0.019680095423925258,0.008517519196630748,0.053013442007652775,0.022952837875641723,0.0389418687481261,0.018132907187476555,0.025132939383502674,ac7d60ba5aaa5382
2.566015010244946,19.572493373564534,1.053724594694255,1.0,0.0,0.0,0.9115094610300368,0.6271551054566566,-0.01346218163322874,0.3911134593539125,0.18747392657750298,0.0,-0.009188987362919324,"Div(Mean(If(Lt($close,Ref($close,1)),Sub(Ref($close,1),$close),0),20),Add(1e-12,Mean(If(Gt($close,Ref($close,1)),Sub($close,Ref($close,1)),0),20)))","Mean(If(Lt($close, Ref($close, 1)), Ref($close, 1) - $close, 0), 20) / (Mean(If(Gt($close, Ref($close, 1)), $close - Ref($close, 1), 0), 20) + 1e-12)",26,0.021187542884660567,-0.009188987362919324,2019Q4,"{""2016Q1"":0.07254661120565978,""2016Q2"":0.049334922094603016,""2016Q3"":0.058181260355691655,""2016Q4"":0.02620106273954857,""2017Q1"":0.02742347391418924,""2017Q2"":-0.006018031333008223,""2017Q3"":0.03209119349917855,""2017Q4"":-0.003296077463798853,""2018Q1"":0.007743261501735637,""2018Q2"":0.004140319142782219,""2018Q3"":-0.0018827933697908813,""2018Q4"":0.0033781827518658664,""2019Q1"":0.04210230333880378,""2019Q2"":0.043077544982489085,""2019Q3"":0.021008483253189953,""2019Q4"":-0.009188987362919324,""2020Q1"":0.015541629132495226,""2020Q2"":5.393142420890594e-05,""2020Q3"":0.03815059686938563,""2020Q4"":-0.00013737374993768578}",0.07254661120565978,0.049334922094603016,0.058181260355691655,0.02620106273954857,0.02742347391418924,-0.006018031333008223,0.03209119349917855,-0.003296077463798853,0.007743261501735637,0.004140319142782219,-0.0018827933697908813,0.0033781827518658664,0.04210230333880378,0.043077544982489085,0.021008483253189953,-0.009188987362919324,0.015541629132495226,5.393142420890594e-05,0.03815059686938563,-0.00013737374993768578,ac7d60ba5aaa5382
-2.2180244979635746,14.53081875495289,1.1003398280846248,0.9978075601374571,0.0021924398625429555,0.0,0.9079207083103292,0.6176906806833661,-0.019730185019490386,0.30168326905328746,0.128574023676718,0.0,-0.053818232381947495,"Mul(Div(Min($low,5),$close),Sub(1,Div(Std(If(Lt(Sub($close,Ref($close,1)),0),Sub($close,Ref($close,1)),0),20),Add(1e-12,Std(If(Gt(Sub($close,Ref($close,1)),0),Sub($close,Ref($close,1)),0),20)))))","Min($low, 5) / $close * (1 - Std(If(Lt($close - Ref($close, 1), 0), $close - Ref($close, 1), 0), 20) / (Std(If(Gt($close - Ref($close, 1), 0), $close - Ref($close, 1), 0), 20) + 1e-12))",26,-0.014357124334551134,-0.053818232381947495,2016Q3,"{""2016Q1"":-0.047348015625977506,""2016Q2"":-0.0385366065474719,""2016Q3"":-0.053818232381947495,""2016Q4"":-0.015052702248804868,""2017Q1"":-0.02547583287301263,""2017Q2"":0.0003132907935413537,""2017Q3"":-0.02996538716048051,""2017Q4"":0.00420107503249569,""2018Q1"":-0.021095640756983388,""2018Q2"":-0.0018923442856322466,""2018Q3"":0.0021814780620455884,""2018Q4"":0.012440563863663195,""2019Q1"":-0.02290507228594348,""2019Q2"":-0.03162883782684566,""2019Q3"":-0.0001750157393180801,""2019Q4"":0.007739107456881364,""2020Q1"":-0.006242242098917012,""2020Q2"":0.007883219051218351,""2020Q3"":-0.03224447989200275,""2020Q4"":0.008210687038656397}",-0.047348015625977506,-0.0385366065474719,-0.053818232381947495,-0.015052702248804868,-0.02547583287301263,0.0003132907935413537,-0.02996538716048051,0.00420107503249569,-0.021095640756983388,-0.0018923442856322466,0.0021814780620455884,0.012440563863663195,-0.02290507228594348,-0.03162883782684566,-0.0001750157393180801,0.007739107456881364,-0.006242242098917012,0.007883219051218351,-0.03224447989200275,0.008210687038656397,ac7d60ba5aaa5382
0.7865169932939418,0.328817293722228,1.3653899795328697,0.9978006872852234,0.002199312714776632,0.0,0.9552678100934315,0.7002631339402073,0.20482512968710784,0.30296669936633686,0.0537306120329859,0.0,-0.016760638683850814,"Mul(Div(Min($low,5),$close),Sub(0,Corr($close,$volume,20)))","Min($low, 5) / $close * (0 - Corr($close, $volume, 20))",27,0.01607014426963943,-0.016760638683850814,2018Q3,"{""2016Q1"":0.01789547290011277,""2016Q2"":0.005556148551756162,""2016Q3"":0.031744244226605586,""2016Q4"":-0.00020226999918747536,""2017Q1"":0.015709129878023635,""2017Q2"":0.035531266709369895,""2017Q3"":0.015016357651868064,""2017Q4"":0.009445084886231256,""2018Q1"":0.013832470695074673,""2018Q2"":0.03753038167870841,""2018Q3"":-0.016760638683850814,""2018Q4"":0.017249226885697824,""2019Q1"":0.027303485038599893,""2019Q2"":0.029375041729932442,""2019Q3"":0.013827722371760456,""2019Q4"":-0.0002748659853723455,""2020Q1"":0.02571011417389474,""2020Q2"":0.025344036612260184,""2020Q3"":0.017482280028906953,""2020Q4"":0.0021878033506807252}",0.01789547290011277,0.005556148551756162,0.031744244226605586,-0.00020226999918747536,0.015709129878023635,0.035531266709369895,0.015016357651868064,0.009445084886231256,0.013832470695074673,0.03753038167870841,-0.016760638683850814,0.017249226885697824,0.027303485038599893,0.029375041729932442,0.013827722371760456,-0.0002748659853723455,0.02571011417389474,0.025344036612260184,0.017482280028906953,0.0021878033506807252,ac7d60ba5aaa5382
-0.176263370618244,0.028716960571143302,1.3897031559927762,0.9975738831615119,0.0024261168384879725,0.0,-0.020082525620925995,0.011838590655411162,0.011177319592326308,0.9569811012872799,0.2694915909780399,0.07142857142857142,-0.011117627381952992,"Mul(Div(Sub(Div(Add($high,$low),2),$close),Add(1e-12,Sub($high,$low))),Sub(1,Div(Std($volume,5),Mean($volume,5))))","(($high + $low) / 2 - $close) / ($high - $low + 1e-12) * (1 - Std($volume, 5) / Mean($volume, 5))",27,0.044061884023017674,-0.011117627381952992,2016Q1,"{""2016Q1"":-0.011117627381952992,""2016Q2"":0.05675769387107957,""2016Q3"":0.044866006625245695,""2016Q4"":0.05336384256567051,""2017Q1"":0.04466941610681107,""2017Q2"":0.003972614437002476,""2017Q3"":0.06859884099230085,""2017Q4"":0.04598481665955634,""2018Q1"":0.045044220155401465,""2018Q2"":0.0679873698791345,""2018Q3"":0.09529174947699486,""2018Q4"":0.03695981638425469,""2019Q1"":0.03514974975958627,""2019Q2"":0.06582710970652328,""2019Q3"":0.04155600762231455,""2019Q4"":0.04624401038241895,""2020Q1"":0.018456608467862703,""2020Q2"":0.03614473077614474,""2020Q3"":0.04142179467785784,""2020Q4"":0.03633690376630471}",-0.011117627381952992,0.05675769387107957,0.044866006625245695,0.05336384256567051,0.04466941610681107,0.003972614437002476,0.06859884099230085,0.04598481665955634,0.045044220155401465,0.0679873698791345,0.09529174947699486,0.03695981638425469,0.03514974975958627,0.06582710970652328,0.04155600762231455,0.04624401038241895,0.018456608467862703,0.03614473077614474,0.04142179467785784,0.03633690376630471,ac7d60ba5aaa5382
-0.13538674495466366,-0.17796297622415205,1.3966305351327348,0.9978075601374571,0.0021924398625429555,0.0,0.7665256342317714,-0.027990807375608825,0.0010606550284404568,0.9353888734171969,0.34952384637054634,0.14285714285714285,-0.06264077263712729,"Mul(Div(Min($low,5),$close),Sub(1,Div(Sum(If(Lt($close,Ref($close,1)),$volume,0),5),Add(1e-12,Sum($volume,5)))))","Min($low, 5) / $close * (1 - Sum(If(Lt($close, Ref($close, 1)), $volume, 0), 5) / (Sum($volume, 5) + 1e-12))",27,-0.03325593814495256,-0.06264077263712729,2016Q2,"{""2016Q1"":-0.03156112035742226,""2016Q2"":-0.06264077263712729,""2016Q3"":-0.0596746543817289,""2016Q4"":-0.030361891780273497,""2017Q1"":-0.04631134966619883,""2017Q2"":-0.02722284131839213,""2017Q3"":-0.05982043061904679,""2017Q4"":-0.03114439263016771,""2018Q1"":-0.04116150771820985,""2018Q2"":-0.023332396180107334,""2018Q3"":-0.02478566515969254,""2018Q4"":0.016757417476710484,""2019Q1"":-0.04667580419148592,""2019Q2"":-0.047068953163740455,""2019Q3"":-0.010093387913060609,""2019Q4"":-0.024249802754610163,""2020Q1"":-0.017580981093582793,""2020Q2"":-0.05123588335364706,""2020Q3"":-0.04354842539994342,""2020Q4"":6.169882643361447e-06}",-0.03156112035742226,-0.06264077263712729,-0.0596746543817289,-0.030361891780273497,-0.04631134966619883,-0.02722284131839213,-0.05982043061904679,-0.03114439263016771,-0.04116150771820985,-0.023332396180107334,-0.02478566515969254,0.016757417476710484,-0.04667580419148592,-0.047068953163740455,-0.010093387913060609,-0.024249802754610163,-0.017580981093582793,-0.05123588335364706,-0.04354842539994342,6.169882643361447e-06,ac7d60ba5aaa5382
1.1110909822350221,0.9829055080728012,1.2706888401165715,0.9976082474226805,0.0023917525773195876,0.0,0.8298758476642772,0.3464361281302901,0.04783207431188701,0.20775233635924542,0.08402218044253647,0.0,-0.009962497246334256,"Mul(Div(Min($low,5),$close),Sub(1,Abs(Corr(Sub($high,$low),$volume,10))))","Min($low,5) / $close * (1 - Abs(Corr($high - $low, $volume, 10)))",28,0.01511494298314029,-0.009962497246334256,2018Q3,"{""2016Q1"":0.009720142912321816,""2016Q2"":0.02594294355162451,""2016Q3"":0.03183343192669215,""2016Q4"":0.02780376033825726,""2017Q1"":0.043978178669183604,""2017Q2"":0.022377125915096222,""2017Q3"":0.019092113005006614,""2017Q4"":0.012554335880140556,""2018Q1"":0.0121120992821623,""2018Q2"":-0.007456847466049461,""2018Q3"":-0.009962497246334256,""2018Q4"":0.006831690051561151,""2019Q1"":-0.0029706131697023914,""2019Q2"":0.008131587646151349,""2019Q3"":0.024676543995286952,""2019Q4"":0.008509383010608365,""2020Q1"":0.004545608813059231,""2020Q2"":0.016205495737071564,""2020Q3"":0.02553867183413439,""2020Q4"":0.020743722636548105}",0.009720142912321816,0.02594294355162451,0.03183343192669215,0.02780376033825726,0.043978178669183604,0.022377125915096222,0.019092113005006614,0.012554335880140556,0.0121120992821623,-0.007456847466049461,-0.009962497246334256,0.006831690051561151,-0.0029706131697023914,0.008131587646151349,0.024676543995286952,0.008509383010608365,0.004545608813059231,0.016205495737071564,0.02553867183413439,0.020743722636548105,ac7d60ba5aaa5382
-0.8482813835981228,1.4202880149541104,1.2759373274575134,0.9998006872852233,0.0001993127147766323,0.0,0.9802194246054773,0.9051989618115239,0.6042753953137651,0.5960393257498818,0.11631975191513541,0.0,-0.022349342169564152,"Sub(0,Std(Div(Sub($close,Ref($close,1)),Add(1e-12,Ref($close,1))),20))","0 - Std(($close - Ref($close, 1)) / (Ref($close, 1) + 1e-12), 20)",28,0.018777583443198978,-0.022349342169564152,2020Q2,"{""2016Q1"":0.0011503007772198858,""2016Q2"":0.036142902156738356,""2016Q3"":0.06486139237715227,""2016Q4"":0.06762000063863284,""2017Q1"":0.024099962155894564,""2017Q2"":0.018889320001752107,""2017Q3"":0.018134973350080498,""2017Q4"":-0.011366123442893727,""2018Q1"":-0.003666565839052845,""2018Q2"":-0.012773215376094948,""2018Q3"":0.03225692388759925,""2018Q4"":0.026446024128830202,""2019Q1"":-0.014587968268955394,""2019Q2"":0.04754296770194556,""2019Q3"":0.03660714455764548,""2019Q4"":0.009157502939812477,""2020Q1"":0.014115181526694059,""2020Q2"":-0.022349342169564152,""2020Q3"":0.04244888716980566,""2020Q4"":-0.010589024667889923}",0.0011503007772198858,0.036142902156738356,0.06486139237715227,0.06762000063863284,0.024099962155894564,0.018889320001752107,0.018134973350080498,-0.011366123442893727,-0.003666565839052845,-0.012773215376094948,0.03225692388759925,0.026446024128830202,-0.014587968268955394,0.04754296770194556,0.03660714455764548,0.009157502939812477,0.014115181526694059,-0.022349342169564152,0.04244888716980566,-0.010589024667889923,ac7d60ba5aaa5382
-1.0021955639144877,10.373596450984838,0.7833628716093186,0.9973676975945017,0.0026323024054982816,0.0,0.027642641386578504,-0.012315088680110525,-0.0036824912126703227,0.8381504098618553,0.3676990699964908,0.11904761904761904,-0.014483842008791792,"Sub(0,Mul(Log(Div($close,Ref($close,1))),Sub(1,Div(Min($volume,5),Add(1e-12,Max($volume,5))))))","0 - Log($close / Ref($close, 1)) * (1 - Min($volume, 5) / (Max($volume, 5) + 1e-12))",28,0.036355628533117995,-0.014483842008791792,2018Q4,"{""2016Q1"":0.013224874641188676,""2016Q2"":0.0914111998010022,""2016Q3"":0.08241346833301012,""2016Q4"":0.07032726660775451,""2017Q1"":0.06075289854552891,""2017Q2"":-0.01017676831652053,""2017Q3"":0.06307812982790229,""2017Q4"":0.033765579134151555,""2018Q1"":0.021493396758330723,""2018Q2"":0.01438847272068574,""2018Q3"":0.05376895449493942,""2018Q4"":-0.014483842008791792,""2019Q1"":-0.002602696619068397,""2019Q2"":0.06823037459759022,""2019Q3"":0.018768865674460778,""2019Q4"":0.04931250818078465,""2020Q1"":0.007002559157236427,""2020Q2"":0.04364396920772914,""2020Q3"":0.02833687922145751,""2020Q4"":0.026418691565588223}",0.013224874641188676,0.0914111998010022,0.08241346833301012,0.07032726660775451,0.06075289854552891,-0.01017676831652053,0.06307812982790229,0.033765579134151555,0.021493396758330723,0.01438847272068574,0.05376895449493942,-0.014483842008791792,-0.002602696619068397,0.06823037459759022,0.018768865674460778,0.04931250818078465,0.007002559157236427,0.04364396920772914,0.02833687922145751,0.026418691565588223,ac7d60ba5aaa5382
-2.1369484514869264,17.694400904976973,0.8544296551921619,0.9978075601374571,0.0021924398625429555,0.0,0.3336775169826405,0.09618768667395941,-0.0537135906020264,0.4765288009452023,0.180047102524365,0.0,-0.0174267093378049,"Mul(Div(Sub(If(Le($open,$close),$open,$close),$low),Add(1e-12,Sub($high,$low))),Sub(1,Div($volume,Mean($volume,20))))","(If(Le($open,$close),$open,$close)-$low)/($high-$low+1e-12)*(1-$volume/Mean($volume,20))",29,0.027100949474454704,-0.0174267093378049,2018Q3,"{""2016Q1"":0.04842303736772883,""2016Q2"":0.05449158286093981,""2016Q3"":0.05179969142379169,""2016Q4"":0.036374097761970606,""2017Q1"":0.05237383993901367,""2017Q2"":0.029427840436737965,""2017Q3"":0.019778092215675225,""2017Q4"":0.0054585152083476834,""2018Q1"":0.030714464587992322,""2018Q2"":0.01761537078382641,""2018Q3"":-0.0174267093378049,""2018Q4"":0.012771211547923303,""2019Q1"":0.02180691804902519,""2019Q2"":0.028647496135979066,""2019Q3"":0.014942940331798755,""2019Q4"":0.035724212672357494,""2020Q1"":0.02008190095833509,""2020Q2"":0.05595457622177038,""2020Q3"":0.014475623979528436,""2020Q4"":0.012616367204829903}",0.04842303736772883,0.05449158286093981,0.05179969142379169,0.036374097761970606,0.05237383993901367,0.029427840436737965,0.019778092215675225,0.0054585152083476834,0.030714464587992322,0.01761537078382641,-0.0174267093378049,0.012771211547923303,0.02180691804902519,0.028647496135979066,0.014942940331798755,0.035724212672357494,0.02008190095833509,0.05595457622177038,0.014475623979528436,0.012616367204829903,ac7d60ba5aaa5382
-0.08188110013267727,0.16207679465706332,1.3601430279089257,0.9978075601374571,0.0021924398625429555,0.0,-0.061199947174306525,0.004923159809017846,-0.0015585000957472857,0.8831606970677391,0.19156500859291903,0.047619047619047616,-0.004062507703191549,"Sub(Mean(Div(Sub($close,$low),Add(1e-12,Sub($high,$low))),5),Div(Sub($close,$low),Add(1e-12,Sub($high,$low))))","Mean(($close - $low) / ($high - $low + 1e-12), 5) - ($close - $low) / ($high - $low + 1e-12)",29,0.03504079801329179,-0.004062507703191549,2017Q2,"{""2016Q1"":-0.0005481834429413526,""2016Q2"":0.05682668927990666,""2016Q3"":0.03992367886622603,""2016Q4"":0.0501413763808058,""2017Q1"":0.032264568972569276,""2017Q2"":-0.004062507703191549,""2017Q3"":0.047964183960392814,""2017Q4"":0.03623168554223398,""2018Q1"":0.007073017041899006,""2018Q2"":0.048273656020551656,""2018Q3"":0.09048519571678285,""2018Q4"":0.02757361890151664,""2019Q1"":0.012248956026153114,""2019Q2"":0.04864154343151466,""2019Q3"":0.046408511428198414,""2019Q4"":0.04351451765895162,""2020Q1"":0.000450655933759204,""2020Q2"":0.03022092670943656,""2020Q3"":0.02972984557345807,""2020Q4"":0.04879456041061368}",-0.0005481834429413526,0.05682668927990666,0.03992367886622603,0.0501413763808058,0.032264568972569276,-0.004062507703191549,0.047964183960392814,0.03623168554223398,0.007073017041899006,0.048273656020551656,0.09048519571678285,0.02757361890151664,0.012248956026153114,0.04864154343151466,0.046408511428198414,0.04351451765895162,0.000450655933759204,0.03022092670943656,0.02972984557345807,0.04879456041061368,ac7d60ba5aaa5382
-0.5211169388592817,-0.02657052635945448,1.4326285791131401,0.9978075601374571,0.0021924398625429555,0.0,0.007474231424917696,0.020721437348943043,0.022287833464909132,0.986904285099762,0.14668963177355007,0.047619047619047616,-0.03457241333111866,"Mul(Div(Min($low,5),$close),Sub(1,Div(Sub($high,If(Gt($open,$close),$open,$close)),Add(1e-12,Sub($high,$low)))))","Min($low, 5) / $close * (1 - ($high - If(Gt($open, $close), $open, $close)) / ($high - $low + 1e-12))",29,-0.011508296076392716,-0.03457241333111866,2020Q1,"{""2016Q1"":-0.011215081558522164,""2016Q2"":0.004546845582104065,""2016Q3"":0.006692303258277738,""2016Q4"":0.002802240296676882,""2017Q1"":-0.023584415041341174,""2017Q2"":-0.01098991872997265,""2017Q3"":-0.018428187668806308,""2017Q4"":-0.0016998890470368564,""2018Q1"":-0.026464445243418382,""2018Q2"":-0.020886566791045683,""2018Q3"":-0.029769918896777773,""2018Q4"":-0.0293816789103064,""2019Q1"":-0.022969157518265337,""2019Q2"":0.00986381430395205,""2019Q3"":-0.015093228252399673,""2019Q4"":-0.012311674059117766,""2020Q1"":-0.03457241333111866,""2020Q2"":0.0008911851030858964,""2020Q3"":0.019636452163919148,""2020Q4"":-0.02144234843572748}",-0.011215081558522164,0.004546845582104065,0.006692303258277738,0.002802240296676882,-0.023584415041341174,-0.01098991872997265,-0.018428187668806308,-0.0016998890470368564,-0.026464445243418382,-0.020886566791045683,-0.029769918896777773,-0.0293816789103064,-0.022969157518265337,0.00986381430395205,-0.015093228252399673,-0.012311674059117766,-0.03457241333111866,0.0008911851030858964,0.019636452163919148,-0.02144234843572748,ac7d60ba5aaa5382
0.3363819610332499,59.388390441976675,0.8112236385102496,0.9973676975945017,0.0026323024054982816,0.0,0.12670545312548018,0.029882180559659098,0.013669028043696504,0.24024844680800567,0.09095913354296666,0.0,-0.03129267355275584,"Mul(Div(Sub(Ref($close,1),$open),Add(1e-12,Sub($high,$low))),Sub(1,Std(Div($high,$low),5)))","(Ref($close, 1) - $open) / ($high - $low + 1e-12) * (1 - Std($high / $low, 5))",30,-0.00846030028809075,-0.03129267355275584,2019Q1,"{""2016Q1"":-0.027564447367072465,""2016Q2"":-0.00289813948064768,""2016Q3"":0.012096139043886676,""2016Q4"":0.0030796218768697836,""2017Q1"":-0.0035671960312541814,""2017Q2"":-0.02341130593140869,""2017Q3"":0.00618013176415395,""2017Q4"":-0.009493813081253993,""2018Q1"":-0.012289900635878669,""2018Q2"":-0.0254073543304613,""2018Q3"":-0.003410434273055242,""2018Q4"":-0.013997653477399041,""2019Q1"":-0.03129267355275584,""2019Q2"":-0.009455413795162177,""2019Q3"":-0.015496783073263725,""2019Q4"":0.014117731742412865,""2020Q1"":0.0027879242704985296,""2020Q2"":-0.004090698464496085,""2020Q3"":-0.015363514439325309,""2020Q4"":-0.012599624231179322}",-0.027564447367072465,-0.00289813948064768,0.012096139043886676,0.0030796218768697836,-0.0035671960312541814,-0.02341130593140869,0.00618013176415395,-0.009493813081253993,-0.012289900635878669,-0.0254073543304613,-0.003410434273055242,-0.013997653477399041,-0.03129267355275584,-0.009455413795162177,-0.015496783073263725,0.014117731742412865,0.0027879242704985296,-0.004090698464496085,-0.015363514439325309,-0.012599624231179322,ac7d60ba5aaa5382
2.197246399746302,35.44682450240069,0.3017661054429845,0.9998006872852233,0.0001993127147766323,0.0,0.9359470379009723,0.7269948924175841,0.0421823598700647,0.22123850378455312,0.10114619180529273,0.0,-0.07225506827756116,"Div(Sub(Mean(If(Gt(Sub($close,Ref($close,1)),0),Sub($close,Ref($close,1)),0),20),Mean(If(Lt(Sub($close,Ref($close,1)),0),Sub(Ref($close,1),$close),0),20)),Add(1e-12,Std(Sub(Div($close,Ref($close,1)),1),20)))","(Mean(If(Gt($close - Ref($close,1), 0), $close - Ref($close,1), 0), 20) - Mean(If(Lt($close - Ref($close,1), 0), Ref($close,1) - $close, 0), 20)) / (Std($close / Ref($close,1) - 1, 20) + 1e-12)",30,-0.0176482293103825,-0.07225506827756116,2016Q1,"{""2016Q1"":-0.07225506827756116,""2016Q2"":-0.03517932853999546,""2016Q3"":-0.05515093529034414,""2016Q4"":-0.02485574100711276,""2017Q1"":-0.004500688770034518,""2017Q2"":0.007671229346280819,""2017Q3"":-0.03402261628765832,""2017Q4"":-0.008725545448796867,""2018Q1"":-0.013908918281219203,""2018Q2"":-0.0017338336797976096,""2018Q3"":-0.007374133117918337,""2018Q4"":0.0015639559144510096,""2019Q1"":-0.0253150470627682,""2019Q2"":-0.03300246678556478,""2019Q3"":-0.0207139937088668,""2019Q4"":0.005117412700868652,""2020Q1"":-0.009937267457464493,""2020Q2"":0.00353071133958689,""2020Q3"":-0.019950266859304844,""2020Q4"":-0.0003411399560512711}",-0.07225506827756116,-0.03517932853999546,-0.05515093529034414,-0.02485574100711276,-0.004500688770034518,0.007671229346280819,-0.03402261628765832,-0.008725545448796867,-0.013908918281219203,-0.0017338336797976096,-0.007374133117918337,0.0015639559144510096,-0.0253150470627682,-0.03300246678556478,-0.0207139937088668,0.005117412700868652,-0.009937267457464493,0.00353071133958689,-0.019950266859304844,-0.0003411399560512711,ac7d60ba5aaa5382
-0.06559629069308699,0.030364951291583384,1.4297084770835382,0.9978075601374571,0.0021924398625429555,0.0,0.6058678366672255,-0.019001598845681717,0.0055842500040597315,0.9960801740293012,0.46013641317652026,0.21428571428571427,-0.0119129551748537,"Mul(Div(Min($low,5),$close),Sub(1,Div(Sub($close,Min($low,5)),Add(1e-12,Sub(Max($high,5),Min($low,5))))))","Min($low, 5) / $close * (1 - ($close - Min($low, 5)) / (Max($high, 5) - Min($low, 5) + 1e-12))",30,0.036060409614933536,-0.0119129551748537,2020Q1,"{""2016Q1"":0.004419325631673332,""2016Q2"":0.058320639419975985,""2016Q3"":0.08299290608493534,""2016Q4"":0.05457269481675024,""2017Q1"":0.06373898931837393,""2017Q2"":0.020030396336922544,""2017Q3"":0.06770103484415393,""2017Q4"":0.025015886269328498,""2018Q1"":0.04671127510036316,""2018Q2"":0.029061680389595956,""2018Q3"":0.06123232396208996,""2018Q4"":-0.003333847371115219,""2019Q1"":0.021233579657634567,""2019Q2"":0.0478099497741479,""2019Q3"":0.011455680592702439,""2019Q4"":0.04669523206975171,""2020Q1"":-0.0119129551748537,""2020Q2"":0.031098170876592605,""2020Q3"":0.036474582598400494,""2020Q4"":0.019283905609548433}",0.004419325631673332,0.058320639419975985,0.08299290608493534,0.05457269481675024,0.06373898931837393,0.020030396336922544,0.06770103484415393,0.025015886269328498,0.04671127510036316,0.029061680389595956,0.06123232396208996,-0.003333847371115219,0.021233579657634567,0.0478099497741479,0.011455680592702439,0.04669523206975171,-0.0119129551748537,0.031098170876592605,0.036474582598400494,0.019283905609548433,ac7d60ba5aaa5382
-0.2889497875016136,0.9134018796795346,1.2221758908816283,0.9978006872852234,0.002199312714776632,0.0,0.7600512921724273,0.06784550036347206,-0.009016338537286162,0.732510515793583,0.41861055864526026,0.11904761904761904,-0.029494262059283367,"Sub(0,Div(Resi($close,20),Add(1e-12,Std($close,20))))","0 - Resi($close, 20) / (Std($close, 20) + 1e-12)",31,0.020976871885708508,-0.029494262059283367,2018Q4,"{""2016Q1"":0.002899756778416924,""2016Q2"":0.05412576180859893,""2016Q3"":0.07121467207389869,""2016Q4"":0.042933806248632696,""2017Q1"":0.04643639111040069,""2017Q2"":0.023939844677268795,""2017Q3"":0.040049228141087204,""2017Q4"":0.003542365785979179,""2018Q1"":0.02461293786603384,""2018Q2"":0.003874763348079523,""2018Q3"":0.031187179984920838,""2018Q4"":-0.029494262059283367,""2019Q1"":-0.008139387427475067,""2019Q2"":0.01963689053324161,""2019Q3"":0.0018694623476176275,""2019Q4"":0.025396615453787248,""2020Q1"":0.001420724502996263,""2020Q2"":0.04735632468333825,""2020Q3"":0.015203658378773402,""2020Q4"":-0.004451809392790481}",0.002899756778416924,0.05412576180859893,0.07121467207389869,0.042933806248632696,0.04643639111040069,0.023939844677268795,0.040049228141087204,0.003542365785979179,0.02461293786603384,0.003874763348079523,0.031187179984920838,-0.029494262059283367,-0.008139387427475067,0.01963689053324161,0.0018694623476176275,0.025396615453787248,0.001420724502996263,0.04735632468333825,0.015203658378773402,-0.004451809392790481,ac7d60ba5aaa5382
2.313213859633457,77.70409740053846,0.3558840382608485,0.9973676975945017,0.0026323024054982816,0.0,0.028727461541007828,0.01080478658735689,0.0016473988017436558,0.21021493507658398,0.09807273861246452,0.0,-0.011663142019144267,"Mul(Div(Sub(Ref($close,1),$open),Add(1e-12,Ref($close,1))),Sub(1,Div($volume,Mean($volume,5))))","(Ref($close, 1) - $open) / (Ref($close, 1) + 1e-12) * (1 - $volume / Mean($volume, 5))",31,0.008293237327576525,-0.011663142019144267,2020Q3,"{""2016Q1"":0.053678561297857426,""2016Q2"":0.03495477675165475,""2016Q3"":-0.005776100884944538,""2016Q4"":0.0018850249493356096,""2017Q1"":0.016288581234547836,""2017Q2"":0.026411351470684633,""2017Q3"":-0.009965909345298049,""2017Q4"":0.011066463634906558,""2018Q1"":0.005079678395152083,""2018Q2"":0.01231462888743694,""2018Q3"":0.017951112475309828,""2018Q4"":0.013037427640530017,""2019Q1"":-0.005348995210990394,""2019Q2"":0.013866763885823816,""2019Q3"":0.010265999430744618,""2019Q4"":0.0014685406200361,""2020Q1"":-0.006443226072646211,""2020Q2"":0.00027537195786745387,""2020Q3"":-0.011663142019144267,""2020Q4"":-0.011054227022864929}",0.053678561297857426,0.03495477675165475,-0.005776100884944538,0.0018850249493356096,0.016288581234547836,0.026411351470684633,-0.009965909345298049,0.011066463634906558,0.005079678395152083,0.01231462888743694,0.017951112475309828,0.013037427640530017,-0.005348995210990394,0.013866763885823816,0.010265999430744618,0.0014685406200361,-0.006443226072646211,0.00027537195786745387,-0.011663142019144267,-0.011054227022864929,ac7d60ba5aaa5382
-0.12818193830447266,4.303035657531578,1.1156406414071096,0.9978075601374571,0.0021924398625429555,0.0,0.9102314884368049,0.5958304009065626,0.010010976912669667,0.7534230362113576,0.34773444113773033,0.023809523809523808,-0.0038439046157305846,"Div(Sub(Div(Sum(Mul($close,$volume),20),Add(1e-12,Sum($volume,20))),$close),$close)","(Sum($close * $volume, 20) / (Sum($volume, 20) + 1e-12) - $close) / $close",31,0.03257761676960372,-0.0038439046157305846,2018Q4,"{""2016Q1"":0.07270362246126763,""2016Q2"":0.07373806593269175,""2016Q3"":0.09068756980893702,""2016Q4"":0.04904490336973377,""2017Q1"":0.047166863828572256,""2017Q2"":0.007778009475379333,""2017Q3"":0.06072071205181922,""2017Q4"":-0.002206987944820001,""2018Q1"":0.022032786410413202,""2018Q2"":0.011733431932074346,""2018Q3"":0.022363841068298536,""2018Q4"":-0.0038439046157305846,""2019Q1"":0.03211575972600995,""2019Q2"":0.03425904987420102,""2019Q3"":0.031779503746357414,""2019Q4"":0.01925860339443942,""2020Q1"":0.009036525344892795,""2020Q2"":0.01944982964653667,""2020Q3"":0.03973408737869188,""2020Q4"":0.006186127152442626}",0.07270362246126763,0.07373806593269175,0.09068756980893702,0.04904490336973377,0.047166863828572256,0.007778009475379333,0.06072071205181922,-0.002206987944820001,0.022032786410413202,0.011733431932074346,0.022363841068298536,-0.0038439046157305846,0.03211575972600995,0.03425904987420102,0.031779503746357414,0.01925860339443942,0.009036525344892795,0.01944982964653667,0.03973408737869188,0.006186127152442626,ac7d60ba5aaa5382
0.06021163945572928,-0.8788501736459956,1.6763520196299284,0.9978006872852234,0.002199312714776632,0.0,0.9404871467057299,0.34131737893465913,-0.0061422191074259995,0.10389881845578544,0.04281735381690421,0.0,-0.03573149394164956,"Mul(Div(Min($low,5),$close),Sub(1,Rsquare($close,20)))","Min($low, 5) / $close * (1 - Rsquare($close, 20))",32,0.0042257642148831745,-0.03573149394164956,2018Q4,"{""2016Q1"":0.003391688684568861,""2016Q2"":0.02061210643480099,""2016Q3"":-0.0004272670355598265,""2016Q4"":0.00612647082915262,""2017Q1"":0.009336285513663908,""2017Q2"":0.04334458916866083,""2017Q3"":-0.01596163223354747,""2017Q4"":-0.011119259133449348,""2018Q1"":-0.0027588191711137144,""2018Q2"":-0.018705900805415582,""2018Q3"":0.00861317018534388,""2018Q4"":-0.03573149394164956,""2019Q1"":0.016978668937733477,""2019Q2"":0.00829258462477112,""2019Q3"":0.029012186257058394,""2019Q4"":0.001278254911545517,""2020Q1"":0.012591615719608158,""2020Q2"":-0.008594903587626199,""2020Q3"":0.0057078965152881,""2020Q4"":0.012512680525298293}",0.003391688684568861,0.02061210643480099,-0.0004272670355598265,0.00612647082915262,0.009336285513663908,0.04334458916866083,-0.01596163223354747,-0.011119259133449348,-0.0027588191711137144,-0.018705900805415582,0.00861317018534388,-0.03573149394164956,0.016978668937733477,0.00829258462477112,0.029012186257058394,0.001278254911545517,0.012591615719608158,-0.008594903587626199,0.0057078965152881,0.012512680525298293,ac7d60ba5aaa5382
0.5677609029929938,189.88704486638824,0.018278089211291444,0.9978075601374571,0.0021924398625429555,0.0,0.006820303748195605,0.003411084045705192,0.008937002456640487,0.09355173108542791,0.03867073651329008,0.0,-0.07259000651932873,"Mul(If(Gt(Ref($close,1),$open),Div(Sub($close,$open),Add(1e-12,Sub(Ref($close,1),$open))),0),Sub(1,Div(Abs(Sub($close,$open)),Add(1e-12,Sub($high,$low)))))","If(Gt(Ref($close,1),$open),($close-$open)/(Ref($close,1)-$open+1e-12),0)*(1-Abs($close-$open)/($high-$low+1e-12))",32,-0.03134848199701412,-0.07259000651932873,2016Q2,"{""2016Q1"":-0.058261522428882696,""2016Q2"":-0.07259000651932873,""2016Q3"":-0.05746180479181306,""2016Q4"":-0.04415124020733478,""2017Q1"":-0.04396368340667325,""2017Q2"":0.0033160452702004394,""2017Q3"":-0.034531836599339776,""2017Q4"":-0.03213474156635474,""2018Q1"":-0.03237300393453862,""2018Q2"":-0.037999165378844776,""2018Q3"":-0.03444155774002894,""2018Q4"":-0.005934452838211712,""2019Q1"":-0.03368792691618364,""2019Q2"":-0.03841499337066142,""2019Q3"":0.0015933938532590164,""2019Q4"":-0.024453532139149317,""2020Q1"":-0.016075704557915637,""2020Q2"":-0.02495876591074943,""2020Q3"":-0.023493942829328984,""2020Q4"":-0.01736929253091702}",-0.058261522428882696,-0.07259000651932873,-0.05746180479181306,-0.04415124020733478,-0.04396368340667325,0.0033160452702004394,-0.034531836599339776,-0.03213474156635474,-0.03237300393453862,-0.037999165378844776,-0.03444155774002894,-0.005934452838211712,-0.03368792691618364,-0.03841499337066142,0.0015933938532590164,-0.024453532139149317,-0.016075704557915637,-0.02495876591074943,-0.023493942829328984,-0.01736929253091702,ac7d60ba5aaa5382
0.14064555573996762,0.2450180909892013,1.4060568666220221,0.9978075601374571,0.0021924398625429555,0.0,-0.024981302345318694,0.009687167893526912,0.010865399646071201,0.988410129675138,0.26645185563428814,0.07142857142857142,-0.10090617935141512,"Mul(Div(Min($low,5),$close),Div(Sub($close,$low),Add(1e-12,Sub($high,$low))))","Min($low, 5) / $close * (($close - $low) / ($high - $low + 1e-12))",32,-0.04292428219398918,-0.10090617935141512,2018Q3,"{""2016Q1"":0.017112626249323373,""2016Q2"":-0.06602871156990836,""2016Q3"":-0.043453622822553405,""2016Q4"":-0.05685948443782477,""2017Q1"":-0.049332339108551684,""2017Q2"":-0.0016016474302768355,""2017Q3"":-0.06822628868683674,""2017Q4"":-0.04634532311318578,""2018Q1"":-0.034745306638669336,""2018Q2"":-0.05647687415452986,""2018Q3"":-0.10090617935141512,""2018Q4"":-0.029243553267682704,""2019Q1"":-0.033945788537892145,""2019Q2"":-0.06450735345903215,""2019Q3"":-0.042018865090694066,""2019Q4"":-0.046402663368791446,""2020Q1"":-0.00671432404113842,""2020Q2"":-0.03343307218419762,""2020Q3"":-0.040786649891471086,""2020Q4"":-0.04580868894034922}",0.017112626249323373,-0.06602871156990836,-0.043453622822553405,-0.05685948443782477,-0.049332339108551684,-0.0016016474302768355,-0.06822628868683674,-0.04634532311318578,-0.034745306638669336,-0.05647687415452986,-0.10090617935141512,-0.029243553267682704,-0.033945788537892145,-0.06450735345903215,-0.042018865090694066,-0.046402663368791446,-0.00671432404113842,-0.03343307218419762,-0.040786649891471086,-0.04580868894034922,ac7d60ba5aaa5382
-0.2784255898902902,0.45666530920730397,1.2780220349073568,0.9963848797250859,0.003615120274914089,0.0,0.46529394025474846,-0.3724770545273097,-0.01188166862423309,0.8915621744598772,0.30582779407704835,0.07142857142857142,0.0024865806098591375,"Mul(Div(Min($low,5),$close),Sub(1,Div(Sub($volume,Ref($volume,5)),Add(1e-12,Add($volume,Ref($volume,5))))))","Min($low, 5) / $close * (1 - ($volume - Ref($volume, 5)) / ($volume + Ref($volume, 5) + 1e-12))",33,0.03930917075338817,0.0024865806098591375,2019Q3,"{""2016Q1"":0.0421701428982885,""2016Q2"":0.08524838862826722,""2016Q3"":0.07927654216722799,""2016Q4"":0.044078824318773746,""2017Q1"":0.074823880635368,""2017Q2"":0.028445814416043047,""2017Q3"":0.028447142802661907,""2017Q4"":0.0165355692092474,""2018Q1"":0.05707662248430068,""2018Q2"":0.03951473906964167,""2018Q3"":0.02140188287955057,""2018Q4"":0.01684123975960017,""2019Q1"":0.019387143908912483,""2019Q2"":0.059533342642259214,""2019Q3"":0.0024865806098591375,""2019Q4"":0.03213751792575915,""2020Q1"":0.03797176275440977,""2020Q2"":0.04768880779736907,""2020Q3"":0.044029400751289194,""2020Q4"":0.009857991990013278}",0.0421701428982885,0.08524838862826722,0.07927654216722799,0.044078824318773746,0.074823880635368,0.028445814416043047,0.028447142802661907,0.0165355692092474,0.05707662248430068,0.03951473906964167,0.02140188287955057,0.01684123975960017,0.019387143908912483,0.059533342642259214,0.0024865806098591375,0.03213751792575915,0.03797176275440977,0.04768880779736907,0.044029400751289194,0.009857991990013278,ac7d60ba5aaa5382
5.762881326220526,0.0,0.6445733893133283,0.9998144329896906,0.00018556701030927834,0.0,0.9913305568617087,0.9610519210833696,0.8481017317908655,0.08851493540389901,0.021815761098976334,0.0,-0.02123340776856141,"Mean(Div(Abs(Sub($close,Ref($close,1))),Add(1e-12,Mul($volume,Ref($close,1)))),20)","Mean(Abs($close - Ref($close, 1)) / (Ref($close, 1) * $volume + 1e-12), 20)",33,0.0026911910621563334,-0.02123340776856141,2016Q4,"{""2016Q1"":0.0189931518677441,""2016Q2"":0.009724454343914606,""2016Q3"":0.007251321594454966,""2016Q4"":-0.02123340776856141,""2017Q1"":-0.002178839652370342,""2017Q2"":-0.00022478185887068978,""2017Q3"":-0.0012976794467196248,""2017Q4"":0.011757773191609129,""2018Q1"":0.011229082235097223,""2018Q2"":0.002856055197340931,""2018Q3"":-0.021042781950384334,""2018Q4"":0.00021020279536907607,""2019Q1"":0.017686139042696374,""2019Q2"":-0.016279876276869814,""2019Q3"":-0.0009300354380683793,""2019Q4"":-0.015455140483634179,""2020Q1"":0.018612126950905642,""2020Q2"":0.027373606360720795,""2020Q3"":0.00892758795390935,""2020Q4"":0.001038515847369189}",0.0189931518677441,0.009724454343914606,0.007251321594454966,-0.02123340776856141,-0.002178839652370342,-0.00022478185887068978,-0.0012976794467196248,0.011757773191609129,0.011229082235097223,0.002856055197340931,-0.021042781950384334,0.00021020279536907607,0.017686139042696374,-0.016279876276869814,-0.0009300354380683793,-0.015455140483634179,0.018612126950905642,0.027373606360720795,0.00892758795390935,0.001038515847369189,ac7d60ba5aaa5382
-0.280012289426868,-0.6774086350302607,1.5547047171085377,0.9998144329896906,0.00018556701030927834,0.0,0.9595161768141113,0.8194431464281492,0.39865420293748516,0.5206929098815559,0.13050412023527208,0.0,-0.013667804604503536,"Sub(0,Max(Div(Sub($high,Ref($close,1)),Add(1e-12,Ref($close,1))),20))","0 - Max(($high - Ref($close, 1)) / (Ref($close, 1) + 1e-12), 20)",33,0.025347918731322232,-0.013667804604503536,2020Q2,"{""2016Q1"":0.01921947868608184,""2016Q2"":0.05147109291728592,""2016Q3"":0.07703322107743635,""2016Q4"":0.05532650248379955,""2017Q1"":0.04123576176376852,""2017Q2"":0.017087610559961875,""2017Q3"":0.03215498697613004,""2017Q4"":0.0015740612205104765,""2018Q1"":0.009904613130020659,""2018Q2"":0.006972614289610828,""2018Q3"":0.03126029599736916,""2018Q4"":0.007925066056159983,""2019Q1"":0.000649650009925509,""2019Q2"":0.05126736060773298,""2019Q3"":0.03805093076126571,""2019Q4"":0.0019521076604126504,""2020Q1"":0.017990968307907487,""2020Q2"":-0.013667804604503536,""2020Q3"":0.04821585792434738,""2020Q4"":0.0009078949702669556}",0.01921947868608184,0.05147109291728592,0.07703322107743635,0.05532650248379955,0.04123576176376852,0.017087610559961875,0.03215498697613004,0.0015740612205104765,0.009904613130020659,0.006972614289610828,0.03126029599736916,0.007925066056159983,0.000649650009925509,0.05126736060773298,0.03805093076126571,0.0019521076604126504,0.017990968307907487,-0.013667804604503536,0.04821585792434738,0.0009078949702669556,ac7d60ba5aaa5382
-6.271146591698468,79.42186639357237,0.7435725297993575,0.9978075601374571,0.0021924398625429555,0.0,0.9442102361926461,0.6749172579714195,0.12981148561306705,0.20656709327992293,0.04738154712049068,0.0,-0.01742506430146834,"Mul(Div(Min($low,5),$close),Sub(1,Div(Quantile($volume,20,0.9),Add(1e-12,Quantile($volume,20,0.1)))))","Min($low, 5) / $close * (1 - Quantile($volume, 20, 0.9) / (Quantile($volume, 20, 0.1) + 1e-12))",34,0.020130791087095895,-0.01742506430146834,2018Q4,"{""2016Q1"":0.03755974911683234,""2016Q2"":0.03417178862564544,""2016Q3"":0.026289853300864387,""2016Q4"":-0.0005491360183859159,""2017Q1"":0.033567254666063286,""2017Q2"":0.023605143326261242,""2017Q3"":0.003689530316821838,""2017Q4"":0.01833375727756367,""2018Q1"":0.022412005090420375,""2018Q2"":0.020807320893279323,""2018Q3"":0.0028412807852276783,""2018Q4"":-0.01742506430146834,""2019Q1"":0.020796890057910213,""2019Q2"":0.025035726407670537,""2019Q3"":0.01721119508108635,""2019Q4"":0.024382548941779002,""2020Q1"":0.05033475452408836,""2020Q2"":0.01362577571815675,""2020Q3"":0.015957471435567968,""2020Q4"":0.03438399985217698}",0.03755974911683234,0.03417178862564544,0.026289853300864387,-0.0005491360183859159,0.033567254666063286,0.023605143326261242,0.003689530316821838,0.01833375727756367,0.022412005090420375,0.020807320893279323,0.0028412807852276783,-0.01742506430146834,0.020796890057910213,0.025035726407670537,0.01721119508108635,0.024382548941779002,0.05033475452408836,0.01362577571815675,0.015957471435567968,0.03438399985217698,ac7d60ba5aaa5382
10.723168217372,138.40426699059793,0.0009149478352832846,0.9975738831615119,0.0024261168384879725,0.0,0.031601385095840984,0.03299132123418651,0.03042096121153744,0.2027300772335107,0.035010243286923676,0.0,-0.06288984716219437,"Mul(Div(Sub(If(Lt($open,$close),$open,$close),$low),Add(1e-12,Sub($high,If(Le($open,$close),$close,$open)))),Sub(1,Div(Std($volume,5),Mean($volume,5))))","(If(Lt($open,$close),$open,$close)-$low)/($high-If(Le($open,$close),$close,$open)+1e-12)*(1-Std($volume,5)/Mean($volume,5))",34,-0.017620327768617054,-0.06288984716219437,2018Q3,"{""2016Q1"":-0.013603384256176451,""2016Q2"":0.014004444441679408,""2016Q3"":0.01757853433812797,""2016Q4"":0.001099881064990313,""2017Q1"":0.003854961328970833,""2017Q2"":-0.020303560774995955,""2017Q3"":-0.024082715382692473,""2017Q4"":-0.024983545633514008,""2018Q1"":-0.02800513661273211,""2018Q2"":-0.030735696612409876,""2018Q3"":-0.06288984716219437,""2018Q4"":-0.04245844285037372,""2019Q1"":-0.015254219911302342,""2019Q2"":-0.015148089358960911,""2019Q3"":-0.023209492858662865,""2019Q4"":-0.009343756427618562,""2020Q1"":-0.022456905412949354,""2020Q2"":-0.009404130268259708,""2020Q3"":-0.019611507648659886,""2020Q4"":-0.026224607876725002}",-0.013603384256176451,0.014004444441679408,0.01757853433812797,0.001099881064990313,0.003854961328970833,-0.020303560774995955,-0.024082715382692473,-0.024983545633514008,-0.02800513661273211,-0.030735696612409876,-0.06288984716219437,-0.04245844285037372,-0.015254219911302342,-0.015148089358960911,-0.023209492858662865,-0.009343756427618562,-0.022456905412949354,-0.009404130268259708,-0.019611507648659886,-0.026224607876725002,ac7d60ba5aaa5382
-0.06729153031262426,0.7311233111386353,1.2532377033792474,0.999786941580756,0.00021305841924398625,0.0,0.9207672476884956,0.6644031691487647,-0.00602369674017788,0.15726219013576487,0.061299595607083326,0.0,-0.02444532317375101,"Sub(0,Skew(Div(Sub($close,Ref($close,1)),Add(1e-12,Ref($close,1))),20))","0 - Skew(($close - Ref($close, 1)) / (Ref($close, 1) + 1e-12), 20)",34,0.004972636427494267,-0.02444532317375101,2018Q4,"{""2016Q1"":0.011086179998093248,""2016Q2"":0.01701090559949596,""2016Q3"":0.04220521358716861,""2016Q4"":0.011220114620394878,""2017Q1"":0.020722338026788908,""2017Q2"":0.0016245693140702886,""2017Q3"":0.02536412140677912,""2017Q4"":-0.0035189021499204835,""2018Q1"":0.023442714246518996,""2018Q2"":0.0022776737670929083,""2018Q3"":-0.0005697149412499875,""2018Q4"":-0.02444532317375101,""2019Q1"":-0.004566454808082111,""2019Q2"":0.014234162691559296,""2019Q3"":-0.01939221334888938,""2019Q4"":-0.010281867463132375,""2020Q1"":-0.007302093528801597,""2020Q2"":-0.0037727454562380535,""2020Q3"":0.009711963538524928,""2020Q4"":-0.008447820411233441}",0.011086179998093248,0.01701090559949596,0.04220521358716861,0.011220114620394878,0.020722338026788908,0.0016245693140702886,0.02536412140677912,-0.0035189021499204835,0.023442714246518996,0.0022776737670929083,-0.0005697149412499875,-0.02444532317375101,-0.004566454808082111,0.014234162691559296,-0.01939221334888938,-0.010281867463132375,-0.007302093528801597,-0.0037727454562380535,0.009711963538524928,-0.008447820411233441,ac7d60ba5aaa5382
-1.887796989404782,5.336191977853711,1.049610083706747,0.9975738831615119,0.0024261168384879725,0.0,0.7843284002963904,0.23950787089133344,0.1900165197094286,0.991211061466688,0.42024924419968135,0.14285714285714285,0.009168937080750363,"Mul(Div(Min($low,5),$close),Sub(1,Abs(Slope(Div($high,$low),5))))","Min($low, 5) / $close * (1 - Abs(Slope($high / $low, 5)))",35,0.048995726964297305,0.009168937080750363,2019Q1,"{""2016Q1"":0.042681513334359315,""2016Q2"":0.08539713578907321,""2016Q3"":0.1358819025634887,""2016Q4"":0.09909297792584959,""2017Q1"":0.06986530363153884,""2017Q2"":0.04337427204168689,""2017Q3"":0.06996318843245816,""2017Q4"":0.022307989611835062,""2018Q1"":0.0440291213698804,""2018Q2"":0.02434523264262459,""2018Q3"":0.05565319889617449,""2018Q4"":0.018874658176586033,""2019Q1"":0.009168937080750363,""2019Q2"":0.07022690572260133,""2019Q3"":0.027463712742516203,""2019Q4"":0.04368056285526733,""2020Q1"":0.01806586135089887,""2020Q2"":0.023570582862851536,""2020Q3"":0.04994094388783149,""2020Q4"":0.01579968582528012}",0.042681513334359315,0.08539713578907321,0.1358819025634887,0.09909297792584959,0.06986530363153884,0.04337427204168689,0.06996318843245816,0.022307989611835062,0.0440291213698804,0.02434523264262459,0.05565319889617449,0.018874658176586033,0.009168937080750363,0.07022690572260133,0.027463712742516203,0.04368056285526733,0.01806586135089887,0.023570582862851536,0.04994094388783149,0.01579968582528012,ac7d60ba5aaa5382
0.6114169549428868,5.705850832646273,1.0750611796980865,0.9978075601374571,0.0021924398625429555,0.0,-0.025352560485418785,-0.003420650581207187,0.0020318519011475462,0.8608379981787349,0.30398413468469665,0.09523809523809523,-0.10350750120512747,"Mul(Div($volume,Mean($volume,20)),Div(Sub($close,Div(Add($high,$low),2)),Add(1e-12,Sub($high,$low))))","($close - ($low + $high) / 2) / ($high - $low + 1e-12) * ($volume / Mean($volume, 20))",35,-0.052797859732256876,-0.10350750120512747,2018Q3,"{""2016Q1"":-0.021875988976296334,""2016Q2"":-0.08756338221004735,""2016Q3"":-0.06491306367600741,""2016Q4"":-0.05996949281178072,""2017Q1"":-0.06629445709520959,""2017Q2"":-0.019889268090060034,""2017Q3"":-0.07739861011874026,""2017Q4"":-0.04980403128484751,""2018Q1"":-0.055336649417269825,""2018Q2"":-0.06901320002907804,""2018Q3"":-0.10350750120512747,""2018Q4"":-0.03216134451659894,""2019Q1"":-0.036941695980145385,""2019Q2"":-0.08095361003626547,""2019Q3"":-0.040811477844564695,""2019Q4"":-0.04314864280377984,""2020Q1"":-0.018351263212010818,""2020Q2"":-0.03327058760872624,""2020Q3"":-0.04530629706229195,""2020Q4"":-0.04192490845597688}",-0.021875988976296334,-0.08756338221004735,-0.06491306367600741,-0.05996949281178072,-0.06629445709520959,-0.019889268090060034,-0.07739861011874026,-0.04980403128484751,-0.055336649417269825,-0.06901320002907804,-0.10350750120512747,-0.03216134451659894,-0.036941695980145385,-0.08095361003626547,-0.040811477844564695,-0.04314864280377984,-0.018351263212010818,-0.03327058760872624,-0.04530629706229195,-0.04192490845597688,ac7d60ba5aaa5382
-0.9803671175098553,9.549002073026053,0.32945539461787976,0.9997044673539518,0.00029553264604810996,0.0,0.01907908564449248,-0.006504042070382339,0.0009108361275127342,0.7478129002062264,0.32720286264706616,0.047619047619047616,-0.03111746131688599,"If(Gt($volume,Mean($volume,20)),Div(Sub(Ref($close,1),$close),Add(1e-12,Ref($close,1))),0)","If(Gt($volume, Mean($volume, 20)), (Ref($close, 1) - $close) / (Ref($close, 1) + 1e-12), 0)",35,0.02580823112448034,-0.03111746131688599,2018Q4,"{""2016Q1"":0.019408048871796563,""2016Q2"":0.057735502818614205,""2016Q3"":0.06169849282140524,""2016Q4"":0.035103861338498826,""2017Q1"":0.05439688319176488,""2017Q2"":0.012833719225341912,""2017Q3"":0.060912651340373936,""2017Q4"":0.0293982349585699,""2018Q1"":0.033429058334915024,""2018Q2"":0.009102721853443968,""2018Q3"":0.02248093895542844,""2018Q4"":-0.03111746131688599,""2019Q1"":0.011499914955066994,""2019Q2"":0.04228631173285429,""2019Q3"":0.002088330697724728,""2019Q4"":0.03502590122447736,""2020Q1"":0.010641354805104997,""2020Q2"":0.029790334444466177,""2020Q3"":0.002576736075740961,""2020Q4"":0.014597918520928848}",0.019408048871796563,0.057735502818614205,0.06169849282140524,0.035103861338498826,0.05439688319176488,0.012833719225341912,0.060912651340373936,0.0293982349585699,0.033429058334915024,0.009102721853443968,0.02248093895542844,-0.03111746131688599,0.011499914955066994,0.04228631173285429,0.002088330697724728,0.03502590122447736,0.010641354805104997,0.029790334444466177,0.002576736075740961,0.014597918520928848,ac7d60ba5aaa5382
-1.973751563086517,6.076257354224577,1.0312264198438534,0.9975738831615119,0.0024261168384879725,0.0,0.7929391814875449,0.24879517119535915,0.20303107933063214,0.9739406577656193,0.38552030603532605,0.047619047619047616,0.001571639390944446,"Mul(Div(Min($low,5),$close),Sub(1,Abs(Div(Slope($low,5),Add(1e-12,Min($low,5))))))","Min($low, 5) / $close * (1 - Abs(Slope($low, 5) / (Min($low, 5) + 1e-12)))",36,0.043955687514064846,0.001571639390944446,2019Q1,"{""2016Q1"":0.05250684443257663,""2016Q2"":0.0747536721848863,""2016Q3"":0.12175842472896349,""2016Q4"":0.08948670723463792,""2017Q1"":0.062172390701483594,""2017Q2"":0.04174788745435216,""2017Q3"":0.06158641741263016,""2017Q4"":0.01623194736260392,""2018Q1"":0.03778494737684143,""2018Q2"":0.03037909102829943,""2018Q3"":0.04843763515458144,""2018Q4"":0.02246224143987595,""2019Q1"":0.001571639390944446,""2019Q2"":0.06633374411424937,""2019Q3"":0.02204020081492113,""2019Q4"":0.0361491971927325,""2020Q1"":0.015246995015369691,""2020Q2"":0.01819719371618565,""2020Q3"":0.04582812349088295,""2020Q4"":0.004984615626321202}",0.05250684443257663,0.0747536721848863,0.12175842472896349,0.08948670723463792,0.062172390701483594,0.04174788745435216,0.06158641741263016,0.01623194736260392,0.03778494737684143,0.03037909102829943,0.04843763515458144,0.02246224143987595,0.001571639390944446,0.06633374411424937,0.02204020081492113,0.0361491971927325,0.015246995015369691,0.01819719371618565,0.04582812349088295,0.004984615626321202,ac7d60ba5aaa5382
-1.3671813128783827,4.1241176021332295,1.2391696746863308,0.9975738831615119,0.0024261168384879725,0.0,0.4522822137393124,0.07757800229661621,0.013701403713678872,0.471632545362672,0.2238961387985992,0.0,-0.005881425437224836,"Mul(Div(Min($low,5),$close),Sub(1,Abs(Div(Slope($volume,5),Mean($volume,5)))))","Min($low,5)/$close*(1-Abs(Slope($volume,5)/Mean($volume,5)))",36,0.028958840235400064,-0.005881425437224836,2019Q1,"{""2016Q1"":0.04832751303203967,""2016Q2"":0.06690735566705056,""2016Q3"":0.04589817383849116,""2016Q4"":0.03499855928788021,""2017Q1"":0.04038609092560915,""2017Q2"":0.04385452977733784,""2017Q3"":0.03133198919971008,""2017Q4"":0.014251092366817061,""2018Q1"":0.03701419120185911,""2018Q2"":0.030386050337407954,""2018Q3"":0.016491081518521293,""2018Q4"":0.011184218971376997,""2019Q1"":-0.005881425437224836,""2019Q2"":0.03257194681325882,""2019Q3"":0.02566934174377222,""2019Q4"":0.020943908027583055,""2020Q1"":0.021777071180137778,""2020Q2"":0.028896639851646058,""2020Q3"":0.023193302089576633,""2020Q4"":0.009425739255083629}",0.04832751303203967,0.06690735566705056,0.04589817383849116,0.03499855928788021,0.04038609092560915,0.04385452977733784,0.03133198919971008,0.014251092366817061,0.03701419120185911,0.030386050337407954,0.016491081518521293,0.011184218971376997,-0.005881425437224836,0.03257194681325882,0.02566934174377222,0.020943908027583055,0.021777071180137778,0.028896639851646058,0.023193302089576633,0.009425739255083629,ac7d60ba5aaa5382
-2.001653678245992,6.167589899242556,1.0202361113324527,0.9975738831615119,0.0024261168384879725,0.0,0.7969309079494118,0.25535579805307146,0.20682462911166563,0.9726636309386105,0.3949394345804865,0.07142857142857142,0.004953362985346534,"Mul(Div(Min($low,5),$close),Sub(1,Div(Abs(Slope($close,5)),Add($close,1e-12))))","Min($low, 5) / $close * (1 - Abs(Slope($close, 5)) / ($close + 1e-12))",36,0.04402856299865738,0.004953362985346534,2020Q4,"{""2016Q1"":0.05626873329956918,""2016Q2"":0.07541483920341652,""2016Q3"":0.11989443471575259,""2016Q4"":0.08785267793476723,""2017Q1"":0.06416615249590733,""2017Q2"":0.04305829667132766,""2017Q3"":0.05733678754335486,""2017Q4"":0.01516535200258004,""2018Q1"":0.04007963629609925,""2018Q2"":0.02835693209009357,""2018Q3"":0.050358300924642704,""2018Q4"":0.019197570590979617,""2019Q1"":0.0064082526580064554,""2019Q2"":0.0669033770703884,""2019Q3"":0.023272480402933473,""2019Q4"":0.03469372356935443,""2020Q1"":0.014289846631366563,""2020Q2"":0.0173502678254346,""2020Q3"":0.04655262092558744,""2020Q4"":0.004953362985346534}",0.05626873329956918,0.07541483920341652,0.11989443471575259,0.08785267793476723,0.06416615249590733,0.04305829667132766,0.05733678754335486,0.01516535200258004,0.04007963629609925,0.02835693209009357,0.050358300924642704,0.019197570590979617,0.0064082526580064554,0.0669033770703884,0.023272480402933473,0.03469372356935443,0.014289846631366563,0.0173502678254346,0.04655262092558744,0.004953362985346534,ac7d60ba5aaa5382
-0.906377957858097,4.2136302107189065,1.0172600212022875,0.996364261168385,0.0036357388316151204,0.0,0.7901781607884636,0.005564792301210801,0.0014110698033741684,0.9802068208786641,0.4296833709233538,0.19047619047619047,-0.003368217567600699,"Mul(Div(Sub(Ref($close,5),$close),Add(1e-12,Ref($close,5))),Sub(1,Abs(Div(Slope($volume,5),Mean($volume,5)))))","(Ref($close, 5) - $close) / (Ref($close, 5) + 1e-12) * (1 - Abs(Slope($volume, 5) / Mean($volume, 5)))",37,0.04530746452417151,-0.003368217567600699,2020Q1,"{""2016Q1"":0.040203897189529166,""2016Q2"":0.09185820308672947,""2016Q3"":0.10424448351070471,""2016Q4"":0.06102522734021974,""2017Q1"":0.07124280150321016,""2017Q2"":0.03270946301725213,""2017Q3"":0.06489909710876299,""2017Q4"":0.024318955395693672,""2018Q1"":0.07046491049141491,""2018Q2"":0.037096457648532796,""2018Q3"":0.03497939498061675,""2018Q4"":0.00591724556117915,""2019Q1"":0.03707810425422225,""2019Q2"":0.06858069905833625,""2019Q3"":0.013573952525702832,""2019Q4"":0.04367885837615445,""2020Q1"":-0.003368217567600699,""2020Q2"":0.034839806437323824,""2020Q3"":0.0644708114521726,""2020Q4"":0.0006478668252468385}",0.040203897189529166,0.09185820308672947,0.10424448351070471,0.06102522734021974,0.07124280150321016,0.03270946301725213,0.06489909710876299,0.024318955395693672,0.07046491049141491,0.037096457648532796,0.03497939498061675,0.00591724556117915,0.03707810425422225,0.06858069905833625,0.013573952525702832,0.04367885837615445,-0.003368217567600699,0.034839806437323824,0.0644708114521726,0.0006478668252468385,ac7d60ba5aaa5382
-0.1495187763337501,0.571941507788688,1.3433443302685566,0.9978075601374571,0.0021924398625429555,0.0,0.5486151005498201,-0.01418806646902449,0.00015847366767722136,0.990674871302522,0.273167517332217,0.047619047619047616,-0.02981910464200091,"Mul(Div(Min($low,5),$close),Sub(1,Div(IdxMin($low,5),5)))","Min($low, 5) / $close * (1 - IdxMin($low, 5) / 5)",37,-0.0034023080311174434,-0.02981910464200091,2017Q3,"{""2016Q1"":0.033789910318526864,""2016Q2"":0.017426783733479594,""2016Q3"":0.004224497343369174,""2016Q4"":0.004472415011786312,""2017Q1"":-0.014904145463384864,""2017Q2"":-0.012791307618554293,""2017Q3"":-0.02981910464200091,""2017Q4"":-0.013156050728805912,""2018Q1"":-0.018806157884116874,""2018Q2"":-0.008310698455560891,""2018Q3"":-0.01943749681192404,""2018Q4"":0.011321022501723005,""2019Q1"":-0.016231726305443932,""2019Q2"":-0.01498581459544283,""2019Q3"":0.0013922270511044631,""2019Q4"":-0.0023006345317004477,""2020Q1"":0.011223843380251982,""2020Q2"":0.006218714013531059,""2020Q3"":-0.018932820666173644,""2020Q4"":0.016153893291025807}",0.033789910318526864,0.017426783733479594,0.004224497343369174,0.004472415011786312,-0.014904145463384864,-0.012791307618554293,-0.02981910464200091,-0.013156050728805912,-0.018806157884116874,-0.008310698455560891,-0.01943749681192404,0.011321022501723005,-0.016231726305443932,-0.01498581459544283,0.0013922270511044631,-0.0023006345317004477,0.011223843380251982,0.006218714013531059,-0.018932820666173644,0.016153893291025807,ac7d60ba5aaa5382
0.6354731676697265,0.1558174160298175,1.3694838837535155,0.9976975945017182,0.002302405498281787,0.0,0.920783363828975,0.6694303999679346,0.003500249839315757,0.2892236881424896,0.11716375343831324,0.0,-0.01338159849113245,"Sub(0,Mul(Corr(Div(Sub($close,Ref($close,1)),Add(1e-12,Ref($close,1))),$volume,20),Sub(1,Abs(Div(Slope($close,10),Add($close,1e-12))))))","0 - Corr(($close - Ref($close, 1)) / (Ref($close, 1) + 1e-12), $volume, 20) * (1 - Abs(Slope($close, 10) / ($close + 1e-12)))",37,0.01640987157608952,-0.01338159849113245,2018Q3,"{""2016Q1"":0.02475303770614692,""2016Q2"":0.0398941505338579,""2016Q3"":0.04819649476571321,""2016Q4"":0.009079963550001537,""2017Q1"":0.03663881807235795,""2017Q2"":0.011690663740876779,""2017Q3"":0.026472092963923662,""2017Q4"":0.019684938421688638,""2018Q1"":0.02118922351545317,""2018Q2"":0.030797956475359118,""2018Q3"":-0.01338159849113245,""2018Q4"":0.010561674905448825,""2019Q1"":0.014818744079713125,""2019Q2"":0.038462833362918995,""2019Q3"":0.0011575173512639251,""2019Q4"":-0.011840729226940213,""2020Q1"":-0.007503419104734821,""2020Q2"":0.01185868897282151,""2020Q3"":0.019970147441613455,""2020Q4"":-0.005377235001212814}",0.02475303770614692,0.0398941505338579,0.04819649476571321,0.009079963550001537,0.03663881807235795,0.011690663740876779,0.026472092963923662,0.019684938421688638,0.02118922351545317,0.030797956475359118,-0.01338159849113245,0.010561674905448825,0.014818744079713125,0.038462833362918995,0.0011575173512639251,-0.011840729226940213,-0.007503419104734821,0.01185868897282151,0.019970147441613455,-0.005377235001212814,ac7d60ba5aaa5382
-0.7271512656823517,1.2257409882293322,1.369231084100798,0.9975738831615119,0.0024261168384879725,0.0,0.27843910757448886,0.03781411195090006,0.03528046962927949,0.5088309833457529,0.21811706037638431,0.0,-0.011198864845099405,"Mul(Div(Min($low,5),$close),Sub(1,Abs(Slope(Div(Sub($close,$low),Add(1e-12,Sub($high,$low))),5))))","Min($low, 5) / $close * (1 - Abs(Slope(($close - $low) / ($high - $low + 1e-12), 5)))",38,0.018532957998603633,-0.011198864845099405,2020Q2,"{""2016Q1"":0.02064420814332404,""2016Q2"":0.027264363387754967,""2016Q3"":0.03178937256937452,""2016Q4"":0.04177442841351396,""2017Q1"":0.05102599108658915,""2017Q2"":0.033995620221095826,""2017Q3"":0.033098982396074575,""2017Q4"":0.01974548230756726,""2018Q1"":0.01905202300279142,""2018Q2"":0.011291584424494988,""2018Q3"":-0.0035067045024414632,""2018Q4"":0.012244331156522811,""2019Q1"":0.007001166067785437,""2019Q2"":0.03173103273921973,""2019Q3"":0.0025090718021275552,""2019Q4"":0.01476598794551509,""2020Q1"":0.004153176781338758,""2020Q2"":-0.011198864845099405,""2020Q3"":0.015130697715857441,""2020Q4"":0.007986317925798464}",0.02064420814332404,0.027264363387754967,0.03178937256937452,0.04177442841351396,0.05102599108658915,0.033995620221095826,0.033098982396074575,0.01974548230756726,0.01905202300279142,0.011291584424494988,-0.0035067045024414632,0.012244331156522811,0.007001166067785437,0.03173103273921973,0.0025090718021275552,0.01476598794551509,0.004153176781338758,-0.011198864845099405,0.015130697715857441,0.007986317925798464,ac7d60ba5aaa5382
0.2570024508183822,-0.9272340757022031,1.6335111925657442,0.9975051546391752,0.0024948453608247424,0.0,0.4542696000437698,0.013704238662459485,0.014249612518377324,0.4197143449146918,0.1345694802385392,0.0,-0.013206586910813322,"Mul(Div(Min($low,5),$close),Sub(1,Abs(Corr($close,$volume,5))))","Min($low, 5) / $close * (1 - Abs(Corr($close, $volume, 5)))",38,0.019553579746376972,-0.013206586910813322,2018Q4,"{""2016Q1"":0.00012200524370463584,""2016Q2"":0.05277932949910477,""2016Q3"":0.04900983584142493,""2016Q4"":0.02785943690253366,""2017Q1"":0.02974867693406691,""2017Q2"":0.02958851801553914,""2017Q3"":0.01641209308530112,""2017Q4"":0.01629506166908247,""2018Q1"":0.023607027541124967,""2018Q2"":0.041429818827822394,""2018Q3"":0.009824348227491847,""2018Q4"":-0.013206586910813322,""2019Q1"":-0.0020562693426174707,""2019Q2"":0.011118558971949211,""2019Q3"":0.01419666348226045,""2019Q4"":0.02458442682171823,""2020Q1"":0.030843091030231168,""2020Q2"":0.018657106183605703,""2020Q3"":0.007807152160358656,""2020Q4"":0.001328561921419078}",0.00012200524370463584,0.05277932949910477,0.04900983584142493,0.02785943690253366,0.02974867693406691,0.02958851801553914,0.01641209308530112,0.01629506166908247,0.023607027541124967,0.041429818827822394,0.009824348227491847,-0.013206586910813322,-0.0020562693426174707,0.011118558971949211,0.01419666348226045,0.02458442682171823,0.030843091030231168,0.018657106183605703,0.007807152160358656,0.001328561921419078,ac7d60ba5aaa5382
-1.8196631222450945,4.917790837338543,1.067880219683529,0.9978075601374571,0.0021924398625429555,0.0,0.8047140929607017,0.26201120006282336,0.20962336844183396,0.9864099789077122,0.40932990925057006,0.09523809523809523,0.009838554763408199,"Mul(Div(Min($low,5),$close),Sub(1,Div(Mad(Div($high,$low),5),Add(1e-12,Med(Div($high,$low),5)))))","Min($low, 5) / $close * (1 - Mad($high / $low, 5) / (Med($high / $low, 5) + 1e-12))",38,0.045906276794956874,0.009838554763408199,2019Q1,"{""2016Q1"":0.04318169207116589,""2016Q2"":0.0785632358546008,""2016Q3"":0.1322605300390898,""2016Q4"":0.09451836161653021,""2017Q1"":0.0672927809190389,""2017Q2"":0.03992054332437025,""2017Q3"":0.06591491168376098,""2017Q4"":0.018180105842696158,""2018Q1"":0.042886343765278716,""2018Q2"":0.017667413563368796,""2018Q3"":0.04931415353084857,""2018Q4"":0.016192564256740507,""2019Q1"":0.009838554763408199,""2019Q2"":0.06550116395198285,""2019Q3"":0.027804422265538583,""2019Q4"":0.037469450991738866,""2020Q1"":0.014476507563460346,""2020Q2"":0.021202641241798024,""2020Q3"":0.052043206593496864,""2020Q4"":0.013246962147417279}",0.04318169207116589,0.0785632358546008,0.1322605300390898,0.09451836161653021,0.0672927809190389,0.03992054332437025,0.06591491168376098,0.018180105842696158,0.042886343765278716,0.017667413563368796,0.04931415353084857,0.016192564256740507,0.009838554763408199,0.06550116395198285,0.027804422265538583,0.037469450991738866,0.014476507563460346,0.021202641241798024,0.052043206593496864,0.013246962147417279,ac7d60ba5aaa5382
